来源系统,单据编号,单据日期,单据类型,交易类型,委托单位编码,委托单位,制单人编码,制单人,附件个数,影像张数,共享中心,共享服务类型,服务目录,任务属性,创建时间,入池时间,入组时间,任务类型,任务量系数,优先级,工作组,派单到人模式,派单到人规则,提取/派单时间,操作终端,处理人编码,处理人,处理时间,处理意见,处理意见标签化,作业状态,作业时长,修正作业时长,超期标记,超期时间,共享是否处理完成,共享处理次数,进入共享次数,页面审核时长,驳回类型,驳回模式,驳回接收环节,驳回接收人,驳出共享次数
财务会计,AP-2026-000001,2026-05-08,应付发票,应付确认单（物料类）,A07,示例集团·庚公司,MAK01,制单人01,,3,示例集团财务共享中心（本部）,财务共享,应付确认单（物料类）,通用审批类,2026-04-22 19:57:34,2026-04-22 19:57:40,2026-04-22 19:58:56,FSSC审核岗,1,,应付成本组,自动派单,已派任务少（优先派）,2026-04-22 19:58:56,PC端,AUD02,审核员02,2026-04-22 21:47:56,驳回,附件不完整,审核驳回,15分32秒,36分12秒,0,,是,1,1,289秒,驳回,1,制单人,制单人01,1
财务会计,AP-2026-000002,2026-01-28,应付发票,应付确认单（物料类）,A04,示例集团·丁公司,MAK08,制单人08,,1,示例集团财务共享中心（本部）,财务共享,应付确认单（物料类）,通用审批类,2026-06-06 19:27:21,2026-06-06 19:27:39,2026-06-06 19:27:59,FSSC审核岗,1,,应付成本组,自动派单,已派任务少（优先派）,2026-06-06 19:27:59,移动端,AUD02,审核员02,2026-06-06 20:23:59,同意,,审核通过,25分6秒,--,0,,是,1,1,193秒,,0,,,--
财务会计,AP-2026-000003,2026-04-24,付款单,通用报销单（费用报销）,A12,示例集团·子公司乙,MAK10,制单人10,,3,示例集团财务共享中心（本部）,财务共享,通用报销单（费用报销）,通用审批类,2026-04-13 09:35:18,2026-04-13 09:36:12,2026-04-13 09:37:33,FSSC审核岗,1,,应付成本组,自动派单,已派任务少（优先派）,2026-04-13 09:37:33,PC端,AUD06,审核员06,2026-04-13 12:16:33,同意,,审核通过,5分2秒,--,0,,是,1,1,126秒,,0,,,--
财务会计,AP-2026-000004,2026-03-28,应付发票,应付付款单（差旅费）,A10,示例集团·癸公司,MAK16,制单人16,,1,示例集团财务共享中心（本部）,财务共享,应付付款单（差旅费）,通用审批类,2026-01-15 18:53:23,2026-01-15 18:53:34,2026-01-15 18:54:22,FSSC审核岗,1,,应付成本组,自动派单,已派任务少（优先派）,2026-01-15 18:54:22,移动端,AUD06,审核员06,2026-01-15 20:25:22,同意,,审核通过,39分40秒,--,0,,是,1,1,97秒,,0,,,--
财务会计,AP-2026-000005,2026-04-09,应付发票,其他专项付款单,A06,示例集团·己公司,MAK04,制单人04,,5,示例集团财务共享中心（本部）,财务共享,其他专项付款单,通用审批类,2026-03-08 18:20:53,2026-03-08 18:21:43,2026-03-08 18:23:23,FSSC审核岗,1,,应付成本组,自动派单,已派任务少（优先派）,2026-03-08 18:23:23,PC端,AUD04,审核员04,2026-03-08 18:38:23,同意,其他,审核通过,26分17秒,37分56秒,0,,是,1,1,171秒,,0,,,1
费控服务,AP-2026-000006,2026-01-21,付款单,应付确认单（物料类）,A02,示例集团·乙公司,MAK08,制单人08,,6,示例集团财务共享中心（本部）,财务共享,应付确认单（物料类）,通用审批类,2026-06-05 11:47:35,2026-06-05 11:48:10,2026-06-05 11:48:44,FSSC审核岗,1,,应付成本组,自动派单,已派任务少（优先派）,2026-06-05 11:48:44,移动端,AUD07,审核员07,2026-06-05 15:00:44,同意,,审核通过,24分14秒,--,0,,是,1,1,80秒,,0,,,--
费控服务,AP-2026-000007,2026-01-04,通用报销单,应付付款单（材料采购）,A05,示例集团·戊公司,MAK02,制单人02,,4,示例集团财务共享中心（本部）,财务共享,应付付款单（材料采购）,通用审批类,2026-04-26 18:27:38,2026-04-26 18:27:43,2026-04-26 18:28:33,FSSC审核岗,1,,应付成本组,自动派单,已派任务少（优先派）,2026-04-26 18:28:33,PC端,AUD01,审核员01,2026-04-26 20:06:33,同意,,审核通过,36分55秒,--,0,,是,1,1,15秒,,0,,,--
财务会计,AP-2026-000008,2026-01-25,应付发票,应付确认单（物料类）,A08,示例集团·辛公司,MAK02,制单人02,,4,示例集团财务共享中心（本部）,财务共享,应付确认单（物料类）,通用审批类,2026-03-11 09:18:27,2026-03-11 09:18:38,2026-03-11 09:19:37,FSSC审核岗,1,,应付成本组,自动派单,已派任务少（优先派）,2026-03-11 09:19:37,PC端,AUD07,审核员07,2026-03-11 09:20:37,同意,,审核通过,33分48秒,--,0,,是,1,1,101秒,,0,,,--
费控服务,AP-2026-000009,2026-02-27,通用报销单,其他专项付款单,A05,示例集团·戊公司,MAK02,制单人02,,5,示例集团财务共享中心（本部）,财务共享,其他专项付款单,通用审批类,2026-04-07 10:23:48,2026-04-07 10:23:59,2026-04-07 10:25:09,FSSC审核岗,1,,应付成本组,自动派单,已派任务少（优先派）,2026-04-07 10:25:09,PC端,AUD05,审核员05,2026-04-07 13:45:09,同意,,审核通过,32分1秒,--,0,,是,1,1,67秒,,0,,,--
费控服务,AP-2026-000010,2026-03-10,通用报销单,通用报销单（费用报销）,A15,示例集团·子公司戊,MAK15,制单人15,,2,示例集团财务共享中心（本部）,财务共享,通用报销单（费用报销）,通用审批类,2026-06-19 09:05:46,2026-06-19 09:06:18,2026-06-19 09:08:03,FSSC审核岗,1,,应付成本组,自动派单,已派任务少（优先派）,2026-06-19 09:08:03,移动端,AUD06,审核员06,2026-06-19 09:26:03,同意,,审核通过,9分42秒,--,0,,是,1,1,253秒,,0,,,--
财务会计,AP-2026-000011,2026-03-20,应付发票,其他专项付款单,A16,示例集团·子公司己,MAK03,制单人03,,5,示例集团财务共享中心（本部）,财务共享,其他专项付款单,通用审批类,2026-06-18 20:46:44,2026-06-18 20:46:57,2026-06-18 20:48:29,FSSC审核岗,1,,应付成本组,自动派单,已派任务少（优先派）,2026-06-18 20:48:29,移动端,AUD04,审核员04,2026-06-18 22:08:29,同意,,审核通过,29分57秒,--,0,,是,1,1,274秒,,0,,,--
费控服务,AP-2026-000012,2026-06-01,通用报销单,应付确认单（物料类）,A05,示例集团·戊公司,MAK04,制单人04,,5,示例集团财务共享中心（本部）,财务共享,应付确认单（物料类）,通用审批类,2026-04-19 11:00:04,2026-04-19 11:00:50,2026-04-19 11:02:11,FSSC审核岗,1,,应付成本组,自动派单,已派任务少（优先派）,2026-04-19 11:02:11,PC端,AUD01,审核员01,2026-04-19 11:18:11,同意,,审核通过,5分32秒,--,0,,是,1,1,131秒,,0,,,--
财务会计,AP-2026-000013,2026-01-24,付款单,应付确认单（物料类）,A03,示例集团·丙公司,MAK08,制单人08,,5,示例集团财务共享中心（本部）,财务共享,应付确认单（物料类）,通用审批类,2026-03-08 20:30:51,2026-03-08 20:31:18,2026-03-08 20:31:43,FSSC审核岗,1,,应付成本组,自动派单,已派任务少（优先派）,2026-03-08 20:31:43,PC端,AUD04,审核员04,2026-03-08 20:56:43,驳回,附件信息不一致,审核驳回,28分26秒,4分43秒,0,,是,2,1,60秒,驳回,1,前端单位,示例集团·丙公司,2
费控服务,AP-2026-000014,2026-05-04,应付发票,应付付款单（材料采购）,A01,示例集团·甲公司,MAK12,制单人12,,7,示例集团财务共享中心（本部）,财务共享,应付付款单（材料采购）,通用审批类,2026-04-18 15:08:27,2026-04-18 15:08:39,2026-04-18 15:09:15,FSSC审核岗,1,,应付成本组,自动派单,已派任务少（优先派）,2026-04-18 15:09:15,移动端,AUD06,审核员06,2026-04-18 17:08:15,同意,,审核通过,36分6秒,--,0,,是,1,1,35秒,,0,,,--
财务会计,AP-2026-000015,2026-06-03,应付发票,通用报销单（费用报销）,A07,示例集团·庚公司,MAK09,制单人09,,0,示例集团财务共享中心（本部）,财务共享,通用报销单（费用报销）,通用审批类,2026-03-06 14:31:30,2026-03-06 14:31:44,2026-03-06 14:33:35,FSSC审核岗,1,,应付成本组,自动派单,已派任务少（优先派）,2026-03-06 14:33:35,PC端,AUD01,审核员01,2026-03-06 16:16:35,同意,,审核通过,25分16秒,--,0,,是,1,1,242秒,,0,,,--
财务会计,AP-2026-000016,2026-05-26,付款单,其他专项付款单,A03,示例集团·丙公司,MAK12,制单人12,,5,示例集团财务共享中心（本部）,财务共享,其他专项付款单,通用审批类,2026-04-16 10:12:18,2026-04-16 10:12:32,2026-04-16 10:12:40,FSSC审核岗,1,,应付成本组,自动派单,已派任务少（优先派）,2026-04-16 10:12:40,移动端,AUD06,审核员06,2026-04-16 12:41:40,同意,,审核通过,4分3秒,--,0,,是,1,1,254秒,,0,,,--
财务会计,AP-2026-000017,2026-05-17,应付发票,应付确认单（物料类）,A05,示例集团·戊公司,MAK14,制单人14,,3,示例集团财务共享中心（本部）,财务共享,应付确认单（物料类）,通用审批类,2026-05-03 17:04:43,2026-05-03 17:05:39,2026-05-03 17:06:10,FSSC审核岗,1,,应付成本组,自动派单,已派任务少（优先派）,2026-05-03 17:06:10,移动端,AUD02,审核员02,2026-05-03 18:50:10,同意,,审核通过,38分38秒,--,0,,是,1,1,30秒,,0,,,--
费控服务,AP-2026-000018,2026-05-17,付款单,应付付款单（差旅费）,A07,示例集团·庚公司,MAK07,制单人07,,7,示例集团财务共享中心（本部）,财务共享,应付付款单（差旅费）,通用审批类,2026-01-07 18:45:20,2026-01-07 18:45:36,2026-01-07 18:46:10,FSSC审核岗,1,,应付成本组,自动派单,已派任务少（优先派）,2026-01-07 18:46:10,PC端,AUD05,审核员05,2026-01-07 20:28:10,同意,,审核通过,21分59秒,--,0,,是,1,1,47秒,,0,,,--
财务会计,AP-2026-000019,2026-03-04,付款单,应付付款单（材料采购）,A01,示例集团·甲公司,MAK10,制单人10,,2,示例集团财务共享中心（本部）,财务共享,应付付款单（材料采购）,通用审批类,2026-06-17 12:08:59,2026-06-17 12:09:22,2026-06-17 12:11:15,FSSC审核岗,1,,应付成本组,自动派单,已派任务少（优先派）,2026-06-17 12:11:15,PC端,AUD04,审核员04,2026-06-17 12:29:15,同意,,审核通过,29分53秒,--,0,,是,1,1,288秒,,0,,,--
财务会计,AP-2026-000020,2026-02-21,付款单,应付付款单（差旅费）,A08,示例集团·辛公司,MAK10,制单人10,,8,示例集团财务共享中心（本部）,财务共享,应付付款单（差旅费）,通用审批类,2026-01-27 16:19:59,2026-01-27 16:20:42,2026-01-27 16:20:56,FSSC审核岗,1,,应付成本组,自动派单,已派任务少（优先派）,2026-01-27 16:20:56,PC端,AUD07,审核员07,2026-01-27 16:55:56,同意,,审核通过,10分17秒,--,0,,是,1,1,154秒,,0,,,--
财务会计,AP-2026-000021,2026-05-21,通用报销单,应付付款单（服务费）,A07,示例集团·庚公司,MAK12,制单人12,,2,示例集团财务共享中心（本部）,财务共享,应付付款单（服务费）,通用审批类,2026-04-09 08:05:40,2026-04-09 08:06:08,2026-04-09 08:07:55,FSSC审核岗,1,,应付成本组,自动派单,已派任务少（优先派）,2026-04-09 08:07:55,PC端,AUD02,审核员02,2026-04-09 09:18:55,驳回,特殊原因,审核驳回,17分10秒,36分45秒,0,,是,2,1,228秒,驳回,1,前端单位,示例集团·庚公司,2
财务会计,AP-2026-000022,2026-02-23,应付发票,其他专项付款单,A06,示例集团·己公司,MAK02,制单人02,,0,示例集团财务共享中心（本部）,财务共享,其他专项付款单,通用审批类,2026-01-27 13:37:35,2026-01-27 13:37:45,2026-01-27 13:38:41,FSSC审核岗,1,,应付成本组,自动派单,已派任务少（优先派）,2026-01-27 13:38:41,PC端,AUD07,审核员07,2026-01-27 14:11:41,驳回,附件不完整,审核驳回,23分13秒,7分22秒,0,,是,2,1,296秒,驳回,1,前端单位,示例集团·己公司,2
财务会计,AP-2026-000023,2026-05-05,付款单,其他专项付款单,A14,示例集团·子公司丁,MAK07,制单人07,,6,示例集团财务共享中心（本部）,财务共享,其他专项付款单,通用审批类,2026-06-26 20:11:56,2026-06-26 20:12:23,2026-06-26 20:12:27,FSSC审核岗,1,,应付成本组,自动派单,已派任务少（优先派）,2026-06-26 20:12:27,PC端,AUD05,审核员05,2026-06-26 20:58:27,同意,,审核通过,16分17秒,--,0,,是,1,1,91秒,,0,,,--
财务会计,AP-2026-000024,2026-02-28,通用报销单,应付付款单（材料采购）,A10,示例集团·癸公司,MAK02,制单人02,,6,示例集团财务共享中心（本部）,财务共享,应付付款单（材料采购）,通用审批类,2026-01-27 15:22:19,2026-01-27 15:23:12,2026-01-27 15:24:54,FSSC审核岗,1,,应付成本组,自动派单,已派任务少（优先派）,2026-01-27 15:24:54,PC端,AUD07,审核员07,2026-01-27 16:23:54,同意,,审核通过,22分17秒,--,0,,是,1,1,45秒,,0,,,--
费控服务,AP-2026-000025,2026-03-13,付款单,其他专项付款单,A18,示例集团·子公司辛,MAK05,制单人05,,1,示例集团财务共享中心（本部）,财务共享,其他专项付款单,通用审批类,2026-01-11 08:07:56,2026-01-11 08:08:13,2026-01-11 08:08:36,FSSC审核岗,1,,应付成本组,自动派单,已派任务少（优先派）,2026-01-11 08:08:36,PC端,AUD05,审核员05,2026-01-11 10:37:36,同意,,审核通过,39分27秒,--,0,,是,1,1,186秒,,0,,,--
财务会计,AP-2026-000026,2026-02-17,应付发票,应付付款单（服务费）,A09,示例集团·壬公司,MAK06,制单人06,,3,示例集团财务共享中心（本部）,财务共享,应付付款单（服务费）,通用审批类,2026-02-19 11:16:02,2026-02-19 11:16:48,2026-02-19 11:17:44,FSSC审核岗,1,,应付成本组,自动派单,已派任务少（优先派）,2026-02-19 11:17:44,PC端,AUD05,审核员05,2026-02-19 11:18:44,同意,,审核通过,24分27秒,--,0,,是,1,1,45秒,,0,,,--
财务会计,AP-2026-000027,2026-01-22,通用报销单,应付付款单（服务费）,A16,示例集团·子公司己,MAK15,制单人15,,3,示例集团财务共享中心（本部）,财务共享,应付付款单（服务费）,通用审批类,2026-02-10 16:19:42,2026-02-10 16:20:09,2026-02-10 16:20:51,FSSC审核岗,1,,应付成本组,自动派单,已派任务少（优先派）,2026-02-10 16:20:51,移动端,AUD05,审核员05,2026-02-10 18:04:51,同意,,审核通过,27分42秒,--,0,,是,1,1,204秒,,0,,,--
财务会计,AP-2026-000028,2026-06-10,通用报销单,应付确认单（物料类）,A08,示例集团·辛公司,MAK15,制单人15,,7,示例集团财务共享中心（本部）,财务共享,应付确认单（物料类）,通用审批类,2026-02-01 12:18:13,2026-02-01 12:18:41,2026-02-01 12:20:22,FSSC审核岗,1,,应付成本组,自动派单,已派任务少（优先派）,2026-02-01 12:20:22,移动端,AUD05,审核员05,2026-02-01 14:49:22,同意,,审核通过,29分43秒,--,0,,是,1,1,119秒,,0,,,--
费控服务,AP-2026-000029,2026-05-24,付款单,应付付款单（差旅费）,A05,示例集团·戊公司,MAK13,制单人13,,4,示例集团财务共享中心（本部）,财务共享,应付付款单（差旅费）,通用审批类,2026-02-10 16:42:40,2026-02-10 16:43:20,2026-02-10 16:44:03,FSSC审核岗,1,,应付成本组,自动派单,已派任务少（优先派）,2026-02-10 16:44:03,移动端,AUD07,审核员07,2026-02-10 17:08:03,同意,,审核通过,15分51秒,--,0,,是,1,1,111秒,,0,,,--
财务会计,AP-2026-000030,2026-01-20,应付发票,应付付款单（差旅费）,A02,示例集团·乙公司,MAK01,制单人01,,0,示例集团财务共享中心（本部）,财务共享,应付付款单（差旅费）,通用审批类,2026-06-14 18:36:12,2026-06-14 18:36:58,2026-06-14 18:38:28,FSSC审核岗,1,,应付成本组,自动派单,已派任务少（优先派）,2026-06-14 18:38:28,PC端,AUD07,审核员07,2026-06-14 20:17:28,同意,,审核通过,7分49秒,--,0,,是,1,1,227秒,,0,,,--
财务会计,AP-2026-000031,2026-04-15,应付发票,应付确认单（物料类）,A02,示例集团·乙公司,MAK13,制单人13,,5,示例集团财务共享中心（本部）,财务共享,应付确认单（物料类）,通用审批类,2026-04-28 09:29:08,2026-04-28 09:30:00,2026-04-28 09:31:00,FSSC审核岗,1,,应付成本组,自动派单,已派任务少（优先派）,2026-04-28 09:31:00,PC端,AUD05,审核员05,2026-04-28 12:22:00,同意,,审核通过,29分39秒,--,0,,是,1,1,268秒,,0,,,--
财务会计,AP-2026-000032,2026-01-06,应付发票,应付付款单（差旅费）,A04,示例集团·丁公司,MAK15,制单人15,,3,示例集团财务共享中心（本部）,财务共享,应付付款单（差旅费）,通用审批类,2026-05-15 12:48:15,2026-05-15 12:49:09,2026-05-15 12:50:31,FSSC审核岗,1,,应付成本组,自动派单,已派任务少（优先派）,2026-05-15 12:50:31,PC端,AUD04,审核员04,2026-05-15 14:01:31,同意,,审核通过,18分28秒,--,0,,是,1,1,49秒,,0,,,--
费控服务,AP-2026-000033,2026-02-18,应付发票,应付付款单（材料采购）,A09,示例集团·壬公司,MAK04,制单人04,,7,示例集团财务共享中心（本部）,财务共享,应付付款单（材料采购）,通用审批类,2026-01-08 14:44:09,2026-01-08 14:44:55,2026-01-08 14:45:23,FSSC审核岗,1,,应付成本组,自动派单,已派任务少（优先派）,2026-01-08 14:45:23,移动端,AUD03,审核员03,2026-01-08 15:02:23,同意,,审核通过,27分3秒,--,0,,是,1,1,115秒,,0,,,--
费控服务,AP-2026-000034,2026-04-23,应付发票,应付付款单（差旅费）,A12,示例集团·子公司乙,MAK07,制单人07,,6,示例集团财务共享中心（本部）,财务共享,应付付款单（差旅费）,通用审批类,2026-05-25 17:24:30,2026-05-25 17:24:31,2026-05-25 17:25:17,FSSC审核岗,1,,应付成本组,自动派单,已派任务少（优先派）,2026-05-25 17:25:17,移动端,AUD06,审核员06,2026-05-25 18:42:17,同意,,审核通过,35分47秒,--,0,,是,1,1,289秒,,0,,,--
财务会计,AP-2026-000035,2026-01-09,付款单,应付付款单（服务费）,A11,示例集团·子公司甲,MAK15,制单人15,,2,示例集团财务共享中心（本部）,财务共享,应付付款单（服务费）,通用审批类,2026-06-13 13:42:43,2026-06-13 13:43:35,2026-06-13 13:44:27,FSSC审核岗,1,,应付成本组,自动派单,已派任务少（优先派）,2026-06-13 13:44:27,移动端,AUD04,审核员04,2026-06-13 16:50:27,同意,,审核通过,40分34秒,--,0,,是,1,1,23秒,,0,,,--
财务会计,AP-2026-000036,2026-02-03,付款单,应付付款单（材料采购）,A14,示例集团·子公司丁,MAK10,制单人10,,6,示例集团财务共享中心（本部）,财务共享,应付付款单（材料采购）,通用审批类,2026-05-28 15:11:03,2026-05-28 15:11:20,2026-05-28 15:12:09,FSSC审核岗,1,,应付成本组,自动派单,已派任务少（优先派）,2026-05-28 15:12:09,移动端,AUD05,审核员05,2026-05-28 16:36:09,同意,,审核通过,18分48秒,--,0,,是,1,1,225秒,,0,,,--
费控服务,AP-2026-000037,2026-06-18,应付发票,应付付款单（材料采购）,A02,示例集团·乙公司,MAK02,制单人02,,0,示例集团财务共享中心（本部）,财务共享,应付付款单（材料采购）,通用审批类,2026-05-21 09:49:41,2026-05-21 09:49:44,2026-05-21 09:51:21,FSSC审核岗,1,,应付成本组,自动派单,已派任务少（优先派）,2026-05-21 09:51:21,移动端,AUD01,审核员01,2026-05-21 09:59:21,同意,,审核通过,40分9秒,--,0,,是,1,1,132秒,,0,,,--
财务会计,AP-2026-000038,2026-04-07,付款单,其他专项付款单,A01,示例集团·甲公司,MAK11,制单人11,,4,示例集团财务共享中心（本部）,财务共享,其他专项付款单,通用审批类,2026-01-25 13:10:38,2026-01-25 13:11:17,2026-01-25 13:12:53,FSSC审核岗,1,,应付成本组,自动派单,已派任务少（优先派）,2026-01-25 13:12:53,PC端,AUD04,审核员04,2026-01-25 16:16:53,同意,,审核通过,7分37秒,--,0,,是,1,1,23秒,,0,,,--
财务会计,AP-2026-000039,2026-04-13,应付发票,其他专项付款单,A15,示例集团·子公司戊,MAK10,制单人10,,1,示例集团财务共享中心（本部）,财务共享,其他专项付款单,通用审批类,2026-02-03 17:44:53,2026-02-03 17:45:34,2026-02-03 17:46:06,FSSC审核岗,1,,应付成本组,自动派单,已派任务少（优先派）,2026-02-03 17:46:06,移动端,AUD07,审核员07,2026-02-03 18:13:06,同意,,审核通过,37分50秒,--,0,,是,1,1,31秒,,0,,,--
财务会计,AP-2026-000040,2026-05-17,应付发票,应付确认单（物料类）,A03,示例集团·丙公司,MAK07,制单人07,,2,示例集团财务共享中心（本部）,财务共享,应付确认单（物料类）,通用审批类,2026-02-28 14:52:31,2026-02-28 14:52:38,2026-02-28 14:53:34,FSSC审核岗,1,,应付成本组,自动派单,已派任务少（优先派）,2026-02-28 14:53:34,PC端,AUD03,审核员03,2026-02-28 16:26:34,同意,,审核通过,28分11秒,--,0,,是,1,1,277秒,,0,,,--
财务会计,AP-2026-000041,2026-02-18,应付发票,其他专项付款单,A17,示例集团·子公司庚,MAK05,制单人05,,7,示例集团财务共享中心（本部）,财务共享,其他专项付款单,通用审批类,2026-04-14 19:37:17,2026-04-14 19:37:38,2026-04-14 19:39:28,FSSC审核岗,1,,应付成本组,自动派单,已派任务少（优先派）,2026-04-14 19:39:28,移动端,AUD06,审核员06,2026-04-14 20:42:28,同意,,审核通过,16分48秒,--,0,,是,1,1,247秒,,0,,,--
财务会计,AP-2026-000042,2026-05-16,应付发票,应付付款单（差旅费）,A06,示例集团·己公司,MAK11,制单人11,,0,示例集团财务共享中心（本部）,财务共享,应付付款单（差旅费）,通用审批类,2026-03-07 13:51:16,2026-03-07 13:51:38,2026-03-07 13:52:14,FSSC审核岗,1,,应付成本组,自动派单,已派任务少（优先派）,2026-03-07 13:52:14,移动端,AUD03,审核员03,2026-03-07 16:25:14,同意,,审核通过,34分12秒,--,0,,是,1,1,53秒,,0,,,--
财务会计,AP-2026-000043,2026-03-08,付款单,应付确认单（物料类）,A02,示例集团·乙公司,MAK07,制单人07,,4,示例集团财务共享中心（本部）,财务共享,应付确认单（物料类）,通用审批类,2026-04-23 15:28:50,2026-04-23 15:28:52,2026-04-23 15:29:04,FSSC审核岗,1,,应付成本组,自动派单,已派任务少（优先派）,2026-04-23 15:29:04,移动端,AUD04,审核员04,2026-04-23 16:45:04,同意,,审核通过,38分23秒,--,0,,是,1,1,252秒,,0,,,--
财务会计,AP-2026-000044,2026-06-18,通用报销单,通用报销单（费用报销）,A06,示例集团·己公司,MAK06,制单人06,,8,示例集团财务共享中心（本部）,财务共享,通用报销单（费用报销）,通用审批类,2026-06-15 12:19:16,2026-06-15 12:19:31,2026-06-15 12:19:47,FSSC审核岗,1,,应付成本组,自动派单,已派任务少（优先派）,2026-06-15 12:19:47,PC端,AUD07,审核员07,2026-06-15 15:24:47,同意,,审核通过,12分12秒,--,0,,是,1,1,120秒,,0,,,--
财务会计,AP-2026-000045,2026-04-25,付款单,应付确认单（物料类）,A09,示例集团·壬公司,MAK05,制单人05,,2,示例集团财务共享中心（本部）,财务共享,应付确认单（物料类）,通用审批类,2026-04-04 11:18:14,2026-04-04 11:18:38,2026-04-04 11:19:01,FSSC审核岗,1,,应付成本组,自动派单,已派任务少（优先派）,2026-04-04 11:19:01,PC端,AUD05,审核员05,2026-04-04 12:37:01,驳回,其他,审核驳回,18分2秒,--,0,,是,3,1,293秒,驳回,1,前端单位,示例集团·壬公司,3
财务会计,AP-2026-000046,2026-01-25,应付发票,应付付款单（材料采购）,A03,示例集团·丙公司,MAK16,制单人16,,7,示例集团财务共享中心（本部）,财务共享,应付付款单（材料采购）,通用审批类,2026-04-01 17:18:30,2026-04-01 17:19:01,2026-04-01 17:19:58,FSSC审核岗,1,,应付成本组,自动派单,已派任务少（优先派）,2026-04-01 17:19:58,移动端,AUD05,审核员05,2026-04-01 18:47:58,同意,特殊原因,审核通过,8分52秒,32分4秒,0,,是,1,1,37秒,,0,,,1
财务会计,AP-2026-000047,2026-06-03,应付发票,应付付款单（服务费）,A02,示例集团·乙公司,MAK13,制单人13,,7,示例集团财务共享中心（本部）,财务共享,应付付款单（服务费）,通用审批类,2026-01-25 14:38:38,2026-01-25 14:39:29,2026-01-25 14:40:49,FSSC审核岗,1,,应付成本组,自动派单,已派任务少（优先派）,2026-01-25 14:40:49,PC端,AUD07,审核员07,2026-01-25 15:38:49,同意,,审核通过,20分55秒,--,0,,是,1,1,229秒,,0,,,--
费控服务,AP-2026-000048,2026-01-24,付款单,应付付款单（材料采购）,A03,示例集团·丙公司,MAK10,制单人10,,0,示例集团财务共享中心（本部）,财务共享,应付付款单（材料采购）,通用审批类,2026-05-21 11:16:42,2026-05-21 11:16:48,2026-05-21 11:17:09,FSSC审核岗,1,,应付成本组,自动派单,已派任务少（优先派）,2026-05-21 11:17:09,移动端,AUD05,审核员05,2026-05-21 12:19:09,同意,,审核通过,27分28秒,--,0,,是,1,1,250秒,,0,,,--
财务会计,AP-2026-000049,2026-02-23,应付发票,应付付款单（服务费）,A03,示例集团·丙公司,MAK04,制单人04,,1,示例集团财务共享中心（本部）,财务共享,应付付款单（服务费）,通用审批类,2026-04-08 12:50:50,2026-04-08 12:51:31,2026-04-08 12:52:47,FSSC审核岗,1,,应付成本组,自动派单,已派任务少（优先派）,2026-04-08 12:52:47,PC端,AUD05,审核员05,2026-04-08 15:42:47,同意,,审核通过,35分14秒,--,0,,是,1,1,86秒,,0,,,--
财务会计,AP-2026-000050,2026-01-06,付款单,通用报销单（费用报销）,A15,示例集团·子公司戊,MAK14,制单人14,,4,示例集团财务共享中心（本部）,财务共享,通用报销单（费用报销）,通用审批类,2026-01-24 17:58:18,2026-01-24 17:58:47,2026-01-24 17:59:03,FSSC审核岗,1,,应付成本组,自动派单,已派任务少（优先派）,2026-01-24 17:59:03,PC端,AUD01,审核员01,2026-01-24 19:59:03,同意,,审核通过,33分34秒,--,0,,是,1,1,262秒,,0,,,--
财务会计,AP-2026-000051,2026-01-24,应付发票,应付付款单（差旅费）,A04,示例集团·丁公司,MAK10,制单人10,,4,示例集团财务共享中心（本部）,财务共享,应付付款单（差旅费）,通用审批类,2026-04-01 09:14:43,2026-04-01 09:15:37,2026-04-01 09:17:28,FSSC审核岗,1,,应付成本组,自动派单,已派任务少（优先派）,2026-04-01 09:17:28,移动端,AUD07,审核员07,2026-04-01 11:45:28,同意,附件信息不一致,审核通过,37分2秒,12分30秒,0,,是,1,1,275秒,,0,,,1
财务会计,AP-2026-000052,2026-06-19,应付发票,应付付款单（服务费）,A07,示例集团·庚公司,MAK15,制单人15,,5,示例集团财务共享中心（本部）,财务共享,应付付款单（服务费）,通用审批类,2026-06-16 09:30:22,2026-06-16 09:30:49,2026-06-16 09:31:32,FSSC审核岗,1,,应付成本组,自动派单,已派任务少（优先派）,2026-06-16 09:31:32,移动端,AUD02,审核员02,2026-06-16 10:54:32,同意,,审核通过,27分44秒,--,0,,是,1,1,263秒,,0,,,--
财务会计,AP-2026-000053,2026-02-18,通用报销单,应付付款单（服务费）,A03,示例集团·丙公司,MAK16,制单人16,,8,示例集团财务共享中心（本部）,财务共享,应付付款单（服务费）,通用审批类,2026-03-11 12:20:07,2026-03-11 12:20:57,2026-03-11 12:21:49,FSSC审核岗,1,,应付成本组,自动派单,已派任务少（优先派）,2026-03-11 12:21:49,移动端,AUD06,审核员06,2026-03-11 14:33:49,同意,附件不完整,审核通过,30分26秒,34分23秒,0,,是,1,1,265秒,,0,,,1
财务会计,AP-2026-000054,2026-03-18,付款单,通用报销单（费用报销）,A07,示例集团·庚公司,MAK13,制单人13,,4,示例集团财务共享中心（本部）,财务共享,通用报销单（费用报销）,通用审批类,2026-06-15 19:31:07,2026-06-15 19:31:09,2026-06-15 19:32:30,FSSC审核岗,1,,应付成本组,自动派单,已派任务少（优先派）,2026-06-15 19:32:30,PC端,AUD02,审核员02,2026-06-15 22:08:30,同意,,审核通过,36分0秒,--,0,,是,1,1,292秒,,0,,,--
财务会计,AP-2026-000055,2026-01-04,应付发票,应付付款单（差旅费）,A04,示例集团·丁公司,MAK04,制单人04,,7,示例集团财务共享中心（本部）,财务共享,应付付款单（差旅费）,通用审批类,2026-01-27 10:31:59,2026-01-27 10:32:45,2026-01-27 10:33:23,FSSC审核岗,1,,应付成本组,自动派单,已派任务少（优先派）,2026-01-27 10:33:23,移动端,AUD06,审核员06,2026-01-27 12:44:23,同意,,审核通过,31分15秒,--,0,,是,1,1,243秒,,0,,,--
财务会计,AP-2026-000056,2026-03-17,付款单,应付付款单（差旅费）,A06,示例集团·己公司,MAK07,制单人07,,4,示例集团财务共享中心（本部）,财务共享,应付付款单（差旅费）,通用审批类,2026-03-28 09:17:49,2026-03-28 09:18:40,2026-03-28 09:20:30,FSSC审核岗,1,,应付成本组,自动派单,已派任务少（优先派）,2026-03-28 09:20:30,移动端,AUD07,审核员07,2026-03-28 11:07:30,同意,,审核通过,1分18秒,--,0,,是,1,1,162秒,,0,,,--
财务会计,AP-2026-000057,2026-01-28,付款单,应付付款单（服务费）,A12,示例集团·子公司乙,MAK10,制单人10,,3,示例集团财务共享中心（本部）,财务共享,应付付款单（服务费）,通用审批类,2026-03-16 13:21:35,2026-03-16 13:22:24,2026-03-16 13:23:34,FSSC审核岗,1,,应付成本组,自动派单,已派任务少（优先派）,2026-03-16 13:23:34,移动端,AUD05,审核员05,2026-03-16 15:00:34,同意,,审核通过,16分36秒,--,0,,是,1,1,206秒,,0,,,--
财务会计,AP-2026-000058,2026-03-24,付款单,应付付款单（服务费）,A02,示例集团·乙公司,MAK13,制单人13,,0,示例集团财务共享中心（本部）,财务共享,应付付款单（服务费）,通用审批类,2026-02-26 14:24:42,2026-02-26 14:25:33,2026-02-26 14:27:19,FSSC审核岗,1,,应付成本组,自动派单,已派任务少（优先派）,2026-02-26 14:27:19,PC端,AUD01,审核员01,2026-02-26 17:14:19,同意,,审核通过,9分32秒,--,0,,是,1,1,179秒,,0,,,--
财务会计,AP-2026-000059,2026-04-17,付款单,应付确认单（物料类）,A13,示例集团·子公司丙,MAK14,制单人14,,6,示例集团财务共享中心（本部）,财务共享,应付确认单（物料类）,通用审批类,2026-03-05 14:55:41,2026-03-05 14:55:51,2026-03-05 14:56:01,FSSC审核岗,1,,应付成本组,自动派单,已派任务少（优先派）,2026-03-05 14:56:01,移动端,AUD04,审核员04,2026-03-05 16:57:01,同意,,审核通过,6分54秒,--,0,,是,1,1,178秒,,0,,,--
财务会计,AP-2026-000060,2026-01-11,应付发票,应付确认单（物料类）,A12,示例集团·子公司乙,MAK14,制单人14,,4,示例集团财务共享中心（本部）,财务共享,应付确认单（物料类）,通用审批类,2026-04-25 15:55:34,2026-04-25 15:55:37,2026-04-25 15:56:57,FSSC审核岗,1,,应付成本组,自动派单,已派任务少（优先派）,2026-04-25 15:56:57,PC端,AUD03,审核员03,2026-04-25 16:14:57,同意,,审核通过,15分47秒,--,0,,是,1,1,56秒,,0,,,--
财务会计,AP-2026-000061,2026-01-28,通用报销单,应付确认单（物料类）,A04,示例集团·丁公司,MAK02,制单人02,,2,示例集团财务共享中心（本部）,财务共享,应付确认单（物料类）,通用审批类,2026-01-23 12:57:01,2026-01-23 12:57:04,2026-01-23 12:57:46,FSSC审核岗,1,,应付成本组,自动派单,已派任务少（优先派）,2026-01-23 12:57:46,PC端,AUD05,审核员05,2026-01-23 13:12:46,同意,,审核通过,16分33秒,--,0,,是,1,1,220秒,,0,,,--
费控服务,AP-2026-000062,2026-05-03,通用报销单,应付确认单（物料类）,A06,示例集团·己公司,MAK13,制单人13,,7,示例集团财务共享中心（本部）,财务共享,应付确认单（物料类）,通用审批类,2026-05-20 18:15:31,2026-05-20 18:16:30,2026-05-20 18:17:45,FSSC审核岗,1,,应付成本组,自动派单,已派任务少（优先派）,2026-05-20 18:17:45,PC端,AUD02,审核员02,2026-05-20 18:54:45,同意,,审核通过,17分42秒,--,0,,是,1,1,14秒,,0,,,--
财务会计,AP-2026-000063,2026-01-18,应付发票,应付确认单（物料类）,A14,示例集团·子公司丁,MAK08,制单人08,,6,示例集团财务共享中心（本部）,财务共享,应付确认单（物料类）,通用审批类,2026-06-12 17:19:40,2026-06-12 17:20:08,2026-06-12 17:21:37,FSSC审核岗,1,,应付成本组,自动派单,已派任务少（优先派）,2026-06-12 17:21:37,移动端,AUD03,审核员03,2026-06-12 18:26:37,同意,,审核通过,31分6秒,--,0,,是,1,1,131秒,,0,,,--
财务会计,AP-2026-000064,2026-06-23,通用报销单,应付付款单（服务费）,A04,示例集团·丁公司,MAK06,制单人06,,7,示例集团财务共享中心（本部）,财务共享,应付付款单（服务费）,通用审批类,2026-03-22 14:17:00,2026-03-22 14:17:37,2026-03-22 14:19:28,FSSC审核岗,1,,应付成本组,自动派单,已派任务少（优先派）,2026-03-22 14:19:28,PC端,AUD03,审核员03,2026-03-22 17:15:28,同意,,审核通过,19分49秒,--,0,,是,1,1,127秒,,0,,,--
财务会计,AP-2026-000065,2026-06-20,付款单,应付付款单（服务费）,A07,示例集团·庚公司,MAK06,制单人06,,0,示例集团财务共享中心（本部）,财务共享,应付付款单（服务费）,通用审批类,2026-04-24 20:42:43,2026-04-24 20:43:37,2026-04-24 20:43:55,FSSC审核岗,1,,应付成本组,自动派单,已派任务少（优先派）,2026-04-24 20:43:55,PC端,AUD05,审核员05,2026-04-24 23:24:55,驳回,业务类型填写错误,审核驳回,20分50秒,38分23秒,0,,是,3,1,77秒,驳回,1,前端单位,示例集团·庚公司,3
财务会计,AP-2026-000066,2026-04-06,付款单,应付付款单（材料采购）,A01,示例集团·甲公司,MAK05,制单人05,,7,示例集团财务共享中心（本部）,财务共享,应付付款单（材料采购）,通用审批类,2026-06-18 13:33:32,2026-06-18 13:34:31,2026-06-18 13:35:06,FSSC审核岗,1,,应付成本组,自动派单,已派任务少（优先派）,2026-06-18 13:35:06,PC端,AUD06,审核员06,2026-06-18 14:18:06,同意,,审核通过,19分47秒,--,0,,是,1,1,183秒,,0,,,--
费控服务,AP-2026-000067,2026-01-25,应付发票,应付付款单（服务费）,A11,示例集团·子公司甲,MAK08,制单人08,,0,示例集团财务共享中心（本部）,财务共享,应付付款单（服务费）,通用审批类,2026-01-24 18:25:54,2026-01-24 18:26:46,2026-01-24 18:27:58,FSSC审核岗,1,,应付成本组,自动派单,已派任务少（优先派）,2026-01-24 18:27:58,PC端,AUD01,审核员01,2026-01-24 20:01:58,驳回,附件不完整,审核驳回,17分34秒,24分43秒,0,,是,2,1,144秒,驳回,1,前端单位,示例集团·子公司甲,2
财务会计,AP-2026-000068,2026-02-04,通用报销单,应付付款单（材料采购）,A06,示例集团·己公司,MAK14,制单人14,,7,示例集团财务共享中心（本部）,财务共享,应付付款单（材料采购）,通用审批类,2026-06-01 17:56:35,2026-06-01 17:56:56,2026-06-01 17:58:54,FSSC审核岗,1,,应付成本组,自动派单,已派任务少（优先派）,2026-06-01 17:58:54,PC端,AUD07,审核员07,2026-06-01 20:35:54,同意,,审核通过,20分41秒,--,0,,是,1,1,219秒,,0,,,--
费控服务,AP-2026-000069,2026-01-16,应付发票,应付付款单（材料采购）,A01,示例集团·甲公司,MAK01,制单人01,,2,示例集团财务共享中心（本部）,财务共享,应付付款单（材料采购）,通用审批类,2026-05-18 10:24:29,2026-05-18 10:24:53,2026-05-18 10:26:19,FSSC审核岗,1,,应付成本组,自动派单,已派任务少（优先派）,2026-05-18 10:26:19,移动端,AUD01,审核员01,2026-05-18 13:37:19,同意,,审核通过,27分41秒,--,0,,是,1,1,60秒,,0,,,--
费控服务,AP-2026-000070,2026-05-09,付款单,通用报销单（费用报销）,A12,示例集团·子公司乙,MAK10,制单人10,,5,示例集团财务共享中心（本部）,财务共享,通用报销单（费用报销）,通用审批类,2026-02-07 15:28:15,2026-02-07 15:29:10,2026-02-07 15:29:57,FSSC审核岗,1,,应付成本组,自动派单,已派任务少（优先派）,2026-02-07 15:29:57,PC端,AUD07,审核员07,2026-02-07 15:55:57,同意,,审核通过,4分25秒,--,0,,是,1,1,151秒,,0,,,--
费控服务,AP-2026-000071,2026-05-15,付款单,应付付款单（差旅费）,A02,示例集团·乙公司,MAK02,制单人02,,3,示例集团财务共享中心（本部）,财务共享,应付付款单（差旅费）,通用审批类,2026-01-21 18:38:01,2026-01-21 18:38:05,2026-01-21 18:39:46,FSSC审核岗,1,,应付成本组,自动派单,已派任务少（优先派）,2026-01-21 18:39:46,PC端,AUD06,审核员06,2026-01-21 20:05:46,同意,,审核通过,5分53秒,--,0,,是,1,1,293秒,,0,,,--
财务会计,AP-2026-000072,2026-02-11,付款单,其他专项付款单,A02,示例集团·乙公司,MAK04,制单人04,,0,示例集团财务共享中心（本部）,财务共享,其他专项付款单,通用审批类,2026-04-20 08:17:54,2026-04-20 08:18:04,2026-04-20 08:18:21,FSSC审核岗,1,,应付成本组,自动派单,已派任务少（优先派）,2026-04-20 08:18:21,移动端,AUD07,审核员07,2026-04-20 10:37:21,同意,,审核通过,9分0秒,--,0,,是,1,1,193秒,,0,,,--
财务会计,AP-2026-000073,2026-03-06,付款单,其他专项付款单,A10,示例集团·癸公司,MAK04,制单人04,,1,示例集团财务共享中心（本部）,财务共享,其他专项付款单,通用审批类,2026-03-24 14:33:07,2026-03-24 14:33:55,2026-03-24 14:34:04,FSSC审核岗,1,,应付成本组,自动派单,已派任务少（优先派）,2026-03-24 14:34:04,PC端,AUD03,审核员03,2026-03-24 16:36:04,同意,,审核通过,29分32秒,--,0,,是,1,1,123秒,,0,,,--
财务会计,AP-2026-000074,2026-01-28,付款单,应付付款单（差旅费）,A16,示例集团·子公司己,MAK01,制单人01,,7,示例集团财务共享中心（本部）,财务共享,应付付款单（差旅费）,通用审批类,2026-06-15 18:01:03,2026-06-15 18:01:34,2026-06-15 18:03:23,FSSC审核岗,1,,应付成本组,自动派单,已派任务少（优先派）,2026-06-15 18:03:23,移动端,AUD06,审核员06,2026-06-15 19:46:23,同意,,审核通过,5分57秒,--,0,,是,1,1,51秒,,0,,,--
财务会计,AP-2026-000075,2026-04-20,通用报销单,通用报销单（费用报销）,A03,示例集团·丙公司,MAK03,制单人03,,1,示例集团财务共享中心（本部）,财务共享,通用报销单（费用报销）,通用审批类,2026-03-23 13:24:38,2026-03-23 13:25:12,2026-03-23 13:25:50,FSSC审核岗,1,,应付成本组,自动派单,已派任务少（优先派）,2026-03-23 13:25:50,PC端,AUD01,审核员01,2026-03-23 15:22:50,同意,,审核通过,36分46秒,--,0,,是,1,1,120秒,,0,,,--
财务会计,AP-2026-000076,2026-04-27,应付发票,应付确认单（物料类）,A04,示例集团·丁公司,MAK15,制单人15,,7,示例集团财务共享中心（本部）,财务共享,应付确认单（物料类）,通用审批类,2026-04-24 09:20:27,2026-04-24 09:20:48,2026-04-24 09:22:14,FSSC审核岗,1,,应付成本组,自动派单,已派任务少（优先派）,2026-04-24 09:22:14,PC端,AUD03,审核员03,2026-04-24 10:28:14,同意,,审核通过,5分5秒,--,0,,是,1,1,53秒,,0,,,--
费控服务,AP-2026-000077,2026-01-26,应付发票,应付付款单（材料采购）,A01,示例集团·甲公司,MAK02,制单人02,,6,示例集团财务共享中心（本部）,财务共享,应付付款单（材料采购）,通用审批类,2026-03-19 16:35:21,2026-03-19 16:36:04,2026-03-19 16:36:20,FSSC审核岗,1,,应付成本组,自动派单,已派任务少（优先派）,2026-03-19 16:36:20,PC端,AUD06,审核员06,2026-03-19 18:22:20,同意,,审核通过,4分18秒,--,0,,是,1,1,169秒,,0,,,--
财务会计,AP-2026-000078,2026-06-22,应付发票,应付确认单（物料类）,A03,示例集团·丙公司,MAK10,制单人10,,6,示例集团财务共享中心（本部）,财务共享,应付确认单（物料类）,通用审批类,2026-02-04 13:54:35,2026-02-04 13:54:59,2026-02-04 13:55:14,FSSC审核岗,1,,应付成本组,自动派单,已派任务少（优先派）,2026-02-04 13:55:14,PC端,AUD02,审核员02,2026-02-04 17:11:14,同意,,审核通过,36分49秒,--,0,,是,1,1,295秒,,0,,,--
财务会计,AP-2026-000079,2026-04-09,通用报销单,应付付款单（服务费）,A01,示例集团·甲公司,MAK15,制单人15,,6,示例集团财务共享中心（本部）,财务共享,应付付款单（服务费）,通用审批类,2026-01-23 20:19:58,2026-01-23 20:20:20,2026-01-23 20:21:05,FSSC审核岗,1,,应付成本组,自动派单,已派任务少（优先派）,2026-01-23 20:21:05,PC端,AUD06,审核员06,2026-01-23 20:23:05,同意,,审核通过,5分9秒,--,0,,是,1,1,25秒,,0,,,--
财务会计,AP-2026-000080,2026-06-15,付款单,应付付款单（服务费）,A01,示例集团·甲公司,MAK09,制单人09,,0,示例集团财务共享中心（本部）,财务共享,应付付款单（服务费）,通用审批类,2026-05-10 19:20:49,2026-05-10 19:21:26,2026-05-10 19:22:43,FSSC审核岗,1,,应付成本组,自动派单,已派任务少（优先派）,2026-05-10 19:22:43,PC端,AUD03,审核员03,2026-05-10 19:44:43,同意,,审核通过,6分17秒,--,0,,是,1,1,236秒,,0,,,--
财务会计,AP-2026-000081,2026-02-09,付款单,应付付款单（差旅费）,A08,示例集团·辛公司,MAK08,制单人08,,4,示例集团财务共享中心（本部）,财务共享,应付付款单（差旅费）,通用审批类,2026-05-04 13:27:07,2026-05-04 13:27:26,2026-05-04 13:28:53,FSSC审核岗,1,,应付成本组,自动派单,已派任务少（优先派）,2026-05-04 13:28:53,移动端,AUD04,审核员04,2026-05-04 16:22:53,同意,,审核通过,3分14秒,--,0,,是,1,1,212秒,,0,,,--
费控服务,AP-2026-000082,2026-05-07,通用报销单,通用报销单（费用报销）,A19,示例集团·子公司壬,MAK01,制单人01,,8,示例集团财务共享中心（本部）,财务共享,通用报销单（费用报销）,通用审批类,2026-03-09 12:20:07,2026-03-09 12:20:08,2026-03-09 12:21:12,FSSC审核岗,1,,应付成本组,自动派单,已派任务少（优先派）,2026-03-09 12:21:12,PC端,AUD02,审核员02,2026-03-09 15:33:12,同意,,审核通过,15分32秒,--,0,,是,1,1,296秒,,0,,,--
财务会计,AP-2026-000083,2026-02-28,通用报销单,应付付款单（服务费）,A12,示例集团·子公司乙,MAK13,制单人13,,6,示例集团财务共享中心（本部）,财务共享,应付付款单（服务费）,通用审批类,2026-03-01 15:58:04,2026-03-01 15:59:00,2026-03-01 15:59:41,FSSC审核岗,1,,应付成本组,自动派单,已派任务少（优先派）,2026-03-01 15:59:41,PC端,AUD01,审核员01,2026-03-01 18:27:41,同意,,审核通过,19分7秒,--,0,,是,1,1,217秒,,0,,,--
财务会计,AP-2026-000084,2026-05-20,通用报销单,其他专项付款单,A01,示例集团·甲公司,MAK06,制单人06,,6,示例集团财务共享中心（本部）,财务共享,其他专项付款单,通用审批类,2026-05-12 09:27:54,2026-05-12 09:28:01,2026-05-12 09:28:33,FSSC审核岗,1,,应付成本组,自动派单,已派任务少（优先派）,2026-05-12 09:28:33,移动端,AUD06,审核员06,2026-05-12 11:20:33,同意,,审核通过,20分47秒,--,0,,是,1,1,183秒,,0,,,--
费控服务,AP-2026-000085,2026-02-21,付款单,应付付款单（差旅费）,A02,示例集团·乙公司,MAK13,制单人13,,2,示例集团财务共享中心（本部）,财务共享,应付付款单（差旅费）,通用审批类,2026-03-07 20:22:22,2026-03-07 20:23:09,2026-03-07 20:24:54,FSSC审核岗,1,,应付成本组,自动派单,已派任务少（优先派）,2026-03-07 20:24:54,PC端,AUD01,审核员01,2026-03-07 23:10:54,同意,,审核通过,17分12秒,--,0,,是,1,1,98秒,,0,,,--
财务会计,AP-2026-000086,2026-03-06,通用报销单,应付付款单（材料采购）,A07,示例集团·庚公司,MAK13,制单人13,,5,示例集团财务共享中心（本部）,财务共享,应付付款单（材料采购）,通用审批类,2026-05-15 20:36:48,2026-05-15 20:37:26,2026-05-15 20:38:24,FSSC审核岗,1,,应付成本组,自动派单,已派任务少（优先派）,2026-05-15 20:38:24,移动端,AUD05,审核员05,2026-05-15 23:33:24,同意,,审核通过,21分9秒,--,0,,是,1,1,235秒,,0,,,--
财务会计,AP-2026-000087,2026-06-09,通用报销单,应付确认单（物料类）,A01,示例集团·甲公司,MAK08,制单人08,,1,示例集团财务共享中心（本部）,财务共享,应付确认单（物料类）,通用审批类,2026-06-17 09:19:29,2026-06-17 09:19:58,2026-06-17 09:20:03,FSSC审核岗,1,,应付成本组,自动派单,已派任务少（优先派）,2026-06-17 09:20:03,PC端,AUD03,审核员03,2026-06-17 09:35:03,同意,,审核通过,40分38秒,--,0,,是,1,1,269秒,,0,,,--
财务会计,AP-2026-000088,2026-01-24,通用报销单,应付付款单（材料采购）,A04,示例集团·丁公司,MAK10,制单人10,,7,示例集团财务共享中心（本部）,财务共享,应付付款单（材料采购）,通用审批类,2026-02-26 17:41:12,2026-02-26 17:41:33,2026-02-26 17:42:51,FSSC审核岗,1,,应付成本组,自动派单,已派任务少（优先派）,2026-02-26 17:42:51,PC端,AUD07,审核员07,2026-02-26 19:44:51,同意,,审核通过,7分51秒,--,0,,是,1,1,185秒,,0,,,--
费控服务,AP-2026-000089,2026-03-02,通用报销单,其他专项付款单,A19,示例集团·子公司壬,MAK02,制单人02,,5,示例集团财务共享中心（本部）,财务共享,其他专项付款单,通用审批类,2026-05-15 16:33:39,2026-05-15 16:33:50,2026-05-15 16:34:37,FSSC审核岗,1,,应付成本组,自动派单,已派任务少（优先派）,2026-05-15 16:34:37,移动端,AUD05,审核员05,2026-05-15 18:10:37,同意,,审核通过,39分3秒,--,0,,是,1,1,181秒,,0,,,--
费控服务,AP-2026-000090,2026-02-10,付款单,其他专项付款单,A01,示例集团·甲公司,MAK02,制单人02,,4,示例集团财务共享中心（本部）,财务共享,其他专项付款单,通用审批类,2026-01-22 17:55:09,2026-01-22 17:55:31,2026-01-22 17:55:42,FSSC审核岗,1,,应付成本组,自动派单,已派任务少（优先派）,2026-01-22 17:55:42,PC端,AUD05,审核员05,2026-01-22 20:25:42,同意,,审核通过,26分8秒,--,0,,是,1,1,53秒,,0,,,--
财务会计,AP-2026-000091,2026-06-27,付款单,应付付款单（服务费）,A03,示例集团·丙公司,MAK07,制单人07,,0,示例集团财务共享中心（本部）,财务共享,应付付款单（服务费）,通用审批类,2026-06-27 19:43:58,2026-06-27 19:44:32,2026-06-27 19:44:44,FSSC审核岗,1,,应付成本组,自动派单,已派任务少（优先派）,2026-06-27 19:44:44,移动端,AUD06,审核员06,2026-06-27 22:30:44,同意,,审核通过,24分19秒,--,0,,是,1,1,102秒,,0,,,--
财务会计,AP-2026-000092,2026-05-07,付款单,应付付款单（材料采购）,A17,示例集团·子公司庚,MAK06,制单人06,,8,示例集团财务共享中心（本部）,财务共享,应付付款单（材料采购）,通用审批类,2026-04-03 12:54:50,2026-04-03 12:54:57,2026-04-03 12:56:02,FSSC审核岗,1,,应付成本组,自动派单,已派任务少（优先派）,2026-04-03 12:56:02,PC端,AUD06,审核员06,2026-04-03 16:14:02,同意,,审核通过,3分42秒,--,0,,是,1,1,182秒,,0,,,--
费控服务,AP-2026-000093,2026-06-05,通用报销单,应付确认单（物料类）,A13,示例集团·子公司丙,MAK10,制单人10,,3,示例集团财务共享中心（本部）,财务共享,应付确认单（物料类）,通用审批类,2026-05-23 20:39:51,2026-05-23 20:40:49,2026-05-23 20:41:11,FSSC审核岗,1,,应付成本组,自动派单,已派任务少（优先派）,2026-05-23 20:41:11,移动端,AUD05,审核员05,2026-05-23 23:46:11,同意,,审核通过,29分39秒,--,0,,是,1,1,155秒,,0,,,--
财务会计,AP-2026-000094,2026-04-08,通用报销单,其他专项付款单,A10,示例集团·癸公司,MAK13,制单人13,,8,示例集团财务共享中心（本部）,财务共享,其他专项付款单,通用审批类,2026-01-16 11:23:43,2026-01-16 11:24:20,2026-01-16 11:25:17,FSSC审核岗,1,,应付成本组,自动派单,已派任务少（优先派）,2026-01-16 11:25:17,PC端,AUD02,审核员02,2026-01-16 13:24:17,同意,,审核通过,34分26秒,--,0,,是,1,1,92秒,,0,,,--
费控服务,AP-2026-000095,2026-01-09,应付发票,应付付款单（服务费）,A11,示例集团·子公司甲,MAK13,制单人13,,2,示例集团财务共享中心（本部）,财务共享,应付付款单（服务费）,通用审批类,2026-04-28 13:35:59,2026-04-28 13:36:06,2026-04-28 13:37:38,FSSC审核岗,1,,应付成本组,自动派单,已派任务少（优先派）,2026-04-28 13:37:38,PC端,AUD01,审核员01,2026-04-28 15:50:38,同意,,审核通过,18分28秒,--,0,,是,1,1,272秒,,0,,,--
费控服务,AP-2026-000096,2026-06-08,付款单,应付付款单（差旅费）,A02,示例集团·乙公司,MAK07,制单人07,,3,示例集团财务共享中心（本部）,财务共享,应付付款单（差旅费）,通用审批类,2026-03-01 14:03:25,2026-03-01 14:03:58,2026-03-01 14:04:46,FSSC审核岗,1,,应付成本组,自动派单,已派任务少（优先派）,2026-03-01 14:04:46,PC端,AUD07,审核员07,2026-03-01 15:05:46,同意,,审核通过,2分20秒,--,0,,是,1,1,60秒,,0,,,--
财务会计,AP-2026-000097,2026-03-05,付款单,其他专项付款单,A12,示例集团·子公司乙,MAK11,制单人11,,1,示例集团财务共享中心（本部）,财务共享,其他专项付款单,通用审批类,2026-05-27 15:44:53,2026-05-27 15:45:02,2026-05-27 15:46:40,FSSC审核岗,1,,应付成本组,自动派单,已派任务少（优先派）,2026-05-27 15:46:40,移动端,AUD06,审核员06,2026-05-27 18:47:40,同意,,审核通过,2分16秒,--,0,,是,1,1,120秒,,0,,,--
财务会计,AP-2026-000098,2026-05-17,付款单,应付确认单（物料类）,A12,示例集团·子公司乙,MAK09,制单人09,,1,示例集团财务共享中心（本部）,财务共享,应付确认单（物料类）,通用审批类,2026-02-10 11:19:07,2026-02-10 11:19:11,2026-02-10 11:19:42,FSSC审核岗,1,,应付成本组,自动派单,已派任务少（优先派）,2026-02-10 11:19:42,PC端,AUD06,审核员06,2026-02-10 13:07:42,同意,,审核通过,8分53秒,--,0,,是,1,1,265秒,,0,,,--
财务会计,AP-2026-000099,2026-02-08,应付发票,应付付款单（材料采购）,A06,示例集团·己公司,MAK01,制单人01,,8,示例集团财务共享中心（本部）,财务共享,应付付款单（材料采购）,通用审批类,2026-02-14 08:39:22,2026-02-14 08:39:38,2026-02-14 08:40:52,FSSC审核岗,1,,应付成本组,自动派单,已派任务少（优先派）,2026-02-14 08:40:52,移动端,AUD04,审核员04,2026-02-14 10:27:52,同意,,审核通过,24分4秒,--,0,,是,1,1,279秒,,0,,,--
费控服务,AP-2026-000100,2026-01-01,应付发票,应付付款单（服务费）,A06,示例集团·己公司,MAK13,制单人13,,3,示例集团财务共享中心（本部）,财务共享,应付付款单（服务费）,通用审批类,2026-04-02 18:24:23,2026-04-02 18:24:40,2026-04-02 18:26:16,FSSC审核岗,1,,应付成本组,自动派单,已派任务少（优先派）,2026-04-02 18:26:16,PC端,AUD04,审核员04,2026-04-02 18:31:16,同意,,审核通过,7分49秒,--,0,,是,1,1,180秒,,0,,,--
费控服务,AP-2026-000101,2026-06-21,通用报销单,应付付款单（差旅费）,A01,示例集团·甲公司,MAK06,制单人06,,0,示例集团财务共享中心（本部）,财务共享,应付付款单（差旅费）,通用审批类,2026-04-22 15:44:30,2026-04-22 15:45:11,2026-04-22 15:45:35,FSSC审核岗,1,,应付成本组,自动派单,已派任务少（优先派）,2026-04-22 15:45:35,移动端,AUD03,审核员03,2026-04-22 16:20:35,驳回,附件信息不一致,审核驳回,19分12秒,13分56秒,0,,是,2,1,31秒,驳回,1,前端单位,示例集团·甲公司,2
财务会计,AP-2026-000102,2026-04-27,付款单,应付确认单（物料类）,A03,示例集团·丙公司,MAK05,制单人05,,5,示例集团财务共享中心（本部）,财务共享,应付确认单（物料类）,通用审批类,2026-05-02 20:41:12,2026-05-02 20:41:31,2026-05-02 20:42:17,FSSC审核岗,1,,应付成本组,自动派单,已派任务少（优先派）,2026-05-02 20:42:17,PC端,AUD03,审核员03,2026-05-03 00:02:17,驳回,特殊原因,审核驳回,18分7秒,28分56秒,0,,是,3,1,214秒,驳回,1,前端单位,示例集团·丙公司,3
财务会计,AP-2026-000103,2026-03-06,通用报销单,应付付款单（服务费）,A09,示例集团·壬公司,MAK15,制单人15,,2,示例集团财务共享中心（本部）,财务共享,应付付款单（服务费）,通用审批类,2026-03-12 20:33:17,2026-03-12 20:34:09,2026-03-12 20:34:20,FSSC审核岗,1,,应付成本组,自动派单,已派任务少（优先派）,2026-03-12 20:34:20,移动端,AUD03,审核员03,2026-03-12 23:41:20,同意,,审核通过,35分18秒,--,0,,是,1,1,174秒,,0,,,--
财务会计,AP-2026-000104,2026-05-15,付款单,其他专项付款单,A01,示例集团·甲公司,MAK06,制单人06,,6,示例集团财务共享中心（本部）,财务共享,其他专项付款单,通用审批类,2026-03-06 19:28:22,2026-03-06 19:28:51,2026-03-06 19:28:57,FSSC审核岗,1,,应付成本组,自动派单,已派任务少（优先派）,2026-03-06 19:28:57,移动端,AUD03,审核员03,2026-03-06 22:35:57,同意,,审核通过,18分40秒,--,0,,是,1,1,39秒,,0,,,--
费控服务,AP-2026-000105,2026-01-26,付款单,应付确认单（物料类）,A01,示例集团·甲公司,MAK11,制单人11,,3,示例集团财务共享中心（本部）,财务共享,应付确认单（物料类）,通用审批类,2026-06-01 10:54:38,2026-06-01 10:55:22,2026-06-01 10:57:03,FSSC审核岗,1,,应付成本组,自动派单,已派任务少（优先派）,2026-06-01 10:57:03,PC端,AUD03,审核员03,2026-06-01 12:50:03,驳回,附件信息不一致,审核驳回,24分23秒,37分2秒,0,,是,1,1,88秒,驳回,1,前端单位,示例集团·甲公司,1
财务会计,AP-2026-000106,2026-02-25,付款单,其他专项付款单,A08,示例集团·辛公司,MAK16,制单人16,,2,示例集团财务共享中心（本部）,财务共享,其他专项付款单,通用审批类,2026-02-17 13:25:20,2026-02-17 13:26:02,2026-02-17 13:26:38,FSSC审核岗,1,,应付成本组,自动派单,已派任务少（优先派）,2026-02-17 13:26:38,PC端,AUD03,审核员03,2026-02-17 14:30:38,同意,附件信息不一致,审核通过,32分33秒,36分7秒,0,,是,1,1,144秒,,0,,,1
财务会计,AP-2026-000107,2026-05-20,通用报销单,应付付款单（差旅费）,A10,示例集团·癸公司,MAK12,制单人12,,1,示例集团财务共享中心（本部）,财务共享,应付付款单（差旅费）,通用审批类,2026-01-16 11:07:08,2026-01-16 11:08:03,2026-01-16 11:08:13,FSSC审核岗,1,,应付成本组,自动派单,已派任务少（优先派）,2026-01-16 11:08:13,移动端,AUD02,审核员02,2026-01-16 13:04:13,同意,,审核通过,21分42秒,--,0,,是,1,1,187秒,,0,,,--
财务会计,AP-2026-000108,2026-04-10,应付发票,应付付款单（差旅费）,A09,示例集团·壬公司,MAK09,制单人09,,2,示例集团财务共享中心（本部）,财务共享,应付付款单（差旅费）,通用审批类,2026-01-23 18:11:50,2026-01-23 18:12:14,2026-01-23 18:13:20,FSSC审核岗,1,,应付成本组,自动派单,已派任务少（优先派）,2026-01-23 18:13:20,PC端,AUD03,审核员03,2026-01-23 19:11:20,同意,,审核通过,16分50秒,--,0,,是,1,1,262秒,,0,,,--
财务会计,AP-2026-000109,2026-02-26,通用报销单,应付确认单（物料类）,A01,示例集团·甲公司,MAK09,制单人09,,1,示例集团财务共享中心（本部）,财务共享,应付确认单（物料类）,通用审批类,2026-01-03 09:19:25,2026-01-03 09:20:11,2026-01-03 09:21:44,FSSC审核岗,1,,应付成本组,自动派单,已派任务少（优先派）,2026-01-03 09:21:44,PC端,AUD03,审核员03,2026-01-03 11:24:44,同意,,审核通过,9分20秒,--,0,,是,1,1,47秒,,0,,,--
财务会计,AP-2026-000110,2026-06-27,通用报销单,应付付款单（材料采购）,A05,示例集团·戊公司,MAK11,制单人11,,4,示例集团财务共享中心（本部）,财务共享,应付付款单（材料采购）,通用审批类,2026-01-19 10:49:08,2026-01-19 10:49:36,2026-01-19 10:50:41,FSSC审核岗,1,,应付成本组,自动派单,已派任务少（优先派）,2026-01-19 10:50:41,PC端,AUD03,审核员03,2026-01-19 11:05:41,同意,,审核通过,11分10秒,--,0,,是,1,1,175秒,,0,,,--
财务会计,AP-2026-000111,2026-03-17,付款单,应付付款单（服务费）,A16,示例集团·子公司己,MAK04,制单人04,,8,示例集团财务共享中心（本部）,财务共享,应付付款单（服务费）,通用审批类,2026-04-09 11:40:35,2026-04-09 11:40:53,2026-04-09 11:41:10,FSSC审核岗,1,,应付成本组,自动派单,已派任务少（优先派）,2026-04-09 11:41:10,PC端,AUD07,审核员07,2026-04-09 14:22:10,同意,,审核通过,11分37秒,--,0,,是,1,1,88秒,,0,,,--
财务会计,AP-2026-000112,2026-02-11,付款单,应付确认单（物料类）,A02,示例集团·乙公司,MAK10,制单人10,,6,示例集团财务共享中心（本部）,财务共享,应付确认单（物料类）,通用审批类,2026-05-28 08:05:02,2026-05-28 08:05:44,2026-05-28 08:07:23,FSSC审核岗,1,,应付成本组,自动派单,已派任务少（优先派）,2026-05-28 08:07:23,移动端,AUD07,审核员07,2026-05-28 10:35:23,同意,,审核通过,40分40秒,--,0,,是,1,1,25秒,,0,,,--
财务会计,AP-2026-000113,2026-04-10,通用报销单,其他专项付款单,A05,示例集团·戊公司,MAK11,制单人11,,6,示例集团财务共享中心（本部）,财务共享,其他专项付款单,通用审批类,2026-02-26 18:25:19,2026-02-26 18:25:49,2026-02-26 18:25:59,FSSC审核岗,1,,应付成本组,自动派单,已派任务少（优先派）,2026-02-26 18:25:59,PC端,AUD03,审核员03,2026-02-26 21:22:59,驳回,附件信息不一致,审核驳回,31分29秒,39分9秒,0,,是,2,1,170秒,驳回,1,制单人,制单人11,2
财务会计,AP-2026-000114,2026-04-12,应付发票,应付付款单（差旅费）,A13,示例集团·子公司丙,MAK06,制单人06,,2,示例集团财务共享中心（本部）,财务共享,应付付款单（差旅费）,通用审批类,2026-06-12 16:35:06,2026-06-12 16:35:27,2026-06-12 16:35:58,FSSC审核岗,1,,应付成本组,自动派单,已派任务少（优先派）,2026-06-12 16:35:58,移动端,AUD07,审核员07,2026-06-12 18:35:58,同意,,审核通过,7分3秒,--,0,,是,1,1,158秒,,0,,,--
财务会计,AP-2026-000115,2026-02-28,通用报销单,应付付款单（服务费）,A16,示例集团·子公司己,MAK14,制单人14,,4,示例集团财务共享中心（本部）,财务共享,应付付款单（服务费）,通用审批类,2026-03-19 19:20:12,2026-03-19 19:21:01,2026-03-19 19:21:22,FSSC审核岗,1,,应付成本组,自动派单,已派任务少（优先派）,2026-03-19 19:21:22,PC端,AUD03,审核员03,2026-03-19 21:29:22,同意,,审核通过,32分1秒,--,0,,是,1,1,56秒,,0,,,--
费控服务,AP-2026-000116,2026-04-07,通用报销单,通用报销单（费用报销）,A16,示例集团·子公司己,MAK09,制单人09,,0,示例集团财务共享中心（本部）,财务共享,通用报销单（费用报销）,通用审批类,2026-06-02 12:31:38,2026-06-02 12:32:35,2026-06-02 12:34:23,FSSC审核岗,1,,应付成本组,自动派单,已派任务少（优先派）,2026-06-02 12:34:23,PC端,AUD07,审核员07,2026-06-02 15:22:23,同意,,审核通过,7分27秒,--,0,,是,1,1,78秒,,0,,,--
财务会计,AP-2026-000117,2026-02-12,付款单,应付付款单（材料采购）,A13,示例集团·子公司丙,MAK12,制单人12,,8,示例集团财务共享中心（本部）,财务共享,应付付款单（材料采购）,通用审批类,2026-03-19 16:12:23,2026-03-19 16:12:59,2026-03-19 16:13:36,FSSC审核岗,1,,应付成本组,自动派单,已派任务少（优先派）,2026-03-19 16:13:36,PC端,AUD06,审核员06,2026-03-19 16:32:36,同意,,审核通过,18分52秒,--,0,,是,1,1,70秒,,0,,,--
财务会计,AP-2026-000118,2026-04-11,应付发票,应付付款单（服务费）,A01,示例集团·甲公司,MAK02,制单人02,,5,示例集团财务共享中心（本部）,财务共享,应付付款单（服务费）,通用审批类,2026-05-05 11:38:32,2026-05-05 11:38:58,2026-05-05 11:40:03,FSSC审核岗,1,,应付成本组,自动派单,已派任务少（优先派）,2026-05-05 11:40:03,PC端,AUD03,审核员03,2026-05-05 11:51:03,驳回,附件信息不一致,审核驳回,31分33秒,39分57秒,0,,是,1,1,273秒,驳回,1,前端单位,示例集团·甲公司,1
财务会计,AP-2026-000119,2026-02-13,付款单,应付付款单（材料采购）,A02,示例集团·乙公司,MAK15,制单人15,,7,示例集团财务共享中心（本部）,财务共享,应付付款单（材料采购）,通用审批类,2026-04-10 17:21:32,2026-04-10 17:22:26,2026-04-10 17:23:32,FSSC审核岗,1,,应付成本组,自动派单,已派任务少（优先派）,2026-04-10 17:23:32,移动端,AUD03,审核员03,2026-04-10 19:40:32,同意,,审核通过,2分23秒,--,0,,是,1,1,179秒,,0,,,--
财务会计,AP-2026-000120,2026-04-26,通用报销单,应付确认单（物料类）,A08,示例集团·辛公司,MAK16,制单人16,,0,示例集团财务共享中心（本部）,财务共享,应付确认单（物料类）,通用审批类,2026-02-21 08:38:30,2026-02-21 08:38:47,2026-02-21 08:40:11,FSSC审核岗,1,,应付成本组,自动派单,已派任务少（优先派）,2026-02-21 08:40:11,PC端,AUD05,审核员05,2026-02-21 11:59:11,同意,,审核通过,38分30秒,--,0,,是,1,1,97秒,,0,,,--
财务会计,AP-2026-000121,2026-01-13,通用报销单,通用报销单（费用报销）,A05,示例集团·戊公司,MAK12,制单人12,,6,示例集团财务共享中心（本部）,财务共享,通用报销单（费用报销）,通用审批类,2026-02-08 08:36:44,2026-02-08 08:36:52,2026-02-08 08:37:17,FSSC审核岗,1,,应付成本组,自动派单,已派任务少（优先派）,2026-02-08 08:37:17,PC端,AUD06,审核员06,2026-02-08 08:42:17,同意,,审核通过,14分26秒,--,0,,是,1,1,266秒,,0,,,--
费控服务,AP-2026-000122,2026-01-24,应付发票,应付付款单（差旅费）,A10,示例集团·癸公司,MAK15,制单人15,,2,示例集团财务共享中心（本部）,财务共享,应付付款单（差旅费）,通用审批类,2026-05-05 16:13:35,2026-05-05 16:13:56,2026-05-05 16:15:21,FSSC审核岗,1,,应付成本组,自动派单,已派任务少（优先派）,2026-05-05 16:15:21,移动端,AUD07,审核员07,2026-05-05 18:18:21,同意,,审核通过,30分58秒,--,0,,是,1,1,282秒,,0,,,--
费控服务,AP-2026-000123,2026-06-24,应付发票,通用报销单（费用报销）,A03,示例集团·丙公司,MAK06,制单人06,,4,示例集团财务共享中心（本部）,财务共享,通用报销单（费用报销）,通用审批类,2026-05-23 12:39:30,2026-05-23 12:39:43,2026-05-23 12:40:15,FSSC审核岗,1,,应付成本组,自动派单,已派任务少（优先派）,2026-05-23 12:40:15,PC端,AUD06,审核员06,2026-05-23 13:52:15,同意,,审核通过,19分45秒,--,0,,是,1,1,116秒,,0,,,--
财务会计,AP-2026-000124,2026-06-18,通用报销单,应付付款单（差旅费）,A08,示例集团·辛公司,MAK08,制单人08,,2,示例集团财务共享中心（本部）,财务共享,应付付款单（差旅费）,通用审批类,2026-04-10 09:36:43,2026-04-10 09:37:18,2026-04-10 09:38:07,FSSC审核岗,1,,应付成本组,自动派单,已派任务少（优先派）,2026-04-10 09:38:07,移动端,AUD04,审核员04,2026-04-10 11:20:07,同意,,审核通过,19分2秒,--,0,,是,1,1,157秒,,0,,,--
财务会计,AP-2026-000125,2026-01-21,付款单,通用报销单（费用报销）,A17,示例集团·子公司庚,MAK02,制单人02,,3,示例集团财务共享中心（本部）,财务共享,通用报销单（费用报销）,通用审批类,2026-02-07 11:52:34,2026-02-07 11:52:52,2026-02-07 11:54:52,FSSC审核岗,1,,应付成本组,自动派单,已派任务少（优先派）,2026-02-07 11:54:52,PC端,AUD07,审核员07,2026-02-07 14:18:52,同意,,审核通过,16分3秒,--,0,,是,1,1,281秒,,0,,,--
财务会计,AP-2026-000126,2026-05-11,应付发票,应付付款单（材料采购）,A02,示例集团·乙公司,MAK04,制单人04,,7,示例集团财务共享中心（本部）,财务共享,应付付款单（材料采购）,通用审批类,2026-05-22 20:08:00,2026-05-22 20:08:36,2026-05-22 20:10:35,FSSC审核岗,1,,应付成本组,自动派单,已派任务少（优先派）,2026-05-22 20:10:35,PC端,AUD01,审核员01,2026-05-22 20:51:35,同意,,审核通过,31分41秒,--,0,,是,1,1,112秒,,0,,,--
财务会计,AP-2026-000127,2026-03-02,付款单,通用报销单（费用报销）,A10,示例集团·癸公司,MAK05,制单人05,,2,示例集团财务共享中心（本部）,财务共享,通用报销单（费用报销）,通用审批类,2026-01-19 11:34:47,2026-01-19 11:35:34,2026-01-19 11:37:23,FSSC审核岗,1,,应付成本组,自动派单,已派任务少（优先派）,2026-01-19 11:37:23,PC端,AUD02,审核员02,2026-01-19 11:47:23,同意,,审核通过,3分53秒,--,0,,是,1,1,213秒,,0,,,--
财务会计,AP-2026-000128,2026-02-28,通用报销单,应付付款单（服务费）,A10,示例集团·癸公司,MAK03,制单人03,,8,示例集团财务共享中心（本部）,财务共享,应付付款单（服务费）,通用审批类,2026-05-01 12:36:38,2026-05-01 12:36:45,2026-05-01 12:38:44,FSSC审核岗,1,,应付成本组,自动派单,已派任务少（优先派）,2026-05-01 12:38:44,PC端,AUD06,审核员06,2026-05-01 14:04:44,同意,,审核通过,34分31秒,--,0,,是,1,1,78秒,,0,,,--
财务会计,AP-2026-000129,2026-04-04,付款单,应付付款单（材料采购）,A12,示例集团·子公司乙,MAK08,制单人08,,3,示例集团财务共享中心（本部）,财务共享,应付付款单（材料采购）,通用审批类,2026-03-15 18:16:45,2026-03-15 18:16:57,2026-03-15 18:16:59,FSSC审核岗,1,,应付成本组,自动派单,已派任务少（优先派）,2026-03-15 18:16:59,PC端,AUD02,审核员02,2026-03-15 21:25:59,同意,,审核通过,12分39秒,--,0,,是,1,1,217秒,,0,,,--
财务会计,AP-2026-000130,2026-06-22,付款单,应付付款单（材料采购）,A12,示例集团·子公司乙,MAK09,制单人09,,5,示例集团财务共享中心（本部）,财务共享,应付付款单（材料采购）,通用审批类,2026-06-16 13:59:15,2026-06-16 13:59:16,2026-06-16 13:59:50,FSSC审核岗,1,,应付成本组,自动派单,已派任务少（优先派）,2026-06-16 13:59:50,PC端,AUD01,审核员01,2026-06-16 15:38:50,同意,,审核通过,20分37秒,--,0,,是,1,1,15秒,,0,,,--
费控服务,AP-2026-000131,2026-01-22,通用报销单,应付付款单（材料采购）,A03,示例集团·丙公司,MAK06,制单人06,,4,示例集团财务共享中心（本部）,财务共享,应付付款单（材料采购）,通用审批类,2026-01-06 14:43:32,2026-01-06 14:44:32,2026-01-06 14:46:27,FSSC审核岗,1,,应付成本组,自动派单,已派任务少（优先派）,2026-01-06 14:46:27,移动端,AUD02,审核员02,2026-01-06 17:47:27,同意,,审核通过,24分39秒,--,0,,是,1,1,123秒,,0,,,--
财务会计,AP-2026-000132,2026-05-24,应付发票,应付确认单（物料类）,A02,示例集团·乙公司,MAK03,制单人03,,1,示例集团财务共享中心（本部）,财务共享,应付确认单（物料类）,通用审批类,2026-02-23 16:58:30,2026-02-23 16:59:19,2026-02-23 17:00:28,FSSC审核岗,1,,应付成本组,自动派单,已派任务少（优先派）,2026-02-23 17:00:28,PC端,AUD02,审核员02,2026-02-23 19:51:28,同意,,审核通过,34分28秒,--,0,,是,1,1,280秒,,0,,,--
财务会计,AP-2026-000133,2026-04-02,应付发票,应付确认单（物料类）,A08,示例集团·辛公司,MAK02,制单人02,,7,示例集团财务共享中心（本部）,财务共享,应付确认单（物料类）,通用审批类,2026-03-07 17:34:09,2026-03-07 17:34:20,2026-03-07 17:35:02,FSSC审核岗,1,,应付成本组,自动派单,已派任务少（优先派）,2026-03-07 17:35:02,PC端,AUD04,审核员04,2026-03-07 19:49:02,同意,,审核通过,6分57秒,--,0,,是,1,1,271秒,,0,,,--
费控服务,AP-2026-000134,2026-05-14,通用报销单,应付付款单（材料采购）,A04,示例集团·丁公司,MAK01,制单人01,,3,示例集团财务共享中心（本部）,财务共享,应付付款单（材料采购）,通用审批类,2026-03-18 15:43:51,2026-03-18 15:44:11,2026-03-18 15:45:44,FSSC审核岗,1,,应付成本组,自动派单,已派任务少（优先派）,2026-03-18 15:45:44,PC端,AUD01,审核员01,2026-03-18 15:51:44,同意,,审核通过,38分4秒,--,0,,是,1,1,33秒,,0,,,--
财务会计,AP-2026-000135,2026-05-02,付款单,其他专项付款单,A04,示例集团·丁公司,MAK12,制单人12,,6,示例集团财务共享中心（本部）,财务共享,其他专项付款单,通用审批类,2026-03-02 12:26:11,2026-03-02 12:27:01,2026-03-02 12:27:19,FSSC审核岗,1,,应付成本组,自动派单,已派任务少（优先派）,2026-03-02 12:27:19,PC端,AUD04,审核员04,2026-03-02 15:44:19,同意,,审核通过,24分57秒,--,0,,是,1,1,205秒,,0,,,--
费控服务,AP-2026-000136,2026-01-03,通用报销单,应付付款单（服务费）,A05,示例集团·戊公司,MAK15,制单人15,,2,示例集团财务共享中心（本部）,财务共享,应付付款单（服务费）,通用审批类,2026-02-18 10:41:55,2026-02-18 10:42:18,2026-02-18 10:42:34,FSSC审核岗,1,,应付成本组,自动派单,已派任务少（优先派）,2026-02-18 10:42:34,PC端,AUD03,审核员03,2026-02-18 11:28:34,同意,,审核通过,15分53秒,--,0,,是,1,1,11秒,,0,,,--
财务会计,AP-2026-000137,2026-05-24,应付发票,应付付款单（差旅费）,A10,示例集团·癸公司,MAK16,制单人16,,1,示例集团财务共享中心（本部）,财务共享,应付付款单（差旅费）,通用审批类,2026-05-13 11:15:29,2026-05-13 11:15:52,2026-05-13 11:16:12,FSSC审核岗,1,,应付成本组,自动派单,已派任务少（优先派）,2026-05-13 11:16:12,PC端,AUD04,审核员04,2026-05-13 12:27:12,同意,,审核通过,3分51秒,--,0,,是,1,1,224秒,,0,,,--
费控服务,AP-2026-000138,2026-06-08,通用报销单,应付付款单（材料采购）,A07,示例集团·庚公司,MAK15,制单人15,,7,示例集团财务共享中心（本部）,财务共享,应付付款单（材料采购）,通用审批类,2026-05-20 08:28:38,2026-05-20 08:29:22,2026-05-20 08:30:53,FSSC审核岗,1,,应付成本组,自动派单,已派任务少（优先派）,2026-05-20 08:30:53,PC端,AUD07,审核员07,2026-05-20 08:43:53,同意,附件不完整,审核通过,15分34秒,4分8秒,0,,是,1,1,267秒,,0,,,1
财务会计,AP-2026-000139,2026-02-19,通用报销单,应付付款单（材料采购）,A20,示例集团·子公司癸,MAK04,制单人04,,6,示例集团财务共享中心（本部）,财务共享,应付付款单（材料采购）,通用审批类,2026-05-25 18:52:20,2026-05-25 18:52:36,2026-05-25 18:53:15,FSSC审核岗,1,,应付成本组,自动派单,已派任务少（优先派）,2026-05-25 18:53:15,PC端,AUD07,审核员07,2026-05-25 19:30:15,同意,,审核通过,20分17秒,--,0,,是,1,1,41秒,,0,,,--
费控服务,AP-2026-000140,2026-03-06,通用报销单,其他专项付款单,A06,示例集团·己公司,MAK10,制单人10,,6,示例集团财务共享中心（本部）,财务共享,其他专项付款单,通用审批类,2026-02-18 15:03:22,2026-02-18 15:04:04,2026-02-18 15:05:30,FSSC审核岗,1,,应付成本组,自动派单,已派任务少（优先派）,2026-02-18 15:05:30,PC端,AUD06,审核员06,2026-02-18 16:43:30,同意,,审核通过,27分9秒,--,0,,是,1,1,163秒,,0,,,--
财务会计,AP-2026-000141,2026-03-28,付款单,应付确认单（物料类）,A04,示例集团·丁公司,MAK13,制单人13,,8,示例集团财务共享中心（本部）,财务共享,应付确认单（物料类）,通用审批类,2026-03-23 10:51:29,2026-03-23 10:52:28,2026-03-23 10:52:36,FSSC审核岗,1,,应付成本组,自动派单,已派任务少（优先派）,2026-03-23 10:52:36,移动端,AUD04,审核员04,2026-03-23 13:16:36,同意,,审核通过,9分24秒,--,0,,是,1,1,134秒,,0,,,--
财务会计,AP-2026-000142,2026-04-15,应付发票,应付付款单（差旅费）,A02,示例集团·乙公司,MAK06,制单人06,,3,示例集团财务共享中心（本部）,财务共享,应付付款单（差旅费）,通用审批类,2026-05-24 11:03:17,2026-05-24 11:03:42,2026-05-24 11:05:09,FSSC审核岗,1,,应付成本组,自动派单,已派任务少（优先派）,2026-05-24 11:05:09,移动端,AUD01,审核员01,2026-05-24 13:40:09,同意,,审核通过,38分46秒,--,0,,是,1,1,296秒,,0,,,--
费控服务,AP-2026-000143,2026-02-10,通用报销单,其他专项付款单,A02,示例集团·乙公司,MAK04,制单人04,,6,示例集团财务共享中心（本部）,财务共享,其他专项付款单,通用审批类,2026-02-07 19:07:47,2026-02-07 19:08:36,2026-02-07 19:09:38,FSSC审核岗,1,,应付成本组,自动派单,已派任务少（优先派）,2026-02-07 19:09:38,PC端,AUD07,审核员07,2026-02-07 20:12:38,同意,,审核通过,16分35秒,--,0,,是,1,1,174秒,,0,,,--
财务会计,AP-2026-000144,2026-04-12,通用报销单,应付付款单（差旅费）,A10,示例集团·癸公司,MAK07,制单人07,,3,示例集团财务共享中心（本部）,财务共享,应付付款单（差旅费）,通用审批类,2026-03-17 15:29:06,2026-03-17 15:29:58,2026-03-17 15:31:31,FSSC审核岗,1,,应付成本组,自动派单,已派任务少（优先派）,2026-03-17 15:31:31,移动端,AUD04,审核员04,2026-03-17 17:32:31,同意,,审核通过,24分20秒,--,0,,是,1,1,221秒,,0,,,--
财务会计,AP-2026-000145,2026-06-01,应付发票,通用报销单（费用报销）,A01,示例集团·甲公司,MAK14,制单人14,,3,示例集团财务共享中心（本部）,财务共享,通用报销单（费用报销）,通用审批类,2026-04-19 17:46:26,2026-04-19 17:46:45,2026-04-19 17:47:05,FSSC审核岗,1,,应付成本组,自动派单,已派任务少（优先派）,2026-04-19 17:47:05,移动端,AUD06,审核员06,2026-04-19 18:38:05,同意,,审核通过,32分35秒,--,0,,是,1,1,182秒,,0,,,--
费控服务,AP-2026-000146,2026-04-21,付款单,应付付款单（服务费）,A02,示例集团·乙公司,MAK14,制单人14,,8,示例集团财务共享中心（本部）,财务共享,应付付款单（服务费）,通用审批类,2026-04-06 19:50:22,2026-04-06 19:50:33,2026-04-06 19:50:51,FSSC审核岗,1,,应付成本组,自动派单,已派任务少（优先派）,2026-04-06 19:50:51,PC端,AUD07,审核员07,2026-04-06 22:55:51,同意,,审核通过,4分33秒,--,0,,是,1,1,27秒,,0,,,--
费控服务,AP-2026-000147,2026-06-02,通用报销单,应付付款单（材料采购）,A12,示例集团·子公司乙,MAK02,制单人02,,0,示例集团财务共享中心（本部）,财务共享,应付付款单（材料采购）,通用审批类,2026-01-05 18:14:04,2026-01-05 18:14:50,2026-01-05 18:15:10,FSSC审核岗,1,,应付成本组,自动派单,已派任务少（优先派）,2026-01-05 18:15:10,PC端,AUD06,审核员06,2026-01-05 18:18:10,同意,,审核通过,40分40秒,--,0,,是,1,1,257秒,,0,,,--
财务会计,AP-2026-000148,2026-06-14,通用报销单,通用报销单（费用报销）,A08,示例集团·辛公司,MAK01,制单人01,,2,示例集团财务共享中心（本部）,财务共享,通用报销单（费用报销）,通用审批类,2026-02-24 12:34:18,2026-02-24 12:34:20,2026-02-24 12:35:25,FSSC审核岗,1,,应付成本组,自动派单,已派任务少（优先派）,2026-02-24 12:35:25,PC端,AUD04,审核员04,2026-02-24 15:34:25,同意,,审核通过,7分58秒,--,0,,是,1,1,59秒,,0,,,--
财务会计,AP-2026-000149,2026-01-09,应付发票,应付确认单（物料类）,A05,示例集团·戊公司,MAK04,制单人04,,1,示例集团财务共享中心（本部）,财务共享,应付确认单（物料类）,通用审批类,2026-02-13 09:23:25,2026-02-13 09:23:55,2026-02-13 09:25:08,FSSC审核岗,1,,应付成本组,自动派单,已派任务少（优先派）,2026-02-13 09:25:08,移动端,AUD05,审核员05,2026-02-13 10:28:08,同意,,审核通过,3分5秒,--,0,,是,1,1,217秒,,0,,,--
财务会计,AP-2026-000150,2026-03-01,应付发票,应付付款单（材料采购）,A04,示例集团·丁公司,MAK09,制单人09,,3,示例集团财务共享中心（本部）,财务共享,应付付款单（材料采购）,通用审批类,2026-03-16 14:41:50,2026-03-16 14:42:12,2026-03-16 14:43:25,FSSC审核岗,1,,应付成本组,自动派单,已派任务少（优先派）,2026-03-16 14:43:25,移动端,AUD01,审核员01,2026-03-16 15:08:25,同意,,审核通过,14分57秒,--,0,,是,1,1,300秒,,0,,,--
财务会计,AP-2026-000151,2026-05-09,应付发票,应付付款单（服务费）,A05,示例集团·戊公司,MAK01,制单人01,,6,示例集团财务共享中心（本部）,财务共享,应付付款单（服务费）,通用审批类,2026-03-02 10:59:54,2026-03-02 11:00:15,2026-03-02 11:00:18,FSSC审核岗,1,,应付成本组,自动派单,已派任务少（优先派）,2026-03-02 11:00:18,PC端,AUD01,审核员01,2026-03-02 11:54:18,同意,,审核通过,5分19秒,--,0,,是,1,1,93秒,,0,,,--
财务会计,AP-2026-000152,2026-01-22,通用报销单,应付付款单（差旅费）,A06,示例集团·己公司,MAK10,制单人10,,0,示例集团财务共享中心（本部）,财务共享,应付付款单（差旅费）,通用审批类,2026-03-25 19:08:50,2026-03-25 19:09:35,2026-03-25 19:11:08,FSSC审核岗,1,,应付成本组,自动派单,已派任务少（优先派）,2026-03-25 19:11:08,PC端,AUD06,审核员06,2026-03-25 19:32:08,同意,,审核通过,7分27秒,--,0,,是,1,1,128秒,,0,,,--
费控服务,AP-2026-000153,2026-04-20,付款单,应付付款单（材料采购）,A12,示例集团·子公司乙,MAK06,制单人06,,6,示例集团财务共享中心（本部）,财务共享,应付付款单（材料采购）,通用审批类,2026-04-01 18:17:50,2026-04-01 18:18:19,2026-04-01 18:19:22,FSSC审核岗,1,,应付成本组,自动派单,已派任务少（优先派）,2026-04-01 18:19:22,PC端,AUD06,审核员06,2026-04-01 19:18:22,同意,,审核通过,12分43秒,--,0,,是,1,1,204秒,,0,,,--
财务会计,AP-2026-000154,2026-01-23,付款单,应付付款单（材料采购）,A01,示例集团·甲公司,MAK10,制单人10,,1,示例集团财务共享中心（本部）,财务共享,应付付款单（材料采购）,通用审批类,2026-03-05 14:45:50,2026-03-05 14:46:31,2026-03-05 14:46:51,FSSC审核岗,1,,应付成本组,自动派单,已派任务少（优先派）,2026-03-05 14:46:51,PC端,AUD06,审核员06,2026-03-05 17:56:51,同意,,审核通过,1分19秒,--,0,,是,1,1,237秒,,0,,,--
费控服务,AP-2026-000155,2026-04-06,应付发票,应付付款单（材料采购）,A04,示例集团·丁公司,MAK05,制单人05,,5,示例集团财务共享中心（本部）,财务共享,应付付款单（材料采购）,通用审批类,2026-01-18 16:26:06,2026-01-18 16:26:08,2026-01-18 16:26:20,FSSC审核岗,1,,应付成本组,自动派单,已派任务少（优先派）,2026-01-18 16:26:20,移动端,AUD01,审核员01,2026-01-18 17:57:20,同意,,审核通过,25分0秒,--,0,,是,1,1,159秒,,0,,,--
财务会计,AP-2026-000156,2026-02-18,通用报销单,应付付款单（差旅费）,A04,示例集团·丁公司,MAK13,制单人13,,2,示例集团财务共享中心（本部）,财务共享,应付付款单（差旅费）,通用审批类,2026-01-06 18:24:10,2026-01-06 18:24:19,2026-01-06 18:24:54,FSSC审核岗,1,,应付成本组,自动派单,已派任务少（优先派）,2026-01-06 18:24:54,PC端,AUD06,审核员06,2026-01-06 19:42:54,同意,,审核通过,28分17秒,--,0,,是,1,1,225秒,,0,,,--
财务会计,AP-2026-000157,2026-02-08,通用报销单,应付付款单（差旅费）,A03,示例集团·丙公司,MAK13,制单人13,,5,示例集团财务共享中心（本部）,财务共享,应付付款单（差旅费）,通用审批类,2026-05-20 17:12:29,2026-05-20 17:12:36,2026-05-20 17:12:54,FSSC审核岗,1,,应付成本组,自动派单,已派任务少（优先派）,2026-05-20 17:12:54,PC端,AUD03,审核员03,2026-05-20 18:30:54,驳回,附件信息不一致,审核驳回,40分24秒,--,0,,是,2,1,178秒,驳回,1,前端单位,示例集团·丙公司,2
财务会计,AP-2026-000158,2026-01-21,应付发票,其他专项付款单,A04,示例集团·丁公司,MAK07,制单人07,,4,示例集团财务共享中心（本部）,财务共享,其他专项付款单,通用审批类,2026-01-11 17:44:12,2026-01-11 17:44:43,2026-01-11 17:45:24,FSSC审核岗,1,,应付成本组,自动派单,已派任务少（优先派）,2026-01-11 17:45:24,移动端,AUD06,审核员06,2026-01-11 18:31:24,同意,,审核通过,32分36秒,--,0,,是,1,1,134秒,,0,,,--
费控服务,AP-2026-000159,2026-06-12,通用报销单,应付付款单（服务费）,A03,示例集团·丙公司,MAK05,制单人05,,7,示例集团财务共享中心（本部）,财务共享,应付付款单（服务费）,通用审批类,2026-03-07 17:34:11,2026-03-07 17:34:55,2026-03-07 17:36:34,FSSC审核岗,1,,应付成本组,自动派单,已派任务少（优先派）,2026-03-07 17:36:34,PC端,AUD06,审核员06,2026-03-07 19:57:34,驳回,业务类型填写错误,审核驳回,14分28秒,5分52秒,0,,是,3,1,219秒,驳回,1,制单人,制单人05,3
财务会计,AP-2026-000160,2026-04-09,付款单,应付确认单（物料类）,A08,示例集团·辛公司,MAK03,制单人03,,6,示例集团财务共享中心（本部）,财务共享,应付确认单（物料类）,通用审批类,2026-02-14 20:24:04,2026-02-14 20:24:33,2026-02-14 20:25:50,FSSC审核岗,1,,应付成本组,自动派单,已派任务少（优先派）,2026-02-14 20:25:50,PC端,AUD03,审核员03,2026-02-14 22:28:50,同意,,审核通过,35分2秒,--,0,,是,1,1,194秒,,0,,,--
财务会计,AP-2026-000161,2026-05-03,付款单,其他专项付款单,A08,示例集团·辛公司,MAK13,制单人13,,6,示例集团财务共享中心（本部）,财务共享,其他专项付款单,通用审批类,2026-01-22 18:22:10,2026-01-22 18:22:52,2026-01-22 18:24:11,FSSC审核岗,1,,应付成本组,自动派单,已派任务少（优先派）,2026-01-22 18:24:11,移动端,AUD05,审核员05,2026-01-22 18:36:11,同意,,审核通过,22分50秒,--,0,,是,1,1,230秒,,0,,,--
财务会计,AP-2026-000162,2026-02-24,应付发票,应付付款单（服务费）,A01,示例集团·甲公司,MAK02,制单人02,,8,示例集团财务共享中心（本部）,财务共享,应付付款单（服务费）,通用审批类,2026-05-23 17:14:28,2026-05-23 17:14:52,2026-05-23 17:15:43,FSSC审核岗,1,,应付成本组,自动派单,已派任务少（优先派）,2026-05-23 17:15:43,移动端,AUD02,审核员02,2026-05-23 19:14:43,同意,,审核通过,10分22秒,--,0,,是,1,1,22秒,,0,,,--
费控服务,AP-2026-000163,2026-01-03,付款单,通用报销单（费用报销）,A05,示例集团·戊公司,MAK05,制单人05,,1,示例集团财务共享中心（本部）,财务共享,通用报销单（费用报销）,通用审批类,2026-03-05 13:19:21,2026-03-05 13:19:51,2026-03-05 13:21:32,FSSC审核岗,1,,应付成本组,自动派单,已派任务少（优先派）,2026-03-05 13:21:32,PC端,AUD07,审核员07,2026-03-05 14:14:32,同意,,审核通过,29分46秒,--,0,,是,1,1,241秒,,0,,,--
财务会计,AP-2026-000164,2026-05-04,应付发票,应付付款单（服务费）,A03,示例集团·丙公司,MAK05,制单人05,,2,示例集团财务共享中心（本部）,财务共享,应付付款单（服务费）,通用审批类,2026-06-21 09:43:51,2026-06-21 09:44:02,2026-06-21 09:46:02,FSSC审核岗,1,,应付成本组,自动派单,已派任务少（优先派）,2026-06-21 09:46:02,PC端,AUD06,审核员06,2026-06-21 12:56:02,同意,,审核通过,22分35秒,--,0,,是,1,1,228秒,,0,,,--
费控服务,AP-2026-000165,2026-06-06,通用报销单,应付确认单（物料类）,A17,示例集团·子公司庚,MAK04,制单人04,,0,示例集团财务共享中心（本部）,财务共享,应付确认单（物料类）,通用审批类,2026-05-14 14:01:47,2026-05-14 14:02:27,2026-05-14 14:04:21,FSSC审核岗,1,,应付成本组,自动派单,已派任务少（优先派）,2026-05-14 14:04:21,PC端,AUD03,审核员03,2026-05-14 14:55:21,同意,,审核通过,14分13秒,--,0,,是,1,1,152秒,,0,,,--
财务会计,AP-2026-000166,2026-04-04,应付发票,应付付款单（服务费）,A10,示例集团·癸公司,MAK13,制单人13,,5,示例集团财务共享中心（本部）,财务共享,应付付款单（服务费）,通用审批类,2026-02-06 13:20:12,2026-02-06 13:20:42,2026-02-06 13:20:57,FSSC审核岗,1,,应付成本组,自动派单,已派任务少（优先派）,2026-02-06 13:20:57,移动端,AUD01,审核员01,2026-02-06 14:28:57,同意,,审核通过,39分24秒,--,0,,是,1,1,210秒,,0,,,--
财务会计,AP-2026-000167,2026-03-20,付款单,其他专项付款单,A06,示例集团·己公司,MAK06,制单人06,,3,示例集团财务共享中心（本部）,财务共享,其他专项付款单,通用审批类,2026-02-23 20:19:58,2026-02-23 20:20:38,2026-02-23 20:21:54,FSSC审核岗,1,,应付成本组,自动派单,已派任务少（优先派）,2026-02-23 20:21:54,移动端,AUD06,审核员06,2026-02-23 20:43:54,同意,,审核通过,20分7秒,--,0,,是,1,1,103秒,,0,,,--
费控服务,AP-2026-000168,2026-04-20,通用报销单,应付付款单（材料采购）,A04,示例集团·丁公司,MAK03,制单人03,,2,示例集团财务共享中心（本部）,财务共享,应付付款单（材料采购）,通用审批类,2026-06-14 10:31:40,2026-06-14 10:32:15,2026-06-14 10:33:44,FSSC审核岗,1,,应付成本组,自动派单,已派任务少（优先派）,2026-06-14 10:33:44,PC端,AUD03,审核员03,2026-06-14 13:19:44,同意,,审核通过,32分18秒,--,0,,是,1,1,81秒,,0,,,--
财务会计,AP-2026-000169,2026-03-28,应付发票,应付付款单（服务费）,A02,示例集团·乙公司,MAK14,制单人14,,6,示例集团财务共享中心（本部）,财务共享,应付付款单（服务费）,通用审批类,2026-05-05 11:52:24,2026-05-05 11:53:00,2026-05-05 11:54:05,FSSC审核岗,1,,应付成本组,自动派单,已派任务少（优先派）,2026-05-05 11:54:05,移动端,AUD05,审核员05,2026-05-05 14:42:05,同意,,审核通过,29分31秒,--,0,,是,1,1,95秒,,0,,,--
财务会计,AP-2026-000170,2026-04-10,通用报销单,应付付款单（材料采购）,A01,示例集团·甲公司,MAK01,制单人01,,8,示例集团财务共享中心（本部）,财务共享,应付付款单（材料采购）,通用审批类,2026-03-18 12:10:49,2026-03-18 12:11:19,2026-03-18 12:12:32,FSSC审核岗,1,,应付成本组,自动派单,已派任务少（优先派）,2026-03-18 12:12:32,PC端,AUD06,审核员06,2026-03-18 15:23:32,同意,,审核通过,8分36秒,--,0,,是,1,1,68秒,,0,,,--
费控服务,AP-2026-000171,2026-04-18,应付发票,应付付款单（服务费）,A03,示例集团·丙公司,MAK09,制单人09,,4,示例集团财务共享中心（本部）,财务共享,应付付款单（服务费）,通用审批类,2026-06-24 15:34:13,2026-06-24 15:34:41,2026-06-24 15:34:55,FSSC审核岗,1,,应付成本组,自动派单,已派任务少（优先派）,2026-06-24 15:34:55,PC端,AUD07,审核员07,2026-06-24 18:43:55,同意,,审核通过,3分28秒,--,0,,是,1,1,144秒,,0,,,--
费控服务,AP-2026-000172,2026-01-04,通用报销单,应付付款单（材料采购）,A03,示例集团·丙公司,MAK14,制单人14,,2,示例集团财务共享中心（本部）,财务共享,应付付款单（材料采购）,通用审批类,2026-03-07 20:47:37,2026-03-07 20:48:22,2026-03-07 20:49:07,FSSC审核岗,1,,应付成本组,自动派单,已派任务少（优先派）,2026-03-07 20:49:07,PC端,AUD04,审核员04,2026-03-07 23:51:07,同意,,审核通过,14分52秒,--,0,,是,1,1,115秒,,0,,,--
费控服务,AP-2026-000173,2026-01-20,通用报销单,应付确认单（物料类）,A11,示例集团·子公司甲,MAK10,制单人10,,1,示例集团财务共享中心（本部）,财务共享,应付确认单（物料类）,通用审批类,2026-02-23 12:18:36,2026-02-23 12:18:54,2026-02-23 12:20:44,FSSC审核岗,1,,应付成本组,自动派单,已派任务少（优先派）,2026-02-23 12:20:44,PC端,AUD04,审核员04,2026-02-23 14:32:44,同意,,审核通过,9分48秒,--,0,,是,1,1,220秒,,0,,,--
费控服务,AP-2026-000174,2026-04-05,付款单,应付付款单（服务费）,A15,示例集团·子公司戊,MAK16,制单人16,,2,示例集团财务共享中心（本部）,财务共享,应付付款单（服务费）,通用审批类,2026-01-08 10:45:20,2026-01-08 10:46:14,2026-01-08 10:46:46,FSSC审核岗,1,,应付成本组,自动派单,已派任务少（优先派）,2026-01-08 10:46:46,移动端,AUD07,审核员07,2026-01-08 14:01:46,同意,,审核通过,37分40秒,--,0,,是,1,1,147秒,,0,,,--
财务会计,AP-2026-000175,2026-03-26,通用报销单,通用报销单（费用报销）,A07,示例集团·庚公司,MAK07,制单人07,,0,示例集团财务共享中心（本部）,财务共享,通用报销单（费用报销）,通用审批类,2026-01-17 19:17:44,2026-01-17 19:18:44,2026-01-17 19:20:37,FSSC审核岗,1,,应付成本组,自动派单,已派任务少（优先派）,2026-01-17 19:20:37,PC端,AUD01,审核员01,2026-01-17 20:55:37,同意,,审核通过,6分46秒,--,0,,是,1,1,244秒,,0,,,--
费控服务,AP-2026-000176,2026-04-26,付款单,应付付款单（差旅费）,A07,示例集团·庚公司,MAK12,制单人12,,7,示例集团财务共享中心（本部）,财务共享,应付付款单（差旅费）,通用审批类,2026-02-14 11:31:17,2026-02-14 11:31:38,2026-02-14 11:33:25,FSSC审核岗,1,,应付成本组,自动派单,已派任务少（优先派）,2026-02-14 11:33:25,PC端,AUD06,审核员06,2026-02-14 12:46:25,同意,,审核通过,22分57秒,--,0,,是,1,1,34秒,,0,,,--
财务会计,AP-2026-000177,2026-05-01,付款单,通用报销单（费用报销）,A01,示例集团·甲公司,MAK11,制单人11,,4,示例集团财务共享中心（本部）,财务共享,通用报销单（费用报销）,通用审批类,2026-04-06 15:29:00,2026-04-06 15:29:28,2026-04-06 15:29:54,FSSC审核岗,1,,应付成本组,自动派单,已派任务少（优先派）,2026-04-06 15:29:54,移动端,AUD06,审核员06,2026-04-06 18:26:54,同意,,审核通过,11分55秒,--,0,,是,1,1,150秒,,0,,,--
财务会计,AP-2026-000178,2026-05-22,通用报销单,其他专项付款单,A01,示例集团·甲公司,MAK06,制单人06,,1,示例集团财务共享中心（本部）,财务共享,其他专项付款单,通用审批类,2026-02-13 18:19:46,2026-02-13 18:20:31,2026-02-13 18:22:08,FSSC审核岗,1,,应付成本组,自动派单,已派任务少（优先派）,2026-02-13 18:22:08,PC端,AUD01,审核员01,2026-02-13 19:22:08,同意,,审核通过,1分13秒,--,0,,是,1,1,254秒,,0,,,--
财务会计,AP-2026-000179,2026-06-15,应付发票,应付付款单（差旅费）,A01,示例集团·甲公司,MAK10,制单人10,,1,示例集团财务共享中心（本部）,财务共享,应付付款单（差旅费）,通用审批类,2026-06-11 09:55:27,2026-06-11 09:56:12,2026-06-11 09:56:29,FSSC审核岗,1,,应付成本组,自动派单,已派任务少（优先派）,2026-06-11 09:56:29,移动端,AUD04,审核员04,2026-06-11 11:59:29,驳回,附件不完整,审核驳回,7分6秒,20分8秒,0,,是,2,1,205秒,驳回,1,制单人,制单人10,2
财务会计,AP-2026-000180,2026-03-22,付款单,应付付款单（材料采购）,A10,示例集团·癸公司,MAK13,制单人13,,2,示例集团财务共享中心（本部）,财务共享,应付付款单（材料采购）,通用审批类,2026-05-19 08:39:41,2026-05-19 08:39:52,2026-05-19 08:40:49,FSSC审核岗,1,,应付成本组,自动派单,已派任务少（优先派）,2026-05-19 08:40:49,移动端,AUD01,审核员01,2026-05-19 10:10:49,同意,,审核通过,27分39秒,--,0,,是,1,1,236秒,,0,,,--
财务会计,AP-2026-000181,2026-01-25,应付发票,应付付款单（差旅费）,A13,示例集团·子公司丙,MAK02,制单人02,,8,示例集团财务共享中心（本部）,财务共享,应付付款单（差旅费）,通用审批类,2026-01-13 13:27:20,2026-01-13 13:28:11,2026-01-13 13:28:29,FSSC审核岗,1,,应付成本组,自动派单,已派任务少（优先派）,2026-01-13 13:28:29,移动端,AUD01,审核员01,2026-01-13 14:32:29,同意,,审核通过,39分38秒,--,0,,是,1,1,155秒,,0,,,--
财务会计,AP-2026-000182,2026-02-22,应付发票,通用报销单（费用报销）,A10,示例集团·癸公司,MAK12,制单人12,,7,示例集团财务共享中心（本部）,财务共享,通用报销单（费用报销）,通用审批类,2026-05-20 16:12:47,2026-05-20 16:13:13,2026-05-20 16:13:51,FSSC审核岗,1,,应付成本组,自动派单,已派任务少（优先派）,2026-05-20 16:13:51,移动端,AUD06,审核员06,2026-05-20 18:59:51,驳回,其他,审核驳回,25分7秒,39分4秒,0,,是,1,1,280秒,驳回,1,制单人,制单人12,1
财务会计,AP-2026-000183,2026-06-11,通用报销单,通用报销单（费用报销）,A14,示例集团·子公司丁,MAK01,制单人01,,1,示例集团财务共享中心（本部）,财务共享,通用报销单（费用报销）,通用审批类,2026-05-27 17:26:23,2026-05-27 17:26:58,2026-05-27 17:28:26,FSSC审核岗,1,,应付成本组,自动派单,已派任务少（优先派）,2026-05-27 17:28:26,移动端,AUD03,审核员03,2026-05-27 18:13:26,同意,,审核通过,2分37秒,--,0,,是,1,1,44秒,,0,,,--
费控服务,AP-2026-000184,2026-04-26,通用报销单,应付确认单（物料类）,A01,示例集团·甲公司,MAK04,制单人04,,8,示例集团财务共享中心（本部）,财务共享,应付确认单（物料类）,通用审批类,2026-06-21 19:32:49,2026-06-21 19:33:16,2026-06-21 19:34:11,FSSC审核岗,1,,应付成本组,自动派单,已派任务少（优先派）,2026-06-21 19:34:11,移动端,AUD07,审核员07,2026-06-21 22:34:11,同意,,审核通过,40分9秒,--,0,,是,1,1,152秒,,0,,,--
财务会计,AP-2026-000185,2026-01-26,通用报销单,应付付款单（差旅费）,A01,示例集团·甲公司,MAK02,制单人02,,6,示例集团财务共享中心（本部）,财务共享,应付付款单（差旅费）,通用审批类,2026-04-13 17:40:48,2026-04-13 17:41:42,2026-04-13 17:43:06,FSSC审核岗,1,,应付成本组,自动派单,已派任务少（优先派）,2026-04-13 17:43:06,PC端,AUD07,审核员07,2026-04-13 20:38:06,同意,,审核通过,16分3秒,--,0,,是,1,1,135秒,,0,,,--
财务会计,AP-2026-000186,2026-04-20,应付发票,应付付款单（材料采购）,A01,示例集团·甲公司,MAK07,制单人07,,7,示例集团财务共享中心（本部）,财务共享,应付付款单（材料采购）,通用审批类,2026-03-24 18:47:11,2026-03-24 18:47:19,2026-03-24 18:47:21,FSSC审核岗,1,,应付成本组,自动派单,已派任务少（优先派）,2026-03-24 18:47:21,PC端,AUD04,审核员04,2026-03-24 21:49:21,同意,附件不完整,审核通过,23分33秒,17分10秒,0,,是,1,1,200秒,,0,,,1
费控服务,AP-2026-000187,2026-03-04,通用报销单,应付付款单（差旅费）,A01,示例集团·甲公司,MAK13,制单人13,,1,示例集团财务共享中心（本部）,财务共享,应付付款单（差旅费）,通用审批类,2026-05-11 20:27:17,2026-05-11 20:27:51,2026-05-11 20:28:00,FSSC审核岗,1,,应付成本组,自动派单,已派任务少（优先派）,2026-05-11 20:28:00,移动端,AUD02,审核员02,2026-05-11 21:36:00,同意,,审核通过,32分29秒,--,0,,是,1,1,271秒,,0,,,--
财务会计,AP-2026-000188,2026-03-12,通用报销单,应付付款单（差旅费）,A04,示例集团·丁公司,MAK08,制单人08,,0,示例集团财务共享中心（本部）,财务共享,应付付款单（差旅费）,通用审批类,2026-04-04 17:43:46,2026-04-04 17:43:54,2026-04-04 17:44:24,FSSC审核岗,1,,应付成本组,自动派单,已派任务少（优先派）,2026-04-04 17:44:24,PC端,AUD04,审核员04,2026-04-04 20:54:24,同意,未关联合同,审核通过,16分2秒,25分58秒,0,,是,1,1,86秒,,0,,,1
财务会计,AP-2026-000189,2026-06-26,通用报销单,应付确认单（物料类）,A02,示例集团·乙公司,MAK16,制单人16,,5,示例集团财务共享中心（本部）,财务共享,应付确认单（物料类）,通用审批类,2026-03-14 11:20:15,2026-03-14 11:20:42,2026-03-14 11:22:40,FSSC审核岗,1,,应付成本组,自动派单,已派任务少（优先派）,2026-03-14 11:22:40,PC端,AUD01,审核员01,2026-03-14 14:27:40,同意,,审核通过,8分32秒,--,0,,是,1,1,36秒,,0,,,--
财务会计,AP-2026-000190,2026-04-13,付款单,应付付款单（材料采购）,A02,示例集团·乙公司,MAK13,制单人13,,3,示例集团财务共享中心（本部）,财务共享,应付付款单（材料采购）,通用审批类,2026-05-28 12:49:54,2026-05-28 12:50:14,2026-05-28 12:50:56,FSSC审核岗,1,,应付成本组,自动派单,已派任务少（优先派）,2026-05-28 12:50:56,PC端,AUD07,审核员07,2026-05-28 13:13:56,同意,附件信息不一致,审核通过,19分36秒,40分15秒,0,,是,1,1,247秒,,0,,,1
费控服务,AP-2026-000191,2026-03-25,应付发票,应付付款单（服务费）,A04,示例集团·丁公司,MAK16,制单人16,,5,示例集团财务共享中心（本部）,财务共享,应付付款单（服务费）,通用审批类,2026-06-18 20:50:15,2026-06-18 20:50:25,2026-06-18 20:50:26,FSSC审核岗,1,,应付成本组,自动派单,已派任务少（优先派）,2026-06-18 20:50:26,PC端,AUD07,审核员07,2026-06-18 22:35:26,驳回,附件不完整,审核驳回,1分21秒,25分54秒,0,,是,3,1,167秒,驳回,1,制单人,制单人16,3
费控服务,AP-2026-000192,2026-06-16,应付发票,应付付款单（差旅费）,A01,示例集团·甲公司,MAK09,制单人09,,7,示例集团财务共享中心（本部）,财务共享,应付付款单（差旅费）,通用审批类,2026-02-09 09:02:58,2026-02-09 09:03:13,2026-02-09 09:05:08,FSSC审核岗,1,,应付成本组,自动派单,已派任务少（优先派）,2026-02-09 09:05:08,移动端,AUD02,审核员02,2026-02-09 11:19:08,同意,,审核通过,6分37秒,--,0,,是,1,1,58秒,,0,,,--
财务会计,AP-2026-000193,2026-04-19,付款单,应付确认单（物料类）,A05,示例集团·戊公司,MAK11,制单人11,,5,示例集团财务共享中心（本部）,财务共享,应付确认单（物料类）,通用审批类,2026-02-22 10:15:18,2026-02-22 10:15:35,2026-02-22 10:17:24,FSSC审核岗,1,,应付成本组,自动派单,已派任务少（优先派）,2026-02-22 10:17:24,PC端,AUD03,审核员03,2026-02-22 11:38:24,同意,,审核通过,21分28秒,--,0,,是,1,1,149秒,,0,,,--
财务会计,AP-2026-000194,2026-05-25,付款单,通用报销单（费用报销）,A02,示例集团·乙公司,MAK16,制单人16,,3,示例集团财务共享中心（本部）,财务共享,通用报销单（费用报销）,通用审批类,2026-01-04 10:28:29,2026-01-04 10:28:50,2026-01-04 10:29:43,FSSC审核岗,1,,应付成本组,自动派单,已派任务少（优先派）,2026-01-04 10:29:43,PC端,AUD01,审核员01,2026-01-04 11:00:43,同意,,审核通过,29分19秒,--,0,,是,1,1,247秒,,0,,,--
财务会计,AP-2026-000195,2026-02-22,通用报销单,应付付款单（服务费）,A03,示例集团·丙公司,MAK02,制单人02,,5,示例集团财务共享中心（本部）,财务共享,应付付款单（服务费）,通用审批类,2026-01-23 17:02:13,2026-01-23 17:03:07,2026-01-23 17:04:57,FSSC审核岗,1,,应付成本组,自动派单,已派任务少（优先派）,2026-01-23 17:04:57,PC端,AUD02,审核员02,2026-01-23 18:28:57,同意,,审核通过,26分32秒,--,0,,是,1,1,35秒,,0,,,--
费控服务,AP-2026-000196,2026-03-01,应付发票,应付付款单（材料采购）,A08,示例集团·辛公司,MAK05,制单人05,,0,示例集团财务共享中心（本部）,财务共享,应付付款单（材料采购）,通用审批类,2026-04-18 19:35:15,2026-04-18 19:35:22,2026-04-18 19:36:22,FSSC审核岗,1,,应付成本组,自动派单,已派任务少（优先派）,2026-04-18 19:36:22,PC端,AUD07,审核员07,2026-04-18 20:03:22,同意,,审核通过,4分53秒,--,0,,是,1,1,123秒,,0,,,--
费控服务,AP-2026-000197,2026-01-21,付款单,应付确认单（物料类）,A01,示例集团·甲公司,MAK14,制单人14,,2,示例集团财务共享中心（本部）,财务共享,应付确认单（物料类）,通用审批类,2026-03-19 12:58:52,2026-03-19 12:58:57,2026-03-19 12:59:00,FSSC审核岗,1,,应付成本组,自动派单,已派任务少（优先派）,2026-03-19 12:59:00,移动端,AUD03,审核员03,2026-03-19 13:16:00,同意,,审核通过,6分57秒,--,0,,是,1,1,179秒,,0,,,--
费控服务,AP-2026-000198,2026-04-19,通用报销单,应付付款单（差旅费）,A01,示例集团·甲公司,MAK16,制单人16,,4,示例集团财务共享中心（本部）,财务共享,应付付款单（差旅费）,通用审批类,2026-01-13 15:01:24,2026-01-13 15:02:08,2026-01-13 15:03:03,FSSC审核岗,1,,应付成本组,自动派单,已派任务少（优先派）,2026-01-13 15:03:03,移动端,AUD01,审核员01,2026-01-13 15:48:03,同意,,审核通过,18分28秒,--,0,,是,1,1,86秒,,0,,,--
财务会计,AP-2026-000199,2026-04-10,付款单,通用报销单（费用报销）,A01,示例集团·甲公司,MAK10,制单人10,,8,示例集团财务共享中心（本部）,财务共享,通用报销单（费用报销）,通用审批类,2026-04-18 15:03:05,2026-04-18 15:03:23,2026-04-18 15:04:13,FSSC审核岗,1,,应付成本组,自动派单,已派任务少（优先派）,2026-04-18 15:04:13,PC端,AUD02,审核员02,2026-04-18 15:40:13,同意,,审核通过,16分40秒,--,0,,是,1,1,288秒,,0,,,--
财务会计,AP-2026-000200,2026-02-12,付款单,应付付款单（服务费）,A11,示例集团·子公司甲,MAK16,制单人16,,3,示例集团财务共享中心（本部）,财务共享,应付付款单（服务费）,通用审批类,2026-01-16 13:58:36,2026-01-16 13:59:09,2026-01-16 13:59:51,FSSC审核岗,1,,应付成本组,自动派单,已派任务少（优先派）,2026-01-16 13:59:51,PC端,AUD06,审核员06,2026-01-16 15:39:51,同意,业务类型填写错误,审核通过,2分57秒,--,0,,是,1,1,153秒,,0,,,1
财务会计,AP-2026-000201,2026-06-25,付款单,应付付款单（材料采购）,A01,示例集团·甲公司,MAK16,制单人16,,6,示例集团财务共享中心（本部）,财务共享,应付付款单（材料采购）,通用审批类,2026-06-04 11:42:15,2026-06-04 11:42:33,2026-06-04 11:43:42,FSSC审核岗,1,,应付成本组,自动派单,已派任务少（优先派）,2026-06-04 11:43:42,PC端,AUD04,审核员04,2026-06-04 14:52:42,驳回,附件不完整,审核驳回,23分59秒,--,0,,是,1,1,98秒,驳回,1,前端单位,示例集团·甲公司,1
财务会计,AP-2026-000202,2026-05-23,应付发票,应付付款单（材料采购）,A02,示例集团·乙公司,MAK10,制单人10,,7,示例集团财务共享中心（本部）,财务共享,应付付款单（材料采购）,通用审批类,2026-02-01 19:44:22,2026-02-01 19:44:59,2026-02-01 19:46:12,FSSC审核岗,1,,应付成本组,自动派单,已派任务少（优先派）,2026-02-01 19:46:12,PC端,AUD06,审核员06,2026-02-01 20:23:12,同意,,审核通过,35分19秒,--,0,,是,1,1,99秒,,0,,,--
财务会计,AP-2026-000203,2026-06-08,通用报销单,应付付款单（材料采购）,A05,示例集团·戊公司,MAK02,制单人02,,5,示例集团财务共享中心（本部）,财务共享,应付付款单（材料采购）,通用审批类,2026-03-01 13:58:39,2026-03-01 13:58:52,2026-03-01 14:00:36,FSSC审核岗,1,,应付成本组,自动派单,已派任务少（优先派）,2026-03-01 14:00:36,PC端,AUD02,审核员02,2026-03-01 14:34:36,同意,,审核通过,4分1秒,--,0,,是,1,1,85秒,,0,,,--
财务会计,AP-2026-000204,2026-01-28,付款单,应付确认单（物料类）,A06,示例集团·己公司,MAK15,制单人15,,2,示例集团财务共享中心（本部）,财务共享,应付确认单（物料类）,通用审批类,2026-06-03 13:45:42,2026-06-03 13:46:08,2026-06-03 13:47:24,FSSC审核岗,1,,应付成本组,自动派单,已派任务少（优先派）,2026-06-03 13:47:24,PC端,AUD06,审核员06,2026-06-03 14:13:24,同意,,审核通过,28分50秒,--,0,,是,1,1,259秒,,0,,,--
财务会计,AP-2026-000205,2026-05-23,付款单,应付付款单（材料采购）,A07,示例集团·庚公司,MAK03,制单人03,,2,示例集团财务共享中心（本部）,财务共享,应付付款单（材料采购）,通用审批类,2026-02-08 18:37:52,2026-02-08 18:38:04,2026-02-08 18:38:53,FSSC审核岗,1,,应付成本组,自动派单,已派任务少（优先派）,2026-02-08 18:38:53,PC端,AUD07,审核员07,2026-02-08 19:57:53,同意,,审核通过,1分44秒,--,0,,是,1,1,210秒,,0,,,--
财务会计,AP-2026-000206,2026-01-06,付款单,应付付款单（差旅费）,A12,示例集团·子公司乙,MAK13,制单人13,,3,示例集团财务共享中心（本部）,财务共享,应付付款单（差旅费）,通用审批类,2026-03-26 17:14:40,2026-03-26 17:15:17,2026-03-26 17:15:31,FSSC审核岗,1,,应付成本组,自动派单,已派任务少（优先派）,2026-03-26 17:15:31,移动端,AUD04,审核员04,2026-03-26 19:23:31,同意,,审核通过,23分20秒,--,0,,是,1,1,95秒,,0,,,--
财务会计,AP-2026-000207,2026-06-22,付款单,通用报销单（费用报销）,A07,示例集团·庚公司,MAK16,制单人16,,1,示例集团财务共享中心（本部）,财务共享,通用报销单（费用报销）,通用审批类,2026-01-11 15:00:16,2026-01-11 15:00:30,2026-01-11 15:01:02,FSSC审核岗,1,,应付成本组,自动派单,已派任务少（优先派）,2026-01-11 15:01:02,移动端,AUD06,审核员06,2026-01-11 17:59:02,驳回,特殊原因,审核驳回,1分3秒,27分10秒,0,,是,2,1,221秒,驳回,1,前端单位,示例集团·庚公司,2
费控服务,AP-2026-000208,2026-06-04,应付发票,应付付款单（服务费）,A05,示例集团·戊公司,MAK07,制单人07,,4,示例集团财务共享中心（本部）,财务共享,应付付款单（服务费）,通用审批类,2026-05-19 18:48:43,2026-05-19 18:48:58,2026-05-19 18:49:19,FSSC审核岗,1,,应付成本组,自动派单,已派任务少（优先派）,2026-05-19 18:49:19,移动端,AUD04,审核员04,2026-05-19 20:45:19,驳回,附件信息不一致,审核驳回,2分20秒,7分4秒,0,,是,1,1,185秒,驳回,1,前端单位,示例集团·戊公司,1
费控服务,AP-2026-000209,2026-02-18,付款单,应付付款单（差旅费）,A02,示例集团·乙公司,MAK07,制单人07,,0,示例集团财务共享中心（本部）,财务共享,应付付款单（差旅费）,通用审批类,2026-02-20 15:45:01,2026-02-20 15:45:29,2026-02-20 15:46:53,FSSC审核岗,1,,应付成本组,自动派单,已派任务少（优先派）,2026-02-20 15:46:53,移动端,AUD06,审核员06,2026-02-20 16:29:53,同意,,审核通过,7分21秒,--,0,,是,1,1,115秒,,0,,,--
财务会计,AP-2026-000210,2026-01-24,通用报销单,应付付款单（差旅费）,A18,示例集团·子公司辛,MAK07,制单人07,,0,示例集团财务共享中心（本部）,财务共享,应付付款单（差旅费）,通用审批类,2026-06-10 12:15:06,2026-06-10 12:15:10,2026-06-10 12:16:01,FSSC审核岗,1,,应付成本组,自动派单,已派任务少（优先派）,2026-06-10 12:16:01,移动端,AUD04,审核员04,2026-06-10 14:43:01,同意,,审核通过,24分0秒,--,0,,是,1,1,228秒,,0,,,--
财务会计,AP-2026-000211,2026-05-16,通用报销单,应付付款单（服务费）,A01,示例集团·甲公司,MAK14,制单人14,,7,示例集团财务共享中心（本部）,财务共享,应付付款单（服务费）,通用审批类,2026-02-07 10:40:18,2026-02-07 10:40:24,2026-02-07 10:41:25,FSSC审核岗,1,,应付成本组,自动派单,已派任务少（优先派）,2026-02-07 10:41:25,移动端,AUD05,审核员05,2026-02-07 11:11:25,同意,,审核通过,17分5秒,--,0,,是,1,1,288秒,,0,,,--
财务会计,AP-2026-000212,2026-05-06,通用报销单,应付付款单（服务费）,A04,示例集团·丁公司,MAK06,制单人06,,1,示例集团财务共享中心（本部）,财务共享,应付付款单（服务费）,通用审批类,2026-02-15 15:16:14,2026-02-15 15:17:08,2026-02-15 15:17:43,FSSC审核岗,1,,应付成本组,自动派单,已派任务少（优先派）,2026-02-15 15:17:43,移动端,AUD03,审核员03,2026-02-15 17:42:43,驳回,附件不完整,审核驳回,6分42秒,35分26秒,0,,是,3,1,126秒,驳回,1,制单人,制单人06,3
费控服务,AP-2026-000213,2026-02-14,应付发票,应付付款单（材料采购）,A06,示例集团·己公司,MAK14,制单人14,,0,示例集团财务共享中心（本部）,财务共享,应付付款单（材料采购）,通用审批类,2026-01-16 17:56:15,2026-01-16 17:56:46,2026-01-16 17:57:25,FSSC审核岗,1,,应付成本组,自动派单,已派任务少（优先派）,2026-01-16 17:57:25,移动端,AUD06,审核员06,2026-01-16 18:18:25,同意,,审核通过,33分36秒,--,0,,是,1,1,274秒,,0,,,--
财务会计,AP-2026-000214,2026-01-04,通用报销单,应付付款单（差旅费）,A11,示例集团·子公司甲,MAK11,制单人11,,6,示例集团财务共享中心（本部）,财务共享,应付付款单（差旅费）,通用审批类,2026-03-06 11:51:12,2026-03-06 11:51:21,2026-03-06 11:51:27,FSSC审核岗,1,,应付成本组,自动派单,已派任务少（优先派）,2026-03-06 11:51:27,移动端,AUD05,审核员05,2026-03-06 13:40:27,驳回,业务类型填写错误,审核驳回,13分52秒,39分16秒,0,,是,3,1,173秒,驳回,1,前端单位,示例集团·子公司甲,3
费控服务,AP-2026-000215,2026-06-13,通用报销单,应付确认单（物料类）,A15,示例集团·子公司戊,MAK15,制单人15,,8,示例集团财务共享中心（本部）,财务共享,应付确认单（物料类）,通用审批类,2026-04-11 12:33:29,2026-04-11 12:34:28,2026-04-11 12:36:20,FSSC审核岗,1,,应付成本组,自动派单,已派任务少（优先派）,2026-04-11 12:36:20,PC端,AUD01,审核员01,2026-04-11 12:40:20,同意,,审核通过,27分7秒,--,0,,是,1,1,222秒,,0,,,--
财务会计,AP-2026-000216,2026-05-04,通用报销单,应付付款单（材料采购）,A02,示例集团·乙公司,MAK10,制单人10,,7,示例集团财务共享中心（本部）,财务共享,应付付款单（材料采购）,通用审批类,2026-03-04 20:18:55,2026-03-04 20:19:30,2026-03-04 20:21:23,FSSC审核岗,1,,应付成本组,自动派单,已派任务少（优先派）,2026-03-04 20:21:23,PC端,AUD05,审核员05,2026-03-04 21:50:23,同意,,审核通过,37分38秒,--,0,,是,1,1,252秒,,0,,,--
财务会计,AP-2026-000217,2026-06-20,通用报销单,应付付款单（服务费）,A01,示例集团·甲公司,MAK05,制单人05,,4,示例集团财务共享中心（本部）,财务共享,应付付款单（服务费）,通用审批类,2026-04-02 14:56:56,2026-04-02 14:57:18,2026-04-02 14:58:47,FSSC审核岗,1,,应付成本组,自动派单,已派任务少（优先派）,2026-04-02 14:58:47,PC端,AUD02,审核员02,2026-04-02 15:59:47,驳回,附件信息不一致,审核驳回,24分1秒,20分19秒,0,,是,2,1,153秒,驳回,1,制单人,制单人05,2
费控服务,AP-2026-000218,2026-06-28,应付发票,应付确认单（物料类）,A12,示例集团·子公司乙,MAK14,制单人14,,3,示例集团财务共享中心（本部）,财务共享,应付确认单（物料类）,通用审批类,2026-02-24 15:49:52,2026-02-24 15:50:13,2026-02-24 15:50:48,FSSC审核岗,1,,应付成本组,自动派单,已派任务少（优先派）,2026-02-24 15:50:48,移动端,AUD05,审核员05,2026-02-24 18:57:48,同意,,审核通过,29分13秒,--,0,,是,1,1,218秒,,0,,,--
财务会计,AP-2026-000219,2026-02-27,通用报销单,应付付款单（服务费）,A09,示例集团·壬公司,MAK13,制单人13,,0,示例集团财务共享中心（本部）,财务共享,应付付款单（服务费）,通用审批类,2026-06-06 09:19:45,2026-06-06 09:20:18,2026-06-06 09:21:10,FSSC审核岗,1,,应付成本组,自动派单,已派任务少（优先派）,2026-06-06 09:21:10,PC端,AUD07,审核员07,2026-06-06 09:56:10,同意,,审核通过,12分12秒,--,0,,是,1,1,112秒,,0,,,--
财务会计,AP-2026-000220,2026-02-12,付款单,应付确认单（物料类）,A12,示例集团·子公司乙,MAK04,制单人04,,7,示例集团财务共享中心（本部）,财务共享,应付确认单（物料类）,通用审批类,2026-06-12 15:32:25,2026-06-12 15:33:06,2026-06-12 15:35:05,FSSC审核岗,1,,应付成本组,自动派单,已派任务少（优先派）,2026-06-12 15:35:05,移动端,AUD04,审核员04,2026-06-12 16:07:05,同意,,审核通过,39分28秒,--,0,,是,1,1,100秒,,0,,,--
财务会计,AP-2026-000221,2026-06-12,应付发票,应付付款单（差旅费）,A17,示例集团·子公司庚,MAK08,制单人08,,3,示例集团财务共享中心（本部）,财务共享,应付付款单（差旅费）,通用审批类,2026-06-09 19:53:44,2026-06-09 19:53:50,2026-06-09 19:54:27,FSSC审核岗,1,,应付成本组,自动派单,已派任务少（优先派）,2026-06-09 19:54:27,PC端,AUD04,审核员04,2026-06-09 20:02:27,同意,,审核通过,15分41秒,--,0,,是,1,1,125秒,,0,,,--
费控服务,AP-2026-000222,2026-06-01,应付发票,应付确认单（物料类）,A08,示例集团·辛公司,MAK05,制单人05,,4,示例集团财务共享中心（本部）,财务共享,应付确认单（物料类）,通用审批类,2026-05-01 15:58:08,2026-05-01 15:58:50,2026-05-01 15:59:13,FSSC审核岗,1,,应付成本组,自动派单,已派任务少（优先派）,2026-05-01 15:59:13,PC端,AUD03,审核员03,2026-05-01 18:33:13,同意,,审核通过,18分27秒,--,0,,是,1,1,202秒,,0,,,--
财务会计,AP-2026-000223,2026-02-10,通用报销单,应付付款单（服务费）,A12,示例集团·子公司乙,MAK08,制单人08,,8,示例集团财务共享中心（本部）,财务共享,应付付款单（服务费）,通用审批类,2026-02-20 14:37:06,2026-02-20 14:37:07,2026-02-20 14:38:13,FSSC审核岗,1,,应付成本组,自动派单,已派任务少（优先派）,2026-02-20 14:38:13,PC端,AUD02,审核员02,2026-02-20 17:28:13,同意,,审核通过,39分38秒,--,0,,是,1,1,154秒,,0,,,--
财务会计,AP-2026-000224,2026-06-09,通用报销单,通用报销单（费用报销）,A03,示例集团·丙公司,MAK02,制单人02,,3,示例集团财务共享中心（本部）,财务共享,通用报销单（费用报销）,通用审批类,2026-03-09 12:41:45,2026-03-09 12:42:43,2026-03-09 12:44:07,FSSC审核岗,1,,应付成本组,自动派单,已派任务少（优先派）,2026-03-09 12:44:07,移动端,AUD01,审核员01,2026-03-09 14:01:07,同意,,审核通过,4分51秒,--,0,,是,1,1,216秒,,0,,,--
财务会计,AP-2026-000225,2026-05-21,付款单,应付付款单（材料采购）,A08,示例集团·辛公司,MAK11,制单人11,,5,示例集团财务共享中心（本部）,财务共享,应付付款单（材料采购）,通用审批类,2026-05-14 14:24:47,2026-05-14 14:24:50,2026-05-14 14:26:05,FSSC审核岗,1,,应付成本组,自动派单,已派任务少（优先派）,2026-05-14 14:26:05,移动端,AUD06,审核员06,2026-05-14 17:28:05,同意,,审核通过,15分43秒,--,0,,是,1,1,283秒,,0,,,--
费控服务,AP-2026-000226,2026-01-12,付款单,应付付款单（差旅费）,A07,示例集团·庚公司,MAK08,制单人08,,8,示例集团财务共享中心（本部）,财务共享,应付付款单（差旅费）,通用审批类,2026-01-06 18:56:35,2026-01-06 18:56:47,2026-01-06 18:57:25,FSSC审核岗,1,,应付成本组,自动派单,已派任务少（优先派）,2026-01-06 18:57:25,移动端,AUD07,审核员07,2026-01-06 19:22:25,同意,,审核通过,12分43秒,--,0,,是,1,1,181秒,,0,,,--
财务会计,AP-2026-000227,2026-03-28,应付发票,其他专项付款单,A07,示例集团·庚公司,MAK04,制单人04,,1,示例集团财务共享中心（本部）,财务共享,其他专项付款单,通用审批类,2026-01-11 13:16:37,2026-01-11 13:16:56,2026-01-11 13:17:56,FSSC审核岗,1,,应付成本组,自动派单,已派任务少（优先派）,2026-01-11 13:17:56,PC端,AUD02,审核员02,2026-01-11 13:48:56,同意,,审核通过,31分56秒,--,0,,是,1,1,109秒,,0,,,--
财务会计,AP-2026-000228,2026-02-10,付款单,通用报销单（费用报销）,A05,示例集团·戊公司,MAK14,制单人14,,2,示例集团财务共享中心（本部）,财务共享,通用报销单（费用报销）,通用审批类,2026-03-28 10:08:12,2026-03-28 10:08:34,2026-03-28 10:09:27,FSSC审核岗,1,,应付成本组,自动派单,已派任务少（优先派）,2026-03-28 10:09:27,PC端,AUD03,审核员03,2026-03-28 12:35:27,同意,,审核通过,21分55秒,--,0,,是,1,1,102秒,,0,,,--
财务会计,AP-2026-000229,2026-05-06,通用报销单,应付确认单（物料类）,A10,示例集团·癸公司,MAK08,制单人08,,1,示例集团财务共享中心（本部）,财务共享,应付确认单（物料类）,通用审批类,2026-02-01 15:17:13,2026-02-01 15:18:02,2026-02-01 15:19:42,FSSC审核岗,1,,应付成本组,自动派单,已派任务少（优先派）,2026-02-01 15:19:42,PC端,AUD05,审核员05,2026-02-01 16:03:42,同意,,审核通过,9分39秒,--,0,,是,1,1,232秒,,0,,,--
财务会计,AP-2026-000230,2026-03-13,通用报销单,应付付款单（服务费）,A07,示例集团·庚公司,MAK07,制单人07,,0,示例集团财务共享中心（本部）,财务共享,应付付款单（服务费）,通用审批类,2026-03-07 19:23:00,2026-03-07 19:23:58,2026-03-07 19:24:40,FSSC审核岗,1,,应付成本组,自动派单,已派任务少（优先派）,2026-03-07 19:24:40,移动端,AUD07,审核员07,2026-03-07 22:38:40,同意,,审核通过,16分14秒,--,0,,是,1,1,186秒,,0,,,--
财务会计,AP-2026-000231,2026-06-10,付款单,应付确认单（物料类）,A03,示例集团·丙公司,MAK02,制单人02,,2,示例集团财务共享中心（本部）,财务共享,应付确认单（物料类）,通用审批类,2026-05-02 12:18:29,2026-05-02 12:19:16,2026-05-02 12:20:23,FSSC审核岗,1,,应付成本组,自动派单,已派任务少（优先派）,2026-05-02 12:20:23,PC端,AUD04,审核员04,2026-05-02 14:53:23,同意,,审核通过,22分57秒,--,0,,是,1,1,260秒,,0,,,--
财务会计,AP-2026-000232,2026-01-26,付款单,应付付款单（材料采购）,A04,示例集团·丁公司,MAK04,制单人04,,0,示例集团财务共享中心（本部）,财务共享,应付付款单（材料采购）,通用审批类,2026-04-08 19:08:13,2026-04-08 19:09:00,2026-04-08 19:09:03,FSSC审核岗,1,,应付成本组,自动派单,已派任务少（优先派）,2026-04-08 19:09:03,PC端,AUD07,审核员07,2026-04-08 21:40:03,同意,,审核通过,25分56秒,--,0,,是,1,1,140秒,,0,,,--
财务会计,AP-2026-000233,2026-04-02,付款单,通用报销单（费用报销）,A10,示例集团·癸公司,MAK10,制单人10,,7,示例集团财务共享中心（本部）,财务共享,通用报销单（费用报销）,通用审批类,2026-01-27 08:03:44,2026-01-27 08:03:52,2026-01-27 08:04:46,FSSC审核岗,1,,应付成本组,自动派单,已派任务少（优先派）,2026-01-27 08:04:46,PC端,AUD05,审核员05,2026-01-27 09:58:46,同意,,审核通过,10分13秒,--,0,,是,1,1,14秒,,0,,,--
财务会计,AP-2026-000234,2026-02-09,付款单,应付付款单（材料采购）,A03,示例集团·丙公司,MAK11,制单人11,,1,示例集团财务共享中心（本部）,财务共享,应付付款单（材料采购）,通用审批类,2026-01-05 14:53:57,2026-01-05 14:54:04,2026-01-05 14:55:10,FSSC审核岗,1,,应付成本组,自动派单,已派任务少（优先派）,2026-01-05 14:55:10,PC端,AUD05,审核员05,2026-01-05 18:00:10,同意,,审核通过,32分12秒,--,0,,是,1,1,112秒,,0,,,--
财务会计,AP-2026-000235,2026-04-12,通用报销单,应付付款单（服务费）,A10,示例集团·癸公司,MAK14,制单人14,,0,示例集团财务共享中心（本部）,财务共享,应付付款单（服务费）,通用审批类,2026-04-06 08:35:31,2026-04-06 08:36:30,2026-04-06 08:36:57,FSSC审核岗,1,,应付成本组,自动派单,已派任务少（优先派）,2026-04-06 08:36:57,移动端,AUD07,审核员07,2026-04-06 11:33:57,同意,,审核通过,1分42秒,--,0,,是,1,1,55秒,,0,,,--
财务会计,AP-2026-000236,2026-06-05,付款单,通用报销单（费用报销）,A14,示例集团·子公司丁,MAK14,制单人14,,4,示例集团财务共享中心（本部）,财务共享,通用报销单（费用报销）,通用审批类,2026-01-03 19:46:06,2026-01-03 19:47:04,2026-01-03 19:47:37,FSSC审核岗,1,,应付成本组,自动派单,已派任务少（优先派）,2026-01-03 19:47:37,移动端,AUD05,审核员05,2026-01-03 22:32:37,同意,,审核通过,17分29秒,--,0,,是,1,1,35秒,,0,,,--
财务会计,AP-2026-000237,2026-04-10,应付发票,应付付款单（材料采购）,A01,示例集团·甲公司,MAK03,制单人03,,2,示例集团财务共享中心（本部）,财务共享,应付付款单（材料采购）,通用审批类,2026-02-11 14:47:07,2026-02-11 14:47:14,2026-02-11 14:49:03,FSSC审核岗,1,,应付成本组,自动派单,已派任务少（优先派）,2026-02-11 14:49:03,移动端,AUD01,审核员01,2026-02-11 18:04:03,同意,特殊原因,审核通过,11分21秒,29分39秒,0,,是,1,1,147秒,,0,,,1
财务会计,AP-2026-000238,2026-04-06,通用报销单,通用报销单（费用报销）,A13,示例集团·子公司丙,MAK02,制单人02,,2,示例集团财务共享中心（本部）,财务共享,通用报销单（费用报销）,通用审批类,2026-03-15 12:53:24,2026-03-15 12:54:09,2026-03-15 12:55:58,FSSC审核岗,1,,应付成本组,自动派单,已派任务少（优先派）,2026-03-15 12:55:58,移动端,AUD06,审核员06,2026-03-15 14:58:58,同意,,审核通过,8分8秒,--,0,,是,1,1,40秒,,0,,,--
财务会计,AP-2026-000239,2026-05-19,通用报销单,其他专项付款单,A19,示例集团·子公司壬,MAK14,制单人14,,2,示例集团财务共享中心（本部）,财务共享,其他专项付款单,通用审批类,2026-03-22 15:11:39,2026-03-22 15:12:04,2026-03-22 15:13:44,FSSC审核岗,1,,应付成本组,自动派单,已派任务少（优先派）,2026-03-22 15:13:44,PC端,AUD01,审核员01,2026-03-22 16:45:44,同意,,审核通过,31分58秒,--,0,,是,1,1,259秒,,0,,,--
财务会计,AP-2026-000240,2026-05-09,应付发票,其他专项付款单,A01,示例集团·甲公司,MAK07,制单人07,,5,示例集团财务共享中心（本部）,财务共享,其他专项付款单,通用审批类,2026-04-23 18:33:49,2026-04-23 18:34:37,2026-04-23 18:35:51,FSSC审核岗,1,,应付成本组,自动派单,已派任务少（优先派）,2026-04-23 18:35:51,移动端,AUD01,审核员01,2026-04-23 21:41:51,同意,,审核通过,34分33秒,--,0,,是,1,1,58秒,,0,,,--
财务会计,AP-2026-000241,2026-02-22,通用报销单,应付付款单（差旅费）,A04,示例集团·丁公司,MAK12,制单人12,,7,示例集团财务共享中心（本部）,财务共享,应付付款单（差旅费）,通用审批类,2026-03-05 16:57:39,2026-03-05 16:57:43,2026-03-05 16:57:45,FSSC审核岗,1,,应付成本组,自动派单,已派任务少（优先派）,2026-03-05 16:57:45,移动端,AUD04,审核员04,2026-03-05 19:42:45,同意,,审核通过,32分55秒,--,0,,是,1,1,94秒,,0,,,--
费控服务,AP-2026-000242,2026-01-09,应付发票,应付确认单（物料类）,A01,示例集团·甲公司,MAK08,制单人08,,7,示例集团财务共享中心（本部）,财务共享,应付确认单（物料类）,通用审批类,2026-01-18 18:24:25,2026-01-18 18:25:18,2026-01-18 18:25:49,FSSC审核岗,1,,应付成本组,自动派单,已派任务少（优先派）,2026-01-18 18:25:49,PC端,AUD02,审核员02,2026-01-18 18:46:49,同意,,审核通过,6分54秒,--,0,,是,1,1,265秒,,0,,,--
财务会计,AP-2026-000243,2026-03-21,付款单,应付确认单（物料类）,A04,示例集团·丁公司,MAK02,制单人02,,4,示例集团财务共享中心（本部）,财务共享,应付确认单（物料类）,通用审批类,2026-01-14 08:35:35,2026-01-14 08:35:36,2026-01-14 08:37:22,FSSC审核岗,1,,应付成本组,自动派单,已派任务少（优先派）,2026-01-14 08:37:22,PC端,AUD04,审核员04,2026-01-14 09:01:22,同意,,审核通过,33分35秒,--,0,,是,1,1,115秒,,0,,,--
财务会计,AP-2026-000244,2026-02-27,应付发票,其他专项付款单,A07,示例集团·庚公司,MAK08,制单人08,,7,示例集团财务共享中心（本部）,财务共享,其他专项付款单,通用审批类,2026-06-28 15:21:35,2026-06-28 15:22:25,2026-06-28 15:23:45,FSSC审核岗,1,,应付成本组,自动派单,已派任务少（优先派）,2026-06-28 15:23:45,PC端,AUD03,审核员03,2026-06-28 17:57:45,同意,,审核通过,8分6秒,--,0,,是,1,1,123秒,,0,,,--
费控服务,AP-2026-000245,2026-06-26,付款单,应付付款单（服务费）,A01,示例集团·甲公司,MAK06,制单人06,,6,示例集团财务共享中心（本部）,财务共享,应付付款单（服务费）,通用审批类,2026-04-12 19:06:02,2026-04-12 19:07:00,2026-04-12 19:07:22,FSSC审核岗,1,,应付成本组,自动派单,已派任务少（优先派）,2026-04-12 19:07:22,移动端,AUD05,审核员05,2026-04-12 21:14:22,同意,,审核通过,7分16秒,--,0,,是,1,1,110秒,,0,,,--
费控服务,AP-2026-000246,2026-06-15,通用报销单,通用报销单（费用报销）,A02,示例集团·乙公司,MAK15,制单人15,,7,示例集团财务共享中心（本部）,财务共享,通用报销单（费用报销）,通用审批类,2026-04-11 09:48:26,2026-04-11 09:48:29,2026-04-11 09:50:28,FSSC审核岗,1,,应付成本组,自动派单,已派任务少（优先派）,2026-04-11 09:50:28,PC端,AUD03,审核员03,2026-04-11 12:33:28,同意,,审核通过,30分42秒,--,0,,是,1,1,268秒,,0,,,--
费控服务,AP-2026-000247,2026-04-02,通用报销单,通用报销单（费用报销）,A01,示例集团·甲公司,MAK08,制单人08,,2,示例集团财务共享中心（本部）,财务共享,通用报销单（费用报销）,通用审批类,2026-05-27 17:30:59,2026-05-27 17:31:32,2026-05-27 17:33:12,FSSC审核岗,1,,应付成本组,自动派单,已派任务少（优先派）,2026-05-27 17:33:12,移动端,AUD04,审核员04,2026-05-27 18:19:12,同意,,审核通过,7分24秒,--,0,,是,1,1,174秒,,0,,,--
费控服务,AP-2026-000248,2026-02-23,通用报销单,应付付款单（服务费）,A05,示例集团·戊公司,MAK07,制单人07,,8,示例集团财务共享中心（本部）,财务共享,应付付款单（服务费）,通用审批类,2026-03-13 13:18:28,2026-03-13 13:19:20,2026-03-13 13:19:38,FSSC审核岗,1,,应付成本组,自动派单,已派任务少（优先派）,2026-03-13 13:19:38,PC端,AUD07,审核员07,2026-03-13 13:55:38,同意,,审核通过,20分53秒,--,0,,是,1,1,290秒,,0,,,--
费控服务,AP-2026-000249,2026-05-21,应付发票,应付付款单（材料采购）,A13,示例集团·子公司丙,MAK12,制单人12,,2,示例集团财务共享中心（本部）,财务共享,应付付款单（材料采购）,通用审批类,2026-03-20 19:18:43,2026-03-20 19:19:06,2026-03-20 19:21:04,FSSC审核岗,1,,应付成本组,自动派单,已派任务少（优先派）,2026-03-20 19:21:04,移动端,AUD07,审核员07,2026-03-20 22:14:04,同意,,审核通过,33分34秒,--,0,,是,1,1,175秒,,0,,,--
财务会计,AP-2026-000250,2026-03-19,通用报销单,其他专项付款单,A09,示例集团·壬公司,MAK13,制单人13,,0,示例集团财务共享中心（本部）,财务共享,其他专项付款单,通用审批类,2026-03-14 18:47:57,2026-03-14 18:48:51,2026-03-14 18:50:00,FSSC审核岗,1,,应付成本组,自动派单,已派任务少（优先派）,2026-03-14 18:50:00,PC端,AUD04,审核员04,2026-03-14 20:04:00,同意,,审核通过,34分6秒,--,0,,是,1,1,22秒,,0,,,--
财务会计,AP-2026-000251,2026-03-09,付款单,其他专项付款单,A04,示例集团·丁公司,MAK01,制单人01,,8,示例集团财务共享中心（本部）,财务共享,其他专项付款单,通用审批类,2026-03-10 18:16:09,2026-03-10 18:17:03,2026-03-10 18:17:11,FSSC审核岗,1,,应付成本组,自动派单,已派任务少（优先派）,2026-03-10 18:17:11,PC端,AUD01,审核员01,2026-03-10 21:14:11,同意,,审核通过,3分22秒,--,0,,是,1,1,241秒,,0,,,--
财务会计,AP-2026-000252,2026-03-28,付款单,其他专项付款单,A01,示例集团·甲公司,MAK14,制单人14,,6,示例集团财务共享中心（本部）,财务共享,其他专项付款单,通用审批类,2026-06-18 14:15:32,2026-06-18 14:16:23,2026-06-18 14:18:05,FSSC审核岗,1,,应付成本组,自动派单,已派任务少（优先派）,2026-06-18 14:18:05,PC端,AUD06,审核员06,2026-06-18 17:17:05,同意,,审核通过,25分26秒,--,0,,是,1,1,170秒,,0,,,--
财务会计,AP-2026-000253,2026-02-07,付款单,应付付款单（材料采购）,A17,示例集团·子公司庚,MAK01,制单人01,,8,示例集团财务共享中心（本部）,财务共享,应付付款单（材料采购）,通用审批类,2026-02-28 15:53:14,2026-02-28 15:54:13,2026-02-28 15:55:35,FSSC审核岗,1,,应付成本组,自动派单,已派任务少（优先派）,2026-02-28 15:55:35,移动端,AUD06,审核员06,2026-02-28 18:56:35,同意,,审核通过,39分12秒,--,0,,是,1,1,109秒,,0,,,--
财务会计,AP-2026-000254,2026-02-06,付款单,应付付款单（服务费）,A03,示例集团·丙公司,MAK03,制单人03,,4,示例集团财务共享中心（本部）,财务共享,应付付款单（服务费）,通用审批类,2026-06-04 14:02:27,2026-06-04 14:02:45,2026-06-04 14:03:57,FSSC审核岗,1,,应付成本组,自动派单,已派任务少（优先派）,2026-06-04 14:03:57,PC端,AUD05,审核员05,2026-06-04 15:11:57,同意,,审核通过,1分21秒,--,0,,是,1,1,248秒,,0,,,--
财务会计,AP-2026-000255,2026-02-11,付款单,应付付款单（差旅费）,A09,示例集团·壬公司,MAK03,制单人03,,5,示例集团财务共享中心（本部）,财务共享,应付付款单（差旅费）,通用审批类,2026-02-21 17:53:42,2026-02-21 17:54:02,2026-02-21 17:55:05,FSSC审核岗,1,,应付成本组,自动派单,已派任务少（优先派）,2026-02-21 17:55:05,PC端,AUD02,审核员02,2026-02-21 20:22:05,同意,,审核通过,34分14秒,--,0,,是,1,1,104秒,,0,,,--
财务会计,AP-2026-000256,2026-05-18,付款单,应付确认单（物料类）,A05,示例集团·戊公司,MAK13,制单人13,,8,示例集团财务共享中心（本部）,财务共享,应付确认单（物料类）,通用审批类,2026-05-12 11:56:13,2026-05-12 11:56:56,2026-05-12 11:57:39,FSSC审核岗,1,,应付成本组,自动派单,已派任务少（优先派）,2026-05-12 11:57:39,PC端,AUD02,审核员02,2026-05-12 13:22:39,同意,,审核通过,31分35秒,--,0,,是,1,1,14秒,,0,,,--
费控服务,AP-2026-000257,2026-01-21,应付发票,其他专项付款单,A01,示例集团·甲公司,MAK06,制单人06,,4,示例集团财务共享中心（本部）,财务共享,其他专项付款单,通用审批类,2026-02-08 08:43:56,2026-02-08 08:44:17,2026-02-08 08:45:06,FSSC审核岗,1,,应付成本组,自动派单,已派任务少（优先派）,2026-02-08 08:45:06,PC端,AUD02,审核员02,2026-02-08 09:15:06,同意,,审核通过,2分58秒,--,0,,是,1,1,274秒,,0,,,--
财务会计,AP-2026-000258,2026-01-15,通用报销单,通用报销单（费用报销）,A11,示例集团·子公司甲,MAK06,制单人06,,8,示例集团财务共享中心（本部）,财务共享,通用报销单（费用报销）,通用审批类,2026-01-21 11:20:32,2026-01-21 11:20:38,2026-01-21 11:20:51,FSSC审核岗,1,,应付成本组,自动派单,已派任务少（优先派）,2026-01-21 11:20:51,PC端,AUD06,审核员06,2026-01-21 12:03:51,同意,,审核通过,1分40秒,--,0,,是,1,1,43秒,,0,,,--
费控服务,AP-2026-000259,2026-03-22,付款单,应付确认单（物料类）,A02,示例集团·乙公司,MAK11,制单人11,,1,示例集团财务共享中心（本部）,财务共享,应付确认单（物料类）,通用审批类,2026-01-07 16:53:44,2026-01-07 16:54:41,2026-01-07 16:56:16,FSSC审核岗,1,,应付成本组,自动派单,已派任务少（优先派）,2026-01-07 16:56:16,PC端,AUD02,审核员02,2026-01-07 20:15:16,同意,,审核通过,10分1秒,--,0,,是,1,1,245秒,,0,,,--
费控服务,AP-2026-000260,2026-01-06,应付发票,应付付款单（差旅费）,A09,示例集团·壬公司,MAK01,制单人01,,6,示例集团财务共享中心（本部）,财务共享,应付付款单（差旅费）,通用审批类,2026-02-03 17:52:14,2026-02-03 17:53:13,2026-02-03 17:53:47,FSSC审核岗,1,,应付成本组,自动派单,已派任务少（优先派）,2026-02-03 17:53:47,移动端,AUD01,审核员01,2026-02-03 19:38:47,同意,,审核通过,21分1秒,--,0,,是,1,1,209秒,,0,,,--
财务会计,AP-2026-000261,2026-02-20,通用报销单,应付付款单（差旅费）,A08,示例集团·辛公司,MAK09,制单人09,,4,示例集团财务共享中心（本部）,财务共享,应付付款单（差旅费）,通用审批类,2026-03-19 08:44:54,2026-03-19 08:44:59,2026-03-19 08:45:45,FSSC审核岗,1,,应付成本组,自动派单,已派任务少（优先派）,2026-03-19 08:45:45,PC端,AUD05,审核员05,2026-03-19 10:54:45,同意,,审核通过,39分5秒,--,0,,是,1,1,154秒,,0,,,--
财务会计,AP-2026-000262,2026-02-22,通用报销单,通用报销单（费用报销）,A10,示例集团·癸公司,MAK08,制单人08,,4,示例集团财务共享中心（本部）,财务共享,通用报销单（费用报销）,通用审批类,2026-04-18 11:08:47,2026-04-18 11:09:13,2026-04-18 11:10:55,FSSC审核岗,1,,应付成本组,自动派单,已派任务少（优先派）,2026-04-18 11:10:55,移动端,AUD03,审核员03,2026-04-18 13:30:55,同意,,审核通过,24分0秒,--,0,,是,1,1,293秒,,0,,,--
财务会计,AP-2026-000263,2026-06-19,通用报销单,应付确认单（物料类）,A13,示例集团·子公司丙,MAK03,制单人03,,8,示例集团财务共享中心（本部）,财务共享,应付确认单（物料类）,通用审批类,2026-01-18 09:19:13,2026-01-18 09:20:01,2026-01-18 09:21:36,FSSC审核岗,1,,应付成本组,自动派单,已派任务少（优先派）,2026-01-18 09:21:36,移动端,AUD01,审核员01,2026-01-18 12:27:36,同意,,审核通过,10分10秒,--,0,,是,1,1,104秒,,0,,,--
费控服务,AP-2026-000264,2026-04-06,应付发票,应付付款单（服务费）,A02,示例集团·乙公司,MAK14,制单人14,,1,示例集团财务共享中心（本部）,财务共享,应付付款单（服务费）,通用审批类,2026-03-28 08:54:48,2026-03-28 08:55:48,2026-03-28 08:56:59,FSSC审核岗,1,,应付成本组,自动派单,已派任务少（优先派）,2026-03-28 08:56:59,移动端,AUD02,审核员02,2026-03-28 10:55:59,同意,,审核通过,17分6秒,--,0,,是,1,1,111秒,,0,,,--
费控服务,AP-2026-000265,2026-06-05,应付发票,应付付款单（材料采购）,A09,示例集团·壬公司,MAK08,制单人08,,4,示例集团财务共享中心（本部）,财务共享,应付付款单（材料采购）,通用审批类,2026-04-04 12:39:04,2026-04-04 12:40:02,2026-04-04 12:40:27,FSSC审核岗,1,,应付成本组,自动派单,已派任务少（优先派）,2026-04-04 12:40:27,移动端,AUD03,审核员03,2026-04-04 14:02:27,同意,,审核通过,38分9秒,--,0,,是,1,1,299秒,,0,,,--
财务会计,AP-2026-000266,2026-04-06,付款单,其他专项付款单,A06,示例集团·己公司,MAK13,制单人13,,5,示例集团财务共享中心（本部）,财务共享,其他专项付款单,通用审批类,2026-04-26 11:45:47,2026-04-26 11:46:29,2026-04-26 11:47:25,FSSC审核岗,1,,应付成本组,自动派单,已派任务少（优先派）,2026-04-26 11:47:25,PC端,AUD07,审核员07,2026-04-26 12:58:25,同意,,审核通过,31分29秒,--,0,,是,1,1,238秒,,0,,,--
财务会计,AP-2026-000267,2026-06-06,应付发票,其他专项付款单,A04,示例集团·丁公司,MAK05,制单人05,,1,示例集团财务共享中心（本部）,财务共享,其他专项付款单,通用审批类,2026-03-27 12:54:52,2026-03-27 12:55:01,2026-03-27 12:56:56,FSSC审核岗,1,,应付成本组,自动派单,已派任务少（优先派）,2026-03-27 12:56:56,移动端,AUD04,审核员04,2026-03-27 15:14:56,同意,,审核通过,5分57秒,--,0,,是,1,1,19秒,,0,,,--
费控服务,AP-2026-000268,2026-05-19,应付发票,应付确认单（物料类）,A12,示例集团·子公司乙,MAK11,制单人11,,5,示例集团财务共享中心（本部）,财务共享,应付确认单（物料类）,通用审批类,2026-06-07 08:35:16,2026-06-07 08:35:51,2026-06-07 08:37:46,FSSC审核岗,1,,应付成本组,自动派单,已派任务少（优先派）,2026-06-07 08:37:46,PC端,AUD06,审核员06,2026-06-07 10:56:46,同意,,审核通过,26分14秒,--,0,,是,1,1,158秒,,0,,,--
财务会计,AP-2026-000269,2026-05-12,应付发票,其他专项付款单,A01,示例集团·甲公司,MAK09,制单人09,,2,示例集团财务共享中心（本部）,财务共享,其他专项付款单,通用审批类,2026-05-08 20:39:43,2026-05-08 20:39:54,2026-05-08 20:41:31,FSSC审核岗,1,,应付成本组,自动派单,已派任务少（优先派）,2026-05-08 20:41:31,移动端,AUD01,审核员01,2026-05-08 22:53:31,同意,,审核通过,31分22秒,--,0,,是,1,1,30秒,,0,,,--
财务会计,AP-2026-000270,2026-01-12,付款单,应付付款单（差旅费）,A02,示例集团·乙公司,MAK08,制单人08,,0,示例集团财务共享中心（本部）,财务共享,应付付款单（差旅费）,通用审批类,2026-04-07 16:58:50,2026-04-07 16:59:14,2026-04-07 17:00:04,FSSC审核岗,1,,应付成本组,自动派单,已派任务少（优先派）,2026-04-07 17:00:04,PC端,AUD01,审核员01,2026-04-07 19:01:04,同意,,审核通过,21分6秒,--,0,,是,1,1,276秒,,0,,,--
财务会计,AP-2026-000271,2026-03-19,通用报销单,通用报销单（费用报销）,A07,示例集团·庚公司,MAK05,制单人05,,3,示例集团财务共享中心（本部）,财务共享,通用报销单（费用报销）,通用审批类,2026-05-13 18:24:23,2026-05-13 18:25:01,2026-05-13 18:26:25,FSSC审核岗,1,,应付成本组,自动派单,已派任务少（优先派）,2026-05-13 18:26:25,PC端,AUD06,审核员06,2026-05-13 18:46:25,同意,,审核通过,34分25秒,--,0,,是,1,1,190秒,,0,,,--
财务会计,AP-2026-000272,2026-03-20,付款单,应付付款单（材料采购）,A11,示例集团·子公司甲,MAK06,制单人06,,2,示例集团财务共享中心（本部）,财务共享,应付付款单（材料采购）,通用审批类,2026-01-05 15:10:14,2026-01-05 15:10:19,2026-01-05 15:11:25,FSSC审核岗,1,,应付成本组,自动派单,已派任务少（优先派）,2026-01-05 15:11:25,移动端,AUD06,审核员06,2026-01-05 17:56:25,同意,,审核通过,24分38秒,--,0,,是,1,1,70秒,,0,,,--
财务会计,AP-2026-000273,2026-05-04,通用报销单,其他专项付款单,A08,示例集团·辛公司,MAK07,制单人07,,2,示例集团财务共享中心（本部）,财务共享,其他专项付款单,通用审批类,2026-03-16 11:37:10,2026-03-16 11:37:52,2026-03-16 11:39:39,FSSC审核岗,1,,应付成本组,自动派单,已派任务少（优先派）,2026-03-16 11:39:39,PC端,AUD03,审核员03,2026-03-16 13:25:39,驳回,附件信息不一致,审核驳回,37分37秒,33分2秒,0,,是,1,1,85秒,驳回,1,前端单位,示例集团·辛公司,1
财务会计,AP-2026-000274,2026-02-13,付款单,应付确认单（物料类）,A01,示例集团·甲公司,MAK05,制单人05,,7,示例集团财务共享中心（本部）,财务共享,应付确认单（物料类）,通用审批类,2026-03-01 19:46:42,2026-03-01 19:47:35,2026-03-01 19:48:12,FSSC审核岗,1,,应付成本组,自动派单,已派任务少（优先派）,2026-03-01 19:48:12,PC端,AUD02,审核员02,2026-03-01 20:10:12,同意,,审核通过,31分10秒,--,0,,是,1,1,122秒,,0,,,--
财务会计,AP-2026-000275,2026-03-27,应付发票,通用报销单（费用报销）,A12,示例集团·子公司乙,MAK10,制单人10,,1,示例集团财务共享中心（本部）,财务共享,通用报销单（费用报销）,通用审批类,2026-04-22 16:16:10,2026-04-22 16:16:57,2026-04-22 16:18:25,FSSC审核岗,1,,应付成本组,自动派单,已派任务少（优先派）,2026-04-22 16:18:25,移动端,AUD06,审核员06,2026-04-22 17:46:25,同意,,审核通过,15分24秒,--,0,,是,1,1,207秒,,0,,,--
财务会计,AP-2026-000276,2026-06-17,付款单,应付付款单（差旅费）,A01,示例集团·甲公司,MAK01,制单人01,,8,示例集团财务共享中心（本部）,财务共享,应付付款单（差旅费）,通用审批类,2026-03-05 17:06:11,2026-03-05 17:06:42,2026-03-05 17:08:38,FSSC审核岗,1,,应付成本组,自动派单,已派任务少（优先派）,2026-03-05 17:08:38,移动端,AUD04,审核员04,2026-03-05 19:46:38,同意,,审核通过,33分48秒,--,0,,是,1,1,70秒,,0,,,--
财务会计,AP-2026-000277,2026-03-18,应付发票,应付付款单（材料采购）,A01,示例集团·甲公司,MAK11,制单人11,,7,示例集团财务共享中心（本部）,财务共享,应付付款单（材料采购）,通用审批类,2026-01-22 18:27:33,2026-01-22 18:28:00,2026-01-22 18:28:48,FSSC审核岗,1,,应付成本组,自动派单,已派任务少（优先派）,2026-01-22 18:28:48,PC端,AUD07,审核员07,2026-01-22 18:40:48,同意,,审核通过,25分22秒,--,0,,是,1,1,60秒,,0,,,--
财务会计,AP-2026-000278,2026-04-28,付款单,其他专项付款单,A04,示例集团·丁公司,MAK05,制单人05,,1,示例集团财务共享中心（本部）,财务共享,其他专项付款单,通用审批类,2026-03-18 14:16:12,2026-03-18 14:16:13,2026-03-18 14:17:44,FSSC审核岗,1,,应付成本组,自动派单,已派任务少（优先派）,2026-03-18 14:17:44,移动端,AUD06,审核员06,2026-03-18 17:28:44,同意,,审核通过,34分0秒,--,0,,是,1,1,202秒,,0,,,--
费控服务,AP-2026-000279,2026-04-12,应付发票,通用报销单（费用报销）,A07,示例集团·庚公司,MAK12,制单人12,,6,示例集团财务共享中心（本部）,财务共享,通用报销单（费用报销）,通用审批类,2026-01-21 17:16:16,2026-01-21 17:17:11,2026-01-21 17:18:20,FSSC审核岗,1,,应付成本组,自动派单,已派任务少（优先派）,2026-01-21 17:18:20,移动端,AUD03,审核员03,2026-01-21 19:07:20,同意,,审核通过,14分26秒,--,0,,是,1,1,292秒,,0,,,--
财务会计,AP-2026-000280,2026-01-18,通用报销单,应付确认单（物料类）,A10,示例集团·癸公司,MAK08,制单人08,,3,示例集团财务共享中心（本部）,财务共享,应付确认单（物料类）,通用审批类,2026-01-19 13:49:45,2026-01-19 13:50:11,2026-01-19 13:51:46,FSSC审核岗,1,,应付成本组,自动派单,已派任务少（优先派）,2026-01-19 13:51:46,移动端,AUD03,审核员03,2026-01-19 14:27:46,同意,,审核通过,29分50秒,--,0,,是,1,1,92秒,,0,,,--
财务会计,AP-2026-000281,2026-05-26,应付发票,应付确认单（物料类）,A01,示例集团·甲公司,MAK09,制单人09,,7,示例集团财务共享中心（本部）,财务共享,应付确认单（物料类）,通用审批类,2026-01-22 19:03:10,2026-01-22 19:03:35,2026-01-22 19:04:57,FSSC审核岗,1,,应付成本组,自动派单,已派任务少（优先派）,2026-01-22 19:04:57,移动端,AUD06,审核员06,2026-01-22 19:06:57,同意,,审核通过,39分27秒,--,0,,是,1,1,55秒,,0,,,--
财务会计,AP-2026-000282,2026-05-02,通用报销单,通用报销单（费用报销）,A01,示例集团·甲公司,MAK04,制单人04,,7,示例集团财务共享中心（本部）,财务共享,通用报销单（费用报销）,通用审批类,2026-04-13 17:41:33,2026-04-13 17:41:52,2026-04-13 17:43:24,FSSC审核岗,1,,应付成本组,自动派单,已派任务少（优先派）,2026-04-13 17:43:24,PC端,AUD01,审核员01,2026-04-13 20:16:24,驳回,附件不完整,审核驳回,29分0秒,34分18秒,0,,是,1,1,109秒,驳回,1,前端单位,示例集团·甲公司,1
财务会计,AP-2026-000283,2026-03-08,通用报销单,其他专项付款单,A01,示例集团·甲公司,MAK10,制单人10,,5,示例集团财务共享中心（本部）,财务共享,其他专项付款单,通用审批类,2026-04-02 13:15:41,2026-04-02 13:15:42,2026-04-02 13:16:03,FSSC审核岗,1,,应付成本组,自动派单,已派任务少（优先派）,2026-04-02 13:16:03,移动端,AUD04,审核员04,2026-04-02 13:39:03,同意,,审核通过,26分25秒,--,0,,是,1,1,112秒,,0,,,--
财务会计,AP-2026-000284,2026-06-03,付款单,应付付款单（服务费）,A05,示例集团·戊公司,MAK12,制单人12,,7,示例集团财务共享中心（本部）,财务共享,应付付款单（服务费）,通用审批类,2026-06-27 16:58:37,2026-06-27 16:59:00,2026-06-27 16:59:45,FSSC审核岗,1,,应付成本组,自动派单,已派任务少（优先派）,2026-06-27 16:59:45,PC端,AUD01,审核员01,2026-06-27 18:10:45,同意,,审核通过,26分36秒,--,0,,是,1,1,12秒,,0,,,--
财务会计,AP-2026-000285,2026-05-03,通用报销单,应付确认单（物料类）,A03,示例集团·丙公司,MAK07,制单人07,,6,示例集团财务共享中心（本部）,财务共享,应付确认单（物料类）,通用审批类,2026-06-04 20:32:16,2026-06-04 20:33:13,2026-06-04 20:34:22,FSSC审核岗,1,,应付成本组,自动派单,已派任务少（优先派）,2026-06-04 20:34:22,移动端,AUD01,审核员01,2026-06-04 23:02:22,同意,,审核通过,37分30秒,--,0,,是,1,1,134秒,,0,,,--
费控服务,AP-2026-000286,2026-03-15,通用报销单,应付付款单（差旅费）,A10,示例集团·癸公司,MAK16,制单人16,,5,示例集团财务共享中心（本部）,财务共享,应付付款单（差旅费）,通用审批类,2026-04-16 09:16:04,2026-04-16 09:16:29,2026-04-16 09:17:51,FSSC审核岗,1,,应付成本组,自动派单,已派任务少（优先派）,2026-04-16 09:17:51,PC端,AUD04,审核员04,2026-04-16 10:14:51,同意,,审核通过,27分22秒,--,0,,是,1,1,274秒,,0,,,--
费控服务,AP-2026-000287,2026-02-10,付款单,应付付款单（服务费）,A06,示例集团·己公司,MAK12,制单人12,,4,示例集团财务共享中心（本部）,财务共享,应付付款单（服务费）,通用审批类,2026-01-24 13:04:35,2026-01-24 13:05:35,2026-01-24 13:05:58,FSSC审核岗,1,,应付成本组,自动派单,已派任务少（优先派）,2026-01-24 13:05:58,PC端,AUD02,审核员02,2026-01-24 15:07:58,同意,,审核通过,12分47秒,--,0,,是,1,1,107秒,,0,,,--
财务会计,AP-2026-000288,2026-04-28,应付发票,通用报销单（费用报销）,A05,示例集团·戊公司,MAK04,制单人04,,7,示例集团财务共享中心（本部）,财务共享,通用报销单（费用报销）,通用审批类,2026-02-07 11:53:39,2026-02-07 11:54:02,2026-02-07 11:54:22,FSSC审核岗,1,,应付成本组,自动派单,已派任务少（优先派）,2026-02-07 11:54:22,PC端,AUD06,审核员06,2026-02-07 15:14:22,同意,,审核通过,40分0秒,--,0,,是,1,1,287秒,,0,,,--
财务会计,AP-2026-000289,2026-06-11,付款单,其他专项付款单,A17,示例集团·子公司庚,MAK14,制单人14,,2,示例集团财务共享中心（本部）,财务共享,其他专项付款单,通用审批类,2026-01-19 12:31:11,2026-01-19 12:32:00,2026-01-19 12:33:58,FSSC审核岗,1,,应付成本组,自动派单,已派任务少（优先派）,2026-01-19 12:33:58,移动端,AUD03,审核员03,2026-01-19 14:44:58,同意,,审核通过,4分33秒,--,0,,是,1,1,226秒,,0,,,--
财务会计,AP-2026-000290,2026-05-13,付款单,其他专项付款单,A05,示例集团·戊公司,MAK09,制单人09,,3,示例集团财务共享中心（本部）,财务共享,其他专项付款单,通用审批类,2026-05-15 09:44:33,2026-05-15 09:45:03,2026-05-15 09:45:44,FSSC审核岗,1,,应付成本组,自动派单,已派任务少（优先派）,2026-05-15 09:45:44,移动端,AUD04,审核员04,2026-05-15 12:42:44,驳回,其他,审核驳回,25分37秒,24分39秒,0,,是,3,1,142秒,驳回,1,前端单位,示例集团·戊公司,3
财务会计,AP-2026-000291,2026-06-20,通用报销单,其他专项付款单,A02,示例集团·乙公司,MAK05,制单人05,,7,示例集团财务共享中心（本部）,财务共享,其他专项付款单,通用审批类,2026-05-16 14:13:26,2026-05-16 14:14:11,2026-05-16 14:15:48,FSSC审核岗,1,,应付成本组,自动派单,已派任务少（优先派）,2026-05-16 14:15:48,PC端,AUD02,审核员02,2026-05-16 15:51:48,同意,,审核通过,12分36秒,--,0,,是,1,1,77秒,,0,,,--
财务会计,AP-2026-000292,2026-03-24,应付发票,通用报销单（费用报销）,A18,示例集团·子公司辛,MAK11,制单人11,,2,示例集团财务共享中心（本部）,财务共享,通用报销单（费用报销）,通用审批类,2026-02-18 14:54:24,2026-02-18 14:54:37,2026-02-18 14:54:56,FSSC审核岗,1,,应付成本组,自动派单,已派任务少（优先派）,2026-02-18 14:54:56,PC端,AUD06,审核员06,2026-02-18 18:04:56,同意,,审核通过,27分31秒,--,0,,是,1,1,78秒,,0,,,--
财务会计,AP-2026-000293,2026-06-24,付款单,应付确认单（物料类）,A20,示例集团·子公司癸,MAK14,制单人14,,0,示例集团财务共享中心（本部）,财务共享,应付确认单（物料类）,通用审批类,2026-04-10 12:35:54,2026-04-10 12:36:31,2026-04-10 12:36:38,FSSC审核岗,1,,应付成本组,自动派单,已派任务少（优先派）,2026-04-10 12:36:38,PC端,AUD04,审核员04,2026-04-10 14:18:38,驳回,附件不完整,审核驳回,14分52秒,7分28秒,0,,是,1,1,181秒,驳回,1,前端单位,示例集团·子公司癸,1
费控服务,AP-2026-000294,2026-03-26,应付发票,应付付款单（服务费）,A03,示例集团·丙公司,MAK06,制单人06,,8,示例集团财务共享中心（本部）,财务共享,应付付款单（服务费）,通用审批类,2026-02-14 09:22:55,2026-02-14 09:23:39,2026-02-14 09:24:57,FSSC审核岗,1,,应付成本组,自动派单,已派任务少（优先派）,2026-02-14 09:24:57,PC端,AUD04,审核员04,2026-02-14 10:15:57,同意,,审核通过,12分49秒,--,0,,是,1,1,155秒,,0,,,--
财务会计,AP-2026-000295,2026-02-24,通用报销单,通用报销单（费用报销）,A03,示例集团·丙公司,MAK11,制单人11,,6,示例集团财务共享中心（本部）,财务共享,通用报销单（费用报销）,通用审批类,2026-06-13 17:18:29,2026-06-13 17:19:10,2026-06-13 17:19:29,FSSC审核岗,1,,应付成本组,自动派单,已派任务少（优先派）,2026-06-13 17:19:29,PC端,AUD04,审核员04,2026-06-13 18:02:29,同意,,审核通过,40分36秒,--,0,,是,1,1,217秒,,0,,,--
财务会计,AP-2026-000296,2026-06-08,通用报销单,其他专项付款单,A12,示例集团·子公司乙,MAK02,制单人02,,5,示例集团财务共享中心（本部）,财务共享,其他专项付款单,通用审批类,2026-01-10 19:17:38,2026-01-10 19:18:20,2026-01-10 19:19:11,FSSC审核岗,1,,应付成本组,自动派单,已派任务少（优先派）,2026-01-10 19:19:11,移动端,AUD02,审核员02,2026-01-10 20:29:11,同意,,审核通过,38分33秒,--,0,,是,1,1,240秒,,0,,,--
财务会计,AP-2026-000297,2026-03-24,通用报销单,应付付款单（服务费）,A04,示例集团·丁公司,MAK03,制单人03,,7,示例集团财务共享中心（本部）,财务共享,应付付款单（服务费）,通用审批类,2026-06-24 19:47:05,2026-06-24 19:47:19,2026-06-24 19:47:41,FSSC审核岗,1,,应付成本组,自动派单,已派任务少（优先派）,2026-06-24 19:47:41,PC端,AUD01,审核员01,2026-06-24 21:29:41,同意,,审核通过,36分3秒,--,0,,是,1,1,23秒,,0,,,--
财务会计,AP-2026-000298,2026-06-04,应付发票,通用报销单（费用报销）,A10,示例集团·癸公司,MAK09,制单人09,,2,示例集团财务共享中心（本部）,财务共享,通用报销单（费用报销）,通用审批类,2026-02-03 18:59:56,2026-02-03 19:00:21,2026-02-03 19:01:01,FSSC审核岗,1,,应付成本组,自动派单,已派任务少（优先派）,2026-02-03 19:01:01,PC端,AUD07,审核员07,2026-02-03 20:00:01,同意,,审核通过,9分33秒,--,0,,是,1,1,97秒,,0,,,--
财务会计,AP-2026-000299,2026-06-11,付款单,应付确认单（物料类）,A01,示例集团·甲公司,MAK11,制单人11,,6,示例集团财务共享中心（本部）,财务共享,应付确认单（物料类）,通用审批类,2026-03-18 12:35:28,2026-03-18 12:35:37,2026-03-18 12:37:07,FSSC审核岗,1,,应付成本组,自动派单,已派任务少（优先派）,2026-03-18 12:37:07,移动端,AUD07,审核员07,2026-03-18 14:56:07,同意,,审核通过,34分40秒,--,0,,是,1,1,283秒,,0,,,--
财务会计,AP-2026-000300,2026-06-26,付款单,应付付款单（材料采购）,A03,示例集团·丙公司,MAK06,制单人06,,2,示例集团财务共享中心（本部）,财务共享,应付付款单（材料采购）,通用审批类,2026-05-12 14:16:09,2026-05-12 14:16:29,2026-05-12 14:16:31,FSSC审核岗,1,,应付成本组,自动派单,已派任务少（优先派）,2026-05-12 14:16:31,移动端,AUD04,审核员04,2026-05-12 14:17:31,同意,,审核通过,23分18秒,--,0,,是,1,1,250秒,,0,,,--
财务会计,AP-2026-000301,2026-02-25,应付发票,应付付款单（材料采购）,A06,示例集团·己公司,MAK12,制单人12,,8,示例集团财务共享中心（本部）,财务共享,应付付款单（材料采购）,通用审批类,2026-02-25 14:51:18,2026-02-25 14:51:57,2026-02-25 14:52:27,FSSC审核岗,1,,应付成本组,自动派单,已派任务少（优先派）,2026-02-25 14:52:27,PC端,AUD04,审核员04,2026-02-25 14:54:27,同意,,审核通过,28分25秒,--,0,,是,1,1,137秒,,0,,,--
费控服务,AP-2026-000302,2026-02-13,付款单,应付付款单（材料采购）,A02,示例集团·乙公司,MAK12,制单人12,,4,示例集团财务共享中心（本部）,财务共享,应付付款单（材料采购）,通用审批类,2026-03-14 18:15:33,2026-03-14 18:16:22,2026-03-14 18:18:05,FSSC审核岗,1,,应付成本组,自动派单,已派任务少（优先派）,2026-03-14 18:18:05,PC端,AUD03,审核员03,2026-03-14 20:55:05,同意,,审核通过,35分51秒,--,0,,是,1,1,147秒,,0,,,--
财务会计,AP-2026-000303,2026-05-10,应付发票,其他专项付款单,A04,示例集团·丁公司,MAK14,制单人14,,8,示例集团财务共享中心（本部）,财务共享,其他专项付款单,通用审批类,2026-04-20 15:17:44,2026-04-20 15:18:24,2026-04-20 15:19:27,FSSC审核岗,1,,应付成本组,自动派单,已派任务少（优先派）,2026-04-20 15:19:27,移动端,AUD02,审核员02,2026-04-20 16:08:27,同意,,审核通过,2分11秒,--,0,,是,1,1,62秒,,0,,,--
财务会计,AP-2026-000304,2026-03-01,应付发票,通用报销单（费用报销）,A03,示例集团·丙公司,MAK03,制单人03,,0,示例集团财务共享中心（本部）,财务共享,通用报销单（费用报销）,通用审批类,2026-03-01 15:13:21,2026-03-01 15:13:48,2026-03-01 15:14:28,FSSC审核岗,1,,应付成本组,自动派单,已派任务少（优先派）,2026-03-01 15:14:28,移动端,AUD04,审核员04,2026-03-01 17:22:28,同意,,审核通过,22分5秒,--,0,,是,1,1,84秒,,0,,,--
财务会计,AP-2026-000305,2026-05-16,通用报销单,应付付款单（服务费）,A01,示例集团·甲公司,MAK13,制单人13,,6,示例集团财务共享中心（本部）,财务共享,应付付款单（服务费）,通用审批类,2026-01-27 12:52:24,2026-01-27 12:53:18,2026-01-27 12:53:20,FSSC审核岗,1,,应付成本组,自动派单,已派任务少（优先派）,2026-01-27 12:53:20,PC端,AUD01,审核员01,2026-01-27 13:25:20,同意,,审核通过,29分15秒,--,0,,是,1,1,27秒,,0,,,--
费控服务,AP-2026-000306,2026-01-22,应付发票,应付确认单（物料类）,A02,示例集团·乙公司,MAK12,制单人12,,8,示例集团财务共享中心（本部）,财务共享,应付确认单（物料类）,通用审批类,2026-05-22 12:59:20,2026-05-22 12:59:31,2026-05-22 13:00:52,FSSC审核岗,1,,应付成本组,自动派单,已派任务少（优先派）,2026-05-22 13:00:52,移动端,AUD01,审核员01,2026-05-22 16:07:52,驳回,附件不完整,审核驳回,8分16秒,20分12秒,0,,是,3,1,194秒,驳回,1,前端单位,示例集团·乙公司,3
费控服务,AP-2026-000307,2026-03-04,付款单,应付付款单（服务费）,A14,示例集团·子公司丁,MAK14,制单人14,,0,示例集团财务共享中心（本部）,财务共享,应付付款单（服务费）,通用审批类,2026-02-11 08:10:50,2026-02-11 08:11:08,2026-02-11 08:12:23,FSSC审核岗,1,,应付成本组,自动派单,已派任务少（优先派）,2026-02-11 08:12:23,移动端,AUD02,审核员02,2026-02-11 08:43:23,同意,,审核通过,38分50秒,--,0,,是,1,1,253秒,,0,,,--
财务会计,AP-2026-000308,2026-01-08,通用报销单,其他专项付款单,A08,示例集团·辛公司,MAK03,制单人03,,2,示例集团财务共享中心（本部）,财务共享,其他专项付款单,通用审批类,2026-03-22 17:21:59,2026-03-22 17:22:48,2026-03-22 17:24:09,FSSC审核岗,1,,应付成本组,自动派单,已派任务少（优先派）,2026-03-22 17:24:09,移动端,AUD06,审核员06,2026-03-22 17:40:09,驳回,附件信息不一致,审核驳回,35分50秒,32分14秒,0,,是,3,1,172秒,驳回,1,制单人,制单人03,3
财务会计,AP-2026-000309,2026-03-26,通用报销单,应付确认单（物料类）,A19,示例集团·子公司壬,MAK13,制单人13,,7,示例集团财务共享中心（本部）,财务共享,应付确认单（物料类）,通用审批类,2026-02-01 19:24:22,2026-02-01 19:25:09,2026-02-01 19:25:27,FSSC审核岗,1,,应付成本组,自动派单,已派任务少（优先派）,2026-02-01 19:25:27,PC端,AUD06,审核员06,2026-02-01 20:30:27,同意,,审核通过,36分18秒,--,0,,是,1,1,287秒,,0,,,--
费控服务,AP-2026-000310,2026-06-12,付款单,通用报销单（费用报销）,A08,示例集团·辛公司,MAK04,制单人04,,4,示例集团财务共享中心（本部）,财务共享,通用报销单（费用报销）,通用审批类,2026-06-09 17:58:55,2026-06-09 17:59:31,2026-06-09 17:59:52,FSSC审核岗,1,,应付成本组,自动派单,已派任务少（优先派）,2026-06-09 17:59:52,PC端,AUD02,审核员02,2026-06-09 18:17:52,同意,,审核通过,35分23秒,--,0,,是,1,1,242秒,,0,,,--
费控服务,AP-2026-000311,2026-04-06,应付发票,应付确认单（物料类）,A01,示例集团·甲公司,MAK11,制单人11,,6,示例集团财务共享中心（本部）,财务共享,应付确认单（物料类）,通用审批类,2026-04-12 20:39:15,2026-04-12 20:39:36,2026-04-12 20:41:09,FSSC审核岗,1,,应付成本组,自动派单,已派任务少（优先派）,2026-04-12 20:41:09,PC端,AUD03,审核员03,2026-04-12 20:58:09,同意,,审核通过,13分33秒,--,0,,是,1,1,264秒,,0,,,--
财务会计,AP-2026-000312,2026-03-14,通用报销单,应付付款单（差旅费）,A10,示例集团·癸公司,MAK03,制单人03,,1,示例集团财务共享中心（本部）,财务共享,应付付款单（差旅费）,通用审批类,2026-01-04 16:42:04,2026-01-04 16:42:07,2026-01-04 16:43:54,FSSC审核岗,1,,应付成本组,自动派单,已派任务少（优先派）,2026-01-04 16:43:54,PC端,AUD02,审核员02,2026-01-04 17:17:54,同意,其他,审核通过,32分12秒,37分41秒,0,,是,1,1,208秒,,0,,,1
财务会计,AP-2026-000313,2026-02-09,应付发票,应付付款单（材料采购）,A08,示例集团·辛公司,MAK09,制单人09,,1,示例集团财务共享中心（本部）,财务共享,应付付款单（材料采购）,通用审批类,2026-01-20 19:04:00,2026-01-20 19:05:00,2026-01-20 19:06:58,FSSC审核岗,1,,应付成本组,自动派单,已派任务少（优先派）,2026-01-20 19:06:58,PC端,AUD05,审核员05,2026-01-20 20:00:58,同意,,审核通过,30分51秒,--,0,,是,1,1,41秒,,0,,,--
财务会计,AP-2026-000314,2026-05-27,应付发票,应付付款单（差旅费）,A04,示例集团·丁公司,MAK12,制单人12,,3,示例集团财务共享中心（本部）,财务共享,应付付款单（差旅费）,通用审批类,2026-01-02 17:17:33,2026-01-02 17:17:36,2026-01-02 17:19:10,FSSC审核岗,1,,应付成本组,自动派单,已派任务少（优先派）,2026-01-02 17:19:10,PC端,AUD07,审核员07,2026-01-02 17:38:10,同意,,审核通过,34分6秒,--,0,,是,1,1,61秒,,0,,,--
费控服务,AP-2026-000315,2026-04-17,付款单,应付付款单（材料采购）,A09,示例集团·壬公司,MAK09,制单人09,,5,示例集团财务共享中心（本部）,财务共享,应付付款单（材料采购）,通用审批类,2026-02-21 10:35:47,2026-02-21 10:36:23,2026-02-21 10:37:17,FSSC审核岗,1,,应付成本组,自动派单,已派任务少（优先派）,2026-02-21 10:37:17,移动端,AUD02,审核员02,2026-02-21 13:49:17,同意,,审核通过,30分44秒,--,0,,是,1,1,228秒,,0,,,--
财务会计,AP-2026-000316,2026-05-13,应付发票,应付付款单（服务费）,A13,示例集团·子公司丙,MAK03,制单人03,,5,示例集团财务共享中心（本部）,财务共享,应付付款单（服务费）,通用审批类,2026-03-06 16:38:28,2026-03-06 16:39:28,2026-03-06 16:40:14,FSSC审核岗,1,,应付成本组,自动派单,已派任务少（优先派）,2026-03-06 16:40:14,移动端,AUD02,审核员02,2026-03-06 18:01:14,同意,,审核通过,27分48秒,--,0,,是,1,1,230秒,,0,,,--
财务会计,AP-2026-000317,2026-06-18,通用报销单,应付付款单（差旅费）,A11,示例集团·子公司甲,MAK06,制单人06,,4,示例集团财务共享中心（本部）,财务共享,应付付款单（差旅费）,通用审批类,2026-05-18 19:16:23,2026-05-18 19:16:52,2026-05-18 19:17:50,FSSC审核岗,1,,应付成本组,自动派单,已派任务少（优先派）,2026-05-18 19:17:50,PC端,AUD02,审核员02,2026-05-18 20:59:50,驳回,业务类型填写错误,审核驳回,39分1秒,20分0秒,0,,是,1,1,163秒,驳回,1,前端单位,示例集团·子公司甲,1
财务会计,AP-2026-000318,2026-05-25,通用报销单,应付确认单（物料类）,A19,示例集团·子公司壬,MAK04,制单人04,,5,示例集团财务共享中心（本部）,财务共享,应付确认单（物料类）,通用审批类,2026-04-18 16:35:36,2026-04-18 16:36:36,2026-04-18 16:37:50,FSSC审核岗,1,,应付成本组,自动派单,已派任务少（优先派）,2026-04-18 16:37:50,PC端,AUD03,审核员03,2026-04-18 17:17:50,驳回,未关联合同,审核驳回,10分8秒,38分15秒,0,,是,2,1,129秒,驳回,1,前端单位,示例集团·子公司壬,2
财务会计,AP-2026-000319,2026-02-19,通用报销单,应付确认单（物料类）,A02,示例集团·乙公司,MAK05,制单人05,,1,示例集团财务共享中心（本部）,财务共享,应付确认单（物料类）,通用审批类,2026-06-24 13:50:30,2026-06-24 13:50:42,2026-06-24 13:51:45,FSSC审核岗,1,,应付成本组,自动派单,已派任务少（优先派）,2026-06-24 13:51:45,移动端,AUD04,审核员04,2026-06-24 16:48:45,同意,,审核通过,39分41秒,--,0,,是,1,1,163秒,,0,,,--
费控服务,AP-2026-000320,2026-01-25,付款单,通用报销单（费用报销）,A01,示例集团·甲公司,MAK13,制单人13,,0,示例集团财务共享中心（本部）,财务共享,通用报销单（费用报销）,通用审批类,2026-04-11 13:56:52,2026-04-11 13:57:20,2026-04-11 13:58:14,FSSC审核岗,1,,应付成本组,自动派单,已派任务少（优先派）,2026-04-11 13:58:14,PC端,AUD03,审核员03,2026-04-11 14:29:14,同意,,审核通过,25分3秒,--,0,,是,1,1,166秒,,0,,,--
费控服务,AP-2026-000321,2026-01-11,通用报销单,应付确认单（物料类）,A05,示例集团·戊公司,MAK06,制单人06,,3,示例集团财务共享中心（本部）,财务共享,应付确认单（物料类）,通用审批类,2026-06-05 08:43:46,2026-06-05 08:44:12,2026-06-05 08:45:10,FSSC审核岗,1,,应付成本组,自动派单,已派任务少（优先派）,2026-06-05 08:45:10,PC端,AUD04,审核员04,2026-06-05 11:58:10,同意,,审核通过,28分18秒,--,0,,是,1,1,211秒,,0,,,--
财务会计,AP-2026-000322,2026-04-24,付款单,应付付款单（差旅费）,A02,示例集团·乙公司,MAK06,制单人06,,8,示例集团财务共享中心（本部）,财务共享,应付付款单（差旅费）,通用审批类,2026-06-09 09:25:32,2026-06-09 09:26:00,2026-06-09 09:27:40,FSSC审核岗,1,,应付成本组,自动派单,已派任务少（优先派）,2026-06-09 09:27:40,PC端,AUD04,审核员04,2026-06-09 12:26:40,同意,,审核通过,13分31秒,--,0,,是,1,1,212秒,,0,,,--
费控服务,AP-2026-000323,2026-01-24,付款单,应付付款单（材料采购）,A07,示例集团·庚公司,MAK04,制单人04,,6,示例集团财务共享中心（本部）,财务共享,应付付款单（材料采购）,通用审批类,2026-04-03 12:49:27,2026-04-03 12:49:48,2026-04-03 12:51:16,FSSC审核岗,1,,应付成本组,自动派单,已派任务少（优先派）,2026-04-03 12:51:16,PC端,AUD05,审核员05,2026-04-03 15:19:16,驳回,其他,审核驳回,28分23秒,21分22秒,0,,是,3,1,22秒,驳回,1,前端单位,示例集团·庚公司,3
财务会计,AP-2026-000324,2026-01-27,通用报销单,应付付款单（服务费）,A10,示例集团·癸公司,MAK03,制单人03,,1,示例集团财务共享中心（本部）,财务共享,应付付款单（服务费）,通用审批类,2026-06-05 15:02:59,2026-06-05 15:03:52,2026-06-05 15:04:22,FSSC审核岗,1,,应付成本组,自动派单,已派任务少（优先派）,2026-06-05 15:04:22,PC端,AUD03,审核员03,2026-06-05 15:56:22,同意,,审核通过,8分47秒,--,0,,是,1,1,37秒,,0,,,--
财务会计,AP-2026-000325,2026-03-27,应付发票,应付付款单（服务费）,A02,示例集团·乙公司,MAK10,制单人10,,3,示例集团财务共享中心（本部）,财务共享,应付付款单（服务费）,通用审批类,2026-02-23 20:07:19,2026-02-23 20:07:48,2026-02-23 20:08:49,FSSC审核岗,1,,应付成本组,自动派单,已派任务少（优先派）,2026-02-23 20:08:49,移动端,AUD02,审核员02,2026-02-23 20:14:49,同意,,审核通过,14分34秒,--,0,,是,1,1,277秒,,0,,,--
财务会计,AP-2026-000326,2026-01-05,应付发票,应付确认单（物料类）,A09,示例集团·壬公司,MAK09,制单人09,,3,示例集团财务共享中心（本部）,财务共享,应付确认单（物料类）,通用审批类,2026-06-01 14:37:57,2026-06-01 14:38:40,2026-06-01 14:39:48,FSSC审核岗,1,,应付成本组,自动派单,已派任务少（优先派）,2026-06-01 14:39:48,PC端,AUD05,审核员05,2026-06-01 14:51:48,同意,,审核通过,40分17秒,--,0,,是,1,1,37秒,,0,,,--
财务会计,AP-2026-000327,2026-05-22,应付发票,应付付款单（材料采购）,A05,示例集团·戊公司,MAK16,制单人16,,8,示例集团财务共享中心（本部）,财务共享,应付付款单（材料采购）,通用审批类,2026-01-22 13:55:06,2026-01-22 13:55:08,2026-01-22 13:55:46,FSSC审核岗,1,,应付成本组,自动派单,已派任务少（优先派）,2026-01-22 13:55:46,PC端,AUD01,审核员01,2026-01-22 16:42:46,同意,,审核通过,7分57秒,--,0,,是,1,1,171秒,,0,,,--
财务会计,AP-2026-000328,2026-03-07,付款单,应付确认单（物料类）,A05,示例集团·戊公司,MAK10,制单人10,,2,示例集团财务共享中心（本部）,财务共享,应付确认单（物料类）,通用审批类,2026-03-23 08:02:15,2026-03-23 08:03:15,2026-03-23 08:04:23,FSSC审核岗,1,,应付成本组,自动派单,已派任务少（优先派）,2026-03-23 08:04:23,移动端,AUD01,审核员01,2026-03-23 09:23:23,同意,,审核通过,2分22秒,--,0,,是,1,1,190秒,,0,,,--
费控服务,AP-2026-000329,2026-05-17,应付发票,应付付款单（差旅费）,A03,示例集团·丙公司,MAK05,制单人05,,3,示例集团财务共享中心（本部）,财务共享,应付付款单（差旅费）,通用审批类,2026-02-21 12:56:24,2026-02-21 12:57:21,2026-02-21 12:59:06,FSSC审核岗,1,,应付成本组,自动派单,已派任务少（优先派）,2026-02-21 12:59:06,PC端,AUD07,审核员07,2026-02-21 13:07:06,同意,,审核通过,10分21秒,--,0,,是,1,1,211秒,,0,,,--
财务会计,AP-2026-000330,2026-01-22,通用报销单,其他专项付款单,A07,示例集团·庚公司,MAK02,制单人02,,5,示例集团财务共享中心（本部）,财务共享,其他专项付款单,通用审批类,2026-01-22 11:26:15,2026-01-22 11:26:52,2026-01-22 11:27:12,FSSC审核岗,1,,应付成本组,自动派单,已派任务少（优先派）,2026-01-22 11:27:12,移动端,AUD03,审核员03,2026-01-22 13:17:12,同意,,审核通过,29分34秒,--,0,,是,1,1,77秒,,0,,,--
财务会计,AP-2026-000331,2026-03-26,付款单,应付付款单（材料采购）,A02,示例集团·乙公司,MAK03,制单人03,,2,示例集团财务共享中心（本部）,财务共享,应付付款单（材料采购）,通用审批类,2026-02-10 19:45:57,2026-02-10 19:46:31,2026-02-10 19:48:28,FSSC审核岗,1,,应付成本组,自动派单,已派任务少（优先派）,2026-02-10 19:48:28,PC端,AUD04,审核员04,2026-02-10 20:23:28,同意,,审核通过,37分58秒,--,0,,是,1,1,90秒,,0,,,--
财务会计,AP-2026-000332,2026-04-04,付款单,其他专项付款单,A03,示例集团·丙公司,MAK09,制单人09,,4,示例集团财务共享中心（本部）,财务共享,其他专项付款单,通用审批类,2026-03-05 19:01:48,2026-03-05 19:02:09,2026-03-05 19:04:02,FSSC审核岗,1,,应付成本组,自动派单,已派任务少（优先派）,2026-03-05 19:04:02,PC端,AUD07,审核员07,2026-03-05 20:50:02,同意,,审核通过,10分49秒,--,0,,是,1,1,106秒,,0,,,--
费控服务,AP-2026-000333,2026-06-20,应付发票,应付确认单（物料类）,A01,示例集团·甲公司,MAK03,制单人03,,7,示例集团财务共享中心（本部）,财务共享,应付确认单（物料类）,通用审批类,2026-04-19 17:14:38,2026-04-19 17:14:53,2026-04-19 17:15:23,FSSC审核岗,1,,应付成本组,自动派单,已派任务少（优先派）,2026-04-19 17:15:23,PC端,AUD06,审核员06,2026-04-19 20:11:23,驳回,未关联合同,审核驳回,9分32秒,--,0,,是,1,1,250秒,驳回,1,制单人,制单人03,1
财务会计,AP-2026-000334,2026-01-16,应付发票,应付付款单（服务费）,A09,示例集团·壬公司,MAK06,制单人06,,3,示例集团财务共享中心（本部）,财务共享,应付付款单（服务费）,通用审批类,2026-01-07 11:02:26,2026-01-07 11:03:15,2026-01-07 11:03:17,FSSC审核岗,1,,应付成本组,自动派单,已派任务少（优先派）,2026-01-07 11:03:17,移动端,AUD06,审核员06,2026-01-07 12:13:17,同意,,审核通过,14分4秒,--,0,,是,1,1,100秒,,0,,,--
财务会计,AP-2026-000335,2026-03-16,通用报销单,应付付款单（差旅费）,A15,示例集团·子公司戊,MAK16,制单人16,,5,示例集团财务共享中心（本部）,财务共享,应付付款单（差旅费）,通用审批类,2026-04-15 11:27:25,2026-04-15 11:28:15,2026-04-15 11:28:21,FSSC审核岗,1,,应付成本组,自动派单,已派任务少（优先派）,2026-04-15 11:28:21,移动端,AUD07,审核员07,2026-04-15 14:04:21,同意,,审核通过,26分39秒,--,0,,是,1,1,284秒,,0,,,--
财务会计,AP-2026-000336,2026-06-17,应付发票,应付确认单（物料类）,A05,示例集团·戊公司,MAK15,制单人15,,6,示例集团财务共享中心（本部）,财务共享,应付确认单（物料类）,通用审批类,2026-04-27 08:56:15,2026-04-27 08:56:49,2026-04-27 08:57:58,FSSC审核岗,1,,应付成本组,自动派单,已派任务少（优先派）,2026-04-27 08:57:58,移动端,AUD06,审核员06,2026-04-27 10:39:58,同意,附件不完整,审核通过,34分48秒,4分12秒,0,,是,1,1,159秒,,0,,,1
费控服务,AP-2026-000337,2026-04-10,付款单,应付付款单（材料采购）,A04,示例集团·丁公司,MAK15,制单人15,,1,示例集团财务共享中心（本部）,财务共享,应付付款单（材料采购）,通用审批类,2026-04-10 17:58:03,2026-04-10 17:58:48,2026-04-10 17:59:55,FSSC审核岗,1,,应付成本组,自动派单,已派任务少（优先派）,2026-04-10 17:59:55,PC端,AUD06,审核员06,2026-04-10 18:36:55,同意,,审核通过,33分7秒,--,0,,是,1,1,102秒,,0,,,--
费控服务,AP-2026-000338,2026-05-05,通用报销单,其他专项付款单,A10,示例集团·癸公司,MAK16,制单人16,,1,示例集团财务共享中心（本部）,财务共享,其他专项付款单,通用审批类,2026-04-15 08:11:29,2026-04-15 08:12:07,2026-04-15 08:14:02,FSSC审核岗,1,,应付成本组,自动派单,已派任务少（优先派）,2026-04-15 08:14:02,PC端,AUD05,审核员05,2026-04-15 11:17:02,同意,,审核通过,17分20秒,--,0,,是,1,1,93秒,,0,,,--
财务会计,AP-2026-000339,2026-06-15,付款单,应付付款单（差旅费）,A09,示例集团·壬公司,MAK02,制单人02,,6,示例集团财务共享中心（本部）,财务共享,应付付款单（差旅费）,通用审批类,2026-01-17 19:24:46,2026-01-17 19:25:37,2026-01-17 19:26:43,FSSC审核岗,1,,应付成本组,自动派单,已派任务少（优先派）,2026-01-17 19:26:43,PC端,AUD01,审核员01,2026-01-17 22:03:43,同意,,审核通过,3分49秒,--,0,,是,1,1,97秒,,0,,,--
财务会计,AP-2026-000340,2026-06-05,应付发票,通用报销单（费用报销）,A15,示例集团·子公司戊,MAK10,制单人10,,4,示例集团财务共享中心（本部）,财务共享,通用报销单（费用报销）,通用审批类,2026-03-06 20:45:03,2026-03-06 20:45:30,2026-03-06 20:46:10,FSSC审核岗,1,,应付成本组,自动派单,已派任务少（优先派）,2026-03-06 20:46:10,PC端,AUD05,审核员05,2026-03-06 22:06:10,同意,,审核通过,12分7秒,--,0,,是,1,1,77秒,,0,,,--
财务会计,AP-2026-000341,2026-05-01,应付发票,其他专项付款单,A17,示例集团·子公司庚,MAK01,制单人01,,7,示例集团财务共享中心（本部）,财务共享,其他专项付款单,通用审批类,2026-05-16 16:51:00,2026-05-16 16:51:39,2026-05-16 16:53:32,FSSC审核岗,1,,应付成本组,自动派单,已派任务少（优先派）,2026-05-16 16:53:32,移动端,AUD06,审核员06,2026-05-16 19:00:32,同意,,审核通过,30分26秒,--,0,,是,1,1,236秒,,0,,,--
财务会计,AP-2026-000342,2026-06-18,通用报销单,应付确认单（物料类）,A01,示例集团·甲公司,MAK10,制单人10,,0,示例集团财务共享中心（本部）,财务共享,应付确认单（物料类）,通用审批类,2026-04-18 11:03:11,2026-04-18 11:03:21,2026-04-18 11:03:29,FSSC审核岗,1,,应付成本组,自动派单,已派任务少（优先派）,2026-04-18 11:03:29,移动端,AUD02,审核员02,2026-04-18 13:51:29,同意,,审核通过,37分53秒,--,0,,是,1,1,162秒,,0,,,--
财务会计,AP-2026-000343,2026-01-06,通用报销单,应付付款单（服务费）,A03,示例集团·丙公司,MAK02,制单人02,,5,示例集团财务共享中心（本部）,财务共享,应付付款单（服务费）,通用审批类,2026-02-20 18:44:44,2026-02-20 18:45:23,2026-02-20 18:46:37,FSSC审核岗,1,,应付成本组,自动派单,已派任务少（优先派）,2026-02-20 18:46:37,移动端,AUD01,审核员01,2026-02-20 21:10:37,同意,,审核通过,3分5秒,--,0,,是,1,1,163秒,,0,,,--
费控服务,AP-2026-000344,2026-04-25,通用报销单,应付付款单（差旅费）,A03,示例集团·丙公司,MAK15,制单人15,,3,示例集团财务共享中心（本部）,财务共享,应付付款单（差旅费）,通用审批类,2026-02-03 12:30:08,2026-02-03 12:30:16,2026-02-03 12:31:45,FSSC审核岗,1,,应付成本组,自动派单,已派任务少（优先派）,2026-02-03 12:31:45,移动端,AUD06,审核员06,2026-02-03 13:42:45,同意,,审核通过,14分39秒,--,0,,是,1,1,39秒,,0,,,--
费控服务,AP-2026-000345,2026-04-03,应付发票,应付付款单（差旅费）,A01,示例集团·甲公司,MAK12,制单人12,,5,示例集团财务共享中心（本部）,财务共享,应付付款单（差旅费）,通用审批类,2026-02-20 20:45:18,2026-02-20 20:45:46,2026-02-20 20:47:04,FSSC审核岗,1,,应付成本组,自动派单,已派任务少（优先派）,2026-02-20 20:47:04,PC端,AUD05,审核员05,2026-02-20 22:09:04,同意,,审核通过,9分39秒,--,0,,是,1,1,298秒,,0,,,--
财务会计,AP-2026-000346,2026-06-26,通用报销单,应付付款单（服务费）,A05,示例集团·戊公司,MAK12,制单人12,,3,示例集团财务共享中心（本部）,财务共享,应付付款单（服务费）,通用审批类,2026-06-08 19:18:12,2026-06-08 19:18:13,2026-06-08 19:18:29,FSSC审核岗,1,,应付成本组,自动派单,已派任务少（优先派）,2026-06-08 19:18:29,PC端,AUD04,审核员04,2026-06-08 19:25:29,同意,,审核通过,40分26秒,--,0,,是,1,1,221秒,,0,,,--
费控服务,AP-2026-000347,2026-04-07,付款单,应付确认单（物料类）,A01,示例集团·甲公司,MAK06,制单人06,,0,示例集团财务共享中心（本部）,财务共享,应付确认单（物料类）,通用审批类,2026-05-23 12:16:50,2026-05-23 12:16:55,2026-05-23 12:17:35,FSSC审核岗,1,,应付成本组,自动派单,已派任务少（优先派）,2026-05-23 12:17:35,移动端,AUD06,审核员06,2026-05-23 13:34:35,同意,,审核通过,8分43秒,--,0,,是,1,1,180秒,,0,,,--
财务会计,AP-2026-000348,2026-01-01,付款单,应付付款单（差旅费）,A03,示例集团·丙公司,MAK12,制单人12,,7,示例集团财务共享中心（本部）,财务共享,应付付款单（差旅费）,通用审批类,2026-03-27 13:59:43,2026-03-27 14:00:14,2026-03-27 14:02:12,FSSC审核岗,1,,应付成本组,自动派单,已派任务少（优先派）,2026-03-27 14:02:12,移动端,AUD05,审核员05,2026-03-27 16:04:12,同意,,审核通过,10分40秒,--,0,,是,1,1,245秒,,0,,,--
费控服务,AP-2026-000349,2026-01-26,应付发票,其他专项付款单,A14,示例集团·子公司丁,MAK09,制单人09,,5,示例集团财务共享中心（本部）,财务共享,其他专项付款单,通用审批类,2026-04-02 16:19:36,2026-04-02 16:20:23,2026-04-02 16:21:50,FSSC审核岗,1,,应付成本组,自动派单,已派任务少（优先派）,2026-04-02 16:21:50,PC端,AUD03,审核员03,2026-04-02 17:42:50,同意,附件不完整,审核通过,23分4秒,--,0,,是,1,1,153秒,,0,,,1
财务会计,AP-2026-000350,2026-03-18,付款单,其他专项付款单,A12,示例集团·子公司乙,MAK06,制单人06,,0,示例集团财务共享中心（本部）,财务共享,其他专项付款单,通用审批类,2026-03-13 10:38:07,2026-03-13 10:39:03,2026-03-13 10:40:44,FSSC审核岗,1,,应付成本组,自动派单,已派任务少（优先派）,2026-03-13 10:40:44,移动端,AUD03,审核员03,2026-03-13 13:53:44,同意,,审核通过,18分26秒,--,0,,是,1,1,54秒,,0,,,--
财务会计,AP-2026-000351,2026-04-10,付款单,应付付款单（差旅费）,A05,示例集团·戊公司,MAK04,制单人04,,0,示例集团财务共享中心（本部）,财务共享,应付付款单（差旅费）,通用审批类,2026-04-06 09:23:50,2026-04-06 09:23:53,2026-04-06 09:25:33,FSSC审核岗,1,,应付成本组,自动派单,已派任务少（优先派）,2026-04-06 09:25:33,移动端,AUD04,审核员04,2026-04-06 10:17:33,同意,,审核通过,31分57秒,--,0,,是,1,1,266秒,,0,,,--
财务会计,AP-2026-000352,2026-05-28,通用报销单,应付付款单（服务费）,A02,示例集团·乙公司,MAK06,制单人06,,0,示例集团财务共享中心（本部）,财务共享,应付付款单（服务费）,通用审批类,2026-02-11 10:49:55,2026-02-11 10:50:02,2026-02-11 10:51:48,FSSC审核岗,1,,应付成本组,自动派单,已派任务少（优先派）,2026-02-11 10:51:48,移动端,AUD04,审核员04,2026-02-11 13:04:48,同意,,审核通过,30分24秒,--,0,,是,1,1,277秒,,0,,,--
财务会计,AP-2026-000353,2026-01-28,应付发票,其他专项付款单,A01,示例集团·甲公司,MAK05,制单人05,,4,示例集团财务共享中心（本部）,财务共享,其他专项付款单,通用审批类,2026-02-11 15:56:02,2026-02-11 15:56:09,2026-02-11 15:57:16,FSSC审核岗,1,,应付成本组,自动派单,已派任务少（优先派）,2026-02-11 15:57:16,移动端,AUD01,审核员01,2026-02-11 19:14:16,同意,,审核通过,14分20秒,--,0,,是,1,1,112秒,,0,,,--
财务会计,AP-2026-000354,2026-03-15,应付发票,通用报销单（费用报销）,A02,示例集团·乙公司,MAK05,制单人05,,5,示例集团财务共享中心（本部）,财务共享,通用报销单（费用报销）,通用审批类,2026-01-05 10:17:07,2026-01-05 10:17:08,2026-01-05 10:18:28,FSSC审核岗,1,,应付成本组,自动派单,已派任务少（优先派）,2026-01-05 10:18:28,PC端,AUD03,审核员03,2026-01-05 12:42:28,同意,,审核通过,36分20秒,--,0,,是,1,1,148秒,,0,,,--
财务会计,AP-2026-000355,2026-02-08,应付发票,应付付款单（服务费）,A02,示例集团·乙公司,MAK12,制单人12,,1,示例集团财务共享中心（本部）,财务共享,应付付款单（服务费）,通用审批类,2026-04-20 13:34:28,2026-04-20 13:34:32,2026-04-20 13:34:49,FSSC审核岗,1,,应付成本组,自动派单,已派任务少（优先派）,2026-04-20 13:34:49,移动端,AUD02,审核员02,2026-04-20 13:42:49,同意,,审核通过,25分3秒,--,0,,是,1,1,54秒,,0,,,--
费控服务,AP-2026-000356,2026-04-19,通用报销单,通用报销单（费用报销）,A04,示例集团·丁公司,MAK03,制单人03,,8,示例集团财务共享中心（本部）,财务共享,通用报销单（费用报销）,通用审批类,2026-03-23 15:39:22,2026-03-23 15:39:42,2026-03-23 15:40:25,FSSC审核岗,1,,应付成本组,自动派单,已派任务少（优先派）,2026-03-23 15:40:25,移动端,AUD05,审核员05,2026-03-23 16:31:25,同意,,审核通过,6分59秒,--,0,,是,1,1,248秒,,0,,,--
费控服务,AP-2026-000357,2026-03-23,应付发票,应付付款单（差旅费）,A06,示例集团·己公司,MAK02,制单人02,,4,示例集团财务共享中心（本部）,财务共享,应付付款单（差旅费）,通用审批类,2026-06-10 18:41:45,2026-06-10 18:42:35,2026-06-10 18:43:35,FSSC审核岗,1,,应付成本组,自动派单,已派任务少（优先派）,2026-06-10 18:43:35,PC端,AUD06,审核员06,2026-06-10 20:44:35,同意,,审核通过,24分25秒,--,0,,是,1,1,103秒,,0,,,--
财务会计,AP-2026-000358,2026-04-11,付款单,应付确认单（物料类）,A08,示例集团·辛公司,MAK11,制单人11,,2,示例集团财务共享中心（本部）,财务共享,应付确认单（物料类）,通用审批类,2026-06-03 15:07:22,2026-06-03 15:07:53,2026-06-03 15:08:53,FSSC审核岗,1,,应付成本组,自动派单,已派任务少（优先派）,2026-06-03 15:08:53,PC端,AUD06,审核员06,2026-06-03 15:52:53,同意,,审核通过,33分6秒,--,0,,是,1,1,217秒,,0,,,--
财务会计,AP-2026-000359,2026-04-21,通用报销单,其他专项付款单,A11,示例集团·子公司甲,MAK13,制单人13,,7,示例集团财务共享中心（本部）,财务共享,其他专项付款单,通用审批类,2026-05-18 15:25:37,2026-05-18 15:26:04,2026-05-18 15:26:35,FSSC审核岗,1,,应付成本组,自动派单,已派任务少（优先派）,2026-05-18 15:26:35,移动端,AUD03,审核员03,2026-05-18 18:05:35,同意,,审核通过,25分4秒,--,0,,是,1,1,184秒,,0,,,--
费控服务,AP-2026-000360,2026-06-14,通用报销单,应付付款单（差旅费）,A02,示例集团·乙公司,MAK12,制单人12,,7,示例集团财务共享中心（本部）,财务共享,应付付款单（差旅费）,通用审批类,2026-02-18 19:15:11,2026-02-18 19:15:54,2026-02-18 19:17:20,FSSC审核岗,1,,应付成本组,自动派单,已派任务少（优先派）,2026-02-18 19:17:20,PC端,AUD04,审核员04,2026-02-18 19:37:20,同意,,审核通过,8分37秒,--,0,,是,1,1,247秒,,0,,,--
财务会计,AP-2026-000361,2026-03-10,付款单,通用报销单（费用报销）,A03,示例集团·丙公司,MAK02,制单人02,,0,示例集团财务共享中心（本部）,财务共享,通用报销单（费用报销）,通用审批类,2026-06-04 18:52:38,2026-06-04 18:53:28,2026-06-04 18:55:13,FSSC审核岗,1,,应付成本组,自动派单,已派任务少（优先派）,2026-06-04 18:55:13,移动端,AUD04,审核员04,2026-06-04 20:33:13,同意,,审核通过,6分13秒,--,0,,是,1,1,81秒,,0,,,--
财务会计,AP-2026-000362,2026-06-01,应付发票,其他专项付款单,A14,示例集团·子公司丁,MAK15,制单人15,,5,示例集团财务共享中心（本部）,财务共享,其他专项付款单,通用审批类,2026-06-05 15:34:18,2026-06-05 15:34:43,2026-06-05 15:36:02,FSSC审核岗,1,,应付成本组,自动派单,已派任务少（优先派）,2026-06-05 15:36:02,移动端,AUD05,审核员05,2026-06-05 18:04:02,同意,,审核通过,20分36秒,--,0,,是,1,1,165秒,,0,,,--
财务会计,AP-2026-000363,2026-02-12,通用报销单,应付付款单（材料采购）,A15,示例集团·子公司戊,MAK15,制单人15,,0,示例集团财务共享中心（本部）,财务共享,应付付款单（材料采购）,通用审批类,2026-01-20 16:25:54,2026-01-20 16:26:03,2026-01-20 16:27:53,FSSC审核岗,1,,应付成本组,自动派单,已派任务少（优先派）,2026-01-20 16:27:53,移动端,AUD06,审核员06,2026-01-20 17:43:53,驳回,附件信息不一致,审核驳回,1分45秒,23分7秒,0,,是,3,1,154秒,驳回,1,前端单位,示例集团·子公司戊,3
费控服务,AP-2026-000364,2026-02-13,通用报销单,其他专项付款单,A13,示例集团·子公司丙,MAK04,制单人04,,8,示例集团财务共享中心（本部）,财务共享,其他专项付款单,通用审批类,2026-02-13 14:24:27,2026-02-13 14:25:02,2026-02-13 14:25:30,FSSC审核岗,1,,应付成本组,自动派单,已派任务少（优先派）,2026-02-13 14:25:30,PC端,AUD05,审核员05,2026-02-13 17:15:30,同意,,审核通过,25分53秒,--,0,,是,1,1,194秒,,0,,,--
费控服务,AP-2026-000365,2026-03-22,通用报销单,应付付款单（服务费）,A12,示例集团·子公司乙,MAK03,制单人03,,2,示例集团财务共享中心（本部）,财务共享,应付付款单（服务费）,通用审批类,2026-06-03 18:01:09,2026-06-03 18:01:56,2026-06-03 18:03:50,FSSC审核岗,1,,应付成本组,自动派单,已派任务少（优先派）,2026-06-03 18:03:50,PC端,AUD07,审核员07,2026-06-03 20:08:50,同意,,审核通过,6分8秒,--,0,,是,1,1,222秒,,0,,,--
财务会计,AP-2026-000366,2026-01-14,应付发票,通用报销单（费用报销）,A13,示例集团·子公司丙,MAK15,制单人15,,0,示例集团财务共享中心（本部）,财务共享,通用报销单（费用报销）,通用审批类,2026-06-17 14:35:52,2026-06-17 14:36:21,2026-06-17 14:37:11,FSSC审核岗,1,,应付成本组,自动派单,已派任务少（优先派）,2026-06-17 14:37:11,PC端,AUD05,审核员05,2026-06-17 16:08:11,同意,,审核通过,37分31秒,--,0,,是,1,1,131秒,,0,,,--
财务会计,AP-2026-000367,2026-02-19,应付发票,应付付款单（材料采购）,A09,示例集团·壬公司,MAK05,制单人05,,8,示例集团财务共享中心（本部）,财务共享,应付付款单（材料采购）,通用审批类,2026-06-19 15:45:23,2026-06-19 15:45:31,2026-06-19 15:46:46,FSSC审核岗,1,,应付成本组,自动派单,已派任务少（优先派）,2026-06-19 15:46:46,PC端,AUD07,审核员07,2026-06-19 17:50:46,同意,,审核通过,18分29秒,--,0,,是,1,1,274秒,,0,,,--
财务会计,AP-2026-000368,2026-06-16,应付发票,通用报销单（费用报销）,A01,示例集团·甲公司,MAK15,制单人15,,5,示例集团财务共享中心（本部）,财务共享,通用报销单（费用报销）,通用审批类,2026-03-22 09:43:40,2026-03-22 09:44:15,2026-03-22 09:45:58,FSSC审核岗,1,,应付成本组,自动派单,已派任务少（优先派）,2026-03-22 09:45:58,移动端,AUD01,审核员01,2026-03-22 12:14:58,同意,业务类型填写错误,审核通过,35分49秒,30分32秒,0,,是,1,1,250秒,,0,,,1
财务会计,AP-2026-000369,2026-06-26,通用报销单,应付确认单（物料类）,A06,示例集团·己公司,MAK06,制单人06,,7,示例集团财务共享中心（本部）,财务共享,应付确认单（物料类）,通用审批类,2026-01-02 19:59:38,2026-01-02 20:00:26,2026-01-02 20:01:05,FSSC审核岗,1,,应付成本组,自动派单,已派任务少（优先派）,2026-01-02 20:01:05,移动端,AUD03,审核员03,2026-01-02 23:08:05,同意,,审核通过,38分10秒,--,0,,是,1,1,36秒,,0,,,--
财务会计,AP-2026-000370,2026-02-01,应付发票,应付付款单（材料采购）,A07,示例集团·庚公司,MAK05,制单人05,,4,示例集团财务共享中心（本部）,财务共享,应付付款单（材料采购）,通用审批类,2026-06-05 16:04:54,2026-06-05 16:05:45,2026-06-05 16:06:21,FSSC审核岗,1,,应付成本组,自动派单,已派任务少（优先派）,2026-06-05 16:06:21,移动端,AUD06,审核员06,2026-06-05 17:11:21,同意,,审核通过,1分47秒,--,0,,是,1,1,67秒,,0,,,--
财务会计,AP-2026-000371,2026-05-22,通用报销单,应付付款单（材料采购）,A07,示例集团·庚公司,MAK15,制单人15,,5,示例集团财务共享中心（本部）,财务共享,应付付款单（材料采购）,通用审批类,2026-03-06 12:50:44,2026-03-06 12:51:00,2026-03-06 12:52:03,FSSC审核岗,1,,应付成本组,自动派单,已派任务少（优先派）,2026-03-06 12:52:03,PC端,AUD06,审核员06,2026-03-06 13:39:03,同意,,审核通过,6分9秒,--,0,,是,1,1,88秒,,0,,,--
财务会计,AP-2026-000372,2026-06-13,付款单,应付付款单（材料采购）,A12,示例集团·子公司乙,MAK13,制单人13,,1,示例集团财务共享中心（本部）,财务共享,应付付款单（材料采购）,通用审批类,2026-02-24 18:10:13,2026-02-24 18:10:50,2026-02-24 18:12:24,FSSC审核岗,1,,应付成本组,自动派单,已派任务少（优先派）,2026-02-24 18:12:24,PC端,AUD03,审核员03,2026-02-24 19:41:24,驳回,附件信息不一致,审核驳回,4分10秒,31分19秒,0,,是,2,1,253秒,驳回,1,制单人,制单人13,2
财务会计,AP-2026-000373,2026-01-13,通用报销单,应付付款单（材料采购）,A09,示例集团·壬公司,MAK13,制单人13,,6,示例集团财务共享中心（本部）,财务共享,应付付款单（材料采购）,通用审批类,2026-03-16 12:09:33,2026-03-16 12:10:29,2026-03-16 12:11:25,FSSC审核岗,1,,应付成本组,自动派单,已派任务少（优先派）,2026-03-16 12:11:25,PC端,AUD04,审核员04,2026-03-16 12:15:25,同意,,审核通过,21分33秒,--,0,,是,1,1,31秒,,0,,,--
财务会计,AP-2026-000374,2026-06-28,通用报销单,应付付款单（服务费）,A01,示例集团·甲公司,MAK09,制单人09,,7,示例集团财务共享中心（本部）,财务共享,应付付款单（服务费）,通用审批类,2026-04-21 12:21:17,2026-04-21 12:21:35,2026-04-21 12:23:18,FSSC审核岗,1,,应付成本组,自动派单,已派任务少（优先派）,2026-04-21 12:23:18,PC端,AUD03,审核员03,2026-04-21 12:49:18,同意,,审核通过,16分46秒,--,0,,是,1,1,109秒,,0,,,--
财务会计,AP-2026-000375,2026-04-11,应付发票,应付确认单（物料类）,A05,示例集团·戊公司,MAK11,制单人11,,4,示例集团财务共享中心（本部）,财务共享,应付确认单（物料类）,通用审批类,2026-01-01 09:00:26,2026-01-01 09:00:33,2026-01-01 09:01:41,FSSC审核岗,1,,应付成本组,自动派单,已派任务少（优先派）,2026-01-01 09:01:41,PC端,AUD07,审核员07,2026-01-01 09:28:41,同意,,审核通过,17分12秒,--,0,,是,1,1,27秒,,0,,,--
费控服务,AP-2026-000376,2026-01-22,应付发票,应付付款单（服务费）,A01,示例集团·甲公司,MAK02,制单人02,,2,示例集团财务共享中心（本部）,财务共享,应付付款单（服务费）,通用审批类,2026-05-04 19:07:05,2026-05-04 19:08:00,2026-05-04 19:09:18,FSSC审核岗,1,,应付成本组,自动派单,已派任务少（优先派）,2026-05-04 19:09:18,PC端,AUD07,审核员07,2026-05-04 19:43:18,同意,,审核通过,8分44秒,--,0,,是,1,1,104秒,,0,,,--
财务会计,AP-2026-000377,2026-02-21,通用报销单,通用报销单（费用报销）,A02,示例集团·乙公司,MAK08,制单人08,,1,示例集团财务共享中心（本部）,财务共享,通用报销单（费用报销）,通用审批类,2026-05-25 14:44:57,2026-05-25 14:45:40,2026-05-25 14:47:19,FSSC审核岗,1,,应付成本组,自动派单,已派任务少（优先派）,2026-05-25 14:47:19,PC端,AUD07,审核员07,2026-05-25 18:05:19,同意,,审核通过,18分49秒,--,0,,是,1,1,41秒,,0,,,--
财务会计,AP-2026-000378,2026-06-27,应付发票,应付确认单（物料类）,A04,示例集团·丁公司,MAK06,制单人06,,8,示例集团财务共享中心（本部）,财务共享,应付确认单（物料类）,通用审批类,2026-06-03 15:59:12,2026-06-03 15:59:52,2026-06-03 16:00:43,FSSC审核岗,1,,应付成本组,自动派单,已派任务少（优先派）,2026-06-03 16:00:43,PC端,AUD01,审核员01,2026-06-03 16:46:43,同意,,审核通过,28分13秒,--,0,,是,1,1,64秒,,0,,,--
财务会计,AP-2026-000379,2026-04-03,通用报销单,应付付款单（服务费）,A15,示例集团·子公司戊,MAK12,制单人12,,0,示例集团财务共享中心（本部）,财务共享,应付付款单（服务费）,通用审批类,2026-04-09 20:28:01,2026-04-09 20:28:59,2026-04-09 20:30:03,FSSC审核岗,1,,应付成本组,自动派单,已派任务少（优先派）,2026-04-09 20:30:03,PC端,AUD01,审核员01,2026-04-09 21:09:03,同意,附件不完整,审核通过,25分17秒,22分57秒,0,,是,1,1,210秒,,0,,,1
财务会计,AP-2026-000380,2026-01-16,应付发票,应付付款单（服务费）,A06,示例集团·己公司,MAK09,制单人09,,7,示例集团财务共享中心（本部）,财务共享,应付付款单（服务费）,通用审批类,2026-04-28 19:49:51,2026-04-28 19:50:42,2026-04-28 19:50:51,FSSC审核岗,1,,应付成本组,自动派单,已派任务少（优先派）,2026-04-28 19:50:51,移动端,AUD07,审核员07,2026-04-28 22:09:51,同意,,审核通过,8分36秒,--,0,,是,1,1,284秒,,0,,,--
财务会计,AP-2026-000381,2026-06-13,付款单,应付付款单（差旅费）,A16,示例集团·子公司己,MAK06,制单人06,,3,示例集团财务共享中心（本部）,财务共享,应付付款单（差旅费）,通用审批类,2026-02-03 13:34:54,2026-02-03 13:35:16,2026-02-03 13:35:27,FSSC审核岗,1,,应付成本组,自动派单,已派任务少（优先派）,2026-02-03 13:35:27,PC端,AUD05,审核员05,2026-02-03 15:33:27,同意,,审核通过,12分35秒,--,0,,是,1,1,30秒,,0,,,--
财务会计,AP-2026-000382,2026-04-13,付款单,通用报销单（费用报销）,A18,示例集团·子公司辛,MAK11,制单人11,,0,示例集团财务共享中心（本部）,财务共享,通用报销单（费用报销）,通用审批类,2026-04-12 15:05:56,2026-04-12 15:06:37,2026-04-12 15:07:34,FSSC审核岗,1,,应付成本组,自动派单,已派任务少（优先派）,2026-04-12 15:07:34,PC端,AUD03,审核员03,2026-04-12 18:16:34,同意,业务类型填写错误,审核通过,38分15秒,5分50秒,0,,是,1,1,286秒,,0,,,1
费控服务,AP-2026-000383,2026-03-26,通用报销单,应付付款单（服务费）,A07,示例集团·庚公司,MAK08,制单人08,,8,示例集团财务共享中心（本部）,财务共享,应付付款单（服务费）,通用审批类,2026-04-11 08:21:50,2026-04-11 08:22:37,2026-04-11 08:22:43,FSSC审核岗,1,,应付成本组,自动派单,已派任务少（优先派）,2026-04-11 08:22:43,PC端,AUD07,审核员07,2026-04-11 10:06:43,同意,,审核通过,30分43秒,--,0,,是,1,1,284秒,,0,,,--
财务会计,AP-2026-000384,2026-06-02,应付发票,应付确认单（物料类）,A02,示例集团·乙公司,MAK10,制单人10,,0,示例集团财务共享中心（本部）,财务共享,应付确认单（物料类）,通用审批类,2026-01-21 08:30:58,2026-01-21 08:31:57,2026-01-21 08:33:17,FSSC审核岗,1,,应付成本组,自动派单,已派任务少（优先派）,2026-01-21 08:33:17,PC端,AUD07,审核员07,2026-01-21 08:45:17,同意,,审核通过,12分40秒,--,0,,是,1,1,35秒,,0,,,--
财务会计,AP-2026-000385,2026-02-20,应付发票,应付确认单（物料类）,A14,示例集团·子公司丁,MAK14,制单人14,,6,示例集团财务共享中心（本部）,财务共享,应付确认单（物料类）,通用审批类,2026-05-03 09:07:31,2026-05-03 09:08:10,2026-05-03 09:09:53,FSSC审核岗,1,,应付成本组,自动派单,已派任务少（优先派）,2026-05-03 09:09:53,移动端,AUD01,审核员01,2026-05-03 11:47:53,同意,,审核通过,22分51秒,--,0,,是,1,1,215秒,,0,,,--
费控服务,AP-2026-000386,2026-03-05,应付发票,应付付款单（材料采购）,A03,示例集团·丙公司,MAK16,制单人16,,6,示例集团财务共享中心（本部）,财务共享,应付付款单（材料采购）,通用审批类,2026-06-07 20:02:37,2026-06-07 20:02:49,2026-06-07 20:03:32,FSSC审核岗,1,,应付成本组,自动派单,已派任务少（优先派）,2026-06-07 20:03:32,PC端,AUD05,审核员05,2026-06-07 20:20:32,同意,,审核通过,11分44秒,--,0,,是,1,1,199秒,,0,,,--
费控服务,AP-2026-000387,2026-04-02,通用报销单,应付确认单（物料类）,A06,示例集团·己公司,MAK08,制单人08,,0,示例集团财务共享中心（本部）,财务共享,应付确认单（物料类）,通用审批类,2026-01-28 18:39:24,2026-01-28 18:40:14,2026-01-28 18:40:35,FSSC审核岗,1,,应付成本组,自动派单,已派任务少（优先派）,2026-01-28 18:40:35,移动端,AUD07,审核员07,2026-01-28 18:45:35,同意,,审核通过,12分59秒,--,0,,是,1,1,55秒,,0,,,--
财务会计,AP-2026-000388,2026-04-23,付款单,应付付款单（差旅费）,A08,示例集团·辛公司,MAK10,制单人10,,2,示例集团财务共享中心（本部）,财务共享,应付付款单（差旅费）,通用审批类,2026-03-16 19:08:13,2026-03-16 19:08:23,2026-03-16 19:09:45,FSSC审核岗,1,,应付成本组,自动派单,已派任务少（优先派）,2026-03-16 19:09:45,移动端,AUD02,审核员02,2026-03-16 20:19:45,同意,,审核通过,40分44秒,--,0,,是,1,1,29秒,,0,,,--
费控服务,AP-2026-000389,2026-05-03,通用报销单,其他专项付款单,A06,示例集团·己公司,MAK12,制单人12,,1,示例集团财务共享中心（本部）,财务共享,其他专项付款单,通用审批类,2026-01-10 13:26:00,2026-01-10 13:26:36,2026-01-10 13:27:07,FSSC审核岗,1,,应付成本组,自动派单,已派任务少（优先派）,2026-01-10 13:27:07,移动端,AUD05,审核员05,2026-01-10 14:17:07,同意,,审核通过,40分23秒,--,0,,是,1,1,286秒,,0,,,--
费控服务,AP-2026-000390,2026-05-07,通用报销单,应付付款单（服务费）,A05,示例集团·戊公司,MAK08,制单人08,,0,示例集团财务共享中心（本部）,财务共享,应付付款单（服务费）,通用审批类,2026-02-04 20:09:43,2026-02-04 20:10:38,2026-02-04 20:12:35,FSSC审核岗,1,,应付成本组,自动派单,已派任务少（优先派）,2026-02-04 20:12:35,PC端,AUD05,审核员05,2026-02-04 22:14:35,同意,,审核通过,4分41秒,--,0,,是,1,1,196秒,,0,,,--
费控服务,AP-2026-000391,2026-02-26,付款单,通用报销单（费用报销）,A03,示例集团·丙公司,MAK07,制单人07,,1,示例集团财务共享中心（本部）,财务共享,通用报销单（费用报销）,通用审批类,2026-03-04 19:03:59,2026-03-04 19:04:34,2026-03-04 19:04:57,FSSC审核岗,1,,应付成本组,自动派单,已派任务少（优先派）,2026-03-04 19:04:57,移动端,AUD03,审核员03,2026-03-04 19:45:57,同意,,审核通过,5分57秒,--,0,,是,1,1,130秒,,0,,,--
财务会计,AP-2026-000392,2026-01-07,付款单,应付付款单（服务费）,A09,示例集团·壬公司,MAK10,制单人10,,3,示例集团财务共享中心（本部）,财务共享,应付付款单（服务费）,通用审批类,2026-01-11 11:49:07,2026-01-11 11:49:28,2026-01-11 11:49:58,FSSC审核岗,1,,应付成本组,自动派单,已派任务少（优先派）,2026-01-11 11:49:58,移动端,AUD03,审核员03,2026-01-11 12:15:58,同意,,审核通过,25分57秒,--,0,,是,1,1,122秒,,0,,,--
财务会计,AP-2026-000393,2026-05-14,付款单,应付付款单（服务费）,A01,示例集团·甲公司,MAK10,制单人10,,4,示例集团财务共享中心（本部）,财务共享,应付付款单（服务费）,通用审批类,2026-01-20 15:11:24,2026-01-20 15:11:48,2026-01-20 15:12:06,FSSC审核岗,1,,应付成本组,自动派单,已派任务少（优先派）,2026-01-20 15:12:06,移动端,AUD01,审核员01,2026-01-20 17:10:06,同意,,审核通过,13分21秒,--,0,,是,1,1,75秒,,0,,,--
财务会计,AP-2026-000394,2026-06-04,付款单,其他专项付款单,A01,示例集团·甲公司,MAK10,制单人10,,2,示例集团财务共享中心（本部）,财务共享,其他专项付款单,通用审批类,2026-03-06 20:21:14,2026-03-06 20:22:11,2026-03-06 20:22:49,FSSC审核岗,1,,应付成本组,自动派单,已派任务少（优先派）,2026-03-06 20:22:49,移动端,AUD02,审核员02,2026-03-06 22:57:49,同意,,审核通过,37分35秒,--,0,,是,1,1,127秒,,0,,,--
财务会计,AP-2026-000395,2026-04-07,付款单,通用报销单（费用报销）,A01,示例集团·甲公司,MAK14,制单人14,,3,示例集团财务共享中心（本部）,财务共享,通用报销单（费用报销）,通用审批类,2026-02-15 12:00:46,2026-02-15 12:01:14,2026-02-15 12:02:49,FSSC审核岗,1,,应付成本组,自动派单,已派任务少（优先派）,2026-02-15 12:02:49,移动端,AUD04,审核员04,2026-02-15 13:06:49,同意,,审核通过,38分9秒,--,0,,是,1,1,12秒,,0,,,--
财务会计,AP-2026-000396,2026-04-24,付款单,其他专项付款单,A04,示例集团·丁公司,MAK01,制单人01,,3,示例集团财务共享中心（本部）,财务共享,其他专项付款单,通用审批类,2026-06-14 16:25:30,2026-06-14 16:26:22,2026-06-14 16:28:05,FSSC审核岗,1,,应付成本组,自动派单,已派任务少（优先派）,2026-06-14 16:28:05,PC端,AUD07,审核员07,2026-06-14 19:27:05,同意,,审核通过,6分35秒,--,0,,是,1,1,16秒,,0,,,--
财务会计,AP-2026-000397,2026-03-12,通用报销单,应付付款单（差旅费）,A08,示例集团·辛公司,MAK07,制单人07,,0,示例集团财务共享中心（本部）,财务共享,应付付款单（差旅费）,通用审批类,2026-02-03 08:30:42,2026-02-03 08:31:02,2026-02-03 08:31:23,FSSC审核岗,1,,应付成本组,自动派单,已派任务少（优先派）,2026-02-03 08:31:23,PC端,AUD02,审核员02,2026-02-03 11:32:23,同意,,审核通过,30分29秒,--,0,,是,1,1,80秒,,0,,,--
财务会计,AP-2026-000398,2026-04-12,付款单,应付确认单（物料类）,A13,示例集团·子公司丙,MAK07,制单人07,,6,示例集团财务共享中心（本部）,财务共享,应付确认单（物料类）,通用审批类,2026-06-21 08:55:40,2026-06-21 08:55:45,2026-06-21 08:56:35,FSSC审核岗,1,,应付成本组,自动派单,已派任务少（优先派）,2026-06-21 08:56:35,移动端,AUD06,审核员06,2026-06-21 11:53:35,同意,特殊原因,审核通过,18分44秒,--,0,,是,1,1,287秒,,0,,,1
费控服务,AP-2026-000399,2026-02-20,应付发票,应付确认单（物料类）,A06,示例集团·己公司,MAK04,制单人04,,0,示例集团财务共享中心（本部）,财务共享,应付确认单（物料类）,通用审批类,2026-06-02 16:58:43,2026-06-02 16:59:07,2026-06-02 17:01:01,FSSC审核岗,1,,应付成本组,自动派单,已派任务少（优先派）,2026-06-02 17:01:01,移动端,AUD05,审核员05,2026-06-02 17:15:01,同意,,审核通过,24分23秒,--,0,,是,1,1,99秒,,0,,,--
财务会计,AP-2026-000400,2026-03-25,通用报销单,应付付款单（差旅费）,A07,示例集团·庚公司,MAK12,制单人12,,3,示例集团财务共享中心（本部）,财务共享,应付付款单（差旅费）,通用审批类,2026-03-08 16:07:41,2026-03-08 16:08:12,2026-03-08 16:09:47,FSSC审核岗,1,,应付成本组,自动派单,已派任务少（优先派）,2026-03-08 16:09:47,移动端,AUD04,审核员04,2026-03-08 19:22:47,同意,,审核通过,15分20秒,--,0,,是,1,1,190秒,,0,,,--
财务会计,AP-2026-000401,2026-06-02,应付发票,应付付款单（差旅费）,A14,示例集团·子公司丁,MAK09,制单人09,,8,示例集团财务共享中心（本部）,财务共享,应付付款单（差旅费）,通用审批类,2026-01-15 15:32:33,2026-01-15 15:33:27,2026-01-15 15:33:43,FSSC审核岗,1,,应付成本组,自动派单,已派任务少（优先派）,2026-01-15 15:33:43,PC端,AUD03,审核员03,2026-01-15 17:34:43,同意,,审核通过,19分28秒,--,0,,是,1,1,198秒,,0,,,--
财务会计,AP-2026-000402,2026-06-03,通用报销单,其他专项付款单,A11,示例集团·子公司甲,MAK16,制单人16,,2,示例集团财务共享中心（本部）,财务共享,其他专项付款单,通用审批类,2026-01-15 09:05:25,2026-01-15 09:06:23,2026-01-15 09:06:46,FSSC审核岗,1,,应付成本组,自动派单,已派任务少（优先派）,2026-01-15 09:06:46,移动端,AUD06,审核员06,2026-01-15 10:20:46,同意,,审核通过,18分7秒,--,0,,是,1,1,85秒,,0,,,--
费控服务,AP-2026-000403,2026-05-21,通用报销单,应付付款单（差旅费）,A05,示例集团·戊公司,MAK14,制单人14,,4,示例集团财务共享中心（本部）,财务共享,应付付款单（差旅费）,通用审批类,2026-06-22 16:59:08,2026-06-22 16:59:39,2026-06-22 17:00:24,FSSC审核岗,1,,应付成本组,自动派单,已派任务少（优先派）,2026-06-22 17:00:24,移动端,AUD04,审核员04,2026-06-22 18:48:24,同意,,审核通过,13分4秒,--,0,,是,1,1,21秒,,0,,,--
财务会计,AP-2026-000404,2026-04-21,应付发票,应付付款单（材料采购）,A13,示例集团·子公司丙,MAK04,制单人04,,8,示例集团财务共享中心（本部）,财务共享,应付付款单（材料采购）,通用审批类,2026-03-11 18:41:50,2026-03-11 18:42:11,2026-03-11 18:43:14,FSSC审核岗,1,,应付成本组,自动派单,已派任务少（优先派）,2026-03-11 18:43:14,移动端,AUD07,审核员07,2026-03-11 21:15:14,同意,,审核通过,29分29秒,--,0,,是,1,1,165秒,,0,,,--
财务会计,AP-2026-000405,2026-04-26,付款单,其他专项付款单,A06,示例集团·己公司,MAK15,制单人15,,2,示例集团财务共享中心（本部）,财务共享,其他专项付款单,通用审批类,2026-01-12 12:49:54,2026-01-12 12:49:58,2026-01-12 12:50:17,FSSC审核岗,1,,应付成本组,自动派单,已派任务少（优先派）,2026-01-12 12:50:17,PC端,AUD03,审核员03,2026-01-12 14:21:17,同意,,审核通过,35分18秒,--,0,,是,1,1,103秒,,0,,,--
财务会计,AP-2026-000406,2026-06-22,付款单,通用报销单（费用报销）,A18,示例集团·子公司辛,MAK14,制单人14,,8,示例集团财务共享中心（本部）,财务共享,通用报销单（费用报销）,通用审批类,2026-01-08 09:02:20,2026-01-08 09:02:57,2026-01-08 09:03:14,FSSC审核岗,1,,应付成本组,自动派单,已派任务少（优先派）,2026-01-08 09:03:14,PC端,AUD05,审核员05,2026-01-08 10:56:14,同意,,审核通过,3分42秒,--,0,,是,1,1,172秒,,0,,,--
费控服务,AP-2026-000407,2026-06-06,应付发票,应付付款单（材料采购）,A18,示例集团·子公司辛,MAK03,制单人03,,8,示例集团财务共享中心（本部）,财务共享,应付付款单（材料采购）,通用审批类,2026-06-01 14:59:31,2026-06-01 15:00:21,2026-06-01 15:00:40,FSSC审核岗,1,,应付成本组,自动派单,已派任务少（优先派）,2026-06-01 15:00:40,移动端,AUD04,审核员04,2026-06-01 16:58:40,同意,,审核通过,33分21秒,--,0,,是,1,1,161秒,,0,,,--
财务会计,AP-2026-000408,2026-04-19,应付发票,应付付款单（材料采购）,A05,示例集团·戊公司,MAK05,制单人05,,0,示例集团财务共享中心（本部）,财务共享,应付付款单（材料采购）,通用审批类,2026-03-19 19:58:59,2026-03-19 19:59:28,2026-03-19 20:00:12,FSSC审核岗,1,,应付成本组,自动派单,已派任务少（优先派）,2026-03-19 20:00:12,移动端,AUD07,审核员07,2026-03-19 22:57:12,同意,,审核通过,9分43秒,--,0,,是,1,1,292秒,,0,,,--
财务会计,AP-2026-000409,2026-02-08,应付发票,通用报销单（费用报销）,A01,示例集团·甲公司,MAK01,制单人01,,4,示例集团财务共享中心（本部）,财务共享,通用报销单（费用报销）,通用审批类,2026-05-11 08:38:41,2026-05-11 08:38:54,2026-05-11 08:40:09,FSSC审核岗,1,,应付成本组,自动派单,已派任务少（优先派）,2026-05-11 08:40:09,移动端,AUD05,审核员05,2026-05-11 10:55:09,同意,,审核通过,13分1秒,--,0,,是,1,1,52秒,,0,,,--
财务会计,AP-2026-000410,2026-04-03,付款单,通用报销单（费用报销）,A06,示例集团·己公司,MAK08,制单人08,,6,示例集团财务共享中心（本部）,财务共享,通用报销单（费用报销）,通用审批类,2026-01-16 13:38:38,2026-01-16 13:39:11,2026-01-16 13:39:19,FSSC审核岗,1,,应付成本组,自动派单,已派任务少（优先派）,2026-01-16 13:39:19,PC端,AUD05,审核员05,2026-01-16 16:30:19,同意,,审核通过,24分24秒,--,0,,是,1,1,200秒,,0,,,--
费控服务,AP-2026-000411,2026-06-15,应付发票,通用报销单（费用报销）,A01,示例集团·甲公司,MAK06,制单人06,,6,示例集团财务共享中心（本部）,财务共享,通用报销单（费用报销）,通用审批类,2026-06-24 15:47:26,2026-06-24 15:48:18,2026-06-24 15:49:15,FSSC审核岗,1,,应付成本组,自动派单,已派任务少（优先派）,2026-06-24 15:49:15,移动端,AUD03,审核员03,2026-06-24 17:03:15,同意,,审核通过,27分8秒,--,0,,是,1,1,54秒,,0,,,--
财务会计,AP-2026-000412,2026-03-17,通用报销单,通用报销单（费用报销）,A02,示例集团·乙公司,MAK05,制单人05,,8,示例集团财务共享中心（本部）,财务共享,通用报销单（费用报销）,通用审批类,2026-05-19 20:24:05,2026-05-19 20:24:06,2026-05-19 20:24:59,FSSC审核岗,1,,应付成本组,自动派单,已派任务少（优先派）,2026-05-19 20:24:59,移动端,AUD07,审核员07,2026-05-19 23:08:59,同意,,审核通过,30分45秒,--,0,,是,1,1,300秒,,0,,,--
费控服务,AP-2026-000413,2026-04-13,通用报销单,应付确认单（物料类）,A10,示例集团·癸公司,MAK03,制单人03,,0,示例集团财务共享中心（本部）,财务共享,应付确认单（物料类）,通用审批类,2026-04-02 12:53:37,2026-04-02 12:53:57,2026-04-02 12:55:01,FSSC审核岗,1,,应付成本组,自动派单,已派任务少（优先派）,2026-04-02 12:55:01,移动端,AUD02,审核员02,2026-04-02 15:19:01,同意,,审核通过,10分16秒,--,0,,是,1,1,163秒,,0,,,--
财务会计,AP-2026-000414,2026-03-21,应付发票,通用报销单（费用报销）,A17,示例集团·子公司庚,MAK14,制单人14,,7,示例集团财务共享中心（本部）,财务共享,通用报销单（费用报销）,通用审批类,2026-01-14 10:31:58,2026-01-14 10:32:43,2026-01-14 10:34:06,FSSC审核岗,1,,应付成本组,自动派单,已派任务少（优先派）,2026-01-14 10:34:06,移动端,AUD04,审核员04,2026-01-14 11:37:06,驳回,附件信息不一致,审核驳回,5分38秒,38分30秒,0,,是,2,1,299秒,驳回,1,制单人,制单人14,2
财务会计,AP-2026-000415,2026-05-23,应付发票,应付付款单（服务费）,A04,示例集团·丁公司,MAK05,制单人05,,7,示例集团财务共享中心（本部）,财务共享,应付付款单（服务费）,通用审批类,2026-03-24 17:01:54,2026-03-24 17:02:11,2026-03-24 17:02:32,FSSC审核岗,1,,应付成本组,自动派单,已派任务少（优先派）,2026-03-24 17:02:32,移动端,AUD05,审核员05,2026-03-24 19:31:32,驳回,未关联合同,审核驳回,9分22秒,18分23秒,0,,是,2,1,224秒,驳回,1,前端单位,示例集团·丁公司,2
财务会计,AP-2026-000416,2026-01-10,通用报销单,应付确认单（物料类）,A07,示例集团·庚公司,MAK16,制单人16,,8,示例集团财务共享中心（本部）,财务共享,应付确认单（物料类）,通用审批类,2026-01-03 16:12:49,2026-01-03 16:13:30,2026-01-03 16:13:54,FSSC审核岗,1,,应付成本组,自动派单,已派任务少（优先派）,2026-01-03 16:13:54,PC端,AUD01,审核员01,2026-01-03 19:29:54,驳回,附件不完整,审核驳回,21分55秒,20分17秒,0,,是,1,1,195秒,驳回,1,制单人,制单人16,1
财务会计,AP-2026-000417,2026-04-01,通用报销单,应付付款单（差旅费）,A01,示例集团·甲公司,MAK10,制单人10,,3,示例集团财务共享中心（本部）,财务共享,应付付款单（差旅费）,通用审批类,2026-02-12 20:31:26,2026-02-12 20:31:48,2026-02-12 20:33:46,FSSC审核岗,1,,应付成本组,自动派单,已派任务少（优先派）,2026-02-12 20:33:46,PC端,AUD06,审核员06,2026-02-12 21:15:46,同意,,审核通过,13分50秒,--,0,,是,1,1,296秒,,0,,,--
财务会计,AP-2026-000418,2026-01-18,付款单,其他专项付款单,A07,示例集团·庚公司,MAK14,制单人14,,0,示例集团财务共享中心（本部）,财务共享,其他专项付款单,通用审批类,2026-02-25 20:07:26,2026-02-25 20:07:56,2026-02-25 20:09:54,FSSC审核岗,1,,应付成本组,自动派单,已派任务少（优先派）,2026-02-25 20:09:54,PC端,AUD04,审核员04,2026-02-25 20:29:54,同意,,审核通过,31分22秒,--,0,,是,1,1,169秒,,0,,,--
财务会计,AP-2026-000419,2026-05-20,应付发票,应付付款单（服务费）,A08,示例集团·辛公司,MAK03,制单人03,,2,示例集团财务共享中心（本部）,财务共享,应付付款单（服务费）,通用审批类,2026-04-06 19:19:01,2026-04-06 19:19:49,2026-04-06 19:21:34,FSSC审核岗,1,,应付成本组,自动派单,已派任务少（优先派）,2026-04-06 19:21:34,PC端,AUD04,审核员04,2026-04-06 19:52:34,同意,,审核通过,15分19秒,--,0,,是,1,1,74秒,,0,,,--
财务会计,AP-2026-000420,2026-03-25,付款单,其他专项付款单,A02,示例集团·乙公司,MAK16,制单人16,,8,示例集团财务共享中心（本部）,财务共享,其他专项付款单,通用审批类,2026-01-01 20:30:48,2026-01-01 20:31:16,2026-01-01 20:31:22,FSSC审核岗,1,,应付成本组,自动派单,已派任务少（优先派）,2026-01-01 20:31:22,移动端,AUD03,审核员03,2026-01-01 21:22:22,同意,,审核通过,38分3秒,--,0,,是,1,1,250秒,,0,,,--
财务会计,AP-2026-000421,2026-03-22,应付发票,应付付款单（差旅费）,A01,示例集团·甲公司,MAK05,制单人05,,1,示例集团财务共享中心（本部）,财务共享,应付付款单（差旅费）,通用审批类,2026-06-26 09:58:38,2026-06-26 09:58:52,2026-06-26 10:00:08,FSSC审核岗,1,,应付成本组,自动派单,已派任务少（优先派）,2026-06-26 10:00:08,PC端,AUD01,审核员01,2026-06-26 10:52:08,同意,,审核通过,10分54秒,--,0,,是,1,1,152秒,,0,,,--
财务会计,AP-2026-000422,2026-01-17,应付发票,应付付款单（差旅费）,A16,示例集团·子公司己,MAK06,制单人06,,3,示例集团财务共享中心（本部）,财务共享,应付付款单（差旅费）,通用审批类,2026-02-08 16:36:04,2026-02-08 16:36:11,2026-02-08 16:37:56,FSSC审核岗,1,,应付成本组,自动派单,已派任务少（优先派）,2026-02-08 16:37:56,PC端,AUD02,审核员02,2026-02-08 19:06:56,同意,,审核通过,19分10秒,--,0,,是,1,1,285秒,,0,,,--
财务会计,AP-2026-000423,2026-05-17,付款单,通用报销单（费用报销）,A01,示例集团·甲公司,MAK12,制单人12,,6,示例集团财务共享中心（本部）,财务共享,通用报销单（费用报销）,通用审批类,2026-04-23 17:11:28,2026-04-23 17:12:12,2026-04-23 17:12:26,FSSC审核岗,1,,应付成本组,自动派单,已派任务少（优先派）,2026-04-23 17:12:26,PC端,AUD07,审核员07,2026-04-23 17:59:26,同意,,审核通过,14分32秒,--,0,,是,1,1,126秒,,0,,,--
费控服务,AP-2026-000424,2026-05-15,通用报销单,通用报销单（费用报销）,A04,示例集团·丁公司,MAK13,制单人13,,7,示例集团财务共享中心（本部）,财务共享,通用报销单（费用报销）,通用审批类,2026-06-16 20:23:45,2026-06-16 20:24:04,2026-06-16 20:25:16,FSSC审核岗,1,,应付成本组,自动派单,已派任务少（优先派）,2026-06-16 20:25:16,PC端,AUD03,审核员03,2026-06-16 23:30:16,驳回,附件不完整,审核驳回,8分24秒,39分47秒,0,,是,2,1,169秒,驳回,1,前端单位,示例集团·丁公司,2
财务会计,AP-2026-000425,2026-02-14,通用报销单,通用报销单（费用报销）,A08,示例集团·辛公司,MAK14,制单人14,,7,示例集团财务共享中心（本部）,财务共享,通用报销单（费用报销）,通用审批类,2026-04-07 09:57:53,2026-04-07 09:58:45,2026-04-07 09:59:46,FSSC审核岗,1,,应付成本组,自动派单,已派任务少（优先派）,2026-04-07 09:59:46,移动端,AUD02,审核员02,2026-04-07 12:53:46,同意,业务类型填写错误,审核通过,7分25秒,6分7秒,0,,是,1,1,83秒,,0,,,1
财务会计,AP-2026-000426,2026-01-24,付款单,通用报销单（费用报销）,A04,示例集团·丁公司,MAK12,制单人12,,7,示例集团财务共享中心（本部）,财务共享,通用报销单（费用报销）,通用审批类,2026-01-07 13:12:38,2026-01-07 13:13:33,2026-01-07 13:14:25,FSSC审核岗,1,,应付成本组,自动派单,已派任务少（优先派）,2026-01-07 13:14:25,PC端,AUD07,审核员07,2026-01-07 13:46:25,同意,,审核通过,18分48秒,--,0,,是,1,1,149秒,,0,,,--
费控服务,AP-2026-000427,2026-04-12,付款单,应付确认单（物料类）,A10,示例集团·癸公司,MAK13,制单人13,,7,示例集团财务共享中心（本部）,财务共享,应付确认单（物料类）,通用审批类,2026-06-13 15:32:17,2026-06-13 15:32:27,2026-06-13 15:34:06,FSSC审核岗,1,,应付成本组,自动派单,已派任务少（优先派）,2026-06-13 15:34:06,移动端,AUD07,审核员07,2026-06-13 17:31:06,同意,,审核通过,15分40秒,--,0,,是,1,1,78秒,,0,,,--
财务会计,AP-2026-000428,2026-01-16,通用报销单,应付付款单（差旅费）,A01,示例集团·甲公司,MAK12,制单人12,,8,示例集团财务共享中心（本部）,财务共享,应付付款单（差旅费）,通用审批类,2026-01-13 17:43:20,2026-01-13 17:43:30,2026-01-13 17:44:09,FSSC审核岗,1,,应付成本组,自动派单,已派任务少（优先派）,2026-01-13 17:44:09,PC端,AUD06,审核员06,2026-01-13 20:24:09,同意,,审核通过,32分50秒,--,0,,是,1,1,248秒,,0,,,--
财务会计,AP-2026-000429,2026-03-09,通用报销单,应付确认单（物料类）,A02,示例集团·乙公司,MAK11,制单人11,,7,示例集团财务共享中心（本部）,财务共享,应付确认单（物料类）,通用审批类,2026-06-28 16:34:01,2026-06-28 16:34:50,2026-06-28 16:34:55,FSSC审核岗,1,,应付成本组,自动派单,已派任务少（优先派）,2026-06-28 16:34:55,移动端,AUD04,审核员04,2026-06-28 18:25:55,同意,,审核通过,21分54秒,--,0,,是,1,1,202秒,,0,,,--
费控服务,AP-2026-000430,2026-03-22,通用报销单,应付付款单（材料采购）,A04,示例集团·丁公司,MAK01,制单人01,,7,示例集团财务共享中心（本部）,财务共享,应付付款单（材料采购）,通用审批类,2026-03-23 10:31:27,2026-03-23 10:31:36,2026-03-23 10:32:16,FSSC审核岗,1,,应付成本组,自动派单,已派任务少（优先派）,2026-03-23 10:32:16,PC端,AUD02,审核员02,2026-03-23 13:36:16,同意,,审核通过,36分43秒,--,0,,是,1,1,286秒,,0,,,--
财务会计,AP-2026-000431,2026-05-17,付款单,应付确认单（物料类）,A06,示例集团·己公司,MAK08,制单人08,,0,示例集团财务共享中心（本部）,财务共享,应付确认单（物料类）,通用审批类,2026-02-16 17:24:39,2026-02-16 17:25:23,2026-02-16 17:26:09,FSSC审核岗,1,,应付成本组,自动派单,已派任务少（优先派）,2026-02-16 17:26:09,PC端,AUD06,审核员06,2026-02-16 20:43:09,同意,,审核通过,38分2秒,--,0,,是,1,1,75秒,,0,,,--
费控服务,AP-2026-000432,2026-05-01,付款单,其他专项付款单,A12,示例集团·子公司乙,MAK06,制单人06,,3,示例集团财务共享中心（本部）,财务共享,其他专项付款单,通用审批类,2026-03-11 14:06:27,2026-03-11 14:06:50,2026-03-11 14:07:36,FSSC审核岗,1,,应付成本组,自动派单,已派任务少（优先派）,2026-03-11 14:07:36,移动端,AUD06,审核员06,2026-03-11 15:53:36,同意,,审核通过,16分41秒,--,0,,是,1,1,169秒,,0,,,--
财务会计,AP-2026-000433,2026-05-10,通用报销单,应付确认单（物料类）,A06,示例集团·己公司,MAK15,制单人15,,4,示例集团财务共享中心（本部）,财务共享,应付确认单（物料类）,通用审批类,2026-03-01 16:20:02,2026-03-01 16:20:32,2026-03-01 16:21:57,FSSC审核岗,1,,应付成本组,自动派单,已派任务少（优先派）,2026-03-01 16:21:57,移动端,AUD01,审核员01,2026-03-01 18:10:57,同意,,审核通过,2分44秒,--,0,,是,1,1,250秒,,0,,,--
费控服务,AP-2026-000434,2026-05-13,应付发票,通用报销单（费用报销）,A06,示例集团·己公司,MAK16,制单人16,,5,示例集团财务共享中心（本部）,财务共享,通用报销单（费用报销）,通用审批类,2026-01-26 15:06:44,2026-01-26 15:07:28,2026-01-26 15:07:55,FSSC审核岗,1,,应付成本组,自动派单,已派任务少（优先派）,2026-01-26 15:07:55,移动端,AUD03,审核员03,2026-01-26 16:34:55,同意,,审核通过,11分39秒,--,0,,是,1,1,163秒,,0,,,--
财务会计,AP-2026-000435,2026-01-28,付款单,应付付款单（差旅费）,A04,示例集团·丁公司,MAK07,制单人07,,3,示例集团财务共享中心（本部）,财务共享,应付付款单（差旅费）,通用审批类,2026-03-28 16:13:18,2026-03-28 16:13:35,2026-03-28 16:13:42,FSSC审核岗,1,,应付成本组,自动派单,已派任务少（优先派）,2026-03-28 16:13:42,PC端,AUD04,审核员04,2026-03-28 17:30:42,同意,,审核通过,40分47秒,--,0,,是,1,1,57秒,,0,,,--
财务会计,AP-2026-000436,2026-04-09,付款单,通用报销单（费用报销）,A09,示例集团·壬公司,MAK10,制单人10,,4,示例集团财务共享中心（本部）,财务共享,通用报销单（费用报销）,通用审批类,2026-01-17 15:27:13,2026-01-17 15:27:36,2026-01-17 15:29:18,FSSC审核岗,1,,应付成本组,自动派单,已派任务少（优先派）,2026-01-17 15:29:18,移动端,AUD05,审核员05,2026-01-17 15:49:18,同意,,审核通过,28分42秒,--,0,,是,1,1,286秒,,0,,,--
费控服务,AP-2026-000437,2026-03-17,付款单,应付付款单（差旅费）,A03,示例集团·丙公司,MAK07,制单人07,,3,示例集团财务共享中心（本部）,财务共享,应付付款单（差旅费）,通用审批类,2026-02-18 10:56:01,2026-02-18 10:56:42,2026-02-18 10:58:13,FSSC审核岗,1,,应付成本组,自动派单,已派任务少（优先派）,2026-02-18 10:58:13,PC端,AUD02,审核员02,2026-02-18 13:11:13,同意,,审核通过,30分17秒,--,0,,是,1,1,282秒,,0,,,--
财务会计,AP-2026-000438,2026-04-19,通用报销单,应付付款单（差旅费）,A11,示例集团·子公司甲,MAK14,制单人14,,6,示例集团财务共享中心（本部）,财务共享,应付付款单（差旅费）,通用审批类,2026-01-17 11:23:29,2026-01-17 11:23:39,2026-01-17 11:24:10,FSSC审核岗,1,,应付成本组,自动派单,已派任务少（优先派）,2026-01-17 11:24:10,移动端,AUD07,审核员07,2026-01-17 12:03:10,同意,,审核通过,27分20秒,--,0,,是,1,1,42秒,,0,,,--
财务会计,AP-2026-000439,2026-03-10,通用报销单,通用报销单（费用报销）,A07,示例集团·庚公司,MAK14,制单人14,,4,示例集团财务共享中心（本部）,财务共享,通用报销单（费用报销）,通用审批类,2026-04-22 17:15:25,2026-04-22 17:15:41,2026-04-22 17:15:56,FSSC审核岗,1,,应付成本组,自动派单,已派任务少（优先派）,2026-04-22 17:15:56,PC端,AUD02,审核员02,2026-04-22 17:54:56,同意,,审核通过,30分31秒,--,0,,是,1,1,296秒,,0,,,--
财务会计,AP-2026-000440,2026-06-07,应付发票,应付付款单（差旅费）,A20,示例集团·子公司癸,MAK07,制单人07,,7,示例集团财务共享中心（本部）,财务共享,应付付款单（差旅费）,通用审批类,2026-03-01 12:50:51,2026-03-01 12:51:09,2026-03-01 12:52:34,FSSC审核岗,1,,应付成本组,自动派单,已派任务少（优先派）,2026-03-01 12:52:34,PC端,AUD07,审核员07,2026-03-01 15:13:34,同意,,审核通过,2分3秒,--,0,,是,1,1,52秒,,0,,,--
财务会计,AP-2026-000441,2026-03-14,通用报销单,应付付款单（差旅费）,A03,示例集团·丙公司,MAK05,制单人05,,1,示例集团财务共享中心（本部）,财务共享,应付付款单（差旅费）,通用审批类,2026-02-03 14:53:46,2026-02-03 14:54:40,2026-02-03 14:54:58,FSSC审核岗,1,,应付成本组,自动派单,已派任务少（优先派）,2026-02-03 14:54:58,PC端,AUD01,审核员01,2026-02-03 15:55:58,同意,,审核通过,34分42秒,--,0,,是,1,1,278秒,,0,,,--
财务会计,AP-2026-000442,2026-06-04,付款单,应付付款单（服务费）,A02,示例集团·乙公司,MAK15,制单人15,,2,示例集团财务共享中心（本部）,财务共享,应付付款单（服务费）,通用审批类,2026-02-11 17:47:24,2026-02-11 17:48:16,2026-02-11 17:49:52,FSSC审核岗,1,,应付成本组,自动派单,已派任务少（优先派）,2026-02-11 17:49:52,PC端,AUD02,审核员02,2026-02-11 21:00:52,同意,,审核通过,7分11秒,--,0,,是,1,1,119秒,,0,,,--
财务会计,AP-2026-000443,2026-06-19,通用报销单,其他专项付款单,A18,示例集团·子公司辛,MAK08,制单人08,,2,示例集团财务共享中心（本部）,财务共享,其他专项付款单,通用审批类,2026-06-12 19:07:20,2026-06-12 19:07:55,2026-06-12 19:08:50,FSSC审核岗,1,,应付成本组,自动派单,已派任务少（优先派）,2026-06-12 19:08:50,PC端,AUD02,审核员02,2026-06-12 21:10:50,同意,,审核通过,24分30秒,--,0,,是,1,1,198秒,,0,,,--
费控服务,AP-2026-000444,2026-03-20,付款单,通用报销单（费用报销）,A11,示例集团·子公司甲,MAK01,制单人01,,4,示例集团财务共享中心（本部）,财务共享,通用报销单（费用报销）,通用审批类,2026-02-22 20:03:44,2026-02-22 20:04:43,2026-02-22 20:06:24,FSSC审核岗,1,,应付成本组,自动派单,已派任务少（优先派）,2026-02-22 20:06:24,PC端,AUD07,审核员07,2026-02-22 22:58:24,同意,,审核通过,24分57秒,--,0,,是,1,1,72秒,,0,,,--
财务会计,AP-2026-000445,2026-04-01,付款单,应付付款单（材料采购）,A06,示例集团·己公司,MAK04,制单人04,,2,示例集团财务共享中心（本部）,财务共享,应付付款单（材料采购）,通用审批类,2026-05-09 12:05:59,2026-05-09 12:06:52,2026-05-09 12:08:29,FSSC审核岗,1,,应付成本组,自动派单,已派任务少（优先派）,2026-05-09 12:08:29,移动端,AUD04,审核员04,2026-05-09 13:09:29,同意,,审核通过,29分40秒,--,0,,是,1,1,172秒,,0,,,--
财务会计,AP-2026-000446,2026-02-02,通用报销单,应付付款单（服务费）,A13,示例集团·子公司丙,MAK13,制单人13,,1,示例集团财务共享中心（本部）,财务共享,应付付款单（服务费）,通用审批类,2026-01-27 20:31:30,2026-01-27 20:32:18,2026-01-27 20:33:11,FSSC审核岗,1,,应付成本组,自动派单,已派任务少（优先派）,2026-01-27 20:33:11,PC端,AUD03,审核员03,2026-01-27 21:59:11,同意,,审核通过,11分44秒,--,0,,是,1,1,143秒,,0,,,--
财务会计,AP-2026-000447,2026-06-27,付款单,通用报销单（费用报销）,A05,示例集团·戊公司,MAK06,制单人06,,2,示例集团财务共享中心（本部）,财务共享,通用报销单（费用报销）,通用审批类,2026-04-15 19:01:48,2026-04-15 19:01:52,2026-04-15 19:03:15,FSSC审核岗,1,,应付成本组,自动派单,已派任务少（优先派）,2026-04-15 19:03:15,PC端,AUD05,审核员05,2026-04-15 21:48:15,同意,,审核通过,1分25秒,--,0,,是,1,1,112秒,,0,,,--
财务会计,AP-2026-000448,2026-01-06,应付发票,应付确认单（物料类）,A07,示例集团·庚公司,MAK06,制单人06,,7,示例集团财务共享中心（本部）,财务共享,应付确认单（物料类）,通用审批类,2026-05-25 18:48:08,2026-05-25 18:49:03,2026-05-25 18:50:20,FSSC审核岗,1,,应付成本组,自动派单,已派任务少（优先派）,2026-05-25 18:50:20,PC端,AUD01,审核员01,2026-05-25 21:46:20,同意,,审核通过,31分55秒,--,0,,是,1,1,78秒,,0,,,--
费控服务,AP-2026-000449,2026-04-26,通用报销单,应付付款单（差旅费）,A03,示例集团·丙公司,MAK11,制单人11,,8,示例集团财务共享中心（本部）,财务共享,应付付款单（差旅费）,通用审批类,2026-04-14 13:11:25,2026-04-14 13:12:22,2026-04-14 13:13:11,FSSC审核岗,1,,应付成本组,自动派单,已派任务少（优先派）,2026-04-14 13:13:11,移动端,AUD06,审核员06,2026-04-14 15:40:11,同意,,审核通过,40分40秒,--,0,,是,1,1,127秒,,0,,,--
财务会计,AP-2026-000450,2026-03-23,付款单,应付确认单（物料类）,A14,示例集团·子公司丁,MAK16,制单人16,,0,示例集团财务共享中心（本部）,财务共享,应付确认单（物料类）,通用审批类,2026-04-20 14:38:16,2026-04-20 14:38:26,2026-04-20 14:38:38,FSSC审核岗,1,,应付成本组,自动派单,已派任务少（优先派）,2026-04-20 14:38:38,PC端,AUD02,审核员02,2026-04-20 16:13:38,同意,,审核通过,34分27秒,--,0,,是,1,1,242秒,,0,,,--
费控服务,AP-2026-000451,2026-05-07,通用报销单,应付确认单（物料类）,A12,示例集团·子公司乙,MAK08,制单人08,,3,示例集团财务共享中心（本部）,财务共享,应付确认单（物料类）,通用审批类,2026-03-26 12:18:47,2026-03-26 12:19:19,2026-03-26 12:20:08,FSSC审核岗,1,,应付成本组,自动派单,已派任务少（优先派）,2026-03-26 12:20:08,移动端,AUD02,审核员02,2026-03-26 12:54:08,同意,,审核通过,19分46秒,--,0,,是,1,1,106秒,,0,,,--
财务会计,AP-2026-000452,2026-01-10,应付发票,应付付款单（差旅费）,A04,示例集团·丁公司,MAK07,制单人07,,2,示例集团财务共享中心（本部）,财务共享,应付付款单（差旅费）,通用审批类,2026-05-15 11:23:37,2026-05-15 11:24:21,2026-05-15 11:25:44,FSSC审核岗,1,,应付成本组,自动派单,已派任务少（优先派）,2026-05-15 11:25:44,PC端,AUD02,审核员02,2026-05-15 13:23:44,驳回,附件不完整,审核驳回,21分44秒,14分45秒,0,,是,2,1,206秒,驳回,1,前端单位,示例集团·丁公司,2
费控服务,AP-2026-000453,2026-03-04,应付发票,应付付款单（差旅费）,A09,示例集团·壬公司,MAK12,制单人12,,0,示例集团财务共享中心（本部）,财务共享,应付付款单（差旅费）,通用审批类,2026-01-11 11:30:58,2026-01-11 11:31:21,2026-01-11 11:32:39,FSSC审核岗,1,,应付成本组,自动派单,已派任务少（优先派）,2026-01-11 11:32:39,移动端,AUD02,审核员02,2026-01-11 14:24:39,同意,,审核通过,1分16秒,--,0,,是,1,1,268秒,,0,,,--
财务会计,AP-2026-000454,2026-03-12,通用报销单,应付付款单（服务费）,A07,示例集团·庚公司,MAK05,制单人05,,2,示例集团财务共享中心（本部）,财务共享,应付付款单（服务费）,通用审批类,2026-04-02 17:11:16,2026-04-02 17:11:27,2026-04-02 17:12:32,FSSC审核岗,1,,应付成本组,自动派单,已派任务少（优先派）,2026-04-02 17:12:32,PC端,AUD03,审核员03,2026-04-02 19:19:32,同意,,审核通过,6分20秒,--,0,,是,1,1,281秒,,0,,,--
财务会计,AP-2026-000455,2026-04-05,应付发票,应付付款单（材料采购）,A04,示例集团·丁公司,MAK05,制单人05,,4,示例集团财务共享中心（本部）,财务共享,应付付款单（材料采购）,通用审批类,2026-06-09 19:23:59,2026-06-09 19:24:27,2026-06-09 19:25:04,FSSC审核岗,1,,应付成本组,自动派单,已派任务少（优先派）,2026-06-09 19:25:04,移动端,AUD03,审核员03,2026-06-09 20:33:04,同意,,审核通过,34分20秒,--,0,,是,1,1,233秒,,0,,,--
财务会计,AP-2026-000456,2026-05-25,应付发票,应付付款单（差旅费）,A14,示例集团·子公司丁,MAK06,制单人06,,0,示例集团财务共享中心（本部）,财务共享,应付付款单（差旅费）,通用审批类,2026-04-22 18:51:28,2026-04-22 18:51:32,2026-04-22 18:51:57,FSSC审核岗,1,,应付成本组,自动派单,已派任务少（优先派）,2026-04-22 18:51:57,移动端,AUD07,审核员07,2026-04-22 19:30:57,驳回,其他,审核驳回,31分16秒,30分27秒,0,,是,1,1,69秒,驳回,1,前端单位,示例集团·子公司丁,1
财务会计,AP-2026-000457,2026-04-12,付款单,应付确认单（物料类）,A20,示例集团·子公司癸,MAK15,制单人15,,4,示例集团财务共享中心（本部）,财务共享,应付确认单（物料类）,通用审批类,2026-02-15 15:07:54,2026-02-15 15:08:41,2026-02-15 15:10:32,FSSC审核岗,1,,应付成本组,自动派单,已派任务少（优先派）,2026-02-15 15:10:32,PC端,AUD01,审核员01,2026-02-15 15:48:32,同意,,审核通过,12分53秒,--,0,,是,1,1,96秒,,0,,,--
财务会计,AP-2026-000458,2026-01-22,应付发票,应付付款单（差旅费）,A09,示例集团·壬公司,MAK14,制单人14,,1,示例集团财务共享中心（本部）,财务共享,应付付款单（差旅费）,通用审批类,2026-06-01 16:49:36,2026-06-01 16:49:48,2026-06-01 16:50:42,FSSC审核岗,1,,应付成本组,自动派单,已派任务少（优先派）,2026-06-01 16:50:42,PC端,AUD04,审核员04,2026-06-01 17:10:42,同意,,审核通过,22分1秒,--,0,,是,1,1,155秒,,0,,,--
费控服务,AP-2026-000459,2026-04-19,通用报销单,应付付款单（服务费）,A08,示例集团·辛公司,MAK11,制单人11,,4,示例集团财务共享中心（本部）,财务共享,应付付款单（服务费）,通用审批类,2026-05-05 08:05:29,2026-05-05 08:06:23,2026-05-05 08:07:54,FSSC审核岗,1,,应付成本组,自动派单,已派任务少（优先派）,2026-05-05 08:07:54,移动端,AUD03,审核员03,2026-05-05 10:56:54,同意,,审核通过,39分42秒,--,0,,是,1,1,12秒,,0,,,--
财务会计,AP-2026-000460,2026-02-15,付款单,其他专项付款单,A03,示例集团·丙公司,MAK01,制单人01,,1,示例集团财务共享中心（本部）,财务共享,其他专项付款单,通用审批类,2026-05-26 17:08:13,2026-05-26 17:09:09,2026-05-26 17:09:16,FSSC审核岗,1,,应付成本组,自动派单,已派任务少（优先派）,2026-05-26 17:09:16,PC端,AUD05,审核员05,2026-05-26 19:54:16,同意,,审核通过,36分38秒,--,0,,是,1,1,205秒,,0,,,--
财务会计,AP-2026-000461,2026-01-25,通用报销单,应付付款单（材料采购）,A01,示例集团·甲公司,MAK05,制单人05,,2,示例集团财务共享中心（本部）,财务共享,应付付款单（材料采购）,通用审批类,2026-06-28 11:10:24,2026-06-28 11:11:14,2026-06-28 11:12:06,FSSC审核岗,1,,应付成本组,自动派单,已派任务少（优先派）,2026-06-28 11:12:06,移动端,AUD02,审核员02,2026-06-28 12:25:06,同意,,审核通过,8分19秒,--,0,,是,1,1,261秒,,0,,,--
费控服务,AP-2026-000462,2026-01-22,应付发票,其他专项付款单,A11,示例集团·子公司甲,MAK12,制单人12,,4,示例集团财务共享中心（本部）,财务共享,其他专项付款单,通用审批类,2026-02-22 09:53:23,2026-02-22 09:53:56,2026-02-22 09:54:22,FSSC审核岗,1,,应付成本组,自动派单,已派任务少（优先派）,2026-02-22 09:54:22,移动端,AUD07,审核员07,2026-02-22 12:00:22,同意,,审核通过,37分38秒,--,0,,是,1,1,226秒,,0,,,--
财务会计,AP-2026-000463,2026-06-06,付款单,应付确认单（物料类）,A01,示例集团·甲公司,MAK07,制单人07,,7,示例集团财务共享中心（本部）,财务共享,应付确认单（物料类）,通用审批类,2026-05-03 08:32:21,2026-05-03 08:32:51,2026-05-03 08:34:18,FSSC审核岗,1,,应付成本组,自动派单,已派任务少（优先派）,2026-05-03 08:34:18,移动端,AUD03,审核员03,2026-05-03 09:32:18,同意,,审核通过,34分40秒,--,0,,是,1,1,278秒,,0,,,--
财务会计,AP-2026-000464,2026-01-26,通用报销单,应付付款单（材料采购）,A01,示例集团·甲公司,MAK08,制单人08,,8,示例集团财务共享中心（本部）,财务共享,应付付款单（材料采购）,通用审批类,2026-03-05 18:57:19,2026-03-05 18:58:13,2026-03-05 18:58:45,FSSC审核岗,1,,应付成本组,自动派单,已派任务少（优先派）,2026-03-05 18:58:45,PC端,AUD01,审核员01,2026-03-05 21:12:45,同意,,审核通过,5分58秒,--,0,,是,1,1,33秒,,0,,,--
财务会计,AP-2026-000465,2026-04-15,应付发票,应付付款单（差旅费）,A05,示例集团·戊公司,MAK09,制单人09,,7,示例集团财务共享中心（本部）,财务共享,应付付款单（差旅费）,通用审批类,2026-04-27 12:22:16,2026-04-27 12:22:54,2026-04-27 12:23:05,FSSC审核岗,1,,应付成本组,自动派单,已派任务少（优先派）,2026-04-27 12:23:05,移动端,AUD03,审核员03,2026-04-27 15:40:05,同意,,审核通过,12分50秒,--,0,,是,1,1,103秒,,0,,,--
财务会计,AP-2026-000466,2026-06-23,应付发票,应付付款单（差旅费）,A12,示例集团·子公司乙,MAK01,制单人01,,2,示例集团财务共享中心（本部）,财务共享,应付付款单（差旅费）,通用审批类,2026-04-24 15:48:42,2026-04-24 15:49:11,2026-04-24 15:50:31,FSSC审核岗,1,,应付成本组,自动派单,已派任务少（优先派）,2026-04-24 15:50:31,PC端,AUD03,审核员03,2026-04-24 16:58:31,同意,,审核通过,14分11秒,--,0,,是,1,1,50秒,,0,,,--
费控服务,AP-2026-000467,2026-01-04,通用报销单,通用报销单（费用报销）,A09,示例集团·壬公司,MAK10,制单人10,,7,示例集团财务共享中心（本部）,财务共享,通用报销单（费用报销）,通用审批类,2026-01-01 14:07:00,2026-01-01 14:07:11,2026-01-01 14:08:35,FSSC审核岗,1,,应付成本组,自动派单,已派任务少（优先派）,2026-01-01 14:08:35,PC端,AUD07,审核员07,2026-01-01 16:11:35,同意,,审核通过,20分39秒,--,0,,是,1,1,194秒,,0,,,--
财务会计,AP-2026-000468,2026-02-26,通用报销单,通用报销单（费用报销）,A08,示例集团·辛公司,MAK16,制单人16,,3,示例集团财务共享中心（本部）,财务共享,通用报销单（费用报销）,通用审批类,2026-05-05 08:12:07,2026-05-05 08:13:00,2026-05-05 08:13:03,FSSC审核岗,1,,应付成本组,自动派单,已派任务少（优先派）,2026-05-05 08:13:03,移动端,AUD05,审核员05,2026-05-05 11:12:03,同意,,审核通过,31分41秒,--,0,,是,1,1,84秒,,0,,,--
财务会计,AP-2026-000469,2026-02-26,通用报销单,应付付款单（差旅费）,A07,示例集团·庚公司,MAK07,制单人07,,7,示例集团财务共享中心（本部）,财务共享,应付付款单（差旅费）,通用审批类,2026-03-10 20:29:09,2026-03-10 20:29:40,2026-03-10 20:30:35,FSSC审核岗,1,,应付成本组,自动派单,已派任务少（优先派）,2026-03-10 20:30:35,PC端,AUD05,审核员05,2026-03-10 20:36:35,同意,,审核通过,32分30秒,--,0,,是,1,1,20秒,,0,,,--
财务会计,AP-2026-000470,2026-04-19,付款单,应付确认单（物料类）,A13,示例集团·子公司丙,MAK10,制单人10,,8,示例集团财务共享中心（本部）,财务共享,应付确认单（物料类）,通用审批类,2026-02-01 09:40:54,2026-02-01 09:41:40,2026-02-01 09:42:36,FSSC审核岗,1,,应付成本组,自动派单,已派任务少（优先派）,2026-02-01 09:42:36,移动端,AUD02,审核员02,2026-02-01 11:29:36,同意,,审核通过,19分2秒,--,0,,是,1,1,259秒,,0,,,--
财务会计,AP-2026-000471,2026-03-22,应付发票,应付付款单（材料采购）,A04,示例集团·丁公司,MAK09,制单人09,,6,示例集团财务共享中心（本部）,财务共享,应付付款单（材料采购）,通用审批类,2026-03-02 16:01:27,2026-03-02 16:02:04,2026-03-02 16:02:45,FSSC审核岗,1,,应付成本组,自动派单,已派任务少（优先派）,2026-03-02 16:02:45,移动端,AUD06,审核员06,2026-03-02 18:24:45,驳回,未关联合同,审核驳回,31分7秒,23分28秒,0,,是,3,1,233秒,驳回,1,前端单位,示例集团·丁公司,3
财务会计,AP-2026-000472,2026-03-12,通用报销单,应付付款单（服务费）,A01,示例集团·甲公司,MAK05,制单人05,,7,示例集团财务共享中心（本部）,财务共享,应付付款单（服务费）,通用审批类,2026-02-08 17:58:43,2026-02-08 17:59:05,2026-02-08 18:01:03,FSSC审核岗,1,,应付成本组,自动派单,已派任务少（优先派）,2026-02-08 18:01:03,PC端,AUD02,审核员02,2026-02-08 20:36:03,同意,,审核通过,9分56秒,--,0,,是,1,1,160秒,,0,,,--
财务会计,AP-2026-000473,2026-01-22,应付发票,其他专项付款单,A09,示例集团·壬公司,MAK07,制单人07,,7,示例集团财务共享中心（本部）,财务共享,其他专项付款单,通用审批类,2026-06-26 15:51:54,2026-06-26 15:52:05,2026-06-26 15:53:25,FSSC审核岗,1,,应付成本组,自动派单,已派任务少（优先派）,2026-06-26 15:53:25,移动端,AUD03,审核员03,2026-06-26 16:47:25,同意,,审核通过,9分11秒,--,0,,是,1,1,112秒,,0,,,--
财务会计,AP-2026-000474,2026-01-16,通用报销单,其他专项付款单,A02,示例集团·乙公司,MAK08,制单人08,,8,示例集团财务共享中心（本部）,财务共享,其他专项付款单,通用审批类,2026-04-18 08:01:22,2026-04-18 08:02:19,2026-04-18 08:02:53,FSSC审核岗,1,,应付成本组,自动派单,已派任务少（优先派）,2026-04-18 08:02:53,PC端,AUD06,审核员06,2026-04-18 09:34:53,同意,,审核通过,3分51秒,--,0,,是,1,1,42秒,,0,,,--
费控服务,AP-2026-000475,2026-01-18,应付发票,应付付款单（材料采购）,A03,示例集团·丙公司,MAK02,制单人02,,8,示例集团财务共享中心（本部）,财务共享,应付付款单（材料采购）,通用审批类,2026-05-11 20:22:49,2026-05-11 20:22:52,2026-05-11 20:24:31,FSSC审核岗,1,,应付成本组,自动派单,已派任务少（优先派）,2026-05-11 20:24:31,移动端,AUD02,审核员02,2026-05-11 22:47:31,同意,,审核通过,39分42秒,--,0,,是,1,1,63秒,,0,,,--
财务会计,AP-2026-000476,2026-04-15,应付发票,应付付款单（材料采购）,A08,示例集团·辛公司,MAK15,制单人15,,2,示例集团财务共享中心（本部）,财务共享,应付付款单（材料采购）,通用审批类,2026-03-26 17:39:50,2026-03-26 17:40:45,2026-03-26 17:40:59,FSSC审核岗,1,,应付成本组,自动派单,已派任务少（优先派）,2026-03-26 17:40:59,移动端,AUD04,审核员04,2026-03-26 20:04:59,驳回,附件不完整,审核驳回,8分55秒,24分10秒,0,,是,1,1,159秒,驳回,1,前端单位,示例集团·辛公司,1
财务会计,AP-2026-000477,2026-02-28,付款单,应付付款单（差旅费）,A09,示例集团·壬公司,MAK13,制单人13,,0,示例集团财务共享中心（本部）,财务共享,应付付款单（差旅费）,通用审批类,2026-02-12 13:52:08,2026-02-12 13:52:16,2026-02-12 13:54:05,FSSC审核岗,1,,应付成本组,自动派单,已派任务少（优先派）,2026-02-12 13:54:05,移动端,AUD04,审核员04,2026-02-12 14:46:05,同意,,审核通过,16分53秒,--,0,,是,1,1,252秒,,0,,,--
财务会计,AP-2026-000478,2026-06-12,通用报销单,通用报销单（费用报销）,A03,示例集团·丙公司,MAK09,制单人09,,2,示例集团财务共享中心（本部）,财务共享,通用报销单（费用报销）,通用审批类,2026-03-12 18:42:15,2026-03-12 18:42:25,2026-03-12 18:44:02,FSSC审核岗,1,,应付成本组,自动派单,已派任务少（优先派）,2026-03-12 18:44:02,移动端,AUD01,审核员01,2026-03-12 21:57:02,同意,,审核通过,28分26秒,--,0,,是,1,1,219秒,,0,,,--
财务会计,AP-2026-000479,2026-01-22,应付发票,通用报销单（费用报销）,A14,示例集团·子公司丁,MAK16,制单人16,,6,示例集团财务共享中心（本部）,财务共享,通用报销单（费用报销）,通用审批类,2026-04-05 20:00:45,2026-04-05 20:01:37,2026-04-05 20:02:44,FSSC审核岗,1,,应付成本组,自动派单,已派任务少（优先派）,2026-04-05 20:02:44,移动端,AUD04,审核员04,2026-04-05 20:20:44,驳回,附件信息不一致,审核驳回,11分27秒,3分42秒,0,,是,2,1,87秒,驳回,1,制单人,制单人16,2
费控服务,AP-2026-000480,2026-01-23,应付发票,应付付款单（服务费）,A14,示例集团·子公司丁,MAK01,制单人01,,5,示例集团财务共享中心（本部）,财务共享,应付付款单（服务费）,通用审批类,2026-05-17 12:26:25,2026-05-17 12:27:22,2026-05-17 12:28:50,FSSC审核岗,1,,应付成本组,自动派单,已派任务少（优先派）,2026-05-17 12:28:50,移动端,AUD05,审核员05,2026-05-17 15:28:50,同意,,审核通过,23分0秒,--,0,,是,1,1,153秒,,0,,,--
费控服务,AP-2026-000481,2026-06-13,应付发票,通用报销单（费用报销）,A14,示例集团·子公司丁,MAK10,制单人10,,6,示例集团财务共享中心（本部）,财务共享,通用报销单（费用报销）,通用审批类,2026-05-18 17:50:39,2026-05-18 17:51:21,2026-05-18 17:52:18,FSSC审核岗,1,,应付成本组,自动派单,已派任务少（优先派）,2026-05-18 17:52:18,PC端,AUD02,审核员02,2026-05-18 20:51:18,同意,,审核通过,13分56秒,--,0,,是,1,1,164秒,,0,,,--
财务会计,AP-2026-000482,2026-04-24,应付发票,应付付款单（差旅费）,A01,示例集团·甲公司,MAK09,制单人09,,2,示例集团财务共享中心（本部）,财务共享,应付付款单（差旅费）,通用审批类,2026-01-17 16:18:13,2026-01-17 16:18:19,2026-01-17 16:19:25,FSSC审核岗,1,,应付成本组,自动派单,已派任务少（优先派）,2026-01-17 16:19:25,PC端,AUD03,审核员03,2026-01-17 18:41:25,同意,,审核通过,2分1秒,--,0,,是,1,1,286秒,,0,,,--
费控服务,AP-2026-000483,2026-03-24,付款单,通用报销单（费用报销）,A06,示例集团·己公司,MAK04,制单人04,,1,示例集团财务共享中心（本部）,财务共享,通用报销单（费用报销）,通用审批类,2026-01-24 08:53:23,2026-01-24 08:53:40,2026-01-24 08:55:01,FSSC审核岗,1,,应付成本组,自动派单,已派任务少（优先派）,2026-01-24 08:55:01,移动端,AUD06,审核员06,2026-01-24 11:05:01,同意,未关联合同,审核通过,29分19秒,1分29秒,0,,是,1,1,183秒,,0,,,1
财务会计,AP-2026-000484,2026-03-19,付款单,应付付款单（材料采购）,A19,示例集团·子公司壬,MAK13,制单人13,,2,示例集团财务共享中心（本部）,财务共享,应付付款单（材料采购）,通用审批类,2026-06-22 16:54:38,2026-06-22 16:54:53,2026-06-22 16:55:38,FSSC审核岗,1,,应付成本组,自动派单,已派任务少（优先派）,2026-06-22 16:55:38,移动端,AUD07,审核员07,2026-06-22 18:12:38,同意,,审核通过,25分33秒,--,0,,是,1,1,136秒,,0,,,--
财务会计,AP-2026-000485,2026-03-25,通用报销单,应付付款单（材料采购）,A01,示例集团·甲公司,MAK09,制单人09,,7,示例集团财务共享中心（本部）,财务共享,应付付款单（材料采购）,通用审批类,2026-06-05 19:27:53,2026-06-05 19:28:20,2026-06-05 19:28:31,FSSC审核岗,1,,应付成本组,自动派单,已派任务少（优先派）,2026-06-05 19:28:31,移动端,AUD02,审核员02,2026-06-05 19:52:31,驳回,附件不完整,审核驳回,14分28秒,34分25秒,0,,是,1,1,296秒,驳回,1,制单人,制单人09,1
财务会计,AP-2026-000486,2026-01-16,应付发票,应付付款单（材料采购）,A05,示例集团·戊公司,MAK07,制单人07,,7,示例集团财务共享中心（本部）,财务共享,应付付款单（材料采购）,通用审批类,2026-05-23 15:46:26,2026-05-23 15:47:19,2026-05-23 15:47:40,FSSC审核岗,1,,应付成本组,自动派单,已派任务少（优先派）,2026-05-23 15:47:40,移动端,AUD02,审核员02,2026-05-23 16:24:40,同意,,审核通过,9分45秒,--,0,,是,1,1,272秒,,0,,,--
财务会计,AP-2026-000487,2026-01-16,通用报销单,通用报销单（费用报销）,A13,示例集团·子公司丙,MAK02,制单人02,,4,示例集团财务共享中心（本部）,财务共享,通用报销单（费用报销）,通用审批类,2026-06-18 13:58:07,2026-06-18 13:58:46,2026-06-18 14:00:36,FSSC审核岗,1,,应付成本组,自动派单,已派任务少（优先派）,2026-06-18 14:00:36,PC端,AUD02,审核员02,2026-06-18 15:45:36,同意,,审核通过,3分33秒,--,0,,是,1,1,88秒,,0,,,--
财务会计,AP-2026-000488,2026-01-10,付款单,应付付款单（材料采购）,A01,示例集团·甲公司,MAK05,制单人05,,7,示例集团财务共享中心（本部）,财务共享,应付付款单（材料采购）,通用审批类,2026-03-05 10:50:37,2026-03-05 10:51:04,2026-03-05 10:51:11,FSSC审核岗,1,,应付成本组,自动派单,已派任务少（优先派）,2026-03-05 10:51:11,PC端,AUD03,审核员03,2026-03-05 12:10:11,同意,,审核通过,1分7秒,--,0,,是,1,1,290秒,,0,,,--
费控服务,AP-2026-000489,2026-02-19,付款单,其他专项付款单,A03,示例集团·丙公司,MAK14,制单人14,,7,示例集团财务共享中心（本部）,财务共享,其他专项付款单,通用审批类,2026-02-11 20:24:30,2026-02-11 20:25:24,2026-02-11 20:26:57,FSSC审核岗,1,,应付成本组,自动派单,已派任务少（优先派）,2026-02-11 20:26:57,PC端,AUD03,审核员03,2026-02-11 23:02:57,同意,,审核通过,29分42秒,--,0,,是,1,1,239秒,,0,,,--
财务会计,AP-2026-000490,2026-03-20,应付发票,应付付款单（服务费）,A02,示例集团·乙公司,MAK12,制单人12,,4,示例集团财务共享中心（本部）,财务共享,应付付款单（服务费）,通用审批类,2026-03-13 11:57:25,2026-03-13 11:57:47,2026-03-13 11:58:57,FSSC审核岗,1,,应付成本组,自动派单,已派任务少（优先派）,2026-03-13 11:58:57,PC端,AUD01,审核员01,2026-03-13 12:10:57,同意,,审核通过,6分55秒,--,0,,是,1,1,94秒,,0,,,--
财务会计,AP-2026-000491,2026-06-23,应付发票,应付确认单（物料类）,A09,示例集团·壬公司,MAK10,制单人10,,8,示例集团财务共享中心（本部）,财务共享,应付确认单（物料类）,通用审批类,2026-01-04 18:35:05,2026-01-04 18:35:18,2026-01-04 18:36:38,FSSC审核岗,1,,应付成本组,自动派单,已派任务少（优先派）,2026-01-04 18:36:38,移动端,AUD06,审核员06,2026-01-04 20:55:38,同意,附件信息不一致,审核通过,13分48秒,2分7秒,0,,是,1,1,282秒,,0,,,1
财务会计,AP-2026-000492,2026-06-08,通用报销单,应付付款单（材料采购）,A02,示例集团·乙公司,MAK01,制单人01,,0,示例集团财务共享中心（本部）,财务共享,应付付款单（材料采购）,通用审批类,2026-04-19 15:05:51,2026-04-19 15:06:26,2026-04-19 15:07:44,FSSC审核岗,1,,应付成本组,自动派单,已派任务少（优先派）,2026-04-19 15:07:44,PC端,AUD06,审核员06,2026-04-19 16:30:44,同意,附件不完整,审核通过,22分27秒,2分55秒,0,,是,1,1,280秒,,0,,,1
财务会计,AP-2026-000493,2026-03-04,通用报销单,应付确认单（物料类）,A03,示例集团·丙公司,MAK05,制单人05,,0,示例集团财务共享中心（本部）,财务共享,应付确认单（物料类）,通用审批类,2026-02-05 10:16:49,2026-02-05 10:16:55,2026-02-05 10:17:15,FSSC审核岗,1,,应付成本组,自动派单,已派任务少（优先派）,2026-02-05 10:17:15,PC端,AUD01,审核员01,2026-02-05 11:36:15,同意,,审核通过,40分20秒,--,0,,是,1,1,102秒,,0,,,--
费控服务,AP-2026-000494,2026-02-11,付款单,通用报销单（费用报销）,A01,示例集团·甲公司,MAK01,制单人01,,3,示例集团财务共享中心（本部）,财务共享,通用报销单（费用报销）,通用审批类,2026-01-11 12:24:52,2026-01-11 12:25:50,2026-01-11 12:26:06,FSSC审核岗,1,,应付成本组,自动派单,已派任务少（优先派）,2026-01-11 12:26:06,PC端,AUD03,审核员03,2026-01-11 12:40:06,同意,,审核通过,32分32秒,--,0,,是,1,1,268秒,,0,,,--
财务会计,AP-2026-000495,2026-04-15,应付发票,通用报销单（费用报销）,A04,示例集团·丁公司,MAK02,制单人02,,1,示例集团财务共享中心（本部）,财务共享,通用报销单（费用报销）,通用审批类,2026-04-16 08:26:40,2026-04-16 08:26:55,2026-04-16 08:28:52,FSSC审核岗,1,,应付成本组,自动派单,已派任务少（优先派）,2026-04-16 08:28:52,移动端,AUD01,审核员01,2026-04-16 08:33:52,同意,,审核通过,16分48秒,--,0,,是,1,1,294秒,,0,,,--
财务会计,AP-2026-000496,2026-01-15,通用报销单,应付确认单（物料类）,A07,示例集团·庚公司,MAK03,制单人03,,6,示例集团财务共享中心（本部）,财务共享,应付确认单（物料类）,通用审批类,2026-06-17 11:50:09,2026-06-17 11:50:33,2026-06-17 11:51:43,FSSC审核岗,1,,应付成本组,自动派单,已派任务少（优先派）,2026-06-17 11:51:43,移动端,AUD04,审核员04,2026-06-17 12:35:43,同意,,审核通过,36分28秒,--,0,,是,1,1,31秒,,0,,,--
费控服务,AP-2026-000497,2026-05-10,付款单,应付付款单（服务费）,A01,示例集团·甲公司,MAK08,制单人08,,3,示例集团财务共享中心（本部）,财务共享,应付付款单（服务费）,通用审批类,2026-03-02 15:17:38,2026-03-02 15:17:55,2026-03-02 15:19:43,FSSC审核岗,1,,应付成本组,自动派单,已派任务少（优先派）,2026-03-02 15:19:43,PC端,AUD06,审核员06,2026-03-02 18:14:43,同意,,审核通过,38分53秒,--,0,,是,1,1,271秒,,0,,,--
费控服务,AP-2026-000498,2026-05-03,应付发票,应付付款单（材料采购）,A03,示例集团·丙公司,MAK03,制单人03,,8,示例集团财务共享中心（本部）,财务共享,应付付款单（材料采购）,通用审批类,2026-06-23 09:53:08,2026-06-23 09:53:55,2026-06-23 09:55:07,FSSC审核岗,1,,应付成本组,自动派单,已派任务少（优先派）,2026-06-23 09:55:07,PC端,AUD04,审核员04,2026-06-23 11:07:07,同意,,审核通过,21分56秒,--,0,,是,1,1,185秒,,0,,,--
费控服务,AP-2026-000499,2026-02-09,通用报销单,通用报销单（费用报销）,A07,示例集团·庚公司,MAK16,制单人16,,7,示例集团财务共享中心（本部）,财务共享,通用报销单（费用报销）,通用审批类,2026-02-11 11:29:38,2026-02-11 11:30:00,2026-02-11 11:30:03,FSSC审核岗,1,,应付成本组,自动派单,已派任务少（优先派）,2026-02-11 11:30:03,PC端,AUD05,审核员05,2026-02-11 14:28:03,同意,,审核通过,1分57秒,--,0,,是,1,1,14秒,,0,,,--
财务会计,AP-2026-000500,2026-05-23,付款单,应付付款单（服务费）,A08,示例集团·辛公司,MAK07,制单人07,,7,示例集团财务共享中心（本部）,财务共享,应付付款单（服务费）,通用审批类,2026-04-18 09:50:56,2026-04-18 09:51:38,2026-04-18 09:53:02,FSSC审核岗,1,,应付成本组,自动派单,已派任务少（优先派）,2026-04-18 09:53:02,PC端,AUD07,审核员07,2026-04-18 10:13:02,同意,,审核通过,8分22秒,--,0,,是,1,1,202秒,,0,,,--
费控服务,AP-2026-000501,2026-01-25,应付发票,通用报销单（费用报销）,A12,示例集团·子公司乙,MAK06,制单人06,,4,示例集团财务共享中心（本部）,财务共享,通用报销单（费用报销）,通用审批类,2026-04-04 15:23:59,2026-04-04 15:24:12,2026-04-04 15:25:09,FSSC审核岗,1,,应付成本组,自动派单,已派任务少（优先派）,2026-04-04 15:25:09,移动端,AUD02,审核员02,2026-04-04 15:28:09,同意,业务类型填写错误,审核通过,23分12秒,40分40秒,0,,是,1,1,165秒,,0,,,1
财务会计,AP-2026-000502,2026-06-12,付款单,其他专项付款单,A11,示例集团·子公司甲,MAK04,制单人04,,8,示例集团财务共享中心（本部）,财务共享,其他专项付款单,通用审批类,2026-05-23 19:38:13,2026-05-23 19:38:14,2026-05-23 19:38:40,FSSC审核岗,1,,应付成本组,自动派单,已派任务少（优先派）,2026-05-23 19:38:40,PC端,AUD07,审核员07,2026-05-23 22:22:40,同意,,审核通过,32分10秒,--,0,,是,1,1,292秒,,0,,,--
财务会计,AP-2026-000503,2026-03-20,付款单,应付确认单（物料类）,A02,示例集团·乙公司,MAK12,制单人12,,4,示例集团财务共享中心（本部）,财务共享,应付确认单（物料类）,通用审批类,2026-01-19 10:47:04,2026-01-19 10:47:13,2026-01-19 10:47:47,FSSC审核岗,1,,应付成本组,自动派单,已派任务少（优先派）,2026-01-19 10:47:47,移动端,AUD05,审核员05,2026-01-19 13:13:47,同意,,审核通过,13分54秒,--,0,,是,1,1,21秒,,0,,,--
财务会计,AP-2026-000504,2026-04-09,通用报销单,应付确认单（物料类）,A20,示例集团·子公司癸,MAK12,制单人12,,6,示例集团财务共享中心（本部）,财务共享,应付确认单（物料类）,通用审批类,2026-01-15 08:27:41,2026-01-15 08:28:25,2026-01-15 08:29:49,FSSC审核岗,1,,应付成本组,自动派单,已派任务少（优先派）,2026-01-15 08:29:49,PC端,AUD04,审核员04,2026-01-15 08:43:49,同意,,审核通过,18分7秒,--,0,,是,1,1,275秒,,0,,,--
费控服务,AP-2026-000505,2026-04-24,通用报销单,应付付款单（服务费）,A05,示例集团·戊公司,MAK06,制单人06,,0,示例集团财务共享中心（本部）,财务共享,应付付款单（服务费）,通用审批类,2026-03-14 16:28:20,2026-03-14 16:28:21,2026-03-14 16:29:12,FSSC审核岗,1,,应付成本组,自动派单,已派任务少（优先派）,2026-03-14 16:29:12,PC端,AUD06,审核员06,2026-03-14 17:19:12,同意,,审核通过,15分44秒,--,0,,是,1,1,226秒,,0,,,--
财务会计,AP-2026-000506,2026-01-11,付款单,应付确认单（物料类）,A17,示例集团·子公司庚,MAK15,制单人15,,5,示例集团财务共享中心（本部）,财务共享,应付确认单（物料类）,通用审批类,2026-06-21 09:01:30,2026-06-21 09:01:58,2026-06-21 09:03:42,FSSC审核岗,1,,应付成本组,自动派单,已派任务少（优先派）,2026-06-21 09:03:42,移动端,AUD02,审核员02,2026-06-21 09:10:42,同意,,审核通过,17分15秒,--,0,,是,1,1,65秒,,0,,,--
费控服务,AP-2026-000507,2026-02-27,应付发票,应付付款单（差旅费）,A05,示例集团·戊公司,MAK16,制单人16,,1,示例集团财务共享中心（本部）,财务共享,应付付款单（差旅费）,通用审批类,2026-06-08 09:49:38,2026-06-08 09:50:18,2026-06-08 09:51:15,FSSC审核岗,1,,应付成本组,自动派单,已派任务少（优先派）,2026-06-08 09:51:15,PC端,AUD06,审核员06,2026-06-08 13:07:15,驳回,附件不完整,审核驳回,6分3秒,--,0,,是,2,1,203秒,驳回,1,制单人,制单人16,2
财务会计,AP-2026-000508,2026-03-05,通用报销单,应付付款单（差旅费）,A03,示例集团·丙公司,MAK14,制单人14,,0,示例集团财务共享中心（本部）,财务共享,应付付款单（差旅费）,通用审批类,2026-02-15 08:19:39,2026-02-15 08:20:20,2026-02-15 08:21:16,FSSC审核岗,1,,应付成本组,自动派单,已派任务少（优先派）,2026-02-15 08:21:16,PC端,AUD01,审核员01,2026-02-15 08:38:16,同意,,审核通过,19分54秒,--,0,,是,1,1,205秒,,0,,,--
费控服务,AP-2026-000509,2026-01-28,通用报销单,其他专项付款单,A04,示例集团·丁公司,MAK10,制单人10,,5,示例集团财务共享中心（本部）,财务共享,其他专项付款单,通用审批类,2026-01-20 08:29:24,2026-01-20 08:29:54,2026-01-20 08:31:36,FSSC审核岗,1,,应付成本组,自动派单,已派任务少（优先派）,2026-01-20 08:31:36,移动端,AUD03,审核员03,2026-01-20 10:21:36,同意,,审核通过,2分29秒,--,0,,是,1,1,274秒,,0,,,--
费控服务,AP-2026-000510,2026-05-20,通用报销单,应付确认单（物料类）,A03,示例集团·丙公司,MAK04,制单人04,,7,示例集团财务共享中心（本部）,财务共享,应付确认单（物料类）,通用审批类,2026-03-26 11:57:36,2026-03-26 11:57:45,2026-03-26 11:59:07,FSSC审核岗,1,,应付成本组,自动派单,已派任务少（优先派）,2026-03-26 11:59:07,移动端,AUD01,审核员01,2026-03-26 14:10:07,同意,,审核通过,12分15秒,--,0,,是,1,1,80秒,,0,,,--
费控服务,AP-2026-000511,2026-03-14,通用报销单,应付确认单（物料类）,A11,示例集团·子公司甲,MAK01,制单人01,,5,示例集团财务共享中心（本部）,财务共享,应付确认单（物料类）,通用审批类,2026-05-12 12:37:56,2026-05-12 12:38:31,2026-05-12 12:40:11,FSSC审核岗,1,,应付成本组,自动派单,已派任务少（优先派）,2026-05-12 12:40:11,PC端,AUD03,审核员03,2026-05-12 13:18:11,同意,,审核通过,19分23秒,--,0,,是,1,1,14秒,,0,,,--
财务会计,AP-2026-000512,2026-06-08,应付发票,应付付款单（材料采购）,A05,示例集团·戊公司,MAK11,制单人11,,5,示例集团财务共享中心（本部）,财务共享,应付付款单（材料采购）,通用审批类,2026-05-18 08:27:22,2026-05-18 08:27:35,2026-05-18 08:28:01,FSSC审核岗,1,,应付成本组,自动派单,已派任务少（优先派）,2026-05-18 08:28:01,移动端,AUD02,审核员02,2026-05-18 11:12:01,同意,,审核通过,13分42秒,--,0,,是,1,1,253秒,,0,,,--
财务会计,AP-2026-000513,2026-05-11,通用报销单,应付确认单（物料类）,A08,示例集团·辛公司,MAK16,制单人16,,7,示例集团财务共享中心（本部）,财务共享,应付确认单（物料类）,通用审批类,2026-02-20 12:26:21,2026-02-20 12:26:32,2026-02-20 12:26:46,FSSC审核岗,1,,应付成本组,自动派单,已派任务少（优先派）,2026-02-20 12:26:46,移动端,AUD05,审核员05,2026-02-20 14:23:46,同意,,审核通过,15分58秒,--,0,,是,1,1,11秒,,0,,,--
费控服务,AP-2026-000514,2026-02-07,通用报销单,应付确认单（物料类）,A07,示例集团·庚公司,MAK12,制单人12,,5,示例集团财务共享中心（本部）,财务共享,应付确认单（物料类）,通用审批类,2026-06-25 13:51:47,2026-06-25 13:52:12,2026-06-25 13:52:39,FSSC审核岗,1,,应付成本组,自动派单,已派任务少（优先派）,2026-06-25 13:52:39,移动端,AUD04,审核员04,2026-06-25 15:35:39,同意,,审核通过,1分4秒,--,0,,是,1,1,193秒,,0,,,--
财务会计,AP-2026-000515,2026-01-07,应付发票,应付确认单（物料类）,A01,示例集团·甲公司,MAK02,制单人02,,2,示例集团财务共享中心（本部）,财务共享,应付确认单（物料类）,通用审批类,2026-03-25 13:02:01,2026-03-25 13:02:14,2026-03-25 13:02:40,FSSC审核岗,1,,应付成本组,自动派单,已派任务少（优先派）,2026-03-25 13:02:40,移动端,AUD03,审核员03,2026-03-25 14:15:40,同意,,审核通过,22分54秒,--,0,,是,1,1,293秒,,0,,,--
财务会计,AP-2026-000516,2026-03-09,通用报销单,应付付款单（材料采购）,A02,示例集团·乙公司,MAK04,制单人04,,7,示例集团财务共享中心（本部）,财务共享,应付付款单（材料采购）,通用审批类,2026-06-22 10:24:41,2026-06-22 10:25:32,2026-06-22 10:27:26,FSSC审核岗,1,,应付成本组,自动派单,已派任务少（优先派）,2026-06-22 10:27:26,移动端,AUD02,审核员02,2026-06-22 10:56:26,同意,,审核通过,16分23秒,--,0,,是,1,1,200秒,,0,,,--
财务会计,AP-2026-000517,2026-02-20,应付发票,应付确认单（物料类）,A08,示例集团·辛公司,MAK16,制单人16,,5,示例集团财务共享中心（本部）,财务共享,应付确认单（物料类）,通用审批类,2026-03-03 09:09:56,2026-03-03 09:10:56,2026-03-03 09:11:13,FSSC审核岗,1,,应付成本组,自动派单,已派任务少（优先派）,2026-03-03 09:11:13,移动端,AUD07,审核员07,2026-03-03 10:00:13,同意,,审核通过,21分38秒,--,0,,是,1,1,229秒,,0,,,--
费控服务,AP-2026-000518,2026-04-20,应付发票,应付付款单（材料采购）,A18,示例集团·子公司辛,MAK04,制单人04,,2,示例集团财务共享中心（本部）,财务共享,应付付款单（材料采购）,通用审批类,2026-02-18 12:50:09,2026-02-18 12:50:30,2026-02-18 12:51:02,FSSC审核岗,1,,应付成本组,自动派单,已派任务少（优先派）,2026-02-18 12:51:02,移动端,AUD01,审核员01,2026-02-18 13:05:02,同意,,审核通过,33分37秒,--,0,,是,1,1,260秒,,0,,,--
财务会计,AP-2026-000519,2026-02-22,付款单,通用报销单（费用报销）,A02,示例集团·乙公司,MAK02,制单人02,,2,示例集团财务共享中心（本部）,财务共享,通用报销单（费用报销）,通用审批类,2026-04-17 14:48:56,2026-04-17 14:49:38,2026-04-17 14:51:15,FSSC审核岗,1,,应付成本组,自动派单,已派任务少（优先派）,2026-04-17 14:51:15,PC端,AUD04,审核员04,2026-04-17 17:02:15,同意,,审核通过,21分45秒,--,0,,是,1,1,201秒,,0,,,--
财务会计,AP-2026-000520,2026-03-16,应付发票,应付确认单（物料类）,A05,示例集团·戊公司,MAK08,制单人08,,3,示例集团财务共享中心（本部）,财务共享,应付确认单（物料类）,通用审批类,2026-02-21 20:37:41,2026-02-21 20:37:44,2026-02-21 20:38:11,FSSC审核岗,1,,应付成本组,自动派单,已派任务少（优先派）,2026-02-21 20:38:11,PC端,AUD07,审核员07,2026-02-21 21:35:11,同意,,审核通过,26分13秒,--,0,,是,1,1,166秒,,0,,,--
财务会计,AP-2026-000521,2026-06-27,通用报销单,应付付款单（材料采购）,A04,示例集团·丁公司,MAK07,制单人07,,7,示例集团财务共享中心（本部）,财务共享,应付付款单（材料采购）,通用审批类,2026-02-03 10:48:05,2026-02-03 10:48:24,2026-02-03 10:49:21,FSSC审核岗,1,,应付成本组,自动派单,已派任务少（优先派）,2026-02-03 10:49:21,移动端,AUD02,审核员02,2026-02-03 13:02:21,同意,,审核通过,33分39秒,--,0,,是,1,1,182秒,,0,,,--
财务会计,AP-2026-000522,2026-03-26,应付发票,应付付款单（差旅费）,A04,示例集团·丁公司,MAK08,制单人08,,4,示例集团财务共享中心（本部）,财务共享,应付付款单（差旅费）,通用审批类,2026-02-13 08:11:28,2026-02-13 08:11:43,2026-02-13 08:12:17,FSSC审核岗,1,,应付成本组,自动派单,已派任务少（优先派）,2026-02-13 08:12:17,PC端,AUD03,审核员03,2026-02-13 10:58:17,驳回,业务类型填写错误,审核驳回,33分32秒,6分50秒,0,,是,1,1,151秒,驳回,1,制单人,制单人08,1
费控服务,AP-2026-000523,2026-03-02,付款单,应付付款单（服务费）,A15,示例集团·子公司戊,MAK02,制单人02,,2,示例集团财务共享中心（本部）,财务共享,应付付款单（服务费）,通用审批类,2026-05-07 18:21:16,2026-05-07 18:21:36,2026-05-07 18:23:12,FSSC审核岗,1,,应付成本组,自动派单,已派任务少（优先派）,2026-05-07 18:23:12,PC端,AUD01,审核员01,2026-05-07 21:40:12,同意,,审核通过,35分58秒,--,0,,是,1,1,143秒,,0,,,--
财务会计,AP-2026-000524,2026-04-26,付款单,通用报销单（费用报销）,A01,示例集团·甲公司,MAK05,制单人05,,6,示例集团财务共享中心（本部）,财务共享,通用报销单（费用报销）,通用审批类,2026-01-19 20:41:00,2026-01-19 20:41:31,2026-01-19 20:42:55,FSSC审核岗,1,,应付成本组,自动派单,已派任务少（优先派）,2026-01-19 20:42:55,PC端,AUD06,审核员06,2026-01-19 22:54:55,同意,,审核通过,15分14秒,--,0,,是,1,1,117秒,,0,,,--
费控服务,AP-2026-000525,2026-01-25,通用报销单,通用报销单（费用报销）,A05,示例集团·戊公司,MAK09,制单人09,,6,示例集团财务共享中心（本部）,财务共享,通用报销单（费用报销）,通用审批类,2026-01-15 13:50:05,2026-01-15 13:50:26,2026-01-15 13:52:15,FSSC审核岗,1,,应付成本组,自动派单,已派任务少（优先派）,2026-01-15 13:52:15,移动端,AUD06,审核员06,2026-01-15 14:41:15,同意,,审核通过,14分28秒,--,0,,是,1,1,240秒,,0,,,--
财务会计,AP-2026-000526,2026-05-28,应付发票,应付付款单（差旅费）,A12,示例集团·子公司乙,MAK01,制单人01,,6,示例集团财务共享中心（本部）,财务共享,应付付款单（差旅费）,通用审批类,2026-06-01 15:51:42,2026-06-01 15:52:36,2026-06-01 15:53:22,FSSC审核岗,1,,应付成本组,自动派单,已派任务少（优先派）,2026-06-01 15:53:22,PC端,AUD01,审核员01,2026-06-01 17:20:22,同意,,审核通过,35分19秒,--,0,,是,1,1,176秒,,0,,,--
财务会计,AP-2026-000527,2026-03-05,应付发票,应付付款单（服务费）,A06,示例集团·己公司,MAK10,制单人10,,6,示例集团财务共享中心（本部）,财务共享,应付付款单（服务费）,通用审批类,2026-03-21 20:38:58,2026-03-21 20:39:37,2026-03-21 20:40:51,FSSC审核岗,1,,应付成本组,自动派单,已派任务少（优先派）,2026-03-21 20:40:51,PC端,AUD01,审核员01,2026-03-21 22:21:51,同意,,审核通过,5分34秒,--,0,,是,1,1,207秒,,0,,,--
财务会计,AP-2026-000528,2026-03-15,付款单,应付确认单（物料类）,A02,示例集团·乙公司,MAK02,制单人02,,0,示例集团财务共享中心（本部）,财务共享,应付确认单（物料类）,通用审批类,2026-04-03 10:06:43,2026-04-03 10:07:19,2026-04-03 10:07:42,FSSC审核岗,1,,应付成本组,自动派单,已派任务少（优先派）,2026-04-03 10:07:42,PC端,AUD04,审核员04,2026-04-03 10:16:42,同意,,审核通过,12分12秒,--,0,,是,1,1,45秒,,0,,,--
财务会计,AP-2026-000529,2026-02-10,通用报销单,通用报销单（费用报销）,A15,示例集团·子公司戊,MAK07,制单人07,,2,示例集团财务共享中心（本部）,财务共享,通用报销单（费用报销）,通用审批类,2026-05-15 08:23:33,2026-05-15 08:23:34,2026-05-15 08:23:56,FSSC审核岗,1,,应付成本组,自动派单,已派任务少（优先派）,2026-05-15 08:23:56,PC端,AUD02,审核员02,2026-05-15 09:47:56,同意,,审核通过,8分8秒,--,0,,是,1,1,284秒,,0,,,--
财务会计,AP-2026-000530,2026-03-28,付款单,应付确认单（物料类）,A04,示例集团·丁公司,MAK12,制单人12,,4,示例集团财务共享中心（本部）,财务共享,应付确认单（物料类）,通用审批类,2026-06-07 12:27:52,2026-06-07 12:28:38,2026-06-07 12:30:04,FSSC审核岗,1,,应付成本组,自动派单,已派任务少（优先派）,2026-06-07 12:30:04,PC端,AUD03,审核员03,2026-06-07 14:32:04,同意,,审核通过,38分12秒,--,0,,是,1,1,267秒,,0,,,--
财务会计,AP-2026-000531,2026-05-05,通用报销单,通用报销单（费用报销）,A09,示例集团·壬公司,MAK08,制单人08,,0,示例集团财务共享中心（本部）,财务共享,通用报销单（费用报销）,通用审批类,2026-04-13 17:51:15,2026-04-13 17:51:49,2026-04-13 17:52:32,FSSC审核岗,1,,应付成本组,自动派单,已派任务少（优先派）,2026-04-13 17:52:32,PC端,AUD02,审核员02,2026-04-13 20:18:32,同意,,审核通过,6分18秒,--,0,,是,1,1,243秒,,0,,,--
费控服务,AP-2026-000532,2026-06-13,通用报销单,应付付款单（服务费）,A03,示例集团·丙公司,MAK14,制单人14,,2,示例集团财务共享中心（本部）,财务共享,应付付款单（服务费）,通用审批类,2026-05-28 10:26:15,2026-05-28 10:26:27,2026-05-28 10:28:23,FSSC审核岗,1,,应付成本组,自动派单,已派任务少（优先派）,2026-05-28 10:28:23,PC端,AUD06,审核员06,2026-05-28 13:07:23,同意,,审核通过,37分6秒,--,0,,是,1,1,211秒,,0,,,--
财务会计,AP-2026-000533,2026-02-06,通用报销单,应付付款单（材料采购）,A08,示例集团·辛公司,MAK01,制单人01,,7,示例集团财务共享中心（本部）,财务共享,应付付款单（材料采购）,通用审批类,2026-06-18 12:42:58,2026-06-18 12:43:03,2026-06-18 12:44:33,FSSC审核岗,1,,应付成本组,自动派单,已派任务少（优先派）,2026-06-18 12:44:33,PC端,AUD07,审核员07,2026-06-18 15:50:33,同意,,审核通过,27分48秒,--,0,,是,1,1,293秒,,0,,,--
财务会计,AP-2026-000534,2026-04-17,付款单,其他专项付款单,A01,示例集团·甲公司,MAK06,制单人06,,7,示例集团财务共享中心（本部）,财务共享,其他专项付款单,通用审批类,2026-01-14 15:10:16,2026-01-14 15:10:30,2026-01-14 15:11:35,FSSC审核岗,1,,应付成本组,自动派单,已派任务少（优先派）,2026-01-14 15:11:35,PC端,AUD06,审核员06,2026-01-14 15:23:35,同意,,审核通过,25分21秒,--,0,,是,1,1,214秒,,0,,,--
财务会计,AP-2026-000535,2026-01-04,通用报销单,应付付款单（服务费）,A12,示例集团·子公司乙,MAK07,制单人07,,3,示例集团财务共享中心（本部）,财务共享,应付付款单（服务费）,通用审批类,2026-02-11 18:47:29,2026-02-11 18:48:01,2026-02-11 18:49:01,FSSC审核岗,1,,应付成本组,自动派单,已派任务少（优先派）,2026-02-11 18:49:01,移动端,AUD01,审核员01,2026-02-11 19:07:01,驳回,附件信息不一致,审核驳回,29分8秒,18分53秒,0,,是,3,1,92秒,驳回,1,制单人,制单人07,3
财务会计,AP-2026-000536,2026-04-10,付款单,应付付款单（材料采购）,A02,示例集团·乙公司,MAK01,制单人01,,2,示例集团财务共享中心（本部）,财务共享,应付付款单（材料采购）,通用审批类,2026-02-13 10:04:42,2026-02-13 10:05:31,2026-02-13 10:05:33,FSSC审核岗,1,,应付成本组,自动派单,已派任务少（优先派）,2026-02-13 10:05:33,移动端,AUD01,审核员01,2026-02-13 12:59:33,同意,,审核通过,14分45秒,--,0,,是,1,1,27秒,,0,,,--
费控服务,AP-2026-000537,2026-03-02,付款单,其他专项付款单,A14,示例集团·子公司丁,MAK09,制单人09,,0,示例集团财务共享中心（本部）,财务共享,其他专项付款单,通用审批类,2026-03-21 18:45:42,2026-03-21 18:46:40,2026-03-21 18:46:54,FSSC审核岗,1,,应付成本组,自动派单,已派任务少（优先派）,2026-03-21 18:46:54,PC端,AUD04,审核员04,2026-03-21 20:26:54,同意,,审核通过,4分49秒,--,0,,是,1,1,203秒,,0,,,--
费控服务,AP-2026-000538,2026-05-08,应付发票,应付付款单（服务费）,A10,示例集团·癸公司,MAK15,制单人15,,1,示例集团财务共享中心（本部）,财务共享,应付付款单（服务费）,通用审批类,2026-03-14 08:00:21,2026-03-14 08:01:14,2026-03-14 08:01:39,FSSC审核岗,1,,应付成本组,自动派单,已派任务少（优先派）,2026-03-14 08:01:39,移动端,AUD03,审核员03,2026-03-14 10:56:39,同意,,审核通过,11分46秒,--,0,,是,1,1,95秒,,0,,,--
财务会计,AP-2026-000539,2026-02-11,通用报销单,应付确认单（物料类）,A01,示例集团·甲公司,MAK09,制单人09,,5,示例集团财务共享中心（本部）,财务共享,应付确认单（物料类）,通用审批类,2026-01-20 11:59:34,2026-01-20 12:00:00,2026-01-20 12:00:55,FSSC审核岗,1,,应付成本组,自动派单,已派任务少（优先派）,2026-01-20 12:00:55,PC端,AUD06,审核员06,2026-01-20 12:31:55,同意,,审核通过,12分0秒,--,0,,是,1,1,215秒,,0,,,--
财务会计,AP-2026-000540,2026-04-08,通用报销单,其他专项付款单,A07,示例集团·庚公司,MAK01,制单人01,,7,示例集团财务共享中心（本部）,财务共享,其他专项付款单,通用审批类,2026-01-09 18:39:23,2026-01-09 18:39:26,2026-01-09 18:39:35,FSSC审核岗,1,,应付成本组,自动派单,已派任务少（优先派）,2026-01-09 18:39:35,PC端,AUD02,审核员02,2026-01-09 19:35:35,同意,,审核通过,7分45秒,--,0,,是,1,1,284秒,,0,,,--
费控服务,AP-2026-000541,2026-04-09,应付发票,应付确认单（物料类）,A10,示例集团·癸公司,MAK15,制单人15,,5,示例集团财务共享中心（本部）,财务共享,应付确认单（物料类）,通用审批类,2026-02-21 19:24:43,2026-02-21 19:25:43,2026-02-21 19:27:22,FSSC审核岗,1,,应付成本组,自动派单,已派任务少（优先派）,2026-02-21 19:27:22,PC端,AUD04,审核员04,2026-02-21 22:25:22,同意,,审核通过,31分4秒,--,0,,是,1,1,181秒,,0,,,--
财务会计,AP-2026-000542,2026-01-17,通用报销单,通用报销单（费用报销）,A01,示例集团·甲公司,MAK15,制单人15,,3,示例集团财务共享中心（本部）,财务共享,通用报销单（费用报销）,通用审批类,2026-05-17 17:45:00,2026-05-17 17:45:15,2026-05-17 17:45:18,FSSC审核岗,1,,应付成本组,自动派单,已派任务少（优先派）,2026-05-17 17:45:18,PC端,AUD04,审核员04,2026-05-17 20:23:18,同意,,审核通过,28分48秒,--,0,,是,1,1,134秒,,0,,,--
费控服务,AP-2026-000543,2026-06-10,通用报销单,应付付款单（材料采购）,A07,示例集团·庚公司,MAK01,制单人01,,5,示例集团财务共享中心（本部）,财务共享,应付付款单（材料采购）,通用审批类,2026-01-07 18:02:15,2026-01-07 18:03:15,2026-01-07 18:04:48,FSSC审核岗,1,,应付成本组,自动派单,已派任务少（优先派）,2026-01-07 18:04:48,移动端,AUD03,审核员03,2026-01-07 20:38:48,同意,,审核通过,9分17秒,--,0,,是,1,1,172秒,,0,,,--
财务会计,AP-2026-000544,2026-03-14,付款单,其他专项付款单,A07,示例集团·庚公司,MAK13,制单人13,,3,示例集团财务共享中心（本部）,财务共享,其他专项付款单,通用审批类,2026-04-25 08:14:54,2026-04-25 08:15:41,2026-04-25 08:16:24,FSSC审核岗,1,,应付成本组,自动派单,已派任务少（优先派）,2026-04-25 08:16:24,PC端,AUD04,审核员04,2026-04-25 09:44:24,同意,,审核通过,15分38秒,--,0,,是,1,1,205秒,,0,,,--
财务会计,AP-2026-000545,2026-06-03,付款单,其他专项付款单,A05,示例集团·戊公司,MAK03,制单人03,,3,示例集团财务共享中心（本部）,财务共享,其他专项付款单,通用审批类,2026-05-02 18:09:13,2026-05-02 18:09:22,2026-05-02 18:09:34,FSSC审核岗,1,,应付成本组,自动派单,已派任务少（优先派）,2026-05-02 18:09:34,移动端,AUD05,审核员05,2026-05-02 18:54:34,同意,,审核通过,16分32秒,--,0,,是,1,1,50秒,,0,,,--
财务会计,AP-2026-000546,2026-05-07,通用报销单,应付付款单（差旅费）,A04,示例集团·丁公司,MAK08,制单人08,,7,示例集团财务共享中心（本部）,财务共享,应付付款单（差旅费）,通用审批类,2026-04-20 11:19:18,2026-04-20 11:19:55,2026-04-20 11:20:53,FSSC审核岗,1,,应付成本组,自动派单,已派任务少（优先派）,2026-04-20 11:20:53,移动端,AUD02,审核员02,2026-04-20 14:03:53,同意,,审核通过,6分23秒,--,0,,是,1,1,213秒,,0,,,--
财务会计,AP-2026-000547,2026-03-20,应付发票,其他专项付款单,A04,示例集团·丁公司,MAK08,制单人08,,4,示例集团财务共享中心（本部）,财务共享,其他专项付款单,通用审批类,2026-01-05 20:30:01,2026-01-05 20:30:50,2026-01-05 20:31:39,FSSC审核岗,1,,应付成本组,自动派单,已派任务少（优先派）,2026-01-05 20:31:39,PC端,AUD03,审核员03,2026-01-05 22:21:39,同意,,审核通过,39分34秒,--,0,,是,1,1,88秒,,0,,,--
费控服务,AP-2026-000548,2026-06-10,应付发票,应付付款单（服务费）,A06,示例集团·己公司,MAK03,制单人03,,3,示例集团财务共享中心（本部）,财务共享,应付付款单（服务费）,通用审批类,2026-01-18 17:30:04,2026-01-18 17:30:26,2026-01-18 17:30:44,FSSC审核岗,1,,应付成本组,自动派单,已派任务少（优先派）,2026-01-18 17:30:44,移动端,AUD03,审核员03,2026-01-18 20:34:44,同意,,审核通过,1分0秒,--,0,,是,1,1,266秒,,0,,,--
财务会计,AP-2026-000549,2026-03-14,通用报销单,应付付款单（材料采购）,A09,示例集团·壬公司,MAK06,制单人06,,1,示例集团财务共享中心（本部）,财务共享,应付付款单（材料采购）,通用审批类,2026-01-13 15:19:41,2026-01-13 15:20:19,2026-01-13 15:20:29,FSSC审核岗,1,,应付成本组,自动派单,已派任务少（优先派）,2026-01-13 15:20:29,PC端,AUD03,审核员03,2026-01-13 17:05:29,同意,,审核通过,25分59秒,--,0,,是,1,1,299秒,,0,,,--
费控服务,AP-2026-000550,2026-06-25,付款单,应付确认单（物料类）,A02,示例集团·乙公司,MAK13,制单人13,,6,示例集团财务共享中心（本部）,财务共享,应付确认单（物料类）,通用审批类,2026-04-17 19:31:40,2026-04-17 19:32:25,2026-04-17 19:33:13,FSSC审核岗,1,,应付成本组,自动派单,已派任务少（优先派）,2026-04-17 19:33:13,PC端,AUD07,审核员07,2026-04-17 22:32:13,驳回,附件不完整,审核驳回,16分15秒,24分40秒,0,,是,2,1,24秒,驳回,1,制单人,制单人13,2
财务会计,AP-2026-000551,2026-02-15,通用报销单,应付付款单（差旅费）,A08,示例集团·辛公司,MAK11,制单人11,,6,示例集团财务共享中心（本部）,财务共享,应付付款单（差旅费）,通用审批类,2026-01-08 17:37:42,2026-01-08 17:38:36,2026-01-08 17:38:57,FSSC审核岗,1,,应付成本组,自动派单,已派任务少（优先派）,2026-01-08 17:38:57,PC端,AUD02,审核员02,2026-01-08 17:42:57,同意,,审核通过,26分45秒,--,0,,是,1,1,51秒,,0,,,--
费控服务,AP-2026-000552,2026-05-27,通用报销单,应付确认单（物料类）,A05,示例集团·戊公司,MAK04,制单人04,,1,示例集团财务共享中心（本部）,财务共享,应付确认单（物料类）,通用审批类,2026-01-10 16:34:42,2026-01-10 16:35:39,2026-01-10 16:36:28,FSSC审核岗,1,,应付成本组,自动派单,已派任务少（优先派）,2026-01-10 16:36:28,移动端,AUD03,审核员03,2026-01-10 19:07:28,同意,,审核通过,7分40秒,--,0,,是,1,1,186秒,,0,,,--
费控服务,AP-2026-000553,2026-02-24,付款单,应付确认单（物料类）,A11,示例集团·子公司甲,MAK05,制单人05,,6,示例集团财务共享中心（本部）,财务共享,应付确认单（物料类）,通用审批类,2026-06-01 10:52:31,2026-06-01 10:52:32,2026-06-01 10:52:45,FSSC审核岗,1,,应付成本组,自动派单,已派任务少（优先派）,2026-06-01 10:52:45,移动端,AUD02,审核员02,2026-06-01 11:10:45,同意,,审核通过,19分46秒,--,0,,是,1,1,230秒,,0,,,--
财务会计,AP-2026-000554,2026-06-07,付款单,其他专项付款单,A02,示例集团·乙公司,MAK06,制单人06,,3,示例集团财务共享中心（本部）,财务共享,其他专项付款单,通用审批类,2026-01-04 15:36:52,2026-01-04 15:37:06,2026-01-04 15:37:30,FSSC审核岗,1,,应付成本组,自动派单,已派任务少（优先派）,2026-01-04 15:37:30,PC端,AUD05,审核员05,2026-01-04 16:29:30,驳回,附件信息不一致,审核驳回,17分57秒,--,0,,是,1,1,235秒,驳回,1,前端单位,示例集团·乙公司,1
费控服务,AP-2026-000555,2026-02-06,付款单,应付付款单（服务费）,A07,示例集团·庚公司,MAK10,制单人10,,1,示例集团财务共享中心（本部）,财务共享,应付付款单（服务费）,通用审批类,2026-03-13 09:17:04,2026-03-13 09:17:26,2026-03-13 09:17:30,FSSC审核岗,1,,应付成本组,自动派单,已派任务少（优先派）,2026-03-13 09:17:30,PC端,AUD07,审核员07,2026-03-13 11:47:30,同意,,审核通过,1分3秒,--,0,,是,1,1,146秒,,0,,,--
财务会计,AP-2026-000556,2026-05-02,付款单,应付付款单（服务费）,A09,示例集团·壬公司,MAK01,制单人01,,5,示例集团财务共享中心（本部）,财务共享,应付付款单（服务费）,通用审批类,2026-04-26 08:24:38,2026-04-26 08:25:12,2026-04-26 08:26:50,FSSC审核岗,1,,应付成本组,自动派单,已派任务少（优先派）,2026-04-26 08:26:50,PC端,AUD05,审核员05,2026-04-26 09:35:50,同意,,审核通过,39分27秒,--,0,,是,1,1,182秒,,0,,,--
财务会计,AP-2026-000557,2026-04-27,应付发票,应付付款单（服务费）,A04,示例集团·丁公司,MAK15,制单人15,,6,示例集团财务共享中心（本部）,财务共享,应付付款单（服务费）,通用审批类,2026-01-13 14:39:03,2026-01-13 14:39:26,2026-01-13 14:41:18,FSSC审核岗,1,,应付成本组,自动派单,已派任务少（优先派）,2026-01-13 14:41:18,PC端,AUD07,审核员07,2026-01-13 16:06:18,同意,特殊原因,审核通过,9分1秒,34分17秒,0,,是,1,1,137秒,,0,,,1
财务会计,AP-2026-000558,2026-04-16,应付发票,通用报销单（费用报销）,A04,示例集团·丁公司,MAK10,制单人10,,5,示例集团财务共享中心（本部）,财务共享,通用报销单（费用报销）,通用审批类,2026-04-07 08:40:52,2026-04-07 08:41:13,2026-04-07 08:41:16,FSSC审核岗,1,,应付成本组,自动派单,已派任务少（优先派）,2026-04-07 08:41:16,PC端,AUD05,审核员05,2026-04-07 11:24:16,同意,附件不完整,审核通过,29分14秒,26分47秒,0,,是,1,1,51秒,,0,,,1
费控服务,AP-2026-000559,2026-03-16,通用报销单,应付付款单（差旅费）,A03,示例集团·丙公司,MAK16,制单人16,,8,示例集团财务共享中心（本部）,财务共享,应付付款单（差旅费）,通用审批类,2026-04-04 19:24:18,2026-04-04 19:24:57,2026-04-04 19:25:22,FSSC审核岗,1,,应付成本组,自动派单,已派任务少（优先派）,2026-04-04 19:25:22,移动端,AUD07,审核员07,2026-04-04 22:28:22,同意,,审核通过,3分8秒,--,0,,是,1,1,264秒,,0,,,--
财务会计,AP-2026-000560,2026-06-18,通用报销单,应付付款单（差旅费）,A11,示例集团·子公司甲,MAK05,制单人05,,1,示例集团财务共享中心（本部）,财务共享,应付付款单（差旅费）,通用审批类,2026-06-15 09:30:42,2026-06-15 09:31:17,2026-06-15 09:31:48,FSSC审核岗,1,,应付成本组,自动派单,已派任务少（优先派）,2026-06-15 09:31:48,PC端,AUD05,审核员05,2026-06-15 10:34:48,同意,,审核通过,7分27秒,--,0,,是,1,1,24秒,,0,,,--
财务会计,AP-2026-000561,2026-06-25,通用报销单,应付付款单（差旅费）,A02,示例集团·乙公司,MAK15,制单人15,,7,示例集团财务共享中心（本部）,财务共享,应付付款单（差旅费）,通用审批类,2026-01-09 18:30:57,2026-01-09 18:31:40,2026-01-09 18:31:56,FSSC审核岗,1,,应付成本组,自动派单,已派任务少（优先派）,2026-01-09 18:31:56,移动端,AUD07,审核员07,2026-01-09 21:22:56,同意,,审核通过,6分50秒,--,0,,是,1,1,180秒,,0,,,--
财务会计,AP-2026-000562,2026-01-20,付款单,其他专项付款单,A13,示例集团·子公司丙,MAK15,制单人15,,6,示例集团财务共享中心（本部）,财务共享,其他专项付款单,通用审批类,2026-04-13 19:47:47,2026-04-13 19:48:34,2026-04-13 19:49:23,FSSC审核岗,1,,应付成本组,自动派单,已派任务少（优先派）,2026-04-13 19:49:23,PC端,AUD06,审核员06,2026-04-13 22:37:23,同意,,审核通过,15分14秒,--,0,,是,1,1,142秒,,0,,,--
费控服务,AP-2026-000563,2026-06-24,应付发票,应付付款单（材料采购）,A01,示例集团·甲公司,MAK02,制单人02,,0,示例集团财务共享中心（本部）,财务共享,应付付款单（材料采购）,通用审批类,2026-03-24 09:36:23,2026-03-24 09:36:32,2026-03-24 09:38:22,FSSC审核岗,1,,应付成本组,自动派单,已派任务少（优先派）,2026-03-24 09:38:22,移动端,AUD01,审核员01,2026-03-24 10:59:22,同意,,审核通过,20分3秒,--,0,,是,1,1,284秒,,0,,,--
财务会计,AP-2026-000564,2026-01-25,通用报销单,其他专项付款单,A02,示例集团·乙公司,MAK07,制单人07,,7,示例集团财务共享中心（本部）,财务共享,其他专项付款单,通用审批类,2026-01-26 10:33:42,2026-01-26 10:34:21,2026-01-26 10:35:37,FSSC审核岗,1,,应付成本组,自动派单,已派任务少（优先派）,2026-01-26 10:35:37,PC端,AUD03,审核员03,2026-01-26 11:32:37,同意,附件信息不一致,审核通过,21分9秒,--,0,,是,1,1,161秒,,0,,,1
费控服务,AP-2026-000565,2026-02-20,应付发票,应付付款单（材料采购）,A12,示例集团·子公司乙,MAK08,制单人08,,1,示例集团财务共享中心（本部）,财务共享,应付付款单（材料采购）,通用审批类,2026-03-22 20:52:44,2026-03-22 20:52:47,2026-03-22 20:54:04,FSSC审核岗,1,,应付成本组,自动派单,已派任务少（优先派）,2026-03-22 20:54:04,移动端,AUD04,审核员04,2026-03-22 22:16:04,同意,,审核通过,18分54秒,--,0,,是,1,1,254秒,,0,,,--
财务会计,AP-2026-000566,2026-04-13,付款单,通用报销单（费用报销）,A07,示例集团·庚公司,MAK04,制单人04,,2,示例集团财务共享中心（本部）,财务共享,通用报销单（费用报销）,通用审批类,2026-04-05 19:13:54,2026-04-05 19:14:41,2026-04-05 19:16:41,FSSC审核岗,1,,应付成本组,自动派单,已派任务少（优先派）,2026-04-05 19:16:41,PC端,AUD03,审核员03,2026-04-05 20:14:41,同意,未关联合同,审核通过,32分46秒,11分1秒,0,,是,1,1,290秒,,0,,,1
财务会计,AP-2026-000567,2026-01-12,应付发票,应付确认单（物料类）,A04,示例集团·丁公司,MAK07,制单人07,,1,示例集团财务共享中心（本部）,财务共享,应付确认单（物料类）,通用审批类,2026-06-03 16:46:18,2026-06-03 16:46:37,2026-06-03 16:48:07,FSSC审核岗,1,,应付成本组,自动派单,已派任务少（优先派）,2026-06-03 16:48:07,PC端,AUD04,审核员04,2026-06-03 17:38:07,同意,,审核通过,9分20秒,--,0,,是,1,1,37秒,,0,,,--
财务会计,AP-2026-000568,2026-01-06,付款单,其他专项付款单,A12,示例集团·子公司乙,MAK12,制单人12,,0,示例集团财务共享中心（本部）,财务共享,其他专项付款单,通用审批类,2026-06-23 15:18:57,2026-06-23 15:19:07,2026-06-23 15:19:34,FSSC审核岗,1,,应付成本组,自动派单,已派任务少（优先派）,2026-06-23 15:19:34,PC端,AUD04,审核员04,2026-06-23 16:15:34,同意,,审核通过,24分46秒,--,0,,是,1,1,62秒,,0,,,--
财务会计,AP-2026-000569,2026-04-14,通用报销单,其他专项付款单,A08,示例集团·辛公司,MAK16,制单人16,,6,示例集团财务共享中心（本部）,财务共享,其他专项付款单,通用审批类,2026-04-02 09:22:30,2026-04-02 09:22:42,2026-04-02 09:22:49,FSSC审核岗,1,,应付成本组,自动派单,已派任务少（优先派）,2026-04-02 09:22:49,PC端,AUD02,审核员02,2026-04-02 09:53:49,同意,,审核通过,10分40秒,--,0,,是,1,1,216秒,,0,,,--
财务会计,AP-2026-000570,2026-03-10,通用报销单,应付付款单（服务费）,A02,示例集团·乙公司,MAK02,制单人02,,6,示例集团财务共享中心（本部）,财务共享,应付付款单（服务费）,通用审批类,2026-03-21 19:24:49,2026-03-21 19:25:34,2026-03-21 19:27:16,FSSC审核岗,1,,应付成本组,自动派单,已派任务少（优先派）,2026-03-21 19:27:16,PC端,AUD03,审核员03,2026-03-21 22:19:16,同意,,审核通过,18分40秒,--,0,,是,1,1,237秒,,0,,,--
费控服务,AP-2026-000571,2026-03-16,通用报销单,应付付款单（差旅费）,A04,示例集团·丁公司,MAK02,制单人02,,2,示例集团财务共享中心（本部）,财务共享,应付付款单（差旅费）,通用审批类,2026-02-17 11:01:37,2026-02-17 11:02:14,2026-02-17 11:03:28,FSSC审核岗,1,,应付成本组,自动派单,已派任务少（优先派）,2026-02-17 11:03:28,移动端,AUD01,审核员01,2026-02-17 13:06:28,同意,,审核通过,25分30秒,--,0,,是,1,1,232秒,,0,,,--
财务会计,AP-2026-000572,2026-03-23,通用报销单,其他专项付款单,A03,示例集团·丙公司,MAK03,制单人03,,1,示例集团财务共享中心（本部）,财务共享,其他专项付款单,通用审批类,2026-02-13 19:01:25,2026-02-13 19:02:01,2026-02-13 19:03:46,FSSC审核岗,1,,应付成本组,自动派单,已派任务少（优先派）,2026-02-13 19:03:46,移动端,AUD03,审核员03,2026-02-13 21:21:46,同意,,审核通过,34分53秒,--,0,,是,1,1,285秒,,0,,,--
财务会计,AP-2026-000573,2026-06-25,付款单,通用报销单（费用报销）,A09,示例集团·壬公司,MAK13,制单人13,,1,示例集团财务共享中心（本部）,财务共享,通用报销单（费用报销）,通用审批类,2026-04-04 10:55:38,2026-04-04 10:56:23,2026-04-04 10:56:47,FSSC审核岗,1,,应付成本组,自动派单,已派任务少（优先派）,2026-04-04 10:56:47,移动端,AUD01,审核员01,2026-04-04 10:58:47,同意,,审核通过,3分8秒,--,0,,是,1,1,115秒,,0,,,--
财务会计,AP-2026-000574,2026-02-25,通用报销单,应付确认单（物料类）,A07,示例集团·庚公司,MAK02,制单人02,,0,示例集团财务共享中心（本部）,财务共享,应付确认单（物料类）,通用审批类,2026-05-17 12:23:34,2026-05-17 12:23:45,2026-05-17 12:24:40,FSSC审核岗,1,,应付成本组,自动派单,已派任务少（优先派）,2026-05-17 12:24:40,PC端,AUD02,审核员02,2026-05-17 15:13:40,驳回,附件信息不一致,审核驳回,34分57秒,35分28秒,0,,是,2,1,81秒,驳回,1,前端单位,示例集团·庚公司,2
财务会计,AP-2026-000575,2026-06-12,通用报销单,通用报销单（费用报销）,A06,示例集团·己公司,MAK12,制单人12,,4,示例集团财务共享中心（本部）,财务共享,通用报销单（费用报销）,通用审批类,2026-02-07 19:06:42,2026-02-07 19:07:35,2026-02-07 19:07:41,FSSC审核岗,1,,应付成本组,自动派单,已派任务少（优先派）,2026-02-07 19:07:41,PC端,AUD04,审核员04,2026-02-07 20:08:41,驳回,附件信息不一致,审核驳回,14分8秒,14分37秒,0,,是,1,1,193秒,驳回,1,制单人,制单人12,1
财务会计,AP-2026-000576,2026-03-18,应付发票,应付确认单（物料类）,A03,示例集团·丙公司,MAK12,制单人12,,8,示例集团财务共享中心（本部）,财务共享,应付确认单（物料类）,通用审批类,2026-06-21 10:25:29,2026-06-21 10:25:35,2026-06-21 10:26:08,FSSC审核岗,1,,应付成本组,自动派单,已派任务少（优先派）,2026-06-21 10:26:08,PC端,AUD03,审核员03,2026-06-21 13:20:08,同意,,审核通过,14分4秒,--,0,,是,1,1,147秒,,0,,,--
费控服务,AP-2026-000577,2026-04-12,通用报销单,其他专项付款单,A20,示例集团·子公司癸,MAK12,制单人12,,6,示例集团财务共享中心（本部）,财务共享,其他专项付款单,通用审批类,2026-02-27 16:38:10,2026-02-27 16:38:37,2026-02-27 16:40:23,FSSC审核岗,1,,应付成本组,自动派单,已派任务少（优先派）,2026-02-27 16:40:23,PC端,AUD02,审核员02,2026-02-27 17:20:23,同意,,审核通过,2分38秒,--,0,,是,1,1,136秒,,0,,,--
财务会计,AP-2026-000578,2026-01-18,付款单,应付确认单（物料类）,A01,示例集团·甲公司,MAK02,制单人02,,4,示例集团财务共享中心（本部）,财务共享,应付确认单（物料类）,通用审批类,2026-04-21 09:23:58,2026-04-21 09:24:20,2026-04-21 09:26:00,FSSC审核岗,1,,应付成本组,自动派单,已派任务少（优先派）,2026-04-21 09:26:00,移动端,AUD01,审核员01,2026-04-21 10:36:00,同意,,审核通过,1分6秒,--,0,,是,1,1,203秒,,0,,,--
费控服务,AP-2026-000579,2026-01-26,应付发票,通用报销单（费用报销）,A18,示例集团·子公司辛,MAK04,制单人04,,4,示例集团财务共享中心（本部）,财务共享,通用报销单（费用报销）,通用审批类,2026-02-24 12:37:52,2026-02-24 12:38:44,2026-02-24 12:39:47,FSSC审核岗,1,,应付成本组,自动派单,已派任务少（优先派）,2026-02-24 12:39:47,PC端,AUD07,审核员07,2026-02-24 13:04:47,同意,,审核通过,36分17秒,--,0,,是,1,1,60秒,,0,,,--
财务会计,AP-2026-000580,2026-02-13,应付发票,应付付款单（服务费）,A14,示例集团·子公司丁,MAK03,制单人03,,0,示例集团财务共享中心（本部）,财务共享,应付付款单（服务费）,通用审批类,2026-05-24 18:50:34,2026-05-24 18:51:10,2026-05-24 18:52:27,FSSC审核岗,1,,应付成本组,自动派单,已派任务少（优先派）,2026-05-24 18:52:27,PC端,AUD07,审核员07,2026-05-24 20:36:27,同意,,审核通过,33分45秒,--,0,,是,1,1,89秒,,0,,,--
费控服务,AP-2026-000581,2026-02-09,应付发票,应付确认单（物料类）,A08,示例集团·辛公司,MAK03,制单人03,,7,示例集团财务共享中心（本部）,财务共享,应付确认单（物料类）,通用审批类,2026-05-21 13:45:49,2026-05-21 13:46:05,2026-05-21 13:47:32,FSSC审核岗,1,,应付成本组,自动派单,已派任务少（优先派）,2026-05-21 13:47:32,移动端,AUD04,审核员04,2026-05-21 16:23:32,同意,,审核通过,23分51秒,--,0,,是,1,1,249秒,,0,,,--
财务会计,AP-2026-000582,2026-02-23,通用报销单,应付付款单（材料采购）,A05,示例集团·戊公司,MAK05,制单人05,,3,示例集团财务共享中心（本部）,财务共享,应付付款单（材料采购）,通用审批类,2026-02-28 09:19:26,2026-02-28 09:20:16,2026-02-28 09:20:57,FSSC审核岗,1,,应付成本组,自动派单,已派任务少（优先派）,2026-02-28 09:20:57,PC端,AUD03,审核员03,2026-02-28 09:44:57,同意,,审核通过,6分10秒,--,0,,是,1,1,39秒,,0,,,--
费控服务,AP-2026-000583,2026-06-26,应付发票,其他专项付款单,A01,示例集团·甲公司,MAK05,制单人05,,1,示例集团财务共享中心（本部）,财务共享,其他专项付款单,通用审批类,2026-02-17 19:08:30,2026-02-17 19:09:02,2026-02-17 19:10:08,FSSC审核岗,1,,应付成本组,自动派单,已派任务少（优先派）,2026-02-17 19:10:08,PC端,AUD07,审核员07,2026-02-17 22:06:08,同意,,审核通过,26分0秒,--,0,,是,1,1,107秒,,0,,,--
费控服务,AP-2026-000584,2026-03-23,应付发票,应付付款单（材料采购）,A15,示例集团·子公司戊,MAK12,制单人12,,7,示例集团财务共享中心（本部）,财务共享,应付付款单（材料采购）,通用审批类,2026-03-08 19:42:58,2026-03-08 19:43:51,2026-03-08 19:45:44,FSSC审核岗,1,,应付成本组,自动派单,已派任务少（优先派）,2026-03-08 19:45:44,PC端,AUD05,审核员05,2026-03-08 22:01:44,同意,附件不完整,审核通过,11分43秒,--,0,,是,1,1,278秒,,0,,,1
财务会计,AP-2026-000585,2026-03-05,通用报销单,应付确认单（物料类）,A14,示例集团·子公司丁,MAK03,制单人03,,8,示例集团财务共享中心（本部）,财务共享,应付确认单（物料类）,通用审批类,2026-03-14 15:24:10,2026-03-14 15:24:34,2026-03-14 15:24:49,FSSC审核岗,1,,应付成本组,自动派单,已派任务少（优先派）,2026-03-14 15:24:49,PC端,AUD03,审核员03,2026-03-14 16:51:49,同意,,审核通过,8分18秒,--,0,,是,1,1,163秒,,0,,,--
费控服务,AP-2026-000586,2026-03-21,通用报销单,应付确认单（物料类）,A05,示例集团·戊公司,MAK05,制单人05,,0,示例集团财务共享中心（本部）,财务共享,应付确认单（物料类）,通用审批类,2026-05-10 18:32:52,2026-05-10 18:33:50,2026-05-10 18:33:55,FSSC审核岗,1,,应付成本组,自动派单,已派任务少（优先派）,2026-05-10 18:33:55,PC端,AUD01,审核员01,2026-05-10 20:32:55,同意,,审核通过,23分0秒,--,0,,是,1,1,245秒,,0,,,--
财务会计,AP-2026-000587,2026-03-24,付款单,其他专项付款单,A03,示例集团·丙公司,MAK06,制单人06,,1,示例集团财务共享中心（本部）,财务共享,其他专项付款单,通用审批类,2026-05-01 09:27:31,2026-05-01 09:27:44,2026-05-01 09:27:55,FSSC审核岗,1,,应付成本组,自动派单,已派任务少（优先派）,2026-05-01 09:27:55,移动端,AUD01,审核员01,2026-05-01 11:43:55,同意,,审核通过,32分0秒,--,0,,是,1,1,89秒,,0,,,--
财务会计,AP-2026-000588,2026-02-12,应付发票,通用报销单（费用报销）,A10,示例集团·癸公司,MAK05,制单人05,,5,示例集团财务共享中心（本部）,财务共享,通用报销单（费用报销）,通用审批类,2026-03-06 16:51:17,2026-03-06 16:51:24,2026-03-06 16:52:21,FSSC审核岗,1,,应付成本组,自动派单,已派任务少（优先派）,2026-03-06 16:52:21,移动端,AUD04,审核员04,2026-03-06 19:41:21,同意,,审核通过,28分0秒,--,0,,是,1,1,193秒,,0,,,--
财务会计,AP-2026-000589,2026-02-10,应付发票,其他专项付款单,A14,示例集团·子公司丁,MAK12,制单人12,,4,示例集团财务共享中心（本部）,财务共享,其他专项付款单,通用审批类,2026-02-14 19:21:57,2026-02-14 19:22:00,2026-02-14 19:22:21,FSSC审核岗,1,,应付成本组,自动派单,已派任务少（优先派）,2026-02-14 19:22:21,移动端,AUD01,审核员01,2026-02-14 22:13:21,同意,,审核通过,8分26秒,--,0,,是,1,1,260秒,,0,,,--
财务会计,AP-2026-000590,2026-03-11,付款单,应付确认单（物料类）,A06,示例集团·己公司,MAK13,制单人13,,0,示例集团财务共享中心（本部）,财务共享,应付确认单（物料类）,通用审批类,2026-03-13 16:46:59,2026-03-13 16:47:47,2026-03-13 16:49:35,FSSC审核岗,1,,应付成本组,自动派单,已派任务少（优先派）,2026-03-13 16:49:35,PC端,AUD06,审核员06,2026-03-13 18:29:35,同意,,审核通过,9分9秒,--,0,,是,1,1,186秒,,0,,,--
财务会计,AP-2026-000591,2026-02-22,付款单,应付付款单（服务费）,A05,示例集团·戊公司,MAK13,制单人13,,3,示例集团财务共享中心（本部）,财务共享,应付付款单（服务费）,通用审批类,2026-02-24 08:27:30,2026-02-24 08:27:49,2026-02-24 08:28:26,FSSC审核岗,1,,应付成本组,自动派单,已派任务少（优先派）,2026-02-24 08:28:26,移动端,AUD02,审核员02,2026-02-24 10:33:26,驳回,附件信息不一致,审核驳回,40分9秒,12分15秒,0,,是,2,1,153秒,驳回,1,制单人,制单人13,2
财务会计,AP-2026-000592,2026-03-08,付款单,应付确认单（物料类）,A10,示例集团·癸公司,MAK14,制单人14,,3,示例集团财务共享中心（本部）,财务共享,应付确认单（物料类）,通用审批类,2026-06-07 15:45:50,2026-06-07 15:46:42,2026-06-07 15:46:56,FSSC审核岗,1,,应付成本组,自动派单,已派任务少（优先派）,2026-06-07 15:46:56,PC端,AUD07,审核员07,2026-06-07 18:46:56,同意,,审核通过,38分40秒,--,0,,是,1,1,86秒,,0,,,--
费控服务,AP-2026-000593,2026-01-07,应付发票,应付付款单（材料采购）,A02,示例集团·乙公司,MAK03,制单人03,,3,示例集团财务共享中心（本部）,财务共享,应付付款单（材料采购）,通用审批类,2026-05-20 11:05:55,2026-05-20 11:05:59,2026-05-20 11:06:48,FSSC审核岗,1,,应付成本组,自动派单,已派任务少（优先派）,2026-05-20 11:06:48,移动端,AUD01,审核员01,2026-05-20 12:51:48,同意,,审核通过,15分21秒,--,0,,是,1,1,228秒,,0,,,--
费控服务,AP-2026-000594,2026-01-10,付款单,应付确认单（物料类）,A05,示例集团·戊公司,MAK09,制单人09,,5,示例集团财务共享中心（本部）,财务共享,应付确认单（物料类）,通用审批类,2026-05-09 13:45:26,2026-05-09 13:45:42,2026-05-09 13:46:23,FSSC审核岗,1,,应付成本组,自动派单,已派任务少（优先派）,2026-05-09 13:46:23,PC端,AUD05,审核员05,2026-05-09 13:59:23,同意,附件不完整,审核通过,14分18秒,39分6秒,0,,是,1,1,230秒,,0,,,1
财务会计,AP-2026-000595,2026-04-10,应付发票,应付确认单（物料类）,A02,示例集团·乙公司,MAK16,制单人16,,8,示例集团财务共享中心（本部）,财务共享,应付确认单（物料类）,通用审批类,2026-02-01 18:35:49,2026-02-01 18:36:45,2026-02-01 18:37:02,FSSC审核岗,1,,应付成本组,自动派单,已派任务少（优先派）,2026-02-01 18:37:02,PC端,AUD03,审核员03,2026-02-01 20:02:02,同意,,审核通过,39分23秒,--,0,,是,1,1,131秒,,0,,,--
费控服务,AP-2026-000596,2026-06-04,付款单,应付付款单（材料采购）,A07,示例集团·庚公司,MAK04,制单人04,,7,示例集团财务共享中心（本部）,财务共享,应付付款单（材料采购）,通用审批类,2026-06-20 09:02:37,2026-06-20 09:03:36,2026-06-20 09:05:30,FSSC审核岗,1,,应付成本组,自动派单,已派任务少（优先派）,2026-06-20 09:05:30,PC端,AUD03,审核员03,2026-06-20 11:53:30,同意,,审核通过,7分4秒,--,0,,是,1,1,289秒,,0,,,--
财务会计,AP-2026-000597,2026-03-25,应付发票,应付付款单（材料采购）,A07,示例集团·庚公司,MAK05,制单人05,,8,示例集团财务共享中心（本部）,财务共享,应付付款单（材料采购）,通用审批类,2026-01-05 08:08:12,2026-01-05 08:08:39,2026-01-05 08:09:50,FSSC审核岗,1,,应付成本组,自动派单,已派任务少（优先派）,2026-01-05 08:09:50,移动端,AUD04,审核员04,2026-01-05 11:12:50,同意,,审核通过,23分57秒,--,0,,是,1,1,197秒,,0,,,--
费控服务,AP-2026-000598,2026-01-03,应付发票,应付付款单（差旅费）,A05,示例集团·戊公司,MAK12,制单人12,,0,示例集团财务共享中心（本部）,财务共享,应付付款单（差旅费）,通用审批类,2026-03-17 20:01:10,2026-03-17 20:01:49,2026-03-17 20:02:25,FSSC审核岗,1,,应付成本组,自动派单,已派任务少（优先派）,2026-03-17 20:02:25,移动端,AUD07,审核员07,2026-03-17 23:01:25,同意,,审核通过,13分47秒,--,0,,是,1,1,213秒,,0,,,--
费控服务,AP-2026-000599,2026-03-03,通用报销单,应付付款单（服务费）,A05,示例集团·戊公司,MAK09,制单人09,,2,示例集团财务共享中心（本部）,财务共享,应付付款单（服务费）,通用审批类,2026-01-17 14:35:49,2026-01-17 14:36:14,2026-01-17 14:37:06,FSSC审核岗,1,,应付成本组,自动派单,已派任务少（优先派）,2026-01-17 14:37:06,移动端,AUD04,审核员04,2026-01-17 17:13:06,同意,,审核通过,37分13秒,--,0,,是,1,1,14秒,,0,,,--
费控服务,AP-2026-000600,2026-06-23,付款单,通用报销单（费用报销）,A13,示例集团·子公司丙,MAK13,制单人13,,3,示例集团财务共享中心（本部）,财务共享,通用报销单（费用报销）,通用审批类,2026-03-10 11:18:45,2026-03-10 11:19:03,2026-03-10 11:20:14,FSSC审核岗,1,,应付成本组,自动派单,已派任务少（优先派）,2026-03-10 11:20:14,移动端,AUD04,审核员04,2026-03-10 11:51:14,同意,附件信息不一致,审核通过,19分2秒,18分59秒,0,,是,1,1,78秒,,0,,,1
财务会计,AP-2026-000601,2026-01-08,应付发票,应付确认单（物料类）,A03,示例集团·丙公司,MAK13,制单人13,,8,示例集团财务共享中心（本部）,财务共享,应付确认单（物料类）,通用审批类,2026-03-01 18:22:40,2026-03-01 18:23:19,2026-03-01 18:24:07,FSSC审核岗,1,,应付成本组,自动派单,已派任务少（优先派）,2026-03-01 18:24:07,PC端,AUD05,审核员05,2026-03-01 19:48:07,驳回,附件不完整,审核驳回,17分46秒,40分18秒,0,,是,3,1,176秒,驳回,1,前端单位,示例集团·丙公司,3
财务会计,AP-2026-000602,2026-02-12,应付发票,其他专项付款单,A19,示例集团·子公司壬,MAK11,制单人11,,6,示例集团财务共享中心（本部）,财务共享,其他专项付款单,通用审批类,2026-01-06 12:01:34,2026-01-06 12:02:17,2026-01-06 12:04:09,FSSC审核岗,1,,应付成本组,自动派单,已派任务少（优先派）,2026-01-06 12:04:09,PC端,AUD01,审核员01,2026-01-06 15:24:09,同意,,审核通过,17分55秒,--,0,,是,1,1,292秒,,0,,,--
费控服务,AP-2026-000603,2026-06-07,应付发票,其他专项付款单,A02,示例集团·乙公司,MAK08,制单人08,,7,示例集团财务共享中心（本部）,财务共享,其他专项付款单,通用审批类,2026-06-28 20:25:09,2026-06-28 20:25:38,2026-06-28 20:26:08,FSSC审核岗,1,,应付成本组,自动派单,已派任务少（优先派）,2026-06-28 20:26:08,PC端,AUD03,审核员03,2026-06-28 23:33:08,同意,,审核通过,6分31秒,--,0,,是,1,1,102秒,,0,,,--
财务会计,AP-2026-000604,2026-01-19,付款单,应付付款单（服务费）,A05,示例集团·戊公司,MAK14,制单人14,,3,示例集团财务共享中心（本部）,财务共享,应付付款单（服务费）,通用审批类,2026-01-21 12:01:19,2026-01-21 12:01:30,2026-01-21 12:03:24,FSSC审核岗,1,,应付成本组,自动派单,已派任务少（优先派）,2026-01-21 12:03:24,移动端,AUD02,审核员02,2026-01-21 12:49:24,同意,,审核通过,5分9秒,--,0,,是,1,1,46秒,,0,,,--
财务会计,AP-2026-000605,2026-03-13,付款单,应付付款单（服务费）,A04,示例集团·丁公司,MAK08,制单人08,,0,示例集团财务共享中心（本部）,财务共享,应付付款单（服务费）,通用审批类,2026-02-05 19:48:51,2026-02-05 19:48:52,2026-02-05 19:50:10,FSSC审核岗,1,,应付成本组,自动派单,已派任务少（优先派）,2026-02-05 19:50:10,移动端,AUD05,审核员05,2026-02-05 20:16:10,同意,未关联合同,审核通过,3分8秒,6分17秒,0,,是,1,1,83秒,,0,,,1
财务会计,AP-2026-000606,2026-03-01,付款单,应付付款单（差旅费）,A16,示例集团·子公司己,MAK10,制单人10,,7,示例集团财务共享中心（本部）,财务共享,应付付款单（差旅费）,通用审批类,2026-04-24 13:54:45,2026-04-24 13:54:51,2026-04-24 13:55:17,FSSC审核岗,1,,应付成本组,自动派单,已派任务少（优先派）,2026-04-24 13:55:17,PC端,AUD06,审核员06,2026-04-24 14:31:17,同意,,审核通过,11分19秒,--,0,,是,1,1,179秒,,0,,,--
财务会计,AP-2026-000607,2026-02-09,付款单,应付付款单（服务费）,A05,示例集团·戊公司,MAK04,制单人04,,0,示例集团财务共享中心（本部）,财务共享,应付付款单（服务费）,通用审批类,2026-04-01 08:06:34,2026-04-01 08:06:53,2026-04-01 08:07:07,FSSC审核岗,1,,应付成本组,自动派单,已派任务少（优先派）,2026-04-01 08:07:07,PC端,AUD04,审核员04,2026-04-01 10:18:07,同意,,审核通过,15分1秒,--,0,,是,1,1,126秒,,0,,,--
费控服务,AP-2026-000608,2026-04-08,付款单,应付付款单（服务费）,A04,示例集团·丁公司,MAK03,制单人03,,1,示例集团财务共享中心（本部）,财务共享,应付付款单（服务费）,通用审批类,2026-05-23 09:31:10,2026-05-23 09:31:18,2026-05-23 09:31:47,FSSC审核岗,1,,应付成本组,自动派单,已派任务少（优先派）,2026-05-23 09:31:47,PC端,AUD05,审核员05,2026-05-23 09:58:47,同意,,审核通过,40分21秒,--,0,,是,1,1,70秒,,0,,,--
财务会计,AP-2026-000609,2026-03-02,通用报销单,应付付款单（差旅费）,A04,示例集团·丁公司,MAK15,制单人15,,4,示例集团财务共享中心（本部）,财务共享,应付付款单（差旅费）,通用审批类,2026-04-14 16:21:38,2026-04-14 16:21:50,2026-04-14 16:23:17,FSSC审核岗,1,,应付成本组,自动派单,已派任务少（优先派）,2026-04-14 16:23:17,PC端,AUD01,审核员01,2026-04-14 18:12:17,同意,,审核通过,40分52秒,--,0,,是,1,1,156秒,,0,,,--
财务会计,AP-2026-000610,2026-06-22,通用报销单,应付付款单（服务费）,A03,示例集团·丙公司,MAK02,制单人02,,2,示例集团财务共享中心（本部）,财务共享,应付付款单（服务费）,通用审批类,2026-05-26 19:51:04,2026-05-26 19:51:55,2026-05-26 19:51:56,FSSC审核岗,1,,应付成本组,自动派单,已派任务少（优先派）,2026-05-26 19:51:56,移动端,AUD07,审核员07,2026-05-26 20:30:56,同意,,审核通过,25分28秒,--,0,,是,1,1,254秒,,0,,,--
财务会计,AP-2026-000611,2026-01-24,通用报销单,应付付款单（服务费）,A11,示例集团·子公司甲,MAK02,制单人02,,6,示例集团财务共享中心（本部）,财务共享,应付付款单（服务费）,通用审批类,2026-03-11 10:11:49,2026-03-11 10:12:14,2026-03-11 10:13:00,FSSC审核岗,1,,应付成本组,自动派单,已派任务少（优先派）,2026-03-11 10:13:00,PC端,AUD03,审核员03,2026-03-11 11:35:00,同意,,审核通过,39分50秒,--,0,,是,1,1,180秒,,0,,,--
费控服务,AP-2026-000612,2026-05-13,通用报销单,应付付款单（材料采购）,A01,示例集团·甲公司,MAK16,制单人16,,6,示例集团财务共享中心（本部）,财务共享,应付付款单（材料采购）,通用审批类,2026-02-18 16:31:34,2026-02-18 16:32:09,2026-02-18 16:33:55,FSSC审核岗,1,,应付成本组,自动派单,已派任务少（优先派）,2026-02-18 16:33:55,移动端,AUD07,审核员07,2026-02-18 17:32:55,同意,,审核通过,34分36秒,--,0,,是,1,1,122秒,,0,,,--
财务会计,AP-2026-000613,2026-02-28,通用报销单,应付付款单（材料采购）,A08,示例集团·辛公司,MAK04,制单人04,,2,示例集团财务共享中心（本部）,财务共享,应付付款单（材料采购）,通用审批类,2026-01-16 10:58:07,2026-01-16 10:58:11,2026-01-16 11:00:08,FSSC审核岗,1,,应付成本组,自动派单,已派任务少（优先派）,2026-01-16 11:00:08,移动端,AUD01,审核员01,2026-01-16 12:30:08,同意,,审核通过,19分29秒,--,0,,是,1,1,83秒,,0,,,--
财务会计,AP-2026-000614,2026-02-14,应付发票,通用报销单（费用报销）,A12,示例集团·子公司乙,MAK09,制单人09,,6,示例集团财务共享中心（本部）,财务共享,通用报销单（费用报销）,通用审批类,2026-04-08 08:47:08,2026-04-08 08:47:16,2026-04-08 08:48:46,FSSC审核岗,1,,应付成本组,自动派单,已派任务少（优先派）,2026-04-08 08:48:46,移动端,AUD07,审核员07,2026-04-08 11:49:46,同意,,审核通过,24分3秒,--,0,,是,1,1,64秒,,0,,,--
费控服务,AP-2026-000615,2026-05-28,通用报销单,其他专项付款单,A08,示例集团·辛公司,MAK02,制单人02,,2,示例集团财务共享中心（本部）,财务共享,其他专项付款单,通用审批类,2026-02-12 10:05:15,2026-02-12 10:05:20,2026-02-12 10:05:22,FSSC审核岗,1,,应付成本组,自动派单,已派任务少（优先派）,2026-02-12 10:05:22,PC端,AUD06,审核员06,2026-02-12 12:31:22,同意,,审核通过,31分47秒,--,0,,是,1,1,81秒,,0,,,--
财务会计,AP-2026-000616,2026-03-14,通用报销单,其他专项付款单,A09,示例集团·壬公司,MAK12,制单人12,,0,示例集团财务共享中心（本部）,财务共享,其他专项付款单,通用审批类,2026-06-26 18:44:00,2026-06-26 18:44:19,2026-06-26 18:44:34,FSSC审核岗,1,,应付成本组,自动派单,已派任务少（优先派）,2026-06-26 18:44:34,PC端,AUD03,审核员03,2026-06-26 19:24:34,驳回,业务类型填写错误,审核驳回,39分48秒,11分0秒,0,,是,3,1,212秒,驳回,1,前端单位,示例集团·壬公司,3
财务会计,AP-2026-000617,2026-06-18,付款单,其他专项付款单,A12,示例集团·子公司乙,MAK11,制单人11,,6,示例集团财务共享中心（本部）,财务共享,其他专项付款单,通用审批类,2026-06-19 16:19:45,2026-06-19 16:20:00,2026-06-19 16:20:55,FSSC审核岗,1,,应付成本组,自动派单,已派任务少（优先派）,2026-06-19 16:20:55,PC端,AUD07,审核员07,2026-06-19 17:01:55,同意,,审核通过,9分47秒,--,0,,是,1,1,118秒,,0,,,--
费控服务,AP-2026-000618,2026-01-27,通用报销单,应付确认单（物料类）,A04,示例集团·丁公司,MAK01,制单人01,,6,示例集团财务共享中心（本部）,财务共享,应付确认单（物料类）,通用审批类,2026-05-27 09:52:44,2026-05-27 09:53:14,2026-05-27 09:54:16,FSSC审核岗,1,,应付成本组,自动派单,已派任务少（优先派）,2026-05-27 09:54:16,移动端,AUD03,审核员03,2026-05-27 11:15:16,同意,,审核通过,11分3秒,--,0,,是,1,1,200秒,,0,,,--
财务会计,AP-2026-000619,2026-06-03,应付发票,其他专项付款单,A07,示例集团·庚公司,MAK04,制单人04,,0,示例集团财务共享中心（本部）,财务共享,其他专项付款单,通用审批类,2026-02-28 13:01:15,2026-02-28 13:01:34,2026-02-28 13:01:55,FSSC审核岗,1,,应付成本组,自动派单,已派任务少（优先派）,2026-02-28 13:01:55,移动端,AUD01,审核员01,2026-02-28 15:20:55,同意,,审核通过,20分12秒,--,0,,是,1,1,292秒,,0,,,--
费控服务,AP-2026-000620,2026-06-03,应付发票,应付付款单（服务费）,A02,示例集团·乙公司,MAK15,制单人15,,5,示例集团财务共享中心（本部）,财务共享,应付付款单（服务费）,通用审批类,2026-02-19 20:30:02,2026-02-19 20:30:06,2026-02-19 20:30:47,FSSC审核岗,1,,应付成本组,自动派单,已派任务少（优先派）,2026-02-19 20:30:47,PC端,AUD02,审核员02,2026-02-19 20:54:47,同意,附件不完整,审核通过,19分25秒,21分48秒,0,,是,1,1,210秒,,0,,,1
财务会计,AP-2026-000621,2026-02-04,应付发票,通用报销单（费用报销）,A09,示例集团·壬公司,MAK16,制单人16,,7,示例集团财务共享中心（本部）,财务共享,通用报销单（费用报销）,通用审批类,2026-05-24 16:06:32,2026-05-24 16:07:24,2026-05-24 16:09:04,FSSC审核岗,1,,应付成本组,自动派单,已派任务少（优先派）,2026-05-24 16:09:04,PC端,AUD05,审核员05,2026-05-24 16:48:04,驳回,附件信息不一致,审核驳回,38分55秒,--,0,,是,2,1,158秒,驳回,1,制单人,制单人16,2
财务会计,AP-2026-000622,2026-01-21,通用报销单,其他专项付款单,A02,示例集团·乙公司,MAK11,制单人11,,8,示例集团财务共享中心（本部）,财务共享,其他专项付款单,通用审批类,2026-06-07 20:43:41,2026-06-07 20:43:51,2026-06-07 20:45:30,FSSC审核岗,1,,应付成本组,自动派单,已派任务少（优先派）,2026-06-07 20:45:30,移动端,AUD01,审核员01,2026-06-07 23:49:30,同意,,审核通过,39分41秒,--,0,,是,1,1,277秒,,0,,,--
财务会计,AP-2026-000623,2026-04-11,通用报销单,应付付款单（差旅费）,A16,示例集团·子公司己,MAK06,制单人06,,1,示例集团财务共享中心（本部）,财务共享,应付付款单（差旅费）,通用审批类,2026-04-28 14:02:57,2026-04-28 14:03:43,2026-04-28 14:05:23,FSSC审核岗,1,,应付成本组,自动派单,已派任务少（优先派）,2026-04-28 14:05:23,移动端,AUD06,审核员06,2026-04-28 17:00:23,同意,,审核通过,10分36秒,--,0,,是,1,1,264秒,,0,,,--
财务会计,AP-2026-000624,2026-04-10,付款单,应付付款单（材料采购）,A01,示例集团·甲公司,MAK01,制单人01,,4,示例集团财务共享中心（本部）,财务共享,应付付款单（材料采购）,通用审批类,2026-05-26 09:31:06,2026-05-26 09:31:36,2026-05-26 09:32:17,FSSC审核岗,1,,应付成本组,自动派单,已派任务少（优先派）,2026-05-26 09:32:17,移动端,AUD06,审核员06,2026-05-26 10:16:17,同意,,审核通过,37分23秒,--,0,,是,1,1,190秒,,0,,,--
财务会计,AP-2026-000625,2026-06-09,应付发票,应付付款单（材料采购）,A01,示例集团·甲公司,MAK03,制单人03,,6,示例集团财务共享中心（本部）,财务共享,应付付款单（材料采购）,通用审批类,2026-02-15 18:59:08,2026-02-15 18:59:16,2026-02-15 19:00:29,FSSC审核岗,1,,应付成本组,自动派单,已派任务少（优先派）,2026-02-15 19:00:29,PC端,AUD06,审核员06,2026-02-15 21:05:29,驳回,附件不完整,审核驳回,27分54秒,9分28秒,0,,是,2,1,197秒,驳回,1,前端单位,示例集团·甲公司,2
财务会计,AP-2026-000626,2026-06-03,付款单,应付付款单（差旅费）,A05,示例集团·戊公司,MAK10,制单人10,,3,示例集团财务共享中心（本部）,财务共享,应付付款单（差旅费）,通用审批类,2026-04-15 12:56:56,2026-04-15 12:57:40,2026-04-15 12:57:46,FSSC审核岗,1,,应付成本组,自动派单,已派任务少（优先派）,2026-04-15 12:57:46,移动端,AUD03,审核员03,2026-04-15 15:36:46,同意,,审核通过,36分0秒,--,0,,是,1,1,89秒,,0,,,--
财务会计,AP-2026-000627,2026-01-13,通用报销单,应付付款单（材料采购）,A12,示例集团·子公司乙,MAK05,制单人05,,7,示例集团财务共享中心（本部）,财务共享,应付付款单（材料采购）,通用审批类,2026-03-28 15:42:05,2026-03-28 15:42:28,2026-03-28 15:43:28,FSSC审核岗,1,,应付成本组,自动派单,已派任务少（优先派）,2026-03-28 15:43:28,移动端,AUD02,审核员02,2026-03-28 17:43:28,同意,,审核通过,7分5秒,--,0,,是,1,1,102秒,,0,,,--
财务会计,AP-2026-000628,2026-06-25,应付发票,应付付款单（服务费）,A09,示例集团·壬公司,MAK15,制单人15,,4,示例集团财务共享中心（本部）,财务共享,应付付款单（服务费）,通用审批类,2026-04-11 09:20:21,2026-04-11 09:21:00,2026-04-11 09:22:03,FSSC审核岗,1,,应付成本组,自动派单,已派任务少（优先派）,2026-04-11 09:22:03,PC端,AUD07,审核员07,2026-04-11 10:17:03,同意,,审核通过,30分2秒,--,0,,是,1,1,289秒,,0,,,--
财务会计,AP-2026-000629,2026-01-11,付款单,应付付款单（材料采购）,A02,示例集团·乙公司,MAK08,制单人08,,3,示例集团财务共享中心（本部）,财务共享,应付付款单（材料采购）,通用审批类,2026-04-25 14:03:59,2026-04-25 14:04:51,2026-04-25 14:05:38,FSSC审核岗,1,,应付成本组,自动派单,已派任务少（优先派）,2026-04-25 14:05:38,移动端,AUD05,审核员05,2026-04-25 15:56:38,同意,,审核通过,2分48秒,--,0,,是,1,1,226秒,,0,,,--
费控服务,AP-2026-000630,2026-02-03,应付发票,应付付款单（材料采购）,A03,示例集团·丙公司,MAK11,制单人11,,0,示例集团财务共享中心（本部）,财务共享,应付付款单（材料采购）,通用审批类,2026-01-10 19:28:55,2026-01-10 19:29:22,2026-01-10 19:30:30,FSSC审核岗,1,,应付成本组,自动派单,已派任务少（优先派）,2026-01-10 19:30:30,移动端,AUD01,审核员01,2026-01-10 20:25:30,同意,,审核通过,6分57秒,--,0,,是,1,1,229秒,,0,,,--
财务会计,AP-2026-000631,2026-01-12,通用报销单,其他专项付款单,A03,示例集团·丙公司,MAK13,制单人13,,0,示例集团财务共享中心（本部）,财务共享,其他专项付款单,通用审批类,2026-04-18 19:50:10,2026-04-18 19:50:55,2026-04-18 19:51:51,FSSC审核岗,1,,应付成本组,自动派单,已派任务少（优先派）,2026-04-18 19:51:51,PC端,AUD02,审核员02,2026-04-18 21:22:51,同意,,审核通过,36分50秒,--,0,,是,1,1,111秒,,0,,,--
财务会计,AP-2026-000632,2026-04-11,通用报销单,通用报销单（费用报销）,A01,示例集团·甲公司,MAK11,制单人11,,5,示例集团财务共享中心（本部）,财务共享,通用报销单（费用报销）,通用审批类,2026-06-24 19:46:20,2026-06-24 19:46:21,2026-06-24 19:46:41,FSSC审核岗,1,,应付成本组,自动派单,已派任务少（优先派）,2026-06-24 19:46:41,移动端,AUD05,审核员05,2026-06-24 21:44:41,同意,,审核通过,8分50秒,--,0,,是,1,1,218秒,,0,,,--
费控服务,AP-2026-000633,2026-04-27,付款单,应付确认单（物料类）,A03,示例集团·丙公司,MAK12,制单人12,,2,示例集团财务共享中心（本部）,财务共享,应付确认单（物料类）,通用审批类,2026-06-21 17:06:02,2026-06-21 17:06:16,2026-06-21 17:07:52,FSSC审核岗,1,,应付成本组,自动派单,已派任务少（优先派）,2026-06-21 17:07:52,移动端,AUD07,审核员07,2026-06-21 17:56:52,同意,,审核通过,39分24秒,--,0,,是,1,1,120秒,,0,,,--
财务会计,AP-2026-000634,2026-01-19,应付发票,应付付款单（差旅费）,A03,示例集团·丙公司,MAK16,制单人16,,7,示例集团财务共享中心（本部）,财务共享,应付付款单（差旅费）,通用审批类,2026-01-12 08:19:57,2026-01-12 08:20:17,2026-01-12 08:21:22,FSSC审核岗,1,,应付成本组,自动派单,已派任务少（优先派）,2026-01-12 08:21:22,PC端,AUD07,审核员07,2026-01-12 08:53:22,同意,,审核通过,27分26秒,--,0,,是,1,1,190秒,,0,,,--
财务会计,AP-2026-000635,2026-06-25,应付发票,通用报销单（费用报销）,A03,示例集团·丙公司,MAK09,制单人09,,4,示例集团财务共享中心（本部）,财务共享,通用报销单（费用报销）,通用审批类,2026-04-06 15:27:23,2026-04-06 15:27:35,2026-04-06 15:28:46,FSSC审核岗,1,,应付成本组,自动派单,已派任务少（优先派）,2026-04-06 15:28:46,PC端,AUD04,审核员04,2026-04-06 18:01:46,同意,,审核通过,28分40秒,--,0,,是,1,1,155秒,,0,,,--
费控服务,AP-2026-000636,2026-05-04,付款单,应付付款单（差旅费）,A08,示例集团·辛公司,MAK16,制单人16,,8,示例集团财务共享中心（本部）,财务共享,应付付款单（差旅费）,通用审批类,2026-06-04 09:41:01,2026-06-04 09:41:41,2026-06-04 09:43:41,FSSC审核岗,1,,应付成本组,自动派单,已派任务少（优先派）,2026-06-04 09:43:41,PC端,AUD07,审核员07,2026-06-04 11:29:41,同意,,审核通过,7分40秒,--,0,,是,1,1,237秒,,0,,,--
财务会计,AP-2026-000637,2026-05-28,通用报销单,应付确认单（物料类）,A05,示例集团·戊公司,MAK13,制单人13,,7,示例集团财务共享中心（本部）,财务共享,应付确认单（物料类）,通用审批类,2026-04-25 15:35:24,2026-04-25 15:35:32,2026-04-25 15:35:58,FSSC审核岗,1,,应付成本组,自动派单,已派任务少（优先派）,2026-04-25 15:35:58,移动端,AUD05,审核员05,2026-04-25 17:36:58,同意,,审核通过,27分58秒,--,0,,是,1,1,212秒,,0,,,--
费控服务,AP-2026-000638,2026-01-10,通用报销单,应付确认单（物料类）,A01,示例集团·甲公司,MAK06,制单人06,,6,示例集团财务共享中心（本部）,财务共享,应付确认单（物料类）,通用审批类,2026-02-09 12:53:57,2026-02-09 12:54:48,2026-02-09 12:56:45,FSSC审核岗,1,,应付成本组,自动派单,已派任务少（优先派）,2026-02-09 12:56:45,PC端,AUD02,审核员02,2026-02-09 14:43:45,同意,附件信息不一致,审核通过,3分0秒,24分53秒,0,,是,1,1,275秒,,0,,,1
财务会计,AP-2026-000639,2026-02-19,通用报销单,应付付款单（服务费）,A11,示例集团·子公司甲,MAK10,制单人10,,2,示例集团财务共享中心（本部）,财务共享,应付付款单（服务费）,通用审批类,2026-04-13 11:39:41,2026-04-13 11:40:07,2026-04-13 11:41:54,FSSC审核岗,1,,应付成本组,自动派单,已派任务少（优先派）,2026-04-13 11:41:54,移动端,AUD03,审核员03,2026-04-13 11:55:54,同意,,审核通过,25分46秒,--,0,,是,1,1,98秒,,0,,,--
财务会计,AP-2026-000640,2026-03-08,通用报销单,应付付款单（服务费）,A04,示例集团·丁公司,MAK06,制单人06,,4,示例集团财务共享中心（本部）,财务共享,应付付款单（服务费）,通用审批类,2026-01-05 16:07:40,2026-01-05 16:08:17,2026-01-05 16:09:58,FSSC审核岗,1,,应付成本组,自动派单,已派任务少（优先派）,2026-01-05 16:09:58,移动端,AUD02,审核员02,2026-01-05 17:50:58,同意,,审核通过,36分10秒,--,0,,是,1,1,175秒,,0,,,--
财务会计,AP-2026-000641,2026-06-21,应付发票,应付确认单（物料类）,A02,示例集团·乙公司,MAK02,制单人02,,2,示例集团财务共享中心（本部）,财务共享,应付确认单（物料类）,通用审批类,2026-01-01 17:45:34,2026-01-01 17:46:33,2026-01-01 17:46:44,FSSC审核岗,1,,应付成本组,自动派单,已派任务少（优先派）,2026-01-01 17:46:44,PC端,AUD04,审核员04,2026-01-01 20:13:44,同意,,审核通过,30分40秒,--,0,,是,1,1,193秒,,0,,,--
财务会计,AP-2026-000642,2026-04-07,通用报销单,应付付款单（差旅费）,A02,示例集团·乙公司,MAK11,制单人11,,2,示例集团财务共享中心（本部）,财务共享,应付付款单（差旅费）,通用审批类,2026-02-24 20:51:50,2026-02-24 20:52:15,2026-02-24 20:53:54,FSSC审核岗,1,,应付成本组,自动派单,已派任务少（优先派）,2026-02-24 20:53:54,PC端,AUD02,审核员02,2026-02-24 22:00:54,同意,,审核通过,2分40秒,--,0,,是,1,1,62秒,,0,,,--
费控服务,AP-2026-000643,2026-02-05,付款单,通用报销单（费用报销）,A01,示例集团·甲公司,MAK15,制单人15,,0,示例集团财务共享中心（本部）,财务共享,通用报销单（费用报销）,通用审批类,2026-02-06 09:04:31,2026-02-06 09:05:26,2026-02-06 09:06:13,FSSC审核岗,1,,应付成本组,自动派单,已派任务少（优先派）,2026-02-06 09:06:13,移动端,AUD01,审核员01,2026-02-06 10:00:13,同意,,审核通过,27分4秒,--,0,,是,1,1,259秒,,0,,,--
财务会计,AP-2026-000644,2026-05-13,应付发票,通用报销单（费用报销）,A17,示例集团·子公司庚,MAK02,制单人02,,0,示例集团财务共享中心（本部）,财务共享,通用报销单（费用报销）,通用审批类,2026-01-15 20:10:11,2026-01-15 20:10:31,2026-01-15 20:10:33,FSSC审核岗,1,,应付成本组,自动派单,已派任务少（优先派）,2026-01-15 20:10:33,移动端,AUD05,审核员05,2026-01-15 20:56:33,同意,,审核通过,8分21秒,--,0,,是,1,1,187秒,,0,,,--
财务会计,AP-2026-000645,2026-06-06,通用报销单,其他专项付款单,A05,示例集团·戊公司,MAK10,制单人10,,5,示例集团财务共享中心（本部）,财务共享,其他专项付款单,通用审批类,2026-05-04 11:38:01,2026-05-04 11:38:36,2026-05-04 11:38:39,FSSC审核岗,1,,应付成本组,自动派单,已派任务少（优先派）,2026-05-04 11:38:39,移动端,AUD04,审核员04,2026-05-04 13:51:39,同意,,审核通过,8分57秒,--,0,,是,1,1,121秒,,0,,,--
财务会计,AP-2026-000646,2026-03-23,通用报销单,其他专项付款单,A01,示例集团·甲公司,MAK03,制单人03,,7,示例集团财务共享中心（本部）,财务共享,其他专项付款单,通用审批类,2026-01-16 11:05:22,2026-01-16 11:06:08,2026-01-16 11:07:19,FSSC审核岗,1,,应付成本组,自动派单,已派任务少（优先派）,2026-01-16 11:07:19,移动端,AUD01,审核员01,2026-01-16 13:54:19,同意,,审核通过,28分32秒,--,0,,是,1,1,214秒,,0,,,--
财务会计,AP-2026-000647,2026-01-28,应付发票,其他专项付款单,A15,示例集团·子公司戊,MAK05,制单人05,,7,示例集团财务共享中心（本部）,财务共享,其他专项付款单,通用审批类,2026-03-04 17:50:49,2026-03-04 17:51:27,2026-03-04 17:52:07,FSSC审核岗,1,,应付成本组,自动派单,已派任务少（优先派）,2026-03-04 17:52:07,PC端,AUD02,审核员02,2026-03-04 18:35:07,同意,,审核通过,28分56秒,--,0,,是,1,1,238秒,,0,,,--
费控服务,AP-2026-000648,2026-03-20,付款单,应付付款单（服务费）,A04,示例集团·丁公司,MAK12,制单人12,,0,示例集团财务共享中心（本部）,财务共享,应付付款单（服务费）,通用审批类,2026-03-14 11:36:22,2026-03-14 11:36:46,2026-03-14 11:38:41,FSSC审核岗,1,,应付成本组,自动派单,已派任务少（优先派）,2026-03-14 11:38:41,移动端,AUD06,审核员06,2026-03-14 14:20:41,同意,,审核通过,33分16秒,--,0,,是,1,1,219秒,,0,,,--
财务会计,AP-2026-000649,2026-06-17,付款单,应付付款单（差旅费）,A03,示例集团·丙公司,MAK14,制单人14,,5,示例集团财务共享中心（本部）,财务共享,应付付款单（差旅费）,通用审批类,2026-02-04 10:51:20,2026-02-04 10:51:48,2026-02-04 10:53:30,FSSC审核岗,1,,应付成本组,自动派单,已派任务少（优先派）,2026-02-04 10:53:30,PC端,AUD05,审核员05,2026-02-04 11:41:30,同意,,审核通过,24分9秒,--,0,,是,1,1,170秒,,0,,,--
费控服务,AP-2026-000650,2026-06-11,付款单,应付付款单（材料采购）,A01,示例集团·甲公司,MAK06,制单人06,,3,示例集团财务共享中心（本部）,财务共享,应付付款单（材料采购）,通用审批类,2026-01-26 13:57:14,2026-01-26 13:57:50,2026-01-26 13:57:59,FSSC审核岗,1,,应付成本组,自动派单,已派任务少（优先派）,2026-01-26 13:57:59,PC端,AUD01,审核员01,2026-01-26 15:36:59,同意,,审核通过,7分35秒,--,0,,是,1,1,152秒,,0,,,--
财务会计,AP-2026-000651,2026-04-22,应付发票,应付付款单（材料采购）,A09,示例集团·壬公司,MAK16,制单人16,,7,示例集团财务共享中心（本部）,财务共享,应付付款单（材料采购）,通用审批类,2026-04-21 14:43:48,2026-04-21 14:44:16,2026-04-21 14:44:57,FSSC审核岗,1,,应付成本组,自动派单,已派任务少（优先派）,2026-04-21 14:44:57,PC端,AUD06,审核员06,2026-04-21 16:06:57,同意,未关联合同,审核通过,32分2秒,--,0,,是,1,1,225秒,,0,,,1
费控服务,AP-2026-000652,2026-05-19,应付发票,通用报销单（费用报销）,A01,示例集团·甲公司,MAK08,制单人08,,4,示例集团财务共享中心（本部）,财务共享,通用报销单（费用报销）,通用审批类,2026-01-01 12:01:41,2026-01-01 12:02:32,2026-01-01 12:04:22,FSSC审核岗,1,,应付成本组,自动派单,已派任务少（优先派）,2026-01-01 12:04:22,PC端,AUD05,审核员05,2026-01-01 14:32:22,同意,,审核通过,9分53秒,--,0,,是,1,1,216秒,,0,,,--
费控服务,AP-2026-000653,2026-04-11,通用报销单,应付确认单（物料类）,A01,示例集团·甲公司,MAK09,制单人09,,6,示例集团财务共享中心（本部）,财务共享,应付确认单（物料类）,通用审批类,2026-04-16 09:53:51,2026-04-16 09:54:18,2026-04-16 09:55:51,FSSC审核岗,1,,应付成本组,自动派单,已派任务少（优先派）,2026-04-16 09:55:51,PC端,AUD04,审核员04,2026-04-16 11:13:51,同意,,审核通过,6分35秒,--,0,,是,1,1,170秒,,0,,,--
财务会计,AP-2026-000654,2026-06-15,应付发票,通用报销单（费用报销）,A05,示例集团·戊公司,MAK01,制单人01,,5,示例集团财务共享中心（本部）,财务共享,通用报销单（费用报销）,通用审批类,2026-05-04 13:39:06,2026-05-04 13:39:08,2026-05-04 13:39:37,FSSC审核岗,1,,应付成本组,自动派单,已派任务少（优先派）,2026-05-04 13:39:37,PC端,AUD03,审核员03,2026-05-04 13:52:37,同意,,审核通过,28分14秒,--,0,,是,1,1,97秒,,0,,,--
财务会计,AP-2026-000655,2026-02-27,付款单,通用报销单（费用报销）,A01,示例集团·甲公司,MAK12,制单人12,,1,示例集团财务共享中心（本部）,财务共享,通用报销单（费用报销）,通用审批类,2026-02-23 08:16:56,2026-02-23 08:17:47,2026-02-23 08:17:53,FSSC审核岗,1,,应付成本组,自动派单,已派任务少（优先派）,2026-02-23 08:17:53,移动端,AUD06,审核员06,2026-02-23 08:46:53,驳回,附件不完整,审核驳回,17分21秒,25分17秒,0,,是,2,1,97秒,驳回,1,前端单位,示例集团·甲公司,2
财务会计,AP-2026-000656,2026-04-11,应付发票,其他专项付款单,A15,示例集团·子公司戊,MAK10,制单人10,,7,示例集团财务共享中心（本部）,财务共享,其他专项付款单,通用审批类,2026-01-28 14:40:28,2026-01-28 14:41:11,2026-01-28 14:41:27,FSSC审核岗,1,,应付成本组,自动派单,已派任务少（优先派）,2026-01-28 14:41:27,PC端,AUD01,审核员01,2026-01-28 16:55:27,同意,,审核通过,18分20秒,--,0,,是,1,1,257秒,,0,,,--
费控服务,AP-2026-000657,2026-02-03,应付发票,应付付款单（差旅费）,A02,示例集团·乙公司,MAK05,制单人05,,7,示例集团财务共享中心（本部）,财务共享,应付付款单（差旅费）,通用审批类,2026-05-28 11:42:41,2026-05-28 11:43:29,2026-05-28 11:45:19,FSSC审核岗,1,,应付成本组,自动派单,已派任务少（优先派）,2026-05-28 11:45:19,移动端,AUD03,审核员03,2026-05-28 12:38:19,同意,,审核通过,4分13秒,--,0,,是,1,1,16秒,,0,,,--
财务会计,AP-2026-000658,2026-01-16,付款单,通用报销单（费用报销）,A08,示例集团·辛公司,MAK08,制单人08,,7,示例集团财务共享中心（本部）,财务共享,通用报销单（费用报销）,通用审批类,2026-02-27 17:48:33,2026-02-27 17:49:06,2026-02-27 17:50:56,FSSC审核岗,1,,应付成本组,自动派单,已派任务少（优先派）,2026-02-27 17:50:56,PC端,AUD03,审核员03,2026-02-27 19:11:56,同意,,审核通过,10分54秒,--,0,,是,1,1,268秒,,0,,,--
财务会计,AP-2026-000659,2026-04-13,付款单,其他专项付款单,A01,示例集团·甲公司,MAK03,制单人03,,1,示例集团财务共享中心（本部）,财务共享,其他专项付款单,通用审批类,2026-04-17 11:49:25,2026-04-17 11:49:38,2026-04-17 11:49:47,FSSC审核岗,1,,应付成本组,自动派单,已派任务少（优先派）,2026-04-17 11:49:47,PC端,AUD07,审核员07,2026-04-17 13:01:47,同意,,审核通过,10分29秒,--,0,,是,1,1,64秒,,0,,,--
财务会计,AP-2026-000660,2026-02-06,通用报销单,应付付款单（材料采购）,A09,示例集团·壬公司,MAK04,制单人04,,3,示例集团财务共享中心（本部）,财务共享,应付付款单（材料采购）,通用审批类,2026-04-22 16:28:22,2026-04-22 16:28:39,2026-04-22 16:28:55,FSSC审核岗,1,,应付成本组,自动派单,已派任务少（优先派）,2026-04-22 16:28:55,PC端,AUD07,审核员07,2026-04-22 18:49:55,驳回,附件不完整,审核驳回,10分25秒,33分21秒,0,,是,2,1,37秒,驳回,1,前端单位,示例集团·壬公司,2
费控服务,AP-2026-000661,2026-02-13,应付发票,应付确认单（物料类）,A04,示例集团·丁公司,MAK06,制单人06,,6,示例集团财务共享中心（本部）,财务共享,应付确认单（物料类）,通用审批类,2026-02-07 12:12:25,2026-02-07 12:12:37,2026-02-07 12:13:54,FSSC审核岗,1,,应付成本组,自动派单,已派任务少（优先派）,2026-02-07 12:13:54,PC端,AUD01,审核员01,2026-02-07 13:24:54,同意,,审核通过,7分43秒,--,0,,是,1,1,35秒,,0,,,--
费控服务,AP-2026-000662,2026-05-02,付款单,应付确认单（物料类）,A07,示例集团·庚公司,MAK16,制单人16,,6,示例集团财务共享中心（本部）,财务共享,应付确认单（物料类）,通用审批类,2026-05-08 09:34:06,2026-05-08 09:34:24,2026-05-08 09:34:53,FSSC审核岗,1,,应付成本组,自动派单,已派任务少（优先派）,2026-05-08 09:34:53,移动端,AUD02,审核员02,2026-05-08 12:13:53,同意,,审核通过,7分14秒,--,0,,是,1,1,147秒,,0,,,--
费控服务,AP-2026-000663,2026-06-21,通用报销单,应付付款单（材料采购）,A05,示例集团·戊公司,MAK03,制单人03,,3,示例集团财务共享中心（本部）,财务共享,应付付款单（材料采购）,通用审批类,2026-05-10 19:00:06,2026-05-10 19:00:18,2026-05-10 19:01:23,FSSC审核岗,1,,应付成本组,自动派单,已派任务少（优先派）,2026-05-10 19:01:23,PC端,AUD02,审核员02,2026-05-10 22:01:23,同意,,审核通过,11分20秒,--,0,,是,1,1,45秒,,0,,,--
费控服务,AP-2026-000664,2026-01-01,应付发票,应付确认单（物料类）,A02,示例集团·乙公司,MAK06,制单人06,,5,示例集团财务共享中心（本部）,财务共享,应付确认单（物料类）,通用审批类,2026-02-11 08:11:16,2026-02-11 08:12:13,2026-02-11 08:12:23,FSSC审核岗,1,,应付成本组,自动派单,已派任务少（优先派）,2026-02-11 08:12:23,PC端,AUD04,审核员04,2026-02-11 08:56:23,同意,,审核通过,31分37秒,--,0,,是,1,1,10秒,,0,,,--
财务会计,AP-2026-000665,2026-06-27,应付发票,通用报销单（费用报销）,A05,示例集团·戊公司,MAK04,制单人04,,5,示例集团财务共享中心（本部）,财务共享,通用报销单（费用报销）,通用审批类,2026-03-10 11:33:32,2026-03-10 11:33:43,2026-03-10 11:35:20,FSSC审核岗,1,,应付成本组,自动派单,已派任务少（优先派）,2026-03-10 11:35:20,PC端,AUD01,审核员01,2026-03-10 12:13:20,同意,,审核通过,29分31秒,--,0,,是,1,1,189秒,,0,,,--
财务会计,AP-2026-000666,2026-04-12,通用报销单,通用报销单（费用报销）,A19,示例集团·子公司壬,MAK05,制单人05,,7,示例集团财务共享中心（本部）,财务共享,通用报销单（费用报销）,通用审批类,2026-03-12 12:45:21,2026-03-12 12:46:19,2026-03-12 12:47:26,FSSC审核岗,1,,应付成本组,自动派单,已派任务少（优先派）,2026-03-12 12:47:26,移动端,AUD04,审核员04,2026-03-12 16:06:26,同意,,审核通过,8分17秒,--,0,,是,1,1,275秒,,0,,,--
财务会计,AP-2026-000667,2026-03-28,应付发票,应付付款单（差旅费）,A09,示例集团·壬公司,MAK01,制单人01,,1,示例集团财务共享中心（本部）,财务共享,应付付款单（差旅费）,通用审批类,2026-02-12 15:01:15,2026-02-12 15:01:52,2026-02-12 15:03:27,FSSC审核岗,1,,应付成本组,自动派单,已派任务少（优先派）,2026-02-12 15:03:27,PC端,AUD07,审核员07,2026-02-12 18:02:27,同意,,审核通过,13分58秒,--,0,,是,1,1,203秒,,0,,,--
费控服务,AP-2026-000668,2026-04-22,付款单,其他专项付款单,A07,示例集团·庚公司,MAK16,制单人16,,6,示例集团财务共享中心（本部）,财务共享,其他专项付款单,通用审批类,2026-02-15 16:11:16,2026-02-15 16:12:15,2026-02-15 16:13:42,FSSC审核岗,1,,应付成本组,自动派单,已派任务少（优先派）,2026-02-15 16:13:42,PC端,AUD07,审核员07,2026-02-15 17:43:42,同意,,审核通过,18分19秒,--,0,,是,1,1,107秒,,0,,,--
财务会计,AP-2026-000669,2026-01-20,通用报销单,应付付款单（服务费）,A01,示例集团·甲公司,MAK09,制单人09,,2,示例集团财务共享中心（本部）,财务共享,应付付款单（服务费）,通用审批类,2026-04-15 17:50:50,2026-04-15 17:51:13,2026-04-15 17:51:50,FSSC审核岗,1,,应付成本组,自动派单,已派任务少（优先派）,2026-04-15 17:51:50,移动端,AUD03,审核员03,2026-04-15 18:20:50,同意,,审核通过,30分43秒,--,0,,是,1,1,86秒,,0,,,--
财务会计,AP-2026-000670,2026-06-06,付款单,应付付款单（服务费）,A05,示例集团·戊公司,MAK05,制单人05,,0,示例集团财务共享中心（本部）,财务共享,应付付款单（服务费）,通用审批类,2026-06-03 20:18:00,2026-06-03 20:18:30,2026-06-03 20:18:36,FSSC审核岗,1,,应付成本组,自动派单,已派任务少（优先派）,2026-06-03 20:18:36,移动端,AUD04,审核员04,2026-06-03 21:14:36,同意,,审核通过,32分19秒,--,0,,是,1,1,12秒,,0,,,--
财务会计,AP-2026-000671,2026-05-09,付款单,其他专项付款单,A04,示例集团·丁公司,MAK11,制单人11,,4,示例集团财务共享中心（本部）,财务共享,其他专项付款单,通用审批类,2026-03-10 20:54:32,2026-03-10 20:55:15,2026-03-10 20:56:54,FSSC审核岗,1,,应付成本组,自动派单,已派任务少（优先派）,2026-03-10 20:56:54,PC端,AUD01,审核员01,2026-03-10 23:20:54,同意,,审核通过,10分46秒,--,0,,是,1,1,110秒,,0,,,--
财务会计,AP-2026-000672,2026-02-02,应付发票,应付付款单（差旅费）,A04,示例集团·丁公司,MAK15,制单人15,,4,示例集团财务共享中心（本部）,财务共享,应付付款单（差旅费）,通用审批类,2026-02-08 20:43:40,2026-02-08 20:44:05,2026-02-08 20:45:00,FSSC审核岗,1,,应付成本组,自动派单,已派任务少（优先派）,2026-02-08 20:45:00,PC端,AUD03,审核员03,2026-02-08 22:28:00,同意,,审核通过,20分38秒,--,0,,是,1,1,169秒,,0,,,--
财务会计,AP-2026-000673,2026-04-26,应付发票,通用报销单（费用报销）,A02,示例集团·乙公司,MAK07,制单人07,,7,示例集团财务共享中心（本部）,财务共享,通用报销单（费用报销）,通用审批类,2026-04-25 11:16:08,2026-04-25 11:16:35,2026-04-25 11:17:46,FSSC审核岗,1,,应付成本组,自动派单,已派任务少（优先派）,2026-04-25 11:17:46,PC端,AUD07,审核员07,2026-04-25 12:09:46,同意,,审核通过,35分11秒,--,0,,是,1,1,202秒,,0,,,--
费控服务,AP-2026-000674,2026-03-17,应付发票,应付确认单（物料类）,A10,示例集团·癸公司,MAK14,制单人14,,7,示例集团财务共享中心（本部）,财务共享,应付确认单（物料类）,通用审批类,2026-02-17 18:45:22,2026-02-17 18:45:52,2026-02-17 18:46:38,FSSC审核岗,1,,应付成本组,自动派单,已派任务少（优先派）,2026-02-17 18:46:38,移动端,AUD01,审核员01,2026-02-17 20:36:38,同意,,审核通过,2分58秒,--,0,,是,1,1,296秒,,0,,,--
财务会计,AP-2026-000675,2026-05-05,通用报销单,应付确认单（物料类）,A01,示例集团·甲公司,MAK13,制单人13,,4,示例集团财务共享中心（本部）,财务共享,应付确认单（物料类）,通用审批类,2026-05-26 11:37:32,2026-05-26 11:37:56,2026-05-26 11:38:13,FSSC审核岗,1,,应付成本组,自动派单,已派任务少（优先派）,2026-05-26 11:38:13,移动端,AUD01,审核员01,2026-05-26 14:17:13,同意,,审核通过,4分48秒,--,0,,是,1,1,211秒,,0,,,--
费控服务,AP-2026-000676,2026-01-25,应付发票,应付付款单（服务费）,A01,示例集团·甲公司,MAK11,制单人11,,4,示例集团财务共享中心（本部）,财务共享,应付付款单（服务费）,通用审批类,2026-02-02 09:03:17,2026-02-02 09:04:11,2026-02-02 09:05:35,FSSC审核岗,1,,应付成本组,自动派单,已派任务少（优先派）,2026-02-02 09:05:35,移动端,AUD04,审核员04,2026-02-02 09:33:35,同意,,审核通过,37分30秒,--,0,,是,1,1,179秒,,0,,,--
财务会计,AP-2026-000677,2026-06-17,应付发票,应付付款单（材料采购）,A13,示例集团·子公司丙,MAK02,制单人02,,2,示例集团财务共享中心（本部）,财务共享,应付付款单（材料采购）,通用审批类,2026-06-23 11:33:09,2026-06-23 11:33:45,2026-06-23 11:35:20,FSSC审核岗,1,,应付成本组,自动派单,已派任务少（优先派）,2026-06-23 11:35:20,PC端,AUD05,审核员05,2026-06-23 13:42:20,同意,,审核通过,20分40秒,--,0,,是,1,1,169秒,,0,,,--
财务会计,AP-2026-000678,2026-02-20,付款单,应付付款单（差旅费）,A09,示例集团·壬公司,MAK15,制单人15,,1,示例集团财务共享中心（本部）,财务共享,应付付款单（差旅费）,通用审批类,2026-05-03 08:09:38,2026-05-03 08:10:35,2026-05-03 08:10:51,FSSC审核岗,1,,应付成本组,自动派单,已派任务少（优先派）,2026-05-03 08:10:51,移动端,AUD06,审核员06,2026-05-03 10:24:51,驳回,附件不完整,审核驳回,31分1秒,--,0,,是,1,1,237秒,驳回,1,制单人,制单人15,1
财务会计,AP-2026-000679,2026-02-16,应付发票,应付付款单（服务费）,A04,示例集团·丁公司,MAK15,制单人15,,6,示例集团财务共享中心（本部）,财务共享,应付付款单（服务费）,通用审批类,2026-03-27 16:16:52,2026-03-27 16:17:32,2026-03-27 16:19:00,FSSC审核岗,1,,应付成本组,自动派单,已派任务少（优先派）,2026-03-27 16:19:00,移动端,AUD03,审核员03,2026-03-27 18:12:00,同意,,审核通过,10分40秒,--,0,,是,1,1,21秒,,0,,,--
费控服务,AP-2026-000680,2026-06-06,应付发票,应付付款单（服务费）,A02,示例集团·乙公司,MAK14,制单人14,,5,示例集团财务共享中心（本部）,财务共享,应付付款单（服务费）,通用审批类,2026-05-18 11:30:30,2026-05-18 11:30:49,2026-05-18 11:31:27,FSSC审核岗,1,,应付成本组,自动派单,已派任务少（优先派）,2026-05-18 11:31:27,移动端,AUD05,审核员05,2026-05-18 14:22:27,同意,,审核通过,18分25秒,--,0,,是,1,1,207秒,,0,,,--
财务会计,AP-2026-000681,2026-04-14,付款单,应付付款单（差旅费）,A08,示例集团·辛公司,MAK02,制单人02,,7,示例集团财务共享中心（本部）,财务共享,应付付款单（差旅费）,通用审批类,2026-03-15 09:36:24,2026-03-15 09:36:25,2026-03-15 09:37:40,FSSC审核岗,1,,应付成本组,自动派单,已派任务少（优先派）,2026-03-15 09:37:40,PC端,AUD03,审核员03,2026-03-15 10:55:40,驳回,附件信息不一致,审核驳回,3分58秒,--,0,,是,3,1,81秒,驳回,1,制单人,制单人02,3
费控服务,AP-2026-000682,2026-02-06,应付发票,通用报销单（费用报销）,A05,示例集团·戊公司,MAK12,制单人12,,2,示例集团财务共享中心（本部）,财务共享,通用报销单（费用报销）,通用审批类,2026-01-28 16:13:22,2026-01-28 16:14:20,2026-01-28 16:15:51,FSSC审核岗,1,,应付成本组,自动派单,已派任务少（优先派）,2026-01-28 16:15:51,PC端,AUD02,审核员02,2026-01-28 18:30:51,同意,,审核通过,23分41秒,--,0,,是,1,1,298秒,,0,,,--
费控服务,AP-2026-000683,2026-04-09,通用报销单,应付付款单（差旅费）,A03,示例集团·丙公司,MAK12,制单人12,,2,示例集团财务共享中心（本部）,财务共享,应付付款单（差旅费）,通用审批类,2026-06-10 14:04:58,2026-06-10 14:05:52,2026-06-10 14:07:15,FSSC审核岗,1,,应付成本组,自动派单,已派任务少（优先派）,2026-06-10 14:07:15,移动端,AUD06,审核员06,2026-06-10 16:11:15,同意,,审核通过,37分45秒,--,0,,是,1,1,269秒,,0,,,--
财务会计,AP-2026-000684,2026-01-11,付款单,应付确认单（物料类）,A10,示例集团·癸公司,MAK09,制单人09,,1,示例集团财务共享中心（本部）,财务共享,应付确认单（物料类）,通用审批类,2026-04-19 17:53:25,2026-04-19 17:53:30,2026-04-19 17:53:36,FSSC审核岗,1,,应付成本组,自动派单,已派任务少（优先派）,2026-04-19 17:53:36,移动端,AUD01,审核员01,2026-04-19 18:01:36,同意,,审核通过,7分31秒,--,0,,是,1,1,253秒,,0,,,--
财务会计,AP-2026-000685,2026-01-24,付款单,其他专项付款单,A03,示例集团·丙公司,MAK04,制单人04,,1,示例集团财务共享中心（本部）,财务共享,其他专项付款单,通用审批类,2026-01-06 19:57:24,2026-01-06 19:58:13,2026-01-06 19:59:07,FSSC审核岗,1,,应付成本组,自动派单,已派任务少（优先派）,2026-01-06 19:59:07,PC端,AUD06,审核员06,2026-01-06 20:16:07,驳回,附件信息不一致,审核驳回,3分54秒,29分48秒,0,,是,2,1,201秒,驳回,1,制单人,制单人04,2
财务会计,AP-2026-000686,2026-06-11,应付发票,通用报销单（费用报销）,A07,示例集团·庚公司,MAK14,制单人14,,4,示例集团财务共享中心（本部）,财务共享,通用报销单（费用报销）,通用审批类,2026-06-13 10:40:36,2026-06-13 10:41:12,2026-06-13 10:41:38,FSSC审核岗,1,,应付成本组,自动派单,已派任务少（优先派）,2026-06-13 10:41:38,移动端,AUD07,审核员07,2026-06-13 11:32:38,同意,,审核通过,15分12秒,--,0,,是,1,1,92秒,,0,,,--
财务会计,AP-2026-000687,2026-04-03,通用报销单,应付付款单（差旅费）,A04,示例集团·丁公司,MAK09,制单人09,,8,示例集团财务共享中心（本部）,财务共享,应付付款单（差旅费）,通用审批类,2026-06-22 09:13:02,2026-06-22 09:13:54,2026-06-22 09:14:12,FSSC审核岗,1,,应付成本组,自动派单,已派任务少（优先派）,2026-06-22 09:14:12,PC端,AUD06,审核员06,2026-06-22 09:16:12,同意,,审核通过,5分21秒,--,0,,是,1,1,104秒,,0,,,--
财务会计,AP-2026-000688,2026-04-17,通用报销单,应付确认单（物料类）,A08,示例集团·辛公司,MAK16,制单人16,,2,示例集团财务共享中心（本部）,财务共享,应付确认单（物料类）,通用审批类,2026-03-07 17:52:30,2026-03-07 17:53:03,2026-03-07 17:53:49,FSSC审核岗,1,,应付成本组,自动派单,已派任务少（优先派）,2026-03-07 17:53:49,PC端,AUD06,审核员06,2026-03-07 19:25:49,同意,,审核通过,5分28秒,--,0,,是,1,1,228秒,,0,,,--
费控服务,AP-2026-000689,2026-01-05,付款单,应付确认单（物料类）,A07,示例集团·庚公司,MAK14,制单人14,,4,示例集团财务共享中心（本部）,财务共享,应付确认单（物料类）,通用审批类,2026-04-04 09:31:14,2026-04-04 09:31:18,2026-04-04 09:32:35,FSSC审核岗,1,,应付成本组,自动派单,已派任务少（优先派）,2026-04-04 09:32:35,移动端,AUD04,审核员04,2026-04-04 11:51:35,同意,,审核通过,17分24秒,--,0,,是,1,1,193秒,,0,,,--
财务会计,AP-2026-000690,2026-03-03,应付发票,其他专项付款单,A01,示例集团·甲公司,MAK14,制单人14,,1,示例集团财务共享中心（本部）,财务共享,其他专项付款单,通用审批类,2026-01-28 16:59:39,2026-01-28 17:00:12,2026-01-28 17:00:52,FSSC审核岗,1,,应付成本组,自动派单,已派任务少（优先派）,2026-01-28 17:00:52,PC端,AUD07,审核员07,2026-01-28 18:43:52,同意,,审核通过,38分30秒,--,0,,是,1,1,144秒,,0,,,--
财务会计,AP-2026-000691,2026-05-07,付款单,应付确认单（物料类）,A07,示例集团·庚公司,MAK01,制单人01,,0,示例集团财务共享中心（本部）,财务共享,应付确认单（物料类）,通用审批类,2026-06-02 10:13:35,2026-06-02 10:14:28,2026-06-02 10:16:02,FSSC审核岗,1,,应付成本组,自动派单,已派任务少（优先派）,2026-06-02 10:16:02,PC端,AUD03,审核员03,2026-06-02 11:41:02,同意,,审核通过,16分31秒,--,0,,是,1,1,47秒,,0,,,--
费控服务,AP-2026-000692,2026-01-27,应付发票,应付确认单（物料类）,A11,示例集团·子公司甲,MAK10,制单人10,,2,示例集团财务共享中心（本部）,财务共享,应付确认单（物料类）,通用审批类,2026-01-12 09:26:38,2026-01-12 09:27:26,2026-01-12 09:28:45,FSSC审核岗,1,,应付成本组,自动派单,已派任务少（优先派）,2026-01-12 09:28:45,PC端,AUD05,审核员05,2026-01-12 09:49:45,同意,,审核通过,18分46秒,--,0,,是,1,1,31秒,,0,,,--
财务会计,AP-2026-000693,2026-04-12,付款单,其他专项付款单,A01,示例集团·甲公司,MAK08,制单人08,,6,示例集团财务共享中心（本部）,财务共享,其他专项付款单,通用审批类,2026-02-26 11:01:59,2026-02-26 11:02:03,2026-02-26 11:02:07,FSSC审核岗,1,,应付成本组,自动派单,已派任务少（优先派）,2026-02-26 11:02:07,移动端,AUD02,审核员02,2026-02-26 14:21:07,同意,,审核通过,2分35秒,--,0,,是,1,1,256秒,,0,,,--
财务会计,AP-2026-000694,2026-06-14,应付发票,应付确认单（物料类）,A01,示例集团·甲公司,MAK13,制单人13,,0,示例集团财务共享中心（本部）,财务共享,应付确认单（物料类）,通用审批类,2026-03-05 09:28:07,2026-03-05 09:29:05,2026-03-05 09:30:24,FSSC审核岗,1,,应付成本组,自动派单,已派任务少（优先派）,2026-03-05 09:30:24,PC端,AUD05,审核员05,2026-03-05 11:05:24,同意,,审核通过,16分14秒,--,0,,是,1,1,57秒,,0,,,--
财务会计,AP-2026-000695,2026-04-26,付款单,应付付款单（材料采购）,A06,示例集团·己公司,MAK04,制单人04,,7,示例集团财务共享中心（本部）,财务共享,应付付款单（材料采购）,通用审批类,2026-01-02 20:00:55,2026-01-02 20:01:42,2026-01-02 20:02:14,FSSC审核岗,1,,应付成本组,自动派单,已派任务少（优先派）,2026-01-02 20:02:14,PC端,AUD06,审核员06,2026-01-02 20:17:14,驳回,业务类型填写错误,审核驳回,12分18秒,23分38秒,0,,是,1,1,135秒,驳回,1,前端单位,示例集团·己公司,1
费控服务,AP-2026-000696,2026-03-22,通用报销单,其他专项付款单,A20,示例集团·子公司癸,MAK03,制单人03,,3,示例集团财务共享中心（本部）,财务共享,其他专项付款单,通用审批类,2026-05-03 12:34:13,2026-05-03 12:34:45,2026-05-03 12:36:16,FSSC审核岗,1,,应付成本组,自动派单,已派任务少（优先派）,2026-05-03 12:36:16,移动端,AUD03,审核员03,2026-05-03 15:45:16,同意,,审核通过,29分45秒,--,0,,是,1,1,164秒,,0,,,--
财务会计,AP-2026-000697,2026-02-21,应付发票,应付付款单（材料采购）,A16,示例集团·子公司己,MAK13,制单人13,,7,示例集团财务共享中心（本部）,财务共享,应付付款单（材料采购）,通用审批类,2026-06-09 13:44:34,2026-06-09 13:45:07,2026-06-09 13:45:21,FSSC审核岗,1,,应付成本组,自动派单,已派任务少（优先派）,2026-06-09 13:45:21,PC端,AUD03,审核员03,2026-06-09 13:59:21,同意,,审核通过,18分5秒,--,0,,是,1,1,114秒,,0,,,--
费控服务,AP-2026-000698,2026-03-10,应付发票,应付付款单（材料采购）,A15,示例集团·子公司戊,MAK14,制单人14,,7,示例集团财务共享中心（本部）,财务共享,应付付款单（材料采购）,通用审批类,2026-01-04 13:46:52,2026-01-04 13:47:43,2026-01-04 13:48:02,FSSC审核岗,1,,应付成本组,自动派单,已派任务少（优先派）,2026-01-04 13:48:02,PC端,AUD04,审核员04,2026-01-04 13:58:02,同意,,审核通过,8分1秒,--,0,,是,1,1,265秒,,0,,,--
财务会计,AP-2026-000699,2026-04-10,应付发票,其他专项付款单,A12,示例集团·子公司乙,MAK05,制单人05,,3,示例集团财务共享中心（本部）,财务共享,其他专项付款单,通用审批类,2026-06-28 17:24:31,2026-06-28 17:24:33,2026-06-28 17:26:24,FSSC审核岗,1,,应付成本组,自动派单,已派任务少（优先派）,2026-06-28 17:26:24,移动端,AUD05,审核员05,2026-06-28 19:04:24,同意,附件信息不一致,审核通过,25分11秒,35分3秒,0,,是,1,1,166秒,,0,,,1
财务会计,AP-2026-000700,2026-03-20,应付发票,通用报销单（费用报销）,A01,示例集团·甲公司,MAK13,制单人13,,6,示例集团财务共享中心（本部）,财务共享,通用报销单（费用报销）,通用审批类,2026-05-27 12:51:48,2026-05-27 12:52:26,2026-05-27 12:52:54,FSSC审核岗,1,,应付成本组,自动派单,已派任务少（优先派）,2026-05-27 12:52:54,PC端,AUD07,审核员07,2026-05-27 16:06:54,驳回,附件不完整,审核驳回,28分50秒,4分51秒,0,,是,3,1,65秒,驳回,1,制单人,制单人13,3
财务会计,AP-2026-000701,2026-03-10,应付发票,通用报销单（费用报销）,A06,示例集团·己公司,MAK16,制单人16,,3,示例集团财务共享中心（本部）,财务共享,通用报销单（费用报销）,通用审批类,2026-06-19 19:36:49,2026-06-19 19:37:23,2026-06-19 19:37:57,FSSC审核岗,1,,应付成本组,自动派单,已派任务少（优先派）,2026-06-19 19:37:57,移动端,AUD07,审核员07,2026-06-19 20:19:57,同意,,审核通过,9分58秒,--,0,,是,1,1,17秒,,0,,,--
财务会计,AP-2026-000702,2026-02-08,应付发票,应付付款单（材料采购）,A03,示例集团·丙公司,MAK11,制单人11,,0,示例集团财务共享中心（本部）,财务共享,应付付款单（材料采购）,通用审批类,2026-01-11 17:25:02,2026-01-11 17:25:42,2026-01-11 17:26:18,FSSC审核岗,1,,应付成本组,自动派单,已派任务少（优先派）,2026-01-11 17:26:18,PC端,AUD02,审核员02,2026-01-11 18:59:18,同意,,审核通过,8分19秒,--,0,,是,1,1,174秒,,0,,,--
财务会计,AP-2026-000703,2026-02-01,通用报销单,应付付款单（服务费）,A12,示例集团·子公司乙,MAK14,制单人14,,1,示例集团财务共享中心（本部）,财务共享,应付付款单（服务费）,通用审批类,2026-02-02 13:30:40,2026-02-02 13:31:35,2026-02-02 13:32:47,FSSC审核岗,1,,应付成本组,自动派单,已派任务少（优先派）,2026-02-02 13:32:47,PC端,AUD04,审核员04,2026-02-02 14:28:47,同意,,审核通过,18分57秒,--,0,,是,1,1,292秒,,0,,,--
财务会计,AP-2026-000704,2026-01-25,通用报销单,通用报销单（费用报销）,A03,示例集团·丙公司,MAK02,制单人02,,3,示例集团财务共享中心（本部）,财务共享,通用报销单（费用报销）,通用审批类,2026-02-28 15:08:14,2026-02-28 15:08:55,2026-02-28 15:09:18,FSSC审核岗,1,,应付成本组,自动派单,已派任务少（优先派）,2026-02-28 15:09:18,PC端,AUD02,审核员02,2026-02-28 15:47:18,同意,,审核通过,8分41秒,--,0,,是,1,1,29秒,,0,,,--
财务会计,AP-2026-000705,2026-02-11,通用报销单,应付付款单（差旅费）,A02,示例集团·乙公司,MAK09,制单人09,,8,示例集团财务共享中心（本部）,财务共享,应付付款单（差旅费）,通用审批类,2026-06-08 08:45:16,2026-06-08 08:45:33,2026-06-08 08:45:36,FSSC审核岗,1,,应付成本组,自动派单,已派任务少（优先派）,2026-06-08 08:45:36,PC端,AUD04,审核员04,2026-06-08 11:39:36,同意,,审核通过,3分38秒,--,0,,是,1,1,130秒,,0,,,--
财务会计,AP-2026-000706,2026-06-17,应付发票,应付付款单（服务费）,A03,示例集团·丙公司,MAK02,制单人02,,4,示例集团财务共享中心（本部）,财务共享,应付付款单（服务费）,通用审批类,2026-06-11 17:23:53,2026-06-11 17:24:46,2026-06-11 17:26:14,FSSC审核岗,1,,应付成本组,自动派单,已派任务少（优先派）,2026-06-11 17:26:14,PC端,AUD04,审核员04,2026-06-11 19:13:14,驳回,未关联合同,审核驳回,10分1秒,24分21秒,0,,是,2,1,218秒,驳回,1,制单人,制单人02,2
财务会计,AP-2026-000707,2026-01-10,通用报销单,其他专项付款单,A14,示例集团·子公司丁,MAK06,制单人06,,3,示例集团财务共享中心（本部）,财务共享,其他专项付款单,通用审批类,2026-05-12 08:18:59,2026-05-12 08:19:09,2026-05-12 08:21:06,FSSC审核岗,1,,应付成本组,自动派单,已派任务少（优先派）,2026-05-12 08:21:06,移动端,AUD07,审核员07,2026-05-12 10:53:06,驳回,附件信息不一致,审核驳回,21分32秒,33分50秒,0,,是,3,1,186秒,驳回,1,前端单位,示例集团·子公司丁,3
财务会计,AP-2026-000708,2026-04-22,通用报销单,应付确认单（物料类）,A16,示例集团·子公司己,MAK07,制单人07,,8,示例集团财务共享中心（本部）,财务共享,应付确认单（物料类）,通用审批类,2026-06-25 18:05:04,2026-06-25 18:06:04,2026-06-25 18:06:33,FSSC审核岗,1,,应付成本组,自动派单,已派任务少（优先派）,2026-06-25 18:06:33,PC端,AUD05,审核员05,2026-06-25 20:31:33,同意,,审核通过,27分34秒,--,0,,是,1,1,72秒,,0,,,--
财务会计,AP-2026-000709,2026-06-16,通用报销单,其他专项付款单,A12,示例集团·子公司乙,MAK09,制单人09,,5,示例集团财务共享中心（本部）,财务共享,其他专项付款单,通用审批类,2026-03-15 13:17:12,2026-03-15 13:18:06,2026-03-15 13:19:20,FSSC审核岗,1,,应付成本组,自动派单,已派任务少（优先派）,2026-03-15 13:19:20,PC端,AUD01,审核员01,2026-03-15 14:35:20,同意,,审核通过,15分29秒,--,0,,是,1,1,171秒,,0,,,--
财务会计,AP-2026-000710,2026-02-24,通用报销单,通用报销单（费用报销）,A09,示例集团·壬公司,MAK02,制单人02,,6,示例集团财务共享中心（本部）,财务共享,通用报销单（费用报销）,通用审批类,2026-01-12 16:32:04,2026-01-12 16:33:03,2026-01-12 16:33:50,FSSC审核岗,1,,应付成本组,自动派单,已派任务少（优先派）,2026-01-12 16:33:50,PC端,AUD02,审核员02,2026-01-12 19:21:50,同意,,审核通过,15分36秒,--,0,,是,1,1,74秒,,0,,,--
财务会计,AP-2026-000711,2026-03-22,应付发票,应付付款单（材料采购）,A15,示例集团·子公司戊,MAK04,制单人04,,8,示例集团财务共享中心（本部）,财务共享,应付付款单（材料采购）,通用审批类,2026-05-20 12:50:18,2026-05-20 12:50:40,2026-05-20 12:51:21,FSSC审核岗,1,,应付成本组,自动派单,已派任务少（优先派）,2026-05-20 12:51:21,移动端,AUD07,审核员07,2026-05-20 13:22:21,驳回,附件不完整,审核驳回,10分36秒,13分57秒,0,,是,2,1,102秒,驳回,1,前端单位,示例集团·子公司戊,2
财务会计,AP-2026-000712,2026-05-09,通用报销单,应付付款单（材料采购）,A13,示例集团·子公司丙,MAK01,制单人01,,1,示例集团财务共享中心（本部）,财务共享,应付付款单（材料采购）,通用审批类,2026-02-16 19:06:08,2026-02-16 19:07:04,2026-02-16 19:07:09,FSSC审核岗,1,,应付成本组,自动派单,已派任务少（优先派）,2026-02-16 19:07:09,移动端,AUD01,审核员01,2026-02-16 20:58:09,驳回,其他,审核驳回,9分32秒,--,0,,是,1,1,208秒,驳回,1,制单人,制单人01,1
财务会计,AP-2026-000713,2026-03-18,付款单,其他专项付款单,A14,示例集团·子公司丁,MAK06,制单人06,,0,示例集团财务共享中心（本部）,财务共享,其他专项付款单,通用审批类,2026-02-04 13:57:52,2026-02-04 13:58:50,2026-02-04 13:59:34,FSSC审核岗,1,,应付成本组,自动派单,已派任务少（优先派）,2026-02-04 13:59:34,PC端,AUD03,审核员03,2026-02-04 16:31:34,同意,,审核通过,5分47秒,--,0,,是,1,1,191秒,,0,,,--
财务会计,AP-2026-000714,2026-03-24,应付发票,应付确认单（物料类）,A17,示例集团·子公司庚,MAK15,制单人15,,8,示例集团财务共享中心（本部）,财务共享,应付确认单（物料类）,通用审批类,2026-03-16 19:08:46,2026-03-16 19:08:58,2026-03-16 19:10:31,FSSC审核岗,1,,应付成本组,自动派单,已派任务少（优先派）,2026-03-16 19:10:31,移动端,AUD05,审核员05,2026-03-16 22:27:31,同意,,审核通过,6分9秒,--,0,,是,1,1,13秒,,0,,,--
费控服务,AP-2026-000715,2026-04-13,付款单,应付付款单（服务费）,A06,示例集团·己公司,MAK06,制单人06,,8,示例集团财务共享中心（本部）,财务共享,应付付款单（服务费）,通用审批类,2026-03-17 19:37:17,2026-03-17 19:38:07,2026-03-17 19:38:20,FSSC审核岗,1,,应付成本组,自动派单,已派任务少（优先派）,2026-03-17 19:38:20,移动端,AUD05,审核员05,2026-03-17 20:38:20,同意,,审核通过,34分37秒,--,0,,是,1,1,270秒,,0,,,--
费控服务,AP-2026-000716,2026-02-11,通用报销单,其他专项付款单,A12,示例集团·子公司乙,MAK07,制单人07,,5,示例集团财务共享中心（本部）,财务共享,其他专项付款单,通用审批类,2026-05-02 19:56:46,2026-05-02 19:57:00,2026-05-02 19:57:56,FSSC审核岗,1,,应付成本组,自动派单,已派任务少（优先派）,2026-05-02 19:57:56,PC端,AUD03,审核员03,2026-05-02 22:10:56,同意,,审核通过,7分22秒,--,0,,是,1,1,155秒,,0,,,--
财务会计,AP-2026-000717,2026-02-08,通用报销单,应付付款单（服务费）,A02,示例集团·乙公司,MAK05,制单人05,,8,示例集团财务共享中心（本部）,财务共享,应付付款单（服务费）,通用审批类,2026-01-09 17:48:06,2026-01-09 17:49:06,2026-01-09 17:49:36,FSSC审核岗,1,,应付成本组,自动派单,已派任务少（优先派）,2026-01-09 17:49:36,移动端,AUD04,审核员04,2026-01-09 20:40:36,同意,,审核通过,33分48秒,--,0,,是,1,1,96秒,,0,,,--
费控服务,AP-2026-000718,2026-06-18,通用报销单,应付付款单（材料采购）,A01,示例集团·甲公司,MAK15,制单人15,,6,示例集团财务共享中心（本部）,财务共享,应付付款单（材料采购）,通用审批类,2026-06-01 15:53:52,2026-06-01 15:53:54,2026-06-01 15:54:42,FSSC审核岗,1,,应付成本组,自动派单,已派任务少（优先派）,2026-06-01 15:54:42,PC端,AUD07,审核员07,2026-06-01 16:47:42,同意,,审核通过,29分33秒,--,0,,是,1,1,74秒,,0,,,--
财务会计,AP-2026-000719,2026-01-23,付款单,应付付款单（差旅费）,A12,示例集团·子公司乙,MAK05,制单人05,,5,示例集团财务共享中心（本部）,财务共享,应付付款单（差旅费）,通用审批类,2026-06-14 15:16:05,2026-06-14 15:17:01,2026-06-14 15:17:19,FSSC审核岗,1,,应付成本组,自动派单,已派任务少（优先派）,2026-06-14 15:17:19,移动端,AUD01,审核员01,2026-06-14 16:29:19,同意,,审核通过,6分47秒,--,0,,是,1,1,123秒,,0,,,--
费控服务,AP-2026-000720,2026-02-09,应付发票,应付付款单（材料采购）,A09,示例集团·壬公司,MAK06,制单人06,,1,示例集团财务共享中心（本部）,财务共享,应付付款单（材料采购）,通用审批类,2026-01-17 18:49:04,2026-01-17 18:49:50,2026-01-17 18:51:19,FSSC审核岗,1,,应付成本组,自动派单,已派任务少（优先派）,2026-01-17 18:51:19,PC端,AUD04,审核员04,2026-01-17 20:12:19,同意,未关联合同,审核通过,34分20秒,36分42秒,0,,是,1,1,28秒,,0,,,1
费控服务,AP-2026-000721,2026-02-19,通用报销单,应付付款单（服务费）,A16,示例集团·子公司己,MAK11,制单人11,,3,示例集团财务共享中心（本部）,财务共享,应付付款单（服务费）,通用审批类,2026-05-22 11:16:30,2026-05-22 11:16:40,2026-05-22 11:17:43,FSSC审核岗,1,,应付成本组,自动派单,已派任务少（优先派）,2026-05-22 11:17:43,PC端,AUD02,审核员02,2026-05-22 12:05:43,同意,,审核通过,6分33秒,--,0,,是,1,1,119秒,,0,,,--
费控服务,AP-2026-000722,2026-01-07,应付发票,其他专项付款单,A01,示例集团·甲公司,MAK02,制单人02,,8,示例集团财务共享中心（本部）,财务共享,其他专项付款单,通用审批类,2026-03-14 19:16:39,2026-03-14 19:17:04,2026-03-14 19:18:25,FSSC审核岗,1,,应付成本组,自动派单,已派任务少（优先派）,2026-03-14 19:18:25,移动端,AUD04,审核员04,2026-03-14 21:48:25,同意,,审核通过,12分56秒,--,0,,是,1,1,163秒,,0,,,--
费控服务,AP-2026-000723,2026-02-16,付款单,应付确认单（物料类）,A12,示例集团·子公司乙,MAK15,制单人15,,4,示例集团财务共享中心（本部）,财务共享,应付确认单（物料类）,通用审批类,2026-05-20 13:34:30,2026-05-20 13:34:49,2026-05-20 13:35:02,FSSC审核岗,1,,应付成本组,自动派单,已派任务少（优先派）,2026-05-20 13:35:02,移动端,AUD05,审核员05,2026-05-20 14:32:02,同意,,审核通过,27分28秒,--,0,,是,1,1,176秒,,0,,,--
财务会计,AP-2026-000724,2026-02-11,通用报销单,通用报销单（费用报销）,A02,示例集团·乙公司,MAK07,制单人07,,6,示例集团财务共享中心（本部）,财务共享,通用报销单（费用报销）,通用审批类,2026-06-23 14:45:08,2026-06-23 14:45:58,2026-06-23 14:47:51,FSSC审核岗,1,,应付成本组,自动派单,已派任务少（优先派）,2026-06-23 14:47:51,PC端,AUD02,审核员02,2026-06-23 16:51:51,同意,,审核通过,16分1秒,--,0,,是,1,1,158秒,,0,,,--
财务会计,AP-2026-000725,2026-01-14,应付发票,应付付款单（服务费）,A03,示例集团·丙公司,MAK04,制单人04,,0,示例集团财务共享中心（本部）,财务共享,应付付款单（服务费）,通用审批类,2026-03-11 12:43:20,2026-03-11 12:43:47,2026-03-11 12:44:38,FSSC审核岗,1,,应付成本组,自动派单,已派任务少（优先派）,2026-03-11 12:44:38,PC端,AUD06,审核员06,2026-03-11 14:38:38,同意,,审核通过,18分31秒,--,0,,是,1,1,122秒,,0,,,--
财务会计,AP-2026-000726,2026-03-14,应付发票,通用报销单（费用报销）,A03,示例集团·丙公司,MAK14,制单人14,,8,示例集团财务共享中心（本部）,财务共享,通用报销单（费用报销）,通用审批类,2026-01-06 16:13:49,2026-01-06 16:14:30,2026-01-06 16:14:45,FSSC审核岗,1,,应付成本组,自动派单,已派任务少（优先派）,2026-01-06 16:14:45,移动端,AUD03,审核员03,2026-01-06 18:52:45,同意,,审核通过,2分46秒,--,0,,是,1,1,20秒,,0,,,--
费控服务,AP-2026-000727,2026-01-12,应付发票,应付付款单（差旅费）,A11,示例集团·子公司甲,MAK02,制单人02,,8,示例集团财务共享中心（本部）,财务共享,应付付款单（差旅费）,通用审批类,2026-01-03 18:03:33,2026-01-03 18:03:47,2026-01-03 18:04:34,FSSC审核岗,1,,应付成本组,自动派单,已派任务少（优先派）,2026-01-03 18:04:34,PC端,AUD05,审核员05,2026-01-03 20:22:34,同意,,审核通过,26分55秒,--,0,,是,1,1,127秒,,0,,,--
财务会计,AP-2026-000728,2026-01-14,通用报销单,其他专项付款单,A03,示例集团·丙公司,MAK03,制单人03,,7,示例集团财务共享中心（本部）,财务共享,其他专项付款单,通用审批类,2026-01-08 08:02:54,2026-01-08 08:02:56,2026-01-08 08:04:33,FSSC审核岗,1,,应付成本组,自动派单,已派任务少（优先派）,2026-01-08 08:04:33,PC端,AUD03,审核员03,2026-01-08 10:19:33,同意,,审核通过,3分10秒,--,0,,是,1,1,154秒,,0,,,--
财务会计,AP-2026-000729,2026-04-08,应付发票,应付确认单（物料类）,A03,示例集团·丙公司,MAK04,制单人04,,1,示例集团财务共享中心（本部）,财务共享,应付确认单（物料类）,通用审批类,2026-02-04 20:24:41,2026-02-04 20:25:07,2026-02-04 20:25:24,FSSC审核岗,1,,应付成本组,自动派单,已派任务少（优先派）,2026-02-04 20:25:24,移动端,AUD06,审核员06,2026-02-04 23:35:24,同意,,审核通过,5分32秒,--,0,,是,1,1,222秒,,0,,,--
费控服务,AP-2026-000730,2026-02-05,付款单,通用报销单（费用报销）,A01,示例集团·甲公司,MAK12,制单人12,,0,示例集团财务共享中心（本部）,财务共享,通用报销单（费用报销）,通用审批类,2026-03-26 14:12:53,2026-03-26 14:13:32,2026-03-26 14:15:22,FSSC审核岗,1,,应付成本组,自动派单,已派任务少（优先派）,2026-03-26 14:15:22,PC端,AUD04,审核员04,2026-03-26 15:35:22,同意,,审核通过,20分17秒,--,0,,是,1,1,244秒,,0,,,--
财务会计,AP-2026-000731,2026-04-16,付款单,应付付款单（材料采购）,A02,示例集团·乙公司,MAK05,制单人05,,3,示例集团财务共享中心（本部）,财务共享,应付付款单（材料采购）,通用审批类,2026-01-03 11:26:35,2026-01-03 11:26:53,2026-01-03 11:27:55,FSSC审核岗,1,,应付成本组,自动派单,已派任务少（优先派）,2026-01-03 11:27:55,PC端,AUD05,审核员05,2026-01-03 12:40:55,同意,,审核通过,25分1秒,--,0,,是,1,1,264秒,,0,,,--
财务会计,AP-2026-000732,2026-01-23,付款单,应付付款单（差旅费）,A09,示例集团·壬公司,MAK16,制单人16,,4,示例集团财务共享中心（本部）,财务共享,应付付款单（差旅费）,通用审批类,2026-01-19 08:25:49,2026-01-19 08:26:04,2026-01-19 08:27:02,FSSC审核岗,1,,应付成本组,自动派单,已派任务少（优先派）,2026-01-19 08:27:02,移动端,AUD06,审核员06,2026-01-19 10:02:02,同意,,审核通过,22分9秒,--,0,,是,1,1,52秒,,0,,,--
财务会计,AP-2026-000733,2026-03-16,通用报销单,应付付款单（材料采购）,A01,示例集团·甲公司,MAK03,制单人03,,0,示例集团财务共享中心（本部）,财务共享,应付付款单（材料采购）,通用审批类,2026-01-05 14:39:53,2026-01-05 14:40:24,2026-01-05 14:41:31,FSSC审核岗,1,,应付成本组,自动派单,已派任务少（优先派）,2026-01-05 14:41:31,PC端,AUD07,审核员07,2026-01-05 17:47:31,同意,,审核通过,32分16秒,--,0,,是,1,1,220秒,,0,,,--
财务会计,AP-2026-000734,2026-03-11,付款单,应付付款单（差旅费）,A03,示例集团·丙公司,MAK06,制单人06,,5,示例集团财务共享中心（本部）,财务共享,应付付款单（差旅费）,通用审批类,2026-04-14 08:17:44,2026-04-14 08:17:58,2026-04-14 08:19:35,FSSC审核岗,1,,应付成本组,自动派单,已派任务少（优先派）,2026-04-14 08:19:35,移动端,AUD02,审核员02,2026-04-14 10:43:35,同意,,审核通过,16分20秒,--,0,,是,1,1,246秒,,0,,,--
费控服务,AP-2026-000735,2026-03-24,通用报销单,应付付款单（差旅费）,A09,示例集团·壬公司,MAK09,制单人09,,2,示例集团财务共享中心（本部）,财务共享,应付付款单（差旅费）,通用审批类,2026-02-14 19:04:24,2026-02-14 19:04:33,2026-02-14 19:06:10,FSSC审核岗,1,,应付成本组,自动派单,已派任务少（优先派）,2026-02-14 19:06:10,移动端,AUD07,审核员07,2026-02-14 19:10:10,同意,,审核通过,13分28秒,--,0,,是,1,1,68秒,,0,,,--
费控服务,AP-2026-000736,2026-06-26,应付发票,其他专项付款单,A01,示例集团·甲公司,MAK07,制单人07,,4,示例集团财务共享中心（本部）,财务共享,其他专项付款单,通用审批类,2026-04-24 16:26:25,2026-04-24 16:26:26,2026-04-24 16:27:04,FSSC审核岗,1,,应付成本组,自动派单,已派任务少（优先派）,2026-04-24 16:27:04,移动端,AUD02,审核员02,2026-04-24 16:58:04,同意,,审核通过,34分20秒,--,0,,是,1,1,200秒,,0,,,--
财务会计,AP-2026-000737,2026-01-22,应付发票,通用报销单（费用报销）,A06,示例集团·己公司,MAK03,制单人03,,2,示例集团财务共享中心（本部）,财务共享,通用报销单（费用报销）,通用审批类,2026-05-23 13:33:38,2026-05-23 13:33:55,2026-05-23 13:34:56,FSSC审核岗,1,,应付成本组,自动派单,已派任务少（优先派）,2026-05-23 13:34:56,PC端,AUD03,审核员03,2026-05-23 15:33:56,同意,,审核通过,11分33秒,--,0,,是,1,1,252秒,,0,,,--
费控服务,AP-2026-000738,2026-04-03,付款单,通用报销单（费用报销）,A01,示例集团·甲公司,MAK07,制单人07,,7,示例集团财务共享中心（本部）,财务共享,通用报销单（费用报销）,通用审批类,2026-05-07 11:44:06,2026-05-07 11:44:41,2026-05-07 11:45:40,FSSC审核岗,1,,应付成本组,自动派单,已派任务少（优先派）,2026-05-07 11:45:40,移动端,AUD02,审核员02,2026-05-07 13:10:40,驳回,业务类型填写错误,审核驳回,39分10秒,36分56秒,0,,是,3,1,125秒,驳回,1,前端单位,示例集团·甲公司,3
财务会计,AP-2026-000739,2026-06-10,应付发票,应付付款单（服务费）,A03,示例集团·丙公司,MAK01,制单人01,,3,示例集团财务共享中心（本部）,财务共享,应付付款单（服务费）,通用审批类,2026-04-10 13:39:49,2026-04-10 13:40:15,2026-04-10 13:42:15,FSSC审核岗,1,,应付成本组,自动派单,已派任务少（优先派）,2026-04-10 13:42:15,移动端,AUD02,审核员02,2026-04-10 14:48:15,同意,,审核通过,5分37秒,--,0,,是,1,1,88秒,,0,,,--
财务会计,AP-2026-000740,2026-04-19,应付发票,应付付款单（服务费）,A01,示例集团·甲公司,MAK04,制单人04,,4,示例集团财务共享中心（本部）,财务共享,应付付款单（服务费）,通用审批类,2026-04-17 17:41:49,2026-04-17 17:42:14,2026-04-17 17:42:57,FSSC审核岗,1,,应付成本组,自动派单,已派任务少（优先派）,2026-04-17 17:42:57,移动端,AUD02,审核员02,2026-04-17 20:10:57,同意,,审核通过,40分42秒,--,0,,是,1,1,252秒,,0,,,--
财务会计,AP-2026-000741,2026-01-07,通用报销单,其他专项付款单,A02,示例集团·乙公司,MAK01,制单人01,,0,示例集团财务共享中心（本部）,财务共享,其他专项付款单,通用审批类,2026-01-20 10:09:10,2026-01-20 10:09:41,2026-01-20 10:11:33,FSSC审核岗,1,,应付成本组,自动派单,已派任务少（优先派）,2026-01-20 10:11:33,PC端,AUD02,审核员02,2026-01-20 10:12:33,同意,,审核通过,9分32秒,--,0,,是,1,1,235秒,,0,,,--
费控服务,AP-2026-000742,2026-04-25,付款单,应付付款单（材料采购）,A04,示例集团·丁公司,MAK08,制单人08,,8,示例集团财务共享中心（本部）,财务共享,应付付款单（材料采购）,通用审批类,2026-04-13 14:49:24,2026-04-13 14:50:10,2026-04-13 14:51:11,FSSC审核岗,1,,应付成本组,自动派单,已派任务少（优先派）,2026-04-13 14:51:11,PC端,AUD03,审核员03,2026-04-13 16:22:11,同意,,审核通过,6分56秒,--,0,,是,1,1,119秒,,0,,,--
财务会计,AP-2026-000743,2026-01-23,通用报销单,应付确认单（物料类）,A17,示例集团·子公司庚,MAK16,制单人16,,5,示例集团财务共享中心（本部）,财务共享,应付确认单（物料类）,通用审批类,2026-05-18 15:31:44,2026-05-18 15:32:35,2026-05-18 15:33:08,FSSC审核岗,1,,应付成本组,自动派单,已派任务少（优先派）,2026-05-18 15:33:08,PC端,AUD06,审核员06,2026-05-18 18:29:08,同意,,审核通过,12分1秒,--,0,,是,1,1,197秒,,0,,,--
费控服务,AP-2026-000744,2026-06-14,付款单,应付付款单（服务费）,A12,示例集团·子公司乙,MAK13,制单人13,,3,示例集团财务共享中心（本部）,财务共享,应付付款单（服务费）,通用审批类,2026-02-07 14:23:11,2026-02-07 14:24:11,2026-02-07 14:25:47,FSSC审核岗,1,,应付成本组,自动派单,已派任务少（优先派）,2026-02-07 14:25:47,PC端,AUD03,审核员03,2026-02-07 14:28:47,同意,,审核通过,1分37秒,--,0,,是,1,1,168秒,,0,,,--
财务会计,AP-2026-000745,2026-06-17,通用报销单,应付付款单（材料采购）,A03,示例集团·丙公司,MAK15,制单人15,,4,示例集团财务共享中心（本部）,财务共享,应付付款单（材料采购）,通用审批类,2026-03-02 18:17:41,2026-03-02 18:18:12,2026-03-02 18:19:03,FSSC审核岗,1,,应付成本组,自动派单,已派任务少（优先派）,2026-03-02 18:19:03,移动端,AUD07,审核员07,2026-03-02 18:31:03,同意,,审核通过,4分36秒,--,0,,是,1,1,25秒,,0,,,--
财务会计,AP-2026-000746,2026-02-21,通用报销单,通用报销单（费用报销）,A13,示例集团·子公司丙,MAK15,制单人15,,2,示例集团财务共享中心（本部）,财务共享,通用报销单（费用报销）,通用审批类,2026-04-16 19:55:41,2026-04-16 19:56:30,2026-04-16 19:57:40,FSSC审核岗,1,,应付成本组,自动派单,已派任务少（优先派）,2026-04-16 19:57:40,移动端,AUD07,审核员07,2026-04-16 20:24:40,驳回,其他,审核驳回,12分55秒,--,0,,是,1,1,52秒,驳回,1,制单人,制单人15,1
财务会计,AP-2026-000747,2026-01-21,付款单,通用报销单（费用报销）,A04,示例集团·丁公司,MAK14,制单人14,,5,示例集团财务共享中心（本部）,财务共享,通用报销单（费用报销）,通用审批类,2026-02-04 16:17:54,2026-02-04 16:18:07,2026-02-04 16:19:31,FSSC审核岗,1,,应付成本组,自动派单,已派任务少（优先派）,2026-02-04 16:19:31,PC端,AUD01,审核员01,2026-02-04 18:57:31,同意,,审核通过,11分57秒,--,0,,是,1,1,197秒,,0,,,--
费控服务,AP-2026-000748,2026-06-27,通用报销单,其他专项付款单,A05,示例集团·戊公司,MAK16,制单人16,,0,示例集团财务共享中心（本部）,财务共享,其他专项付款单,通用审批类,2026-03-03 11:52:48,2026-03-03 11:53:21,2026-03-03 11:53:40,FSSC审核岗,1,,应付成本组,自动派单,已派任务少（优先派）,2026-03-03 11:53:40,PC端,AUD03,审核员03,2026-03-03 15:00:40,同意,,审核通过,18分38秒,--,0,,是,1,1,111秒,,0,,,--
财务会计,AP-2026-000749,2026-03-27,通用报销单,通用报销单（费用报销）,A08,示例集团·辛公司,MAK07,制单人07,,1,示例集团财务共享中心（本部）,财务共享,通用报销单（费用报销）,通用审批类,2026-05-18 13:07:21,2026-05-18 13:07:51,2026-05-18 13:09:04,FSSC审核岗,1,,应付成本组,自动派单,已派任务少（优先派）,2026-05-18 13:09:04,PC端,AUD05,审核员05,2026-05-18 16:08:04,驳回,特殊原因,审核驳回,8分58秒,6分11秒,0,,是,2,1,172秒,驳回,1,制单人,制单人07,2
费控服务,AP-2026-000750,2026-04-26,通用报销单,通用报销单（费用报销）,A06,示例集团·己公司,MAK16,制单人16,,3,示例集团财务共享中心（本部）,财务共享,通用报销单（费用报销）,通用审批类,2026-02-12 15:05:56,2026-02-12 15:06:43,2026-02-12 15:07:15,FSSC审核岗,1,,应付成本组,自动派单,已派任务少（优先派）,2026-02-12 15:07:15,移动端,AUD06,审核员06,2026-02-12 16:26:15,同意,,审核通过,9分19秒,--,0,,是,1,1,37秒,,0,,,--
财务会计,AP-2026-000751,2026-04-19,付款单,应付确认单（物料类）,A04,示例集团·丁公司,MAK05,制单人05,,1,示例集团财务共享中心（本部）,财务共享,应付确认单（物料类）,通用审批类,2026-04-27 11:17:56,2026-04-27 11:18:09,2026-04-27 11:18:32,FSSC审核岗,1,,应付成本组,自动派单,已派任务少（优先派）,2026-04-27 11:18:32,PC端,AUD02,审核员02,2026-04-27 12:34:32,同意,,审核通过,32分22秒,--,0,,是,1,1,196秒,,0,,,--
费控服务,AP-2026-000752,2026-06-21,付款单,应付付款单（材料采购）,A03,示例集团·丙公司,MAK11,制单人11,,4,示例集团财务共享中心（本部）,财务共享,应付付款单（材料采购）,通用审批类,2026-01-02 17:24:09,2026-01-02 17:24:44,2026-01-02 17:25:57,FSSC审核岗,1,,应付成本组,自动派单,已派任务少（优先派）,2026-01-02 17:25:57,PC端,AUD04,审核员04,2026-01-02 18:19:57,同意,,审核通过,14分21秒,--,0,,是,1,1,267秒,,0,,,--
费控服务,AP-2026-000753,2026-03-17,付款单,应付付款单（材料采购）,A06,示例集团·己公司,MAK12,制单人12,,2,示例集团财务共享中心（本部）,财务共享,应付付款单（材料采购）,通用审批类,2026-03-07 15:16:02,2026-03-07 15:17:02,2026-03-07 15:17:17,FSSC审核岗,1,,应付成本组,自动派单,已派任务少（优先派）,2026-03-07 15:17:17,PC端,AUD02,审核员02,2026-03-07 17:30:17,同意,,审核通过,30分37秒,--,0,,是,1,1,175秒,,0,,,--
费控服务,AP-2026-000754,2026-01-02,通用报销单,应付付款单（差旅费）,A04,示例集团·丁公司,MAK07,制单人07,,1,示例集团财务共享中心（本部）,财务共享,应付付款单（差旅费）,通用审批类,2026-01-21 13:55:57,2026-01-21 13:55:58,2026-01-21 13:56:19,FSSC审核岗,1,,应付成本组,自动派单,已派任务少（优先派）,2026-01-21 13:56:19,移动端,AUD05,审核员05,2026-01-21 15:44:19,同意,,审核通过,12分58秒,--,0,,是,1,1,193秒,,0,,,--
财务会计,AP-2026-000755,2026-01-01,通用报销单,应付付款单（差旅费）,A03,示例集团·丙公司,MAK08,制单人08,,5,示例集团财务共享中心（本部）,财务共享,应付付款单（差旅费）,通用审批类,2026-04-15 17:36:44,2026-04-15 17:37:12,2026-04-15 17:38:46,FSSC审核岗,1,,应付成本组,自动派单,已派任务少（优先派）,2026-04-15 17:38:46,移动端,AUD02,审核员02,2026-04-15 19:21:46,同意,,审核通过,39分21秒,--,0,,是,1,1,257秒,,0,,,--
费控服务,AP-2026-000756,2026-03-08,付款单,应付付款单（差旅费）,A08,示例集团·辛公司,MAK05,制单人05,,8,示例集团财务共享中心（本部）,财务共享,应付付款单（差旅费）,通用审批类,2026-01-17 09:26:27,2026-01-17 09:27:17,2026-01-17 09:27:52,FSSC审核岗,1,,应付成本组,自动派单,已派任务少（优先派）,2026-01-17 09:27:52,PC端,AUD07,审核员07,2026-01-17 11:55:52,同意,附件信息不一致,审核通过,11分59秒,39分44秒,0,,是,1,1,278秒,,0,,,1
财务会计,AP-2026-000757,2026-02-05,应付发票,通用报销单（费用报销）,A02,示例集团·乙公司,MAK16,制单人16,,0,示例集团财务共享中心（本部）,财务共享,通用报销单（费用报销）,通用审批类,2026-01-02 09:19:50,2026-01-02 09:20:40,2026-01-02 09:20:59,FSSC审核岗,1,,应付成本组,自动派单,已派任务少（优先派）,2026-01-02 09:20:59,PC端,AUD06,审核员06,2026-01-02 10:49:59,同意,,审核通过,10分12秒,--,0,,是,1,1,98秒,,0,,,--
财务会计,AP-2026-000758,2026-06-07,应付发票,应付付款单（差旅费）,A03,示例集团·丙公司,MAK02,制单人02,,5,示例集团财务共享中心（本部）,财务共享,应付付款单（差旅费）,通用审批类,2026-03-08 10:43:35,2026-03-08 10:44:30,2026-03-08 10:46:10,FSSC审核岗,1,,应付成本组,自动派单,已派任务少（优先派）,2026-03-08 10:46:10,PC端,AUD02,审核员02,2026-03-08 12:22:10,驳回,附件信息不一致,审核驳回,7分30秒,26分44秒,0,,是,1,1,118秒,驳回,1,前端单位,示例集团·丙公司,1
费控服务,AP-2026-000759,2026-02-23,付款单,应付付款单（差旅费）,A15,示例集团·子公司戊,MAK11,制单人11,,4,示例集团财务共享中心（本部）,财务共享,应付付款单（差旅费）,通用审批类,2026-03-04 14:08:20,2026-03-04 14:09:09,2026-03-04 14:11:09,FSSC审核岗,1,,应付成本组,自动派单,已派任务少（优先派）,2026-03-04 14:11:09,PC端,AUD06,审核员06,2026-03-04 14:46:09,同意,,审核通过,28分38秒,--,0,,是,1,1,211秒,,0,,,--
财务会计,AP-2026-000760,2026-04-19,通用报销单,通用报销单（费用报销）,A06,示例集团·己公司,MAK06,制单人06,,6,示例集团财务共享中心（本部）,财务共享,通用报销单（费用报销）,通用审批类,2026-05-20 10:49:15,2026-05-20 10:49:39,2026-05-20 10:50:26,FSSC审核岗,1,,应付成本组,自动派单,已派任务少（优先派）,2026-05-20 10:50:26,移动端,AUD05,审核员05,2026-05-20 12:18:26,同意,附件不完整,审核通过,5分41秒,32分12秒,0,,是,1,1,32秒,,0,,,1
财务会计,AP-2026-000761,2026-02-21,付款单,通用报销单（费用报销）,A02,示例集团·乙公司,MAK07,制单人07,,2,示例集团财务共享中心（本部）,财务共享,通用报销单（费用报销）,通用审批类,2026-05-10 12:24:43,2026-05-10 12:25:36,2026-05-10 12:26:38,FSSC审核岗,1,,应付成本组,自动派单,已派任务少（优先派）,2026-05-10 12:26:38,PC端,AUD03,审核员03,2026-05-10 12:35:38,同意,,审核通过,11分25秒,--,0,,是,1,1,274秒,,0,,,--
费控服务,AP-2026-000762,2026-05-22,付款单,应付付款单（差旅费）,A12,示例集团·子公司乙,MAK08,制单人08,,7,示例集团财务共享中心（本部）,财务共享,应付付款单（差旅费）,通用审批类,2026-04-28 14:51:51,2026-04-28 14:51:52,2026-04-28 14:52:13,FSSC审核岗,1,,应付成本组,自动派单,已派任务少（优先派）,2026-04-28 14:52:13,移动端,AUD01,审核员01,2026-04-28 16:14:13,同意,,审核通过,1分31秒,--,0,,是,1,1,215秒,,0,,,--
财务会计,AP-2026-000763,2026-06-24,付款单,应付确认单（物料类）,A04,示例集团·丁公司,MAK01,制单人01,,8,示例集团财务共享中心（本部）,财务共享,应付确认单（物料类）,通用审批类,2026-01-26 20:58:28,2026-01-26 20:59:01,2026-01-26 20:59:49,FSSC审核岗,1,,应付成本组,自动派单,已派任务少（优先派）,2026-01-26 20:59:49,PC端,AUD03,审核员03,2026-01-27 00:19:49,同意,,审核通过,24分7秒,--,0,,是,1,1,101秒,,0,,,--
费控服务,AP-2026-000764,2026-02-22,通用报销单,应付付款单（差旅费）,A19,示例集团·子公司壬,MAK09,制单人09,,0,示例集团财务共享中心（本部）,财务共享,应付付款单（差旅费）,通用审批类,2026-02-11 19:37:16,2026-02-11 19:37:29,2026-02-11 19:38:35,FSSC审核岗,1,,应付成本组,自动派单,已派任务少（优先派）,2026-02-11 19:38:35,移动端,AUD03,审核员03,2026-02-11 22:16:35,同意,,审核通过,30分18秒,--,0,,是,1,1,30秒,,0,,,--
财务会计,AP-2026-000765,2026-04-20,应付发票,应付付款单（差旅费）,A01,示例集团·甲公司,MAK08,制单人08,,5,示例集团财务共享中心（本部）,财务共享,应付付款单（差旅费）,通用审批类,2026-02-14 13:43:18,2026-02-14 13:44:08,2026-02-14 13:45:53,FSSC审核岗,1,,应付成本组,自动派单,已派任务少（优先派）,2026-02-14 13:45:53,移动端,AUD03,审核员03,2026-02-14 13:52:53,同意,,审核通过,27分1秒,--,0,,是,1,1,238秒,,0,,,--
费控服务,AP-2026-000766,2026-03-12,通用报销单,其他专项付款单,A03,示例集团·丙公司,MAK11,制单人11,,7,示例集团财务共享中心（本部）,财务共享,其他专项付款单,通用审批类,2026-04-24 14:15:11,2026-04-24 14:15:17,2026-04-24 14:16:26,FSSC审核岗,1,,应付成本组,自动派单,已派任务少（优先派）,2026-04-24 14:16:26,PC端,AUD05,审核员05,2026-04-24 14:41:26,同意,,审核通过,28分57秒,--,0,,是,1,1,150秒,,0,,,--
财务会计,AP-2026-000767,2026-06-27,付款单,应付付款单（服务费）,A03,示例集团·丙公司,MAK08,制单人08,,1,示例集团财务共享中心（本部）,财务共享,应付付款单（服务费）,通用审批类,2026-04-19 15:02:04,2026-04-19 15:02:25,2026-04-19 15:03:13,FSSC审核岗,1,,应付成本组,自动派单,已派任务少（优先派）,2026-04-19 15:03:13,PC端,AUD05,审核员05,2026-04-19 15:13:13,同意,,审核通过,25分32秒,--,0,,是,1,1,50秒,,0,,,--
费控服务,AP-2026-000768,2026-03-13,应付发票,应付付款单（差旅费）,A03,示例集团·丙公司,MAK11,制单人11,,4,示例集团财务共享中心（本部）,财务共享,应付付款单（差旅费）,通用审批类,2026-01-09 19:41:47,2026-01-09 19:42:44,2026-01-09 19:42:55,FSSC审核岗,1,,应付成本组,自动派单,已派任务少（优先派）,2026-01-09 19:42:55,移动端,AUD03,审核员03,2026-01-09 21:33:55,同意,,审核通过,20分39秒,--,0,,是,1,1,273秒,,0,,,--
财务会计,AP-2026-000769,2026-06-02,应付发票,应付付款单（差旅费）,A06,示例集团·己公司,MAK13,制单人13,,0,示例集团财务共享中心（本部）,财务共享,应付付款单（差旅费）,通用审批类,2026-01-07 20:59:27,2026-01-07 20:59:45,2026-01-07 21:01:21,FSSC审核岗,1,,应付成本组,自动派单,已派任务少（优先派）,2026-01-07 21:01:21,PC端,AUD05,审核员05,2026-01-07 23:58:21,同意,,审核通过,39分25秒,--,0,,是,1,1,102秒,,0,,,--
财务会计,AP-2026-000770,2026-05-01,付款单,应付付款单（材料采购）,A08,示例集团·辛公司,MAK05,制单人05,,0,示例集团财务共享中心（本部）,财务共享,应付付款单（材料采购）,通用审批类,2026-02-05 12:17:29,2026-02-05 12:18:08,2026-02-05 12:19:50,FSSC审核岗,1,,应付成本组,自动派单,已派任务少（优先派）,2026-02-05 12:19:50,移动端,AUD03,审核员03,2026-02-05 15:02:50,同意,,审核通过,21分14秒,--,0,,是,1,1,42秒,,0,,,--
财务会计,AP-2026-000771,2026-03-15,应付发票,应付付款单（材料采购）,A07,示例集团·庚公司,MAK12,制单人12,,5,示例集团财务共享中心（本部）,财务共享,应付付款单（材料采购）,通用审批类,2026-03-20 13:34:24,2026-03-20 13:34:55,2026-03-20 13:36:55,FSSC审核岗,1,,应付成本组,自动派单,已派任务少（优先派）,2026-03-20 13:36:55,移动端,AUD05,审核员05,2026-03-20 15:59:55,驳回,特殊原因,审核驳回,23分52秒,30分54秒,0,,是,2,1,265秒,驳回,1,制单人,制单人12,2
财务会计,AP-2026-000772,2026-02-09,应付发票,应付付款单（差旅费）,A02,示例集团·乙公司,MAK12,制单人12,,8,示例集团财务共享中心（本部）,财务共享,应付付款单（差旅费）,通用审批类,2026-05-28 17:05:40,2026-05-28 17:06:12,2026-05-28 17:07:24,FSSC审核岗,1,,应付成本组,自动派单,已派任务少（优先派）,2026-05-28 17:07:24,PC端,AUD05,审核员05,2026-05-28 18:36:24,驳回,附件信息不一致,审核驳回,24分19秒,21分28秒,0,,是,3,1,249秒,驳回,1,制单人,制单人12,3
财务会计,AP-2026-000773,2026-01-12,付款单,其他专项付款单,A01,示例集团·甲公司,MAK10,制单人10,,8,示例集团财务共享中心（本部）,财务共享,其他专项付款单,通用审批类,2026-01-25 08:48:18,2026-01-25 08:48:54,2026-01-25 08:50:30,FSSC审核岗,1,,应付成本组,自动派单,已派任务少（优先派）,2026-01-25 08:50:30,移动端,AUD02,审核员02,2026-01-25 10:56:30,同意,,审核通过,9分24秒,--,0,,是,1,1,73秒,,0,,,--
费控服务,AP-2026-000774,2026-03-19,付款单,其他专项付款单,A01,示例集团·甲公司,MAK04,制单人04,,4,示例集团财务共享中心（本部）,财务共享,其他专项付款单,通用审批类,2026-03-06 20:49:47,2026-03-06 20:50:13,2026-03-06 20:51:24,FSSC审核岗,1,,应付成本组,自动派单,已派任务少（优先派）,2026-03-06 20:51:24,移动端,AUD07,审核员07,2026-03-06 22:36:24,同意,,审核通过,21分49秒,--,0,,是,1,1,195秒,,0,,,--
财务会计,AP-2026-000775,2026-01-21,通用报销单,通用报销单（费用报销）,A07,示例集团·庚公司,MAK11,制单人11,,7,示例集团财务共享中心（本部）,财务共享,通用报销单（费用报销）,通用审批类,2026-05-17 16:34:25,2026-05-17 16:34:40,2026-05-17 16:36:30,FSSC审核岗,1,,应付成本组,自动派单,已派任务少（优先派）,2026-05-17 16:36:30,移动端,AUD05,审核员05,2026-05-17 18:20:30,同意,,审核通过,11分59秒,--,0,,是,1,1,100秒,,0,,,--
财务会计,AP-2026-000776,2026-01-25,付款单,应付付款单（服务费）,A04,示例集团·丁公司,MAK01,制单人01,,3,示例集团财务共享中心（本部）,财务共享,应付付款单（服务费）,通用审批类,2026-03-22 09:24:37,2026-03-22 09:25:19,2026-03-22 09:26:13,FSSC审核岗,1,,应付成本组,自动派单,已派任务少（优先派）,2026-03-22 09:26:13,移动端,AUD06,审核员06,2026-03-22 11:14:13,同意,,审核通过,9分39秒,--,0,,是,1,1,267秒,,0,,,--
财务会计,AP-2026-000777,2026-02-01,应付发票,其他专项付款单,A20,示例集团·子公司癸,MAK10,制单人10,,6,示例集团财务共享中心（本部）,财务共享,其他专项付款单,通用审批类,2026-01-06 17:40:30,2026-01-06 17:41:14,2026-01-06 17:41:26,FSSC审核岗,1,,应付成本组,自动派单,已派任务少（优先派）,2026-01-06 17:41:26,PC端,AUD06,审核员06,2026-01-06 19:16:26,驳回,附件信息不一致,审核驳回,36分32秒,--,0,,是,3,1,92秒,驳回,1,前端单位,示例集团·子公司癸,3
财务会计,AP-2026-000778,2026-02-16,通用报销单,其他专项付款单,A05,示例集团·戊公司,MAK12,制单人12,,7,示例集团财务共享中心（本部）,财务共享,其他专项付款单,通用审批类,2026-01-11 10:18:04,2026-01-11 10:19:02,2026-01-11 10:19:06,FSSC审核岗,1,,应付成本组,自动派单,已派任务少（优先派）,2026-01-11 10:19:06,PC端,AUD02,审核员02,2026-01-11 11:12:06,同意,,审核通过,16分50秒,--,0,,是,1,1,100秒,,0,,,--
财务会计,AP-2026-000779,2026-02-20,应付发票,应付确认单（物料类）,A18,示例集团·子公司辛,MAK09,制单人09,,6,示例集团财务共享中心（本部）,财务共享,应付确认单（物料类）,通用审批类,2026-03-06 11:29:46,2026-03-06 11:29:51,2026-03-06 11:29:52,FSSC审核岗,1,,应付成本组,自动派单,已派任务少（优先派）,2026-03-06 11:29:52,移动端,AUD01,审核员01,2026-03-06 14:41:52,驳回,未关联合同,审核驳回,34分30秒,--,0,,是,3,1,46秒,驳回,1,前端单位,示例集团·子公司辛,3
财务会计,AP-2026-000780,2026-01-18,付款单,通用报销单（费用报销）,A10,示例集团·癸公司,MAK16,制单人16,,6,示例集团财务共享中心（本部）,财务共享,通用报销单（费用报销）,通用审批类,2026-01-20 18:34:45,2026-01-20 18:34:47,2026-01-20 18:35:44,FSSC审核岗,1,,应付成本组,自动派单,已派任务少（优先派）,2026-01-20 18:35:44,PC端,AUD07,审核员07,2026-01-20 20:39:44,同意,,审核通过,3分23秒,--,0,,是,1,1,214秒,,0,,,--
财务会计,AP-2026-000781,2026-06-14,应付发票,应付付款单（材料采购）,A09,示例集团·壬公司,MAK09,制单人09,,5,示例集团财务共享中心（本部）,财务共享,应付付款单（材料采购）,通用审批类,2026-05-05 12:48:52,2026-05-05 12:49:30,2026-05-05 12:51:07,FSSC审核岗,1,,应付成本组,自动派单,已派任务少（优先派）,2026-05-05 12:51:07,移动端,AUD05,审核员05,2026-05-05 13:20:07,同意,,审核通过,10分58秒,--,0,,是,1,1,134秒,,0,,,--
费控服务,AP-2026-000782,2026-03-21,通用报销单,其他专项付款单,A11,示例集团·子公司甲,MAK04,制单人04,,7,示例集团财务共享中心（本部）,财务共享,其他专项付款单,通用审批类,2026-04-23 15:48:15,2026-04-23 15:49:04,2026-04-23 15:49:38,FSSC审核岗,1,,应付成本组,自动派单,已派任务少（优先派）,2026-04-23 15:49:38,移动端,AUD01,审核员01,2026-04-23 17:17:38,同意,,审核通过,17分36秒,--,0,,是,1,1,150秒,,0,,,--
费控服务,AP-2026-000783,2026-06-10,应付发票,应付确认单（物料类）,A06,示例集团·己公司,MAK13,制单人13,,7,示例集团财务共享中心（本部）,财务共享,应付确认单（物料类）,通用审批类,2026-01-12 17:23:45,2026-01-12 17:24:04,2026-01-12 17:24:44,FSSC审核岗,1,,应付成本组,自动派单,已派任务少（优先派）,2026-01-12 17:24:44,移动端,AUD02,审核员02,2026-01-12 20:28:44,同意,,审核通过,29分43秒,--,0,,是,1,1,160秒,,0,,,--
费控服务,AP-2026-000784,2026-05-20,通用报销单,应付确认单（物料类）,A02,示例集团·乙公司,MAK13,制单人13,,4,示例集团财务共享中心（本部）,财务共享,应付确认单（物料类）,通用审批类,2026-01-09 18:14:01,2026-01-09 18:14:56,2026-01-09 18:15:24,FSSC审核岗,1,,应付成本组,自动派单,已派任务少（优先派）,2026-01-09 18:15:24,PC端,AUD01,审核员01,2026-01-09 20:45:24,同意,,审核通过,24分46秒,--,0,,是,1,1,270秒,,0,,,--
财务会计,AP-2026-000785,2026-01-20,付款单,其他专项付款单,A09,示例集团·壬公司,MAK16,制单人16,,2,示例集团财务共享中心（本部）,财务共享,其他专项付款单,通用审批类,2026-06-05 17:54:32,2026-06-05 17:54:53,2026-06-05 17:56:00,FSSC审核岗,1,,应付成本组,自动派单,已派任务少（优先派）,2026-06-05 17:56:00,PC端,AUD03,审核员03,2026-06-05 19:32:00,同意,,审核通过,34分30秒,--,0,,是,1,1,99秒,,0,,,--
费控服务,AP-2026-000786,2026-02-03,应付发票,其他专项付款单,A05,示例集团·戊公司,MAK07,制单人07,,5,示例集团财务共享中心（本部）,财务共享,其他专项付款单,通用审批类,2026-06-07 11:09:17,2026-06-07 11:09:56,2026-06-07 11:11:36,FSSC审核岗,1,,应付成本组,自动派单,已派任务少（优先派）,2026-06-07 11:11:36,PC端,AUD05,审核员05,2026-06-07 14:18:36,同意,,审核通过,32分29秒,--,0,,是,1,1,16秒,,0,,,--
财务会计,AP-2026-000787,2026-02-17,通用报销单,应付付款单（差旅费）,A12,示例集团·子公司乙,MAK14,制单人14,,8,示例集团财务共享中心（本部）,财务共享,应付付款单（差旅费）,通用审批类,2026-04-12 18:02:25,2026-04-12 18:03:06,2026-04-12 18:03:19,FSSC审核岗,1,,应付成本组,自动派单,已派任务少（优先派）,2026-04-12 18:03:19,PC端,AUD06,审核员06,2026-04-12 19:28:19,同意,,审核通过,35分55秒,--,0,,是,1,1,50秒,,0,,,--
财务会计,AP-2026-000788,2026-01-08,应付发票,应付付款单（服务费）,A18,示例集团·子公司辛,MAK01,制单人01,,2,示例集团财务共享中心（本部）,财务共享,应付付款单（服务费）,通用审批类,2026-03-24 10:44:59,2026-03-24 10:45:41,2026-03-24 10:47:31,FSSC审核岗,1,,应付成本组,自动派单,已派任务少（优先派）,2026-03-24 10:47:31,移动端,AUD04,审核员04,2026-03-24 11:50:31,同意,,审核通过,3分38秒,--,0,,是,1,1,146秒,,0,,,--
费控服务,AP-2026-000789,2026-01-27,应付发票,通用报销单（费用报销）,A06,示例集团·己公司,MAK02,制单人02,,7,示例集团财务共享中心（本部）,财务共享,通用报销单（费用报销）,通用审批类,2026-03-05 16:19:03,2026-03-05 16:19:17,2026-03-05 16:19:47,FSSC审核岗,1,,应付成本组,自动派单,已派任务少（优先派）,2026-03-05 16:19:47,PC端,AUD02,审核员02,2026-03-05 17:22:47,同意,,审核通过,7分34秒,--,0,,是,1,1,36秒,,0,,,--
财务会计,AP-2026-000790,2026-01-04,付款单,应付付款单（服务费）,A03,示例集团·丙公司,MAK11,制单人11,,6,示例集团财务共享中心（本部）,财务共享,应付付款单（服务费）,通用审批类,2026-02-07 09:34:37,2026-02-07 09:34:51,2026-02-07 09:36:08,FSSC审核岗,1,,应付成本组,自动派单,已派任务少（优先派）,2026-02-07 09:36:08,PC端,AUD02,审核员02,2026-02-07 11:41:08,同意,特殊原因,审核通过,8分46秒,--,0,,是,1,1,109秒,,0,,,1
财务会计,AP-2026-000791,2026-02-01,应付发票,应付确认单（物料类）,A06,示例集团·己公司,MAK11,制单人11,,4,示例集团财务共享中心（本部）,财务共享,应付确认单（物料类）,通用审批类,2026-06-20 12:31:40,2026-06-20 12:31:52,2026-06-20 12:32:35,FSSC审核岗,1,,应付成本组,自动派单,已派任务少（优先派）,2026-06-20 12:32:35,PC端,AUD06,审核员06,2026-06-20 14:42:35,同意,,审核通过,17分55秒,--,0,,是,1,1,282秒,,0,,,--
财务会计,AP-2026-000792,2026-03-10,应付发票,应付付款单（差旅费）,A02,示例集团·乙公司,MAK05,制单人05,,1,示例集团财务共享中心（本部）,财务共享,应付付款单（差旅费）,通用审批类,2026-01-25 10:31:00,2026-01-25 10:31:21,2026-01-25 10:33:16,FSSC审核岗,1,,应付成本组,自动派单,已派任务少（优先派）,2026-01-25 10:33:16,移动端,AUD04,审核员04,2026-01-25 12:44:16,同意,,审核通过,28分43秒,--,0,,是,1,1,165秒,,0,,,--
费控服务,AP-2026-000793,2026-02-22,通用报销单,应付确认单（物料类）,A01,示例集团·甲公司,MAK14,制单人14,,8,示例集团财务共享中心（本部）,财务共享,应付确认单（物料类）,通用审批类,2026-06-07 20:06:48,2026-06-07 20:07:03,2026-06-07 20:07:31,FSSC审核岗,1,,应付成本组,自动派单,已派任务少（优先派）,2026-06-07 20:07:31,PC端,AUD03,审核员03,2026-06-07 21:26:31,同意,,审核通过,31分6秒,--,0,,是,1,1,163秒,,0,,,--
财务会计,AP-2026-000794,2026-01-11,应付发票,应付确认单（物料类）,A15,示例集团·子公司戊,MAK04,制单人04,,7,示例集团财务共享中心（本部）,财务共享,应付确认单（物料类）,通用审批类,2026-01-13 20:10:54,2026-01-13 20:11:05,2026-01-13 20:12:24,FSSC审核岗,1,,应付成本组,自动派单,已派任务少（优先派）,2026-01-13 20:12:24,PC端,AUD05,审核员05,2026-01-13 23:02:24,同意,,审核通过,39分50秒,--,0,,是,1,1,223秒,,0,,,--
财务会计,AP-2026-000795,2026-06-16,应付发票,其他专项付款单,A10,示例集团·癸公司,MAK05,制单人05,,6,示例集团财务共享中心（本部）,财务共享,其他专项付款单,通用审批类,2026-06-10 13:46:22,2026-06-10 13:47:16,2026-06-10 13:48:52,FSSC审核岗,1,,应付成本组,自动派单,已派任务少（优先派）,2026-06-10 13:48:52,移动端,AUD07,审核员07,2026-06-10 15:09:52,同意,,审核通过,27分0秒,--,0,,是,1,1,216秒,,0,,,--
财务会计,AP-2026-000796,2026-03-05,应付发票,应付付款单（服务费）,A01,示例集团·甲公司,MAK07,制单人07,,5,示例集团财务共享中心（本部）,财务共享,应付付款单（服务费）,通用审批类,2026-01-01 19:12:13,2026-01-01 19:12:56,2026-01-01 19:14:28,FSSC审核岗,1,,应付成本组,自动派单,已派任务少（优先派）,2026-01-01 19:14:28,PC端,AUD05,审核员05,2026-01-01 20:20:28,同意,,审核通过,28分50秒,--,0,,是,1,1,205秒,,0,,,--
财务会计,AP-2026-000797,2026-06-07,应付发票,应付确认单（物料类）,A03,示例集团·丙公司,MAK09,制单人09,,7,示例集团财务共享中心（本部）,财务共享,应付确认单（物料类）,通用审批类,2026-04-28 12:06:04,2026-04-28 12:06:20,2026-04-28 12:06:41,FSSC审核岗,1,,应付成本组,自动派单,已派任务少（优先派）,2026-04-28 12:06:41,移动端,AUD02,审核员02,2026-04-28 13:30:41,同意,,审核通过,3分49秒,--,0,,是,1,1,209秒,,0,,,--
财务会计,AP-2026-000798,2026-01-09,通用报销单,其他专项付款单,A08,示例集团·辛公司,MAK15,制单人15,,1,示例集团财务共享中心（本部）,财务共享,其他专项付款单,通用审批类,2026-04-02 09:03:40,2026-04-02 09:04:02,2026-04-02 09:04:38,FSSC审核岗,1,,应付成本组,自动派单,已派任务少（优先派）,2026-04-02 09:04:38,移动端,AUD04,审核员04,2026-04-02 11:22:38,同意,,审核通过,31分8秒,--,0,,是,1,1,47秒,,0,,,--
财务会计,AP-2026-000799,2026-03-05,通用报销单,应付付款单（差旅费）,A03,示例集团·丙公司,MAK13,制单人13,,4,示例集团财务共享中心（本部）,财务共享,应付付款单（差旅费）,通用审批类,2026-03-19 11:35:05,2026-03-19 11:35:34,2026-03-19 11:36:06,FSSC审核岗,1,,应付成本组,自动派单,已派任务少（优先派）,2026-03-19 11:36:06,移动端,AUD03,审核员03,2026-03-19 13:00:06,同意,,审核通过,36分33秒,--,0,,是,1,1,159秒,,0,,,--
费控服务,AP-2026-000800,2026-05-28,通用报销单,通用报销单（费用报销）,A08,示例集团·辛公司,MAK03,制单人03,,5,示例集团财务共享中心（本部）,财务共享,通用报销单（费用报销）,通用审批类,2026-04-24 13:54:23,2026-04-24 13:55:21,2026-04-24 13:57:00,FSSC审核岗,1,,应付成本组,自动派单,已派任务少（优先派）,2026-04-24 13:57:00,PC端,AUD06,审核员06,2026-04-24 15:52:00,同意,,审核通过,30分14秒,--,0,,是,1,1,245秒,,0,,,--
财务会计,AP-2026-000801,2026-05-09,应付发票,其他专项付款单,A04,示例集团·丁公司,MAK04,制单人04,,8,示例集团财务共享中心（本部）,财务共享,其他专项付款单,通用审批类,2026-01-01 10:07:41,2026-01-01 10:08:08,2026-01-01 10:09:03,FSSC审核岗,1,,应付成本组,自动派单,已派任务少（优先派）,2026-01-01 10:09:03,移动端,AUD07,审核员07,2026-01-01 11:51:03,同意,,审核通过,4分58秒,--,0,,是,1,1,272秒,,0,,,--
财务会计,AP-2026-000802,2026-04-17,通用报销单,通用报销单（费用报销）,A04,示例集团·丁公司,MAK10,制单人10,,8,示例集团财务共享中心（本部）,财务共享,通用报销单（费用报销）,通用审批类,2026-01-18 15:18:36,2026-01-18 15:18:58,2026-01-18 15:20:20,FSSC审核岗,1,,应付成本组,自动派单,已派任务少（优先派）,2026-01-18 15:20:20,PC端,AUD07,审核员07,2026-01-18 15:38:20,同意,,审核通过,8分34秒,--,0,,是,1,1,91秒,,0,,,--
财务会计,AP-2026-000803,2026-01-15,付款单,应付付款单（材料采购）,A11,示例集团·子公司甲,MAK14,制单人14,,2,示例集团财务共享中心（本部）,财务共享,应付付款单（材料采购）,通用审批类,2026-06-25 09:49:43,2026-06-25 09:50:11,2026-06-25 09:51:56,FSSC审核岗,1,,应付成本组,自动派单,已派任务少（优先派）,2026-06-25 09:51:56,PC端,AUD01,审核员01,2026-06-25 11:02:56,同意,,审核通过,22分4秒,--,0,,是,1,1,103秒,,0,,,--
费控服务,AP-2026-000804,2026-03-23,应付发票,其他专项付款单,A07,示例集团·庚公司,MAK06,制单人06,,5,示例集团财务共享中心（本部）,财务共享,其他专项付款单,通用审批类,2026-02-01 14:36:18,2026-02-01 14:36:19,2026-02-01 14:37:39,FSSC审核岗,1,,应付成本组,自动派单,已派任务少（优先派）,2026-02-01 14:37:39,移动端,AUD04,审核员04,2026-02-01 16:17:39,驳回,附件不完整,审核驳回,28分9秒,15分37秒,0,,是,1,1,177秒,驳回,1,前端单位,示例集团·庚公司,1
财务会计,AP-2026-000805,2026-01-27,应付发票,应付付款单（服务费）,A06,示例集团·己公司,MAK11,制单人11,,8,示例集团财务共享中心（本部）,财务共享,应付付款单（服务费）,通用审批类,2026-02-23 17:09:12,2026-02-23 17:10:02,2026-02-23 17:10:21,FSSC审核岗,1,,应付成本组,自动派单,已派任务少（优先派）,2026-02-23 17:10:21,移动端,AUD02,审核员02,2026-02-23 18:03:21,同意,,审核通过,39分54秒,--,0,,是,1,1,30秒,,0,,,--
财务会计,AP-2026-000806,2026-05-11,应付发票,应付付款单（材料采购）,A10,示例集团·癸公司,MAK09,制单人09,,5,示例集团财务共享中心（本部）,财务共享,应付付款单（材料采购）,通用审批类,2026-06-22 11:12:19,2026-06-22 11:12:30,2026-06-22 11:13:25,FSSC审核岗,1,,应付成本组,自动派单,已派任务少（优先派）,2026-06-22 11:13:25,PC端,AUD07,审核员07,2026-06-22 12:23:25,同意,,审核通过,2分8秒,--,0,,是,1,1,235秒,,0,,,--
费控服务,AP-2026-000807,2026-02-28,付款单,其他专项付款单,A01,示例集团·甲公司,MAK16,制单人16,,1,示例集团财务共享中心（本部）,财务共享,其他专项付款单,通用审批类,2026-03-07 14:03:28,2026-03-07 14:03:57,2026-03-07 14:04:49,FSSC审核岗,1,,应付成本组,自动派单,已派任务少（优先派）,2026-03-07 14:04:49,PC端,AUD01,审核员01,2026-03-07 14:55:49,同意,,审核通过,6分11秒,--,0,,是,1,1,269秒,,0,,,--
费控服务,AP-2026-000808,2026-02-25,应付发票,其他专项付款单,A15,示例集团·子公司戊,MAK12,制单人12,,8,示例集团财务共享中心（本部）,财务共享,其他专项付款单,通用审批类,2026-05-24 17:22:47,2026-05-24 17:23:08,2026-05-24 17:24:02,FSSC审核岗,1,,应付成本组,自动派单,已派任务少（优先派）,2026-05-24 17:24:02,PC端,AUD01,审核员01,2026-05-24 18:13:02,同意,,审核通过,24分30秒,--,0,,是,1,1,140秒,,0,,,--
财务会计,AP-2026-000809,2026-01-13,应付发票,应付付款单（差旅费）,A05,示例集团·戊公司,MAK16,制单人16,,4,示例集团财务共享中心（本部）,财务共享,应付付款单（差旅费）,通用审批类,2026-01-28 09:22:23,2026-01-28 09:22:43,2026-01-28 09:24:31,FSSC审核岗,1,,应付成本组,自动派单,已派任务少（优先派）,2026-01-28 09:24:31,移动端,AUD01,审核员01,2026-01-28 09:41:31,同意,,审核通过,15分44秒,--,0,,是,1,1,53秒,,0,,,--
费控服务,AP-2026-000810,2026-03-01,通用报销单,应付付款单（差旅费）,A07,示例集团·庚公司,MAK13,制单人13,,2,示例集团财务共享中心（本部）,财务共享,应付付款单（差旅费）,通用审批类,2026-03-11 08:09:54,2026-03-11 08:10:10,2026-03-11 08:10:33,FSSC审核岗,1,,应付成本组,自动派单,已派任务少（优先派）,2026-03-11 08:10:33,移动端,AUD07,审核员07,2026-03-11 10:35:33,驳回,其他,审核驳回,9分44秒,3分3秒,0,,是,3,1,117秒,驳回,1,前端单位,示例集团·庚公司,3
费控服务,AP-2026-000811,2026-01-14,通用报销单,应付确认单（物料类）,A13,示例集团·子公司丙,MAK11,制单人11,,1,示例集团财务共享中心（本部）,财务共享,应付确认单（物料类）,通用审批类,2026-05-06 16:09:47,2026-05-06 16:10:39,2026-05-06 16:12:23,FSSC审核岗,1,,应付成本组,自动派单,已派任务少（优先派）,2026-05-06 16:12:23,移动端,AUD03,审核员03,2026-05-06 19:04:23,同意,,审核通过,11分1秒,--,0,,是,1,1,264秒,,0,,,--
财务会计,AP-2026-000812,2026-03-27,付款单,应付确认单（物料类）,A02,示例集团·乙公司,MAK07,制单人07,,6,示例集团财务共享中心（本部）,财务共享,应付确认单（物料类）,通用审批类,2026-02-01 20:01:21,2026-02-01 20:01:23,2026-02-01 20:03:17,FSSC审核岗,1,,应付成本组,自动派单,已派任务少（优先派）,2026-02-01 20:03:17,PC端,AUD03,审核员03,2026-02-01 22:04:17,驳回,附件不完整,审核驳回,3分34秒,39分46秒,0,,是,1,1,278秒,驳回,1,制单人,制单人07,1
财务会计,AP-2026-000813,2026-04-08,付款单,其他专项付款单,A02,示例集团·乙公司,MAK02,制单人02,,0,示例集团财务共享中心（本部）,财务共享,其他专项付款单,通用审批类,2026-04-04 15:29:26,2026-04-04 15:30:21,2026-04-04 15:32:16,FSSC审核岗,1,,应付成本组,自动派单,已派任务少（优先派）,2026-04-04 15:32:16,PC端,AUD03,审核员03,2026-04-04 17:50:16,同意,,审核通过,20分30秒,--,0,,是,1,1,250秒,,0,,,--
财务会计,AP-2026-000814,2026-02-18,付款单,应付付款单（差旅费）,A14,示例集团·子公司丁,MAK05,制单人05,,2,示例集团财务共享中心（本部）,财务共享,应付付款单（差旅费）,通用审批类,2026-01-23 09:30:31,2026-01-23 09:31:19,2026-01-23 09:33:06,FSSC审核岗,1,,应付成本组,自动派单,已派任务少（优先派）,2026-01-23 09:33:06,移动端,AUD03,审核员03,2026-01-23 12:00:06,同意,,审核通过,10分14秒,--,0,,是,1,1,52秒,,0,,,--
财务会计,AP-2026-000815,2026-02-20,应付发票,应付付款单（服务费）,A09,示例集团·壬公司,MAK12,制单人12,,8,示例集团财务共享中心（本部）,财务共享,应付付款单（服务费）,通用审批类,2026-05-09 10:46:42,2026-05-09 10:47:02,2026-05-09 10:47:45,FSSC审核岗,1,,应付成本组,自动派单,已派任务少（优先派）,2026-05-09 10:47:45,移动端,AUD02,审核员02,2026-05-09 13:49:45,同意,,审核通过,34分36秒,--,0,,是,1,1,146秒,,0,,,--
费控服务,AP-2026-000816,2026-03-22,付款单,应付付款单（服务费）,A10,示例集团·癸公司,MAK03,制单人03,,2,示例集团财务共享中心（本部）,财务共享,应付付款单（服务费）,通用审批类,2026-01-28 08:47:57,2026-01-28 08:48:49,2026-01-28 08:49:39,FSSC审核岗,1,,应付成本组,自动派单,已派任务少（优先派）,2026-01-28 08:49:39,PC端,AUD03,审核员03,2026-01-28 11:31:39,驳回,附件不完整,审核驳回,1分9秒,16分10秒,0,,是,1,1,213秒,驳回,1,制单人,制单人03,1
财务会计,AP-2026-000817,2026-02-12,付款单,应付付款单（服务费）,A03,示例集团·丙公司,MAK10,制单人10,,4,示例集团财务共享中心（本部）,财务共享,应付付款单（服务费）,通用审批类,2026-03-27 17:25:28,2026-03-27 17:25:42,2026-03-27 17:26:41,FSSC审核岗,1,,应付成本组,自动派单,已派任务少（优先派）,2026-03-27 17:26:41,移动端,AUD04,审核员04,2026-03-27 20:06:41,同意,,审核通过,33分59秒,--,0,,是,1,1,182秒,,0,,,--
财务会计,AP-2026-000818,2026-02-26,付款单,其他专项付款单,A03,示例集团·丙公司,MAK15,制单人15,,5,示例集团财务共享中心（本部）,财务共享,其他专项付款单,通用审批类,2026-01-15 18:06:42,2026-01-15 18:07:37,2026-01-15 18:08:21,FSSC审核岗,1,,应付成本组,自动派单,已派任务少（优先派）,2026-01-15 18:08:21,PC端,AUD02,审核员02,2026-01-15 21:24:21,同意,,审核通过,28分41秒,--,0,,是,1,1,23秒,,0,,,--
财务会计,AP-2026-000819,2026-04-15,应付发票,应付付款单（材料采购）,A17,示例集团·子公司庚,MAK03,制单人03,,1,示例集团财务共享中心（本部）,财务共享,应付付款单（材料采购）,通用审批类,2026-04-23 12:08:55,2026-04-23 12:09:18,2026-04-23 12:09:58,FSSC审核岗,1,,应付成本组,自动派单,已派任务少（优先派）,2026-04-23 12:09:58,PC端,AUD02,审核员02,2026-04-23 14:05:58,同意,,审核通过,33分11秒,--,0,,是,1,1,213秒,,0,,,--
财务会计,AP-2026-000820,2026-01-05,付款单,其他专项付款单,A11,示例集团·子公司甲,MAK15,制单人15,,8,示例集团财务共享中心（本部）,财务共享,其他专项付款单,通用审批类,2026-01-01 11:46:47,2026-01-01 11:47:10,2026-01-01 11:48:18,FSSC审核岗,1,,应付成本组,自动派单,已派任务少（优先派）,2026-01-01 11:48:18,移动端,AUD04,审核员04,2026-01-01 14:22:18,同意,,审核通过,34分3秒,--,0,,是,1,1,282秒,,0,,,--
财务会计,AP-2026-000821,2026-04-17,通用报销单,应付付款单（材料采购）,A04,示例集团·丁公司,MAK04,制单人04,,2,示例集团财务共享中心（本部）,财务共享,应付付款单（材料采购）,通用审批类,2026-05-04 18:10:40,2026-05-04 18:11:21,2026-05-04 18:13:11,FSSC审核岗,1,,应付成本组,自动派单,已派任务少（优先派）,2026-05-04 18:13:11,移动端,AUD07,审核员07,2026-05-04 20:52:11,同意,,审核通过,35分39秒,--,0,,是,1,1,227秒,,0,,,--
财务会计,AP-2026-000822,2026-02-13,付款单,应付付款单（材料采购）,A13,示例集团·子公司丙,MAK05,制单人05,,1,示例集团财务共享中心（本部）,财务共享,应付付款单（材料采购）,通用审批类,2026-01-17 14:57:30,2026-01-17 14:58:00,2026-01-17 14:58:42,FSSC审核岗,1,,应付成本组,自动派单,已派任务少（优先派）,2026-01-17 14:58:42,PC端,AUD07,审核员07,2026-01-17 15:33:42,同意,,审核通过,17分45秒,--,0,,是,1,1,294秒,,0,,,--
费控服务,AP-2026-000823,2026-03-20,通用报销单,应付付款单（服务费）,A08,示例集团·辛公司,MAK04,制单人04,,3,示例集团财务共享中心（本部）,财务共享,应付付款单（服务费）,通用审批类,2026-04-14 10:09:30,2026-04-14 10:10:23,2026-04-14 10:10:44,FSSC审核岗,1,,应付成本组,自动派单,已派任务少（优先派）,2026-04-14 10:10:44,移动端,AUD06,审核员06,2026-04-14 13:26:44,同意,,审核通过,26分50秒,--,0,,是,1,1,91秒,,0,,,--
财务会计,AP-2026-000824,2026-01-27,应付发票,应付付款单（材料采购）,A07,示例集团·庚公司,MAK07,制单人07,,3,示例集团财务共享中心（本部）,财务共享,应付付款单（材料采购）,通用审批类,2026-01-09 10:57:25,2026-01-09 10:57:33,2026-01-09 10:59:06,FSSC审核岗,1,,应付成本组,自动派单,已派任务少（优先派）,2026-01-09 10:59:06,PC端,AUD02,审核员02,2026-01-09 14:09:06,同意,,审核通过,29分9秒,--,0,,是,1,1,151秒,,0,,,--
财务会计,AP-2026-000825,2026-05-10,付款单,通用报销单（费用报销）,A10,示例集团·癸公司,MAK01,制单人01,,7,示例集团财务共享中心（本部）,财务共享,通用报销单（费用报销）,通用审批类,2026-01-21 17:30:14,2026-01-21 17:30:57,2026-01-21 17:31:54,FSSC审核岗,1,,应付成本组,自动派单,已派任务少（优先派）,2026-01-21 17:31:54,移动端,AUD01,审核员01,2026-01-21 18:48:54,同意,,审核通过,10分4秒,--,0,,是,1,1,184秒,,0,,,--
财务会计,AP-2026-000826,2026-06-27,通用报销单,应付付款单（材料采购）,A13,示例集团·子公司丙,MAK16,制单人16,,4,示例集团财务共享中心（本部）,财务共享,应付付款单（材料采购）,通用审批类,2026-01-15 14:37:10,2026-01-15 14:38:07,2026-01-15 14:39:38,FSSC审核岗,1,,应付成本组,自动派单,已派任务少（优先派）,2026-01-15 14:39:38,PC端,AUD01,审核员01,2026-01-15 17:37:38,同意,,审核通过,15分33秒,--,0,,是,1,1,62秒,,0,,,--
费控服务,AP-2026-000827,2026-04-28,应付发票,应付确认单（物料类）,A01,示例集团·甲公司,MAK12,制单人12,,4,示例集团财务共享中心（本部）,财务共享,应付确认单（物料类）,通用审批类,2026-04-28 18:31:53,2026-04-28 18:32:38,2026-04-28 18:33:34,FSSC审核岗,1,,应付成本组,自动派单,已派任务少（优先派）,2026-04-28 18:33:34,移动端,AUD07,审核员07,2026-04-28 20:21:34,驳回,特殊原因,审核驳回,18分57秒,33分21秒,0,,是,1,1,224秒,驳回,1,前端单位,示例集团·甲公司,1
财务会计,AP-2026-000828,2026-01-01,应付发票,应付付款单（材料采购）,A08,示例集团·辛公司,MAK05,制单人05,,7,示例集团财务共享中心（本部）,财务共享,应付付款单（材料采购）,通用审批类,2026-02-16 11:37:31,2026-02-16 11:37:46,2026-02-16 11:39:02,FSSC审核岗,1,,应付成本组,自动派单,已派任务少（优先派）,2026-02-16 11:39:02,移动端,AUD03,审核员03,2026-02-16 13:31:02,同意,,审核通过,36分38秒,--,0,,是,1,1,299秒,,0,,,--
财务会计,AP-2026-000829,2026-01-13,付款单,应付付款单（差旅费）,A04,示例集团·丁公司,MAK09,制单人09,,6,示例集团财务共享中心（本部）,财务共享,应付付款单（差旅费）,通用审批类,2026-06-19 20:41:06,2026-06-19 20:41:43,2026-06-19 20:41:56,FSSC审核岗,1,,应付成本组,自动派单,已派任务少（优先派）,2026-06-19 20:41:56,PC端,AUD07,审核员07,2026-06-19 21:12:56,同意,,审核通过,26分45秒,--,0,,是,1,1,30秒,,0,,,--
财务会计,AP-2026-000830,2026-05-19,付款单,应付付款单（服务费）,A03,示例集团·丙公司,MAK13,制单人13,,2,示例集团财务共享中心（本部）,财务共享,应付付款单（服务费）,通用审批类,2026-02-27 20:40:47,2026-02-27 20:41:37,2026-02-27 20:42:33,FSSC审核岗,1,,应付成本组,自动派单,已派任务少（优先派）,2026-02-27 20:42:33,PC端,AUD06,审核员06,2026-02-27 23:34:33,同意,,审核通过,2分40秒,--,0,,是,1,1,178秒,,0,,,--
财务会计,AP-2026-000831,2026-03-24,应付发票,应付确认单（物料类）,A01,示例集团·甲公司,MAK15,制单人15,,5,示例集团财务共享中心（本部）,财务共享,应付确认单（物料类）,通用审批类,2026-02-09 13:52:43,2026-02-09 13:53:06,2026-02-09 13:53:52,FSSC审核岗,1,,应付成本组,自动派单,已派任务少（优先派）,2026-02-09 13:53:52,移动端,AUD06,审核员06,2026-02-09 14:57:52,同意,,审核通过,30分44秒,--,0,,是,1,1,144秒,,0,,,--
财务会计,AP-2026-000832,2026-01-28,应付发票,应付付款单（服务费）,A10,示例集团·癸公司,MAK03,制单人03,,5,示例集团财务共享中心（本部）,财务共享,应付付款单（服务费）,通用审批类,2026-04-24 14:48:22,2026-04-24 14:49:12,2026-04-24 14:50:57,FSSC审核岗,1,,应付成本组,自动派单,已派任务少（优先派）,2026-04-24 14:50:57,移动端,AUD04,审核员04,2026-04-24 15:35:57,同意,,审核通过,23分39秒,--,0,,是,1,1,285秒,,0,,,--
财务会计,AP-2026-000833,2026-03-27,应付发票,应付付款单（服务费）,A09,示例集团·壬公司,MAK14,制单人14,,3,示例集团财务共享中心（本部）,财务共享,应付付款单（服务费）,通用审批类,2026-02-24 09:40:25,2026-02-24 09:40:46,2026-02-24 09:42:06,FSSC审核岗,1,,应付成本组,自动派单,已派任务少（优先派）,2026-02-24 09:42:06,PC端,AUD02,审核员02,2026-02-24 11:50:06,同意,,审核通过,17分54秒,--,0,,是,1,1,258秒,,0,,,--
财务会计,AP-2026-000834,2026-03-25,应付发票,应付确认单（物料类）,A03,示例集团·丙公司,MAK13,制单人13,,8,示例集团财务共享中心（本部）,财务共享,应付确认单（物料类）,通用审批类,2026-01-01 09:12:37,2026-01-01 09:12:57,2026-01-01 09:14:54,FSSC审核岗,1,,应付成本组,自动派单,已派任务少（优先派）,2026-01-01 09:14:54,PC端,AUD07,审核员07,2026-01-01 11:24:54,同意,,审核通过,35分11秒,--,0,,是,1,1,213秒,,0,,,--
费控服务,AP-2026-000835,2026-05-23,应付发票,应付付款单（材料采购）,A07,示例集团·庚公司,MAK02,制单人02,,6,示例集团财务共享中心（本部）,财务共享,应付付款单（材料采购）,通用审批类,2026-06-22 14:54:16,2026-06-22 14:54:26,2026-06-22 14:55:58,FSSC审核岗,1,,应付成本组,自动派单,已派任务少（优先派）,2026-06-22 14:55:58,移动端,AUD01,审核员01,2026-06-22 16:23:58,同意,,审核通过,7分54秒,--,0,,是,1,1,160秒,,0,,,--
财务会计,AP-2026-000836,2026-01-08,应付发票,其他专项付款单,A07,示例集团·庚公司,MAK16,制单人16,,3,示例集团财务共享中心（本部）,财务共享,其他专项付款单,通用审批类,2026-05-08 16:09:42,2026-05-08 16:10:00,2026-05-08 16:10:04,FSSC审核岗,1,,应付成本组,自动派单,已派任务少（优先派）,2026-05-08 16:10:04,移动端,AUD03,审核员03,2026-05-08 18:17:04,同意,,审核通过,16分56秒,--,0,,是,1,1,125秒,,0,,,--
财务会计,AP-2026-000837,2026-02-10,通用报销单,应付付款单（差旅费）,A04,示例集团·丁公司,MAK13,制单人13,,2,示例集团财务共享中心（本部）,财务共享,应付付款单（差旅费）,通用审批类,2026-05-20 15:53:28,2026-05-20 15:53:55,2026-05-20 15:55:07,FSSC审核岗,1,,应付成本组,自动派单,已派任务少（优先派）,2026-05-20 15:55:07,移动端,AUD02,审核员02,2026-05-20 18:17:07,同意,,审核通过,34分37秒,--,0,,是,1,1,214秒,,0,,,--
财务会计,AP-2026-000838,2026-06-24,应付发票,应付确认单（物料类）,A07,示例集团·庚公司,MAK15,制单人15,,5,示例集团财务共享中心（本部）,财务共享,应付确认单（物料类）,通用审批类,2026-05-12 20:51:16,2026-05-12 20:51:44,2026-05-12 20:52:32,FSSC审核岗,1,,应付成本组,自动派单,已派任务少（优先派）,2026-05-12 20:52:32,PC端,AUD07,审核员07,2026-05-12 22:26:32,同意,,审核通过,35分22秒,--,0,,是,1,1,49秒,,0,,,--
财务会计,AP-2026-000839,2026-02-23,付款单,其他专项付款单,A17,示例集团·子公司庚,MAK03,制单人03,,3,示例集团财务共享中心（本部）,财务共享,其他专项付款单,通用审批类,2026-01-19 10:06:58,2026-01-19 10:07:49,2026-01-19 10:08:54,FSSC审核岗,1,,应付成本组,自动派单,已派任务少（优先派）,2026-01-19 10:08:54,移动端,AUD07,审核员07,2026-01-19 13:10:54,同意,,审核通过,23分45秒,--,0,,是,1,1,293秒,,0,,,--
财务会计,AP-2026-000840,2026-02-27,通用报销单,应付付款单（差旅费）,A11,示例集团·子公司甲,MAK04,制单人04,,0,示例集团财务共享中心（本部）,财务共享,应付付款单（差旅费）,通用审批类,2026-05-15 15:37:27,2026-05-15 15:37:32,2026-05-15 15:37:54,FSSC审核岗,1,,应付成本组,自动派单,已派任务少（优先派）,2026-05-15 15:37:54,移动端,AUD02,审核员02,2026-05-15 15:43:54,同意,,审核通过,23分30秒,--,0,,是,1,1,85秒,,0,,,--
财务会计,AP-2026-000841,2026-04-09,付款单,应付付款单（服务费）,A01,示例集团·甲公司,MAK06,制单人06,,6,示例集团财务共享中心（本部）,财务共享,应付付款单（服务费）,通用审批类,2026-02-24 08:45:38,2026-02-24 08:46:10,2026-02-24 08:47:06,FSSC审核岗,1,,应付成本组,自动派单,已派任务少（优先派）,2026-02-24 08:47:06,移动端,AUD07,审核员07,2026-02-24 11:48:06,同意,,审核通过,14分42秒,--,0,,是,1,1,241秒,,0,,,--
费控服务,AP-2026-000842,2026-05-08,应付发票,其他专项付款单,A03,示例集团·丙公司,MAK12,制单人12,,0,示例集团财务共享中心（本部）,财务共享,其他专项付款单,通用审批类,2026-06-17 14:09:49,2026-06-17 14:10:24,2026-06-17 14:11:52,FSSC审核岗,1,,应付成本组,自动派单,已派任务少（优先派）,2026-06-17 14:11:52,PC端,AUD03,审核员03,2026-06-17 16:42:52,同意,未关联合同,审核通过,23分37秒,5分39秒,0,,是,1,1,42秒,,0,,,1
财务会计,AP-2026-000843,2026-04-08,应付发票,应付付款单（差旅费）,A06,示例集团·己公司,MAK12,制单人12,,6,示例集团财务共享中心（本部）,财务共享,应付付款单（差旅费）,通用审批类,2026-02-06 10:01:41,2026-02-06 10:02:41,2026-02-06 10:03:45,FSSC审核岗,1,,应付成本组,自动派单,已派任务少（优先派）,2026-02-06 10:03:45,移动端,AUD06,审核员06,2026-02-06 13:10:45,同意,,审核通过,37分44秒,--,0,,是,1,1,208秒,,0,,,--
费控服务,AP-2026-000844,2026-03-28,应付发票,其他专项付款单,A11,示例集团·子公司甲,MAK07,制单人07,,6,示例集团财务共享中心（本部）,财务共享,其他专项付款单,通用审批类,2026-01-10 13:11:45,2026-01-10 13:12:13,2026-01-10 13:14:06,FSSC审核岗,1,,应付成本组,自动派单,已派任务少（优先派）,2026-01-10 13:14:06,移动端,AUD04,审核员04,2026-01-10 14:19:06,同意,,审核通过,13分14秒,--,0,,是,1,1,189秒,,0,,,--
财务会计,AP-2026-000845,2026-05-25,应付发票,应付付款单（服务费）,A19,示例集团·子公司壬,MAK11,制单人11,,8,示例集团财务共享中心（本部）,财务共享,应付付款单（服务费）,通用审批类,2026-03-01 17:03:35,2026-03-01 17:03:39,2026-03-01 17:05:07,FSSC审核岗,1,,应付成本组,自动派单,已派任务少（优先派）,2026-03-01 17:05:07,移动端,AUD03,审核员03,2026-03-01 18:41:07,驳回,未关联合同,审核驳回,1分0秒,20分1秒,0,,是,1,1,300秒,驳回,1,制单人,制单人11,1
费控服务,AP-2026-000846,2026-01-07,应付发票,应付付款单（差旅费）,A06,示例集团·己公司,MAK14,制单人14,,2,示例集团财务共享中心（本部）,财务共享,应付付款单（差旅费）,通用审批类,2026-06-06 16:13:22,2026-06-06 16:13:29,2026-06-06 16:15:21,FSSC审核岗,1,,应付成本组,自动派单,已派任务少（优先派）,2026-06-06 16:15:21,移动端,AUD07,审核员07,2026-06-06 19:10:21,同意,,审核通过,29分45秒,--,0,,是,1,1,100秒,,0,,,--
财务会计,AP-2026-000847,2026-04-20,应付发票,应付付款单（材料采购）,A05,示例集团·戊公司,MAK14,制单人14,,8,示例集团财务共享中心（本部）,财务共享,应付付款单（材料采购）,通用审批类,2026-02-26 09:51:59,2026-02-26 09:52:19,2026-02-26 09:54:19,FSSC审核岗,1,,应付成本组,自动派单,已派任务少（优先派）,2026-02-26 09:54:19,PC端,AUD04,审核员04,2026-02-26 11:09:19,同意,,审核通过,11分57秒,--,0,,是,1,1,61秒,,0,,,--
财务会计,AP-2026-000848,2026-06-11,应付发票,应付付款单（差旅费）,A05,示例集团·戊公司,MAK10,制单人10,,5,示例集团财务共享中心（本部）,财务共享,应付付款单（差旅费）,通用审批类,2026-02-18 14:50:28,2026-02-18 14:50:36,2026-02-18 14:52:02,FSSC审核岗,1,,应付成本组,自动派单,已派任务少（优先派）,2026-02-18 14:52:02,移动端,AUD07,审核员07,2026-02-18 17:14:02,驳回,未关联合同,审核驳回,10分15秒,--,0,,是,1,1,261秒,驳回,1,前端单位,示例集团·戊公司,1
财务会计,AP-2026-000849,2026-06-16,通用报销单,应付确认单（物料类）,A02,示例集团·乙公司,MAK07,制单人07,,5,示例集团财务共享中心（本部）,财务共享,应付确认单（物料类）,通用审批类,2026-02-22 19:48:53,2026-02-22 19:49:31,2026-02-22 19:49:44,FSSC审核岗,1,,应付成本组,自动派单,已派任务少（优先派）,2026-02-22 19:49:44,PC端,AUD03,审核员03,2026-02-22 22:03:44,驳回,附件不完整,审核驳回,34分36秒,35分33秒,0,,是,3,1,211秒,驳回,1,制单人,制单人07,3
财务会计,AP-2026-000850,2026-03-05,通用报销单,应付付款单（服务费）,A10,示例集团·癸公司,MAK11,制单人11,,5,示例集团财务共享中心（本部）,财务共享,应付付款单（服务费）,通用审批类,2026-06-10 18:27:25,2026-06-10 18:27:53,2026-06-10 18:28:42,FSSC审核岗,1,,应付成本组,自动派单,已派任务少（优先派）,2026-06-10 18:28:42,PC端,AUD02,审核员02,2026-06-10 18:50:42,同意,,审核通过,36分30秒,--,0,,是,1,1,209秒,,0,,,--
财务会计,AP-2026-000851,2026-06-25,通用报销单,其他专项付款单,A03,示例集团·丙公司,MAK16,制单人16,,2,示例集团财务共享中心（本部）,财务共享,其他专项付款单,通用审批类,2026-02-17 08:12:05,2026-02-17 08:12:25,2026-02-17 08:14:20,FSSC审核岗,1,,应付成本组,自动派单,已派任务少（优先派）,2026-02-17 08:14:20,PC端,AUD06,审核员06,2026-02-17 10:45:20,同意,,审核通过,21分47秒,--,0,,是,1,1,34秒,,0,,,--
财务会计,AP-2026-000852,2026-03-07,付款单,其他专项付款单,A06,示例集团·己公司,MAK01,制单人01,,0,示例集团财务共享中心（本部）,财务共享,其他专项付款单,通用审批类,2026-03-27 18:55:27,2026-03-27 18:56:15,2026-03-27 18:57:21,FSSC审核岗,1,,应付成本组,自动派单,已派任务少（优先派）,2026-03-27 18:57:21,移动端,AUD03,审核员03,2026-03-27 21:12:21,同意,,审核通过,14分6秒,--,0,,是,1,1,244秒,,0,,,--
费控服务,AP-2026-000853,2026-04-03,通用报销单,应付付款单（服务费）,A17,示例集团·子公司庚,MAK15,制单人15,,4,示例集团财务共享中心（本部）,财务共享,应付付款单（服务费）,通用审批类,2026-01-07 17:40:39,2026-01-07 17:40:40,2026-01-07 17:40:46,FSSC审核岗,1,,应付成本组,自动派单,已派任务少（优先派）,2026-01-07 17:40:46,PC端,AUD05,审核员05,2026-01-07 19:18:46,同意,,审核通过,1分57秒,--,0,,是,1,1,133秒,,0,,,--
财务会计,AP-2026-000854,2026-04-06,付款单,通用报销单（费用报销）,A08,示例集团·辛公司,MAK15,制单人15,,6,示例集团财务共享中心（本部）,财务共享,通用报销单（费用报销）,通用审批类,2026-05-12 14:02:09,2026-05-12 14:02:19,2026-05-12 14:03:36,FSSC审核岗,1,,应付成本组,自动派单,已派任务少（优先派）,2026-05-12 14:03:36,PC端,AUD03,审核员03,2026-05-12 15:07:36,同意,,审核通过,37分45秒,--,0,,是,1,1,168秒,,0,,,--
费控服务,AP-2026-000855,2026-01-09,应付发票,应付确认单（物料类）,A02,示例集团·乙公司,MAK15,制单人15,,0,示例集团财务共享中心（本部）,财务共享,应付确认单（物料类）,通用审批类,2026-02-14 14:24:17,2026-02-14 14:25:11,2026-02-14 14:27:07,FSSC审核岗,1,,应付成本组,自动派单,已派任务少（优先派）,2026-02-14 14:27:07,PC端,AUD06,审核员06,2026-02-14 15:16:07,同意,,审核通过,26分2秒,--,0,,是,1,1,239秒,,0,,,--
财务会计,AP-2026-000856,2026-06-04,应付发票,应付付款单（材料采购）,A01,示例集团·甲公司,MAK12,制单人12,,6,示例集团财务共享中心（本部）,财务共享,应付付款单（材料采购）,通用审批类,2026-06-26 15:04:11,2026-06-26 15:04:46,2026-06-26 15:05:28,FSSC审核岗,1,,应付成本组,自动派单,已派任务少（优先派）,2026-06-26 15:05:28,移动端,AUD01,审核员01,2026-06-26 15:48:28,同意,,审核通过,19分34秒,--,0,,是,1,1,156秒,,0,,,--
财务会计,AP-2026-000857,2026-01-04,应付发票,其他专项付款单,A03,示例集团·丙公司,MAK10,制单人10,,7,示例集团财务共享中心（本部）,财务共享,其他专项付款单,通用审批类,2026-05-07 09:35:54,2026-05-07 09:36:26,2026-05-07 09:36:52,FSSC审核岗,1,,应付成本组,自动派单,已派任务少（优先派）,2026-05-07 09:36:52,PC端,AUD01,审核员01,2026-05-07 10:09:52,同意,特殊原因,审核通过,7分7秒,25分11秒,0,,是,1,1,52秒,,0,,,1
财务会计,AP-2026-000858,2026-02-20,付款单,通用报销单（费用报销）,A10,示例集团·癸公司,MAK13,制单人13,,3,示例集团财务共享中心（本部）,财务共享,通用报销单（费用报销）,通用审批类,2026-02-05 15:38:49,2026-02-05 15:38:52,2026-02-05 15:40:17,FSSC审核岗,1,,应付成本组,自动派单,已派任务少（优先派）,2026-02-05 15:40:17,移动端,AUD02,审核员02,2026-02-05 17:49:17,同意,,审核通过,21分2秒,--,0,,是,1,1,17秒,,0,,,--
财务会计,AP-2026-000859,2026-01-06,应付发票,应付付款单（材料采购）,A16,示例集团·子公司己,MAK06,制单人06,,3,示例集团财务共享中心（本部）,财务共享,应付付款单（材料采购）,通用审批类,2026-06-21 08:25:24,2026-06-21 08:25:34,2026-06-21 08:26:12,FSSC审核岗,1,,应付成本组,自动派单,已派任务少（优先派）,2026-06-21 08:26:12,移动端,AUD07,审核员07,2026-06-21 10:36:12,驳回,附件不完整,审核驳回,22分42秒,2分55秒,0,,是,1,1,235秒,驳回,1,制单人,制单人06,1
财务会计,AP-2026-000860,2026-01-18,付款单,应付付款单（材料采购）,A01,示例集团·甲公司,MAK04,制单人04,,2,示例集团财务共享中心（本部）,财务共享,应付付款单（材料采购）,通用审批类,2026-03-11 08:07:43,2026-03-11 08:07:48,2026-03-11 08:08:41,FSSC审核岗,1,,应付成本组,自动派单,已派任务少（优先派）,2026-03-11 08:08:41,移动端,AUD04,审核员04,2026-03-11 10:21:41,同意,,审核通过,21分23秒,--,0,,是,1,1,29秒,,0,,,--
财务会计,AP-2026-000861,2026-06-13,通用报销单,应付确认单（物料类）,A02,示例集团·乙公司,MAK02,制单人02,,8,示例集团财务共享中心（本部）,财务共享,应付确认单（物料类）,通用审批类,2026-05-27 14:49:36,2026-05-27 14:49:44,2026-05-27 14:51:34,FSSC审核岗,1,,应付成本组,自动派单,已派任务少（优先派）,2026-05-27 14:51:34,PC端,AUD02,审核员02,2026-05-27 15:49:34,同意,未关联合同,审核通过,5分1秒,31分59秒,0,,是,1,1,207秒,,0,,,1
财务会计,AP-2026-000862,2026-05-24,应付发票,通用报销单（费用报销）,A03,示例集团·丙公司,MAK10,制单人10,,3,示例集团财务共享中心（本部）,财务共享,通用报销单（费用报销）,通用审批类,2026-02-20 12:22:40,2026-02-20 12:23:10,2026-02-20 12:24:12,FSSC审核岗,1,,应付成本组,自动派单,已派任务少（优先派）,2026-02-20 12:24:12,移动端,AUD04,审核员04,2026-02-20 13:04:12,同意,,审核通过,10分18秒,--,0,,是,1,1,99秒,,0,,,--
财务会计,AP-2026-000863,2026-06-06,付款单,应付付款单（服务费）,A17,示例集团·子公司庚,MAK07,制单人07,,3,示例集团财务共享中心（本部）,财务共享,应付付款单（服务费）,通用审批类,2026-03-14 20:19:09,2026-03-14 20:19:12,2026-03-14 20:20:11,FSSC审核岗,1,,应付成本组,自动派单,已派任务少（优先派）,2026-03-14 20:20:11,移动端,AUD02,审核员02,2026-03-14 22:06:11,同意,,审核通过,26分8秒,--,0,,是,1,1,190秒,,0,,,--
财务会计,AP-2026-000864,2026-06-15,通用报销单,应付付款单（服务费）,A02,示例集团·乙公司,MAK07,制单人07,,3,示例集团财务共享中心（本部）,财务共享,应付付款单（服务费）,通用审批类,2026-02-13 15:23:21,2026-02-13 15:23:42,2026-02-13 15:25:08,FSSC审核岗,1,,应付成本组,自动派单,已派任务少（优先派）,2026-02-13 15:25:08,移动端,AUD07,审核员07,2026-02-13 17:08:08,同意,,审核通过,14分45秒,--,0,,是,1,1,107秒,,0,,,--
财务会计,AP-2026-000865,2026-01-26,应付发票,其他专项付款单,A06,示例集团·己公司,MAK16,制单人16,,2,示例集团财务共享中心（本部）,财务共享,其他专项付款单,通用审批类,2026-02-15 16:55:48,2026-02-15 16:56:39,2026-02-15 16:57:32,FSSC审核岗,1,,应付成本组,自动派单,已派任务少（优先派）,2026-02-15 16:57:32,PC端,AUD06,审核员06,2026-02-15 18:33:32,同意,,审核通过,31分6秒,--,0,,是,1,1,287秒,,0,,,--
财务会计,AP-2026-000866,2026-04-25,通用报销单,应付付款单（差旅费）,A07,示例集团·庚公司,MAK05,制单人05,,2,示例集团财务共享中心（本部）,财务共享,应付付款单（差旅费）,通用审批类,2026-02-07 11:21:35,2026-02-07 11:22:32,2026-02-07 11:22:53,FSSC审核岗,1,,应付成本组,自动派单,已派任务少（优先派）,2026-02-07 11:22:53,PC端,AUD06,审核员06,2026-02-07 14:11:53,同意,,审核通过,29分1秒,--,0,,是,1,1,115秒,,0,,,--
财务会计,AP-2026-000867,2026-06-24,应付发票,其他专项付款单,A04,示例集团·丁公司,MAK11,制单人11,,3,示例集团财务共享中心（本部）,财务共享,其他专项付款单,通用审批类,2026-03-05 18:25:36,2026-03-05 18:26:27,2026-03-05 18:28:10,FSSC审核岗,1,,应付成本组,自动派单,已派任务少（优先派）,2026-03-05 18:28:10,PC端,AUD02,审核员02,2026-03-05 19:19:10,同意,,审核通过,9分48秒,--,0,,是,1,1,259秒,,0,,,--
财务会计,AP-2026-000868,2026-02-24,通用报销单,其他专项付款单,A03,示例集团·丙公司,MAK15,制单人15,,5,示例集团财务共享中心（本部）,财务共享,其他专项付款单,通用审批类,2026-02-22 09:50:04,2026-02-22 09:50:10,2026-02-22 09:50:13,FSSC审核岗,1,,应付成本组,自动派单,已派任务少（优先派）,2026-02-22 09:50:13,PC端,AUD05,审核员05,2026-02-22 09:53:13,同意,,审核通过,6分20秒,--,0,,是,1,1,192秒,,0,,,--
财务会计,AP-2026-000869,2026-05-27,通用报销单,其他专项付款单,A02,示例集团·乙公司,MAK03,制单人03,,1,示例集团财务共享中心（本部）,财务共享,其他专项付款单,通用审批类,2026-02-11 17:57:53,2026-02-11 17:58:22,2026-02-11 17:59:23,FSSC审核岗,1,,应付成本组,自动派单,已派任务少（优先派）,2026-02-11 17:59:23,PC端,AUD02,审核员02,2026-02-11 19:26:23,同意,,审核通过,36分10秒,--,0,,是,1,1,87秒,,0,,,--
财务会计,AP-2026-000870,2026-01-14,付款单,应付付款单（服务费）,A02,示例集团·乙公司,MAK02,制单人02,,2,示例集团财务共享中心（本部）,财务共享,应付付款单（服务费）,通用审批类,2026-06-21 15:44:17,2026-06-21 15:45:02,2026-06-21 15:46:51,FSSC审核岗,1,,应付成本组,自动派单,已派任务少（优先派）,2026-06-21 15:46:51,PC端,AUD07,审核员07,2026-06-21 16:50:51,同意,,审核通过,29分6秒,--,0,,是,1,1,30秒,,0,,,--
财务会计,AP-2026-000871,2026-05-06,应付发票,应付付款单（材料采购）,A01,示例集团·甲公司,MAK07,制单人07,,7,示例集团财务共享中心（本部）,财务共享,应付付款单（材料采购）,通用审批类,2026-01-23 13:59:28,2026-01-23 14:00:06,2026-01-23 14:01:20,FSSC审核岗,1,,应付成本组,自动派单,已派任务少（优先派）,2026-01-23 14:01:20,PC端,AUD03,审核员03,2026-01-23 14:48:20,同意,附件信息不一致,审核通过,37分22秒,--,0,,是,1,1,53秒,,0,,,1
财务会计,AP-2026-000872,2026-06-10,付款单,通用报销单（费用报销）,A14,示例集团·子公司丁,MAK02,制单人02,,1,示例集团财务共享中心（本部）,财务共享,通用报销单（费用报销）,通用审批类,2026-03-05 09:59:50,2026-03-05 10:00:33,2026-03-05 10:00:59,FSSC审核岗,1,,应付成本组,自动派单,已派任务少（优先派）,2026-03-05 10:00:59,PC端,AUD01,审核员01,2026-03-05 12:43:59,同意,,审核通过,23分38秒,--,0,,是,1,1,263秒,,0,,,--
费控服务,AP-2026-000873,2026-02-06,付款单,通用报销单（费用报销）,A01,示例集团·甲公司,MAK15,制单人15,,0,示例集团财务共享中心（本部）,财务共享,通用报销单（费用报销）,通用审批类,2026-02-07 16:17:33,2026-02-07 16:18:31,2026-02-07 16:20:29,FSSC审核岗,1,,应付成本组,自动派单,已派任务少（优先派）,2026-02-07 16:20:29,PC端,AUD03,审核员03,2026-02-07 16:27:29,同意,,审核通过,16分44秒,--,0,,是,1,1,166秒,,0,,,--
财务会计,AP-2026-000874,2026-04-09,应付发票,其他专项付款单,A03,示例集团·丙公司,MAK16,制单人16,,0,示例集团财务共享中心（本部）,财务共享,其他专项付款单,通用审批类,2026-05-15 18:05:21,2026-05-15 18:05:57,2026-05-15 18:06:02,FSSC审核岗,1,,应付成本组,自动派单,已派任务少（优先派）,2026-05-15 18:06:02,PC端,AUD03,审核员03,2026-05-15 18:40:02,同意,,审核通过,37分1秒,--,0,,是,1,1,164秒,,0,,,--
财务会计,AP-2026-000875,2026-04-02,通用报销单,通用报销单（费用报销）,A04,示例集团·丁公司,MAK15,制单人15,,5,示例集团财务共享中心（本部）,财务共享,通用报销单（费用报销）,通用审批类,2026-03-23 14:21:23,2026-03-23 14:22:15,2026-03-23 14:23:21,FSSC审核岗,1,,应付成本组,自动派单,已派任务少（优先派）,2026-03-23 14:23:21,移动端,AUD03,审核员03,2026-03-23 16:12:21,同意,,审核通过,17分35秒,--,0,,是,1,1,108秒,,0,,,--
财务会计,AP-2026-000876,2026-05-22,通用报销单,应付付款单（服务费）,A05,示例集团·戊公司,MAK05,制单人05,,1,示例集团财务共享中心（本部）,财务共享,应付付款单（服务费）,通用审批类,2026-02-11 16:57:07,2026-02-11 16:57:09,2026-02-11 16:58:53,FSSC审核岗,1,,应付成本组,自动派单,已派任务少（优先派）,2026-02-11 16:58:53,PC端,AUD07,审核员07,2026-02-11 17:31:53,同意,,审核通过,12分23秒,--,0,,是,1,1,43秒,,0,,,--
费控服务,AP-2026-000877,2026-02-28,应付发票,应付确认单（物料类）,A02,示例集团·乙公司,MAK13,制单人13,,7,示例集团财务共享中心（本部）,财务共享,应付确认单（物料类）,通用审批类,2026-06-01 19:51:21,2026-06-01 19:52:17,2026-06-01 19:54:14,FSSC审核岗,1,,应付成本组,自动派单,已派任务少（优先派）,2026-06-01 19:54:14,PC端,AUD06,审核员06,2026-06-01 22:33:14,驳回,未关联合同,审核驳回,22分50秒,40分7秒,0,,是,3,1,38秒,驳回,1,前端单位,示例集团·乙公司,3
财务会计,AP-2026-000878,2026-01-03,付款单,应付付款单（材料采购）,A08,示例集团·辛公司,MAK04,制单人04,,6,示例集团财务共享中心（本部）,财务共享,应付付款单（材料采购）,通用审批类,2026-05-03 08:27:50,2026-05-03 08:28:34,2026-05-03 08:29:04,FSSC审核岗,1,,应付成本组,自动派单,已派任务少（优先派）,2026-05-03 08:29:04,移动端,AUD06,审核员06,2026-05-03 09:23:04,驳回,附件不完整,审核驳回,21分40秒,31分52秒,0,,是,1,1,111秒,驳回,1,制单人,制单人04,1
财务会计,AP-2026-000879,2026-05-16,通用报销单,应付确认单（物料类）,A09,示例集团·壬公司,MAK08,制单人08,,2,示例集团财务共享中心（本部）,财务共享,应付确认单（物料类）,通用审批类,2026-04-19 08:28:11,2026-04-19 08:28:44,2026-04-19 08:28:45,FSSC审核岗,1,,应付成本组,自动派单,已派任务少（优先派）,2026-04-19 08:28:45,移动端,AUD05,审核员05,2026-04-19 08:49:45,同意,,审核通过,35分36秒,--,0,,是,1,1,106秒,,0,,,--
财务会计,AP-2026-000880,2026-05-06,应付发票,应付付款单（材料采购）,A08,示例集团·辛公司,MAK12,制单人12,,3,示例集团财务共享中心（本部）,财务共享,应付付款单（材料采购）,通用审批类,2026-06-06 14:40:53,2026-06-06 14:41:31,2026-06-06 14:42:09,FSSC审核岗,1,,应付成本组,自动派单,已派任务少（优先派）,2026-06-06 14:42:09,移动端,AUD01,审核员01,2026-06-06 17:16:09,同意,,审核通过,28分16秒,--,0,,是,1,1,186秒,,0,,,--
费控服务,AP-2026-000881,2026-04-22,付款单,应付付款单（材料采购）,A09,示例集团·壬公司,MAK09,制单人09,,1,示例集团财务共享中心（本部）,财务共享,应付付款单（材料采购）,通用审批类,2026-04-06 09:03:04,2026-04-06 09:03:36,2026-04-06 09:04:21,FSSC审核岗,1,,应付成本组,自动派单,已派任务少（优先派）,2026-04-06 09:04:21,PC端,AUD05,审核员05,2026-04-06 12:12:21,驳回,特殊原因,审核驳回,29分0秒,--,0,,是,2,1,55秒,驳回,1,前端单位,示例集团·壬公司,2
财务会计,AP-2026-000882,2026-03-23,付款单,通用报销单（费用报销）,A03,示例集团·丙公司,MAK13,制单人13,,5,示例集团财务共享中心（本部）,财务共享,通用报销单（费用报销）,通用审批类,2026-01-03 17:16:46,2026-01-03 17:17:40,2026-01-03 17:18:21,FSSC审核岗,1,,应付成本组,自动派单,已派任务少（优先派）,2026-01-03 17:18:21,PC端,AUD07,审核员07,2026-01-03 19:14:21,同意,,审核通过,32分19秒,--,0,,是,1,1,260秒,,0,,,--
财务会计,AP-2026-000883,2026-04-19,应付发票,应付付款单（服务费）,A03,示例集团·丙公司,MAK16,制单人16,,7,示例集团财务共享中心（本部）,财务共享,应付付款单（服务费）,通用审批类,2026-04-12 14:29:56,2026-04-12 14:30:26,2026-04-12 14:31:08,FSSC审核岗,1,,应付成本组,自动派单,已派任务少（优先派）,2026-04-12 14:31:08,移动端,AUD02,审核员02,2026-04-12 16:15:08,同意,,审核通过,10分9秒,--,0,,是,1,1,207秒,,0,,,--
财务会计,AP-2026-000884,2026-01-11,付款单,应付付款单（差旅费）,A04,示例集团·丁公司,MAK01,制单人01,,2,示例集团财务共享中心（本部）,财务共享,应付付款单（差旅费）,通用审批类,2026-03-05 14:23:00,2026-03-05 14:23:28,2026-03-05 14:25:10,FSSC审核岗,1,,应付成本组,自动派单,已派任务少（优先派）,2026-03-05 14:25:10,PC端,AUD01,审核员01,2026-03-05 17:15:10,同意,,审核通过,14分6秒,--,0,,是,1,1,18秒,,0,,,--
财务会计,AP-2026-000885,2026-03-01,应付发票,应付付款单（服务费）,A04,示例集团·丁公司,MAK03,制单人03,,2,示例集团财务共享中心（本部）,财务共享,应付付款单（服务费）,通用审批类,2026-01-10 16:17:14,2026-01-10 16:17:27,2026-01-10 16:18:30,FSSC审核岗,1,,应付成本组,自动派单,已派任务少（优先派）,2026-01-10 16:18:30,PC端,AUD03,审核员03,2026-01-10 18:54:30,同意,,审核通过,32分42秒,--,0,,是,1,1,40秒,,0,,,--
财务会计,AP-2026-000886,2026-06-23,付款单,应付付款单（服务费）,A03,示例集团·丙公司,MAK02,制单人02,,2,示例集团财务共享中心（本部）,财务共享,应付付款单（服务费）,通用审批类,2026-05-05 11:33:31,2026-05-05 11:34:23,2026-05-05 11:34:51,FSSC审核岗,1,,应付成本组,自动派单,已派任务少（优先派）,2026-05-05 11:34:51,PC端,AUD07,审核员07,2026-05-05 13:21:51,同意,,审核通过,22分40秒,--,0,,是,1,1,169秒,,0,,,--
财务会计,AP-2026-000887,2026-04-05,付款单,应付付款单（材料采购）,A08,示例集团·辛公司,MAK07,制单人07,,0,示例集团财务共享中心（本部）,财务共享,应付付款单（材料采购）,通用审批类,2026-02-24 13:51:44,2026-02-24 13:52:40,2026-02-24 13:52:57,FSSC审核岗,1,,应付成本组,自动派单,已派任务少（优先派）,2026-02-24 13:52:57,PC端,AUD01,审核员01,2026-02-24 15:27:57,同意,,审核通过,29分23秒,--,0,,是,1,1,223秒,,0,,,--
财务会计,AP-2026-000888,2026-03-28,通用报销单,应付付款单（材料采购）,A02,示例集团·乙公司,MAK16,制单人16,,5,示例集团财务共享中心（本部）,财务共享,应付付款单（材料采购）,通用审批类,2026-02-16 20:17:35,2026-02-16 20:17:57,2026-02-16 20:19:11,FSSC审核岗,1,,应付成本组,自动派单,已派任务少（优先派）,2026-02-16 20:19:11,移动端,AUD05,审核员05,2026-02-16 21:44:11,同意,,审核通过,37分58秒,--,0,,是,1,1,127秒,,0,,,--
财务会计,AP-2026-000889,2026-04-08,付款单,应付付款单（材料采购）,A09,示例集团·壬公司,MAK10,制单人10,,8,示例集团财务共享中心（本部）,财务共享,应付付款单（材料采购）,通用审批类,2026-04-01 13:32:56,2026-04-01 13:33:03,2026-04-01 13:33:53,FSSC审核岗,1,,应付成本组,自动派单,已派任务少（优先派）,2026-04-01 13:33:53,移动端,AUD06,审核员06,2026-04-01 16:46:53,同意,,审核通过,32分29秒,--,0,,是,1,1,146秒,,0,,,--
财务会计,AP-2026-000890,2026-02-25,应付发票,应付付款单（服务费）,A01,示例集团·甲公司,MAK07,制单人07,,7,示例集团财务共享中心（本部）,财务共享,应付付款单（服务费）,通用审批类,2026-01-12 20:03:30,2026-01-12 20:03:46,2026-01-12 20:04:15,FSSC审核岗,1,,应付成本组,自动派单,已派任务少（优先派）,2026-01-12 20:04:15,PC端,AUD02,审核员02,2026-01-12 22:47:15,驳回,特殊原因,审核驳回,36分9秒,21分31秒,0,,是,2,1,170秒,驳回,1,前端单位,示例集团·甲公司,2
费控服务,AP-2026-000891,2026-02-21,付款单,应付付款单（服务费）,A07,示例集团·庚公司,MAK09,制单人09,,3,示例集团财务共享中心（本部）,财务共享,应付付款单（服务费）,通用审批类,2026-05-20 09:18:46,2026-05-20 09:18:50,2026-05-20 09:20:25,FSSC审核岗,1,,应付成本组,自动派单,已派任务少（优先派）,2026-05-20 09:20:25,PC端,AUD06,审核员06,2026-05-20 10:10:25,同意,,审核通过,25分27秒,--,0,,是,1,1,15秒,,0,,,--
费控服务,AP-2026-000892,2026-06-01,应付发票,通用报销单（费用报销）,A03,示例集团·丙公司,MAK04,制单人04,,2,示例集团财务共享中心（本部）,财务共享,通用报销单（费用报销）,通用审批类,2026-01-14 09:23:29,2026-01-14 09:24:19,2026-01-14 09:26:16,FSSC审核岗,1,,应付成本组,自动派单,已派任务少（优先派）,2026-01-14 09:26:16,PC端,AUD03,审核员03,2026-01-14 10:04:16,同意,,审核通过,39分28秒,--,0,,是,1,1,170秒,,0,,,--
财务会计,AP-2026-000893,2026-05-23,应付发票,应付确认单（物料类）,A01,示例集团·甲公司,MAK05,制单人05,,5,示例集团财务共享中心（本部）,财务共享,应付确认单（物料类）,通用审批类,2026-06-06 17:08:20,2026-06-06 17:08:22,2026-06-06 17:08:38,FSSC审核岗,1,,应付成本组,自动派单,已派任务少（优先派）,2026-06-06 17:08:38,PC端,AUD02,审核员02,2026-06-06 17:22:38,同意,,审核通过,10分20秒,--,0,,是,1,1,202秒,,0,,,--
财务会计,AP-2026-000894,2026-03-13,付款单,通用报销单（费用报销）,A06,示例集团·己公司,MAK11,制单人11,,8,示例集团财务共享中心（本部）,财务共享,通用报销单（费用报销）,通用审批类,2026-03-27 20:02:41,2026-03-27 20:03:00,2026-03-27 20:03:42,FSSC审核岗,1,,应付成本组,自动派单,已派任务少（优先派）,2026-03-27 20:03:42,移动端,AUD05,审核员05,2026-03-27 22:28:42,同意,附件不完整,审核通过,4分46秒,9分31秒,0,,是,1,1,42秒,,0,,,1
财务会计,AP-2026-000895,2026-02-06,付款单,应付付款单（材料采购）,A15,示例集团·子公司戊,MAK03,制单人03,,8,示例集团财务共享中心（本部）,财务共享,应付付款单（材料采购）,通用审批类,2026-05-25 13:22:21,2026-05-25 13:22:27,2026-05-25 13:23:20,FSSC审核岗,1,,应付成本组,自动派单,已派任务少（优先派）,2026-05-25 13:23:20,移动端,AUD01,审核员01,2026-05-25 14:51:20,同意,,审核通过,4分33秒,--,0,,是,1,1,223秒,,0,,,--
费控服务,AP-2026-000896,2026-04-27,付款单,通用报销单（费用报销）,A07,示例集团·庚公司,MAK07,制单人07,,8,示例集团财务共享中心（本部）,财务共享,通用报销单（费用报销）,通用审批类,2026-02-15 10:07:48,2026-02-15 10:08:47,2026-02-15 10:10:39,FSSC审核岗,1,,应付成本组,自动派单,已派任务少（优先派）,2026-02-15 10:10:39,PC端,AUD02,审核员02,2026-02-15 11:17:39,同意,,审核通过,2分3秒,--,0,,是,1,1,125秒,,0,,,--
财务会计,AP-2026-000897,2026-03-05,通用报销单,其他专项付款单,A05,示例集团·戊公司,MAK01,制单人01,,0,示例集团财务共享中心（本部）,财务共享,其他专项付款单,通用审批类,2026-01-11 14:48:40,2026-01-11 14:49:23,2026-01-11 14:50:14,FSSC审核岗,1,,应付成本组,自动派单,已派任务少（优先派）,2026-01-11 14:50:14,PC端,AUD06,审核员06,2026-01-11 14:55:14,同意,,审核通过,27分35秒,--,0,,是,1,1,44秒,,0,,,--
财务会计,AP-2026-000898,2026-02-19,应付发票,应付确认单（物料类）,A01,示例集团·甲公司,MAK10,制单人10,,0,示例集团财务共享中心（本部）,财务共享,应付确认单（物料类）,通用审批类,2026-04-23 09:37:56,2026-04-23 09:38:20,2026-04-23 09:39:26,FSSC审核岗,1,,应付成本组,自动派单,已派任务少（优先派）,2026-04-23 09:39:26,PC端,AUD02,审核员02,2026-04-23 10:22:26,同意,,审核通过,40分18秒,--,0,,是,1,1,146秒,,0,,,--
费控服务,AP-2026-000899,2026-02-07,通用报销单,应付付款单（差旅费）,A06,示例集团·己公司,MAK09,制单人09,,7,示例集团财务共享中心（本部）,财务共享,应付付款单（差旅费）,通用审批类,2026-02-11 11:20:57,2026-02-11 11:21:14,2026-02-11 11:22:05,FSSC审核岗,1,,应付成本组,自动派单,已派任务少（优先派）,2026-02-11 11:22:05,移动端,AUD02,审核员02,2026-02-11 11:53:05,同意,,审核通过,39分41秒,--,0,,是,1,1,272秒,,0,,,--
财务会计,AP-2026-000900,2026-03-13,付款单,应付付款单（差旅费）,A10,示例集团·癸公司,MAK04,制单人04,,3,示例集团财务共享中心（本部）,财务共享,应付付款单（差旅费）,通用审批类,2026-04-28 11:12:48,2026-04-28 11:13:25,2026-04-28 11:15:00,FSSC审核岗,1,,应付成本组,自动派单,已派任务少（优先派）,2026-04-28 11:15:00,移动端,AUD01,审核员01,2026-04-28 14:27:00,同意,,审核通过,38分52秒,--,0,,是,1,1,165秒,,0,,,--
财务会计,AP-2026-000901,2026-05-19,付款单,应付付款单（服务费）,A04,示例集团·丁公司,MAK01,制单人01,,6,示例集团财务共享中心（本部）,财务共享,应付付款单（服务费）,通用审批类,2026-02-01 12:00:13,2026-02-01 12:01:07,2026-02-01 12:01:31,FSSC审核岗,1,,应付成本组,自动派单,已派任务少（优先派）,2026-02-01 12:01:31,PC端,AUD05,审核员05,2026-02-01 13:27:31,同意,,审核通过,21分29秒,--,0,,是,1,1,210秒,,0,,,--
财务会计,AP-2026-000902,2026-01-18,通用报销单,通用报销单（费用报销）,A07,示例集团·庚公司,MAK03,制单人03,,0,示例集团财务共享中心（本部）,财务共享,通用报销单（费用报销）,通用审批类,2026-02-22 11:04:39,2026-02-22 11:04:46,2026-02-22 11:06:40,FSSC审核岗,1,,应付成本组,自动派单,已派任务少（优先派）,2026-02-22 11:06:40,PC端,AUD04,审核员04,2026-02-22 11:07:40,同意,,审核通过,18分59秒,--,0,,是,1,1,10秒,,0,,,--
财务会计,AP-2026-000903,2026-01-06,通用报销单,通用报销单（费用报销）,A03,示例集团·丙公司,MAK07,制单人07,,0,示例集团财务共享中心（本部）,财务共享,通用报销单（费用报销）,通用审批类,2026-05-07 18:12:27,2026-05-07 18:13:15,2026-05-07 18:15:08,FSSC审核岗,1,,应付成本组,自动派单,已派任务少（优先派）,2026-05-07 18:15:08,移动端,AUD04,审核员04,2026-05-07 19:51:08,驳回,未关联合同,审核驳回,20分49秒,8分19秒,0,,是,2,1,82秒,驳回,1,前端单位,示例集团·丙公司,2
费控服务,AP-2026-000904,2026-02-26,应付发票,其他专项付款单,A03,示例集团·丙公司,MAK15,制单人15,,3,示例集团财务共享中心（本部）,财务共享,其他专项付款单,通用审批类,2026-04-21 19:43:50,2026-04-21 19:43:52,2026-04-21 19:45:45,FSSC审核岗,1,,应付成本组,自动派单,已派任务少（优先派）,2026-04-21 19:45:45,PC端,AUD07,审核员07,2026-04-21 21:47:45,同意,,审核通过,30分55秒,--,0,,是,1,1,295秒,,0,,,--
费控服务,AP-2026-000905,2026-02-03,通用报销单,其他专项付款单,A03,示例集团·丙公司,MAK01,制单人01,,6,示例集团财务共享中心（本部）,财务共享,其他专项付款单,通用审批类,2026-05-07 09:25:43,2026-05-07 09:26:08,2026-05-07 09:26:12,FSSC审核岗,1,,应付成本组,自动派单,已派任务少（优先派）,2026-05-07 09:26:12,移动端,AUD04,审核员04,2026-05-07 09:36:12,同意,,审核通过,12分0秒,--,0,,是,1,1,32秒,,0,,,--
财务会计,AP-2026-000906,2026-02-23,通用报销单,应付付款单（差旅费）,A07,示例集团·庚公司,MAK16,制单人16,,0,示例集团财务共享中心（本部）,财务共享,应付付款单（差旅费）,通用审批类,2026-06-07 20:17:01,2026-06-07 20:17:44,2026-06-07 20:18:19,FSSC审核岗,1,,应付成本组,自动派单,已派任务少（优先派）,2026-06-07 20:18:19,PC端,AUD07,审核员07,2026-06-07 21:07:19,同意,,审核通过,3分55秒,--,0,,是,1,1,298秒,,0,,,--
财务会计,AP-2026-000907,2026-02-16,应付发票,应付确认单（物料类）,A12,示例集团·子公司乙,MAK07,制单人07,,8,示例集团财务共享中心（本部）,财务共享,应付确认单（物料类）,通用审批类,2026-06-28 19:03:18,2026-06-28 19:03:42,2026-06-28 19:03:54,FSSC审核岗,1,,应付成本组,自动派单,已派任务少（优先派）,2026-06-28 19:03:54,移动端,AUD07,审核员07,2026-06-28 21:37:54,同意,,审核通过,11分23秒,--,0,,是,1,1,200秒,,0,,,--
费控服务,AP-2026-000908,2026-01-21,应付发票,应付付款单（材料采购）,A09,示例集团·壬公司,MAK09,制单人09,,7,示例集团财务共享中心（本部）,财务共享,应付付款单（材料采购）,通用审批类,2026-02-19 14:23:29,2026-02-19 14:23:52,2026-02-19 14:25:31,FSSC审核岗,1,,应付成本组,自动派单,已派任务少（优先派）,2026-02-19 14:25:31,PC端,AUD03,审核员03,2026-02-19 15:40:31,同意,,审核通过,35分26秒,--,0,,是,1,1,194秒,,0,,,--
费控服务,AP-2026-000909,2026-05-05,应付发票,应付付款单（材料采购）,A17,示例集团·子公司庚,MAK02,制单人02,,8,示例集团财务共享中心（本部）,财务共享,应付付款单（材料采购）,通用审批类,2026-06-21 15:28:48,2026-06-21 15:29:23,2026-06-21 15:31:14,FSSC审核岗,1,,应付成本组,自动派单,已派任务少（优先派）,2026-06-21 15:31:14,PC端,AUD02,审核员02,2026-06-21 18:26:14,同意,未关联合同,审核通过,10分38秒,11分54秒,0,,是,1,1,81秒,,0,,,1
财务会计,AP-2026-000910,2026-03-13,通用报销单,应付付款单（服务费）,A18,示例集团·子公司辛,MAK13,制单人13,,2,示例集团财务共享中心（本部）,财务共享,应付付款单（服务费）,通用审批类,2026-02-04 16:34:02,2026-02-04 16:34:36,2026-02-04 16:34:50,FSSC审核岗,1,,应付成本组,自动派单,已派任务少（优先派）,2026-02-04 16:34:50,PC端,AUD06,审核员06,2026-02-04 19:02:50,驳回,附件不完整,审核驳回,15分43秒,22分31秒,0,,是,3,1,69秒,驳回,1,前端单位,示例集团·子公司辛,3
费控服务,AP-2026-000911,2026-04-13,付款单,应付付款单（差旅费）,A03,示例集团·丙公司,MAK14,制单人14,,7,示例集团财务共享中心（本部）,财务共享,应付付款单（差旅费）,通用审批类,2026-04-13 11:36:22,2026-04-13 11:37:10,2026-04-13 11:38:03,FSSC审核岗,1,,应付成本组,自动派单,已派任务少（优先派）,2026-04-13 11:38:03,PC端,AUD03,审核员03,2026-04-13 14:35:03,同意,,审核通过,10分53秒,--,0,,是,1,1,106秒,,0,,,--
财务会计,AP-2026-000912,2026-06-26,付款单,其他专项付款单,A09,示例集团·壬公司,MAK15,制单人15,,1,示例集团财务共享中心（本部）,财务共享,其他专项付款单,通用审批类,2026-05-03 19:19:15,2026-05-03 19:20:04,2026-05-03 19:20:56,FSSC审核岗,1,,应付成本组,自动派单,已派任务少（优先派）,2026-05-03 19:20:56,移动端,AUD07,审核员07,2026-05-03 20:38:56,同意,,审核通过,13分1秒,--,0,,是,1,1,18秒,,0,,,--
费控服务,AP-2026-000913,2026-01-25,通用报销单,应付付款单（服务费）,A01,示例集团·甲公司,MAK02,制单人02,,4,示例集团财务共享中心（本部）,财务共享,应付付款单（服务费）,通用审批类,2026-04-09 15:07:27,2026-04-09 15:07:50,2026-04-09 15:09:15,FSSC审核岗,1,,应付成本组,自动派单,已派任务少（优先派）,2026-04-09 15:09:15,PC端,AUD02,审核员02,2026-04-09 16:53:15,驳回,未关联合同,审核驳回,22分24秒,20分27秒,0,,是,3,1,254秒,驳回,1,制单人,制单人02,3
财务会计,AP-2026-000914,2026-01-02,应付发票,应付付款单（服务费）,A07,示例集团·庚公司,MAK10,制单人10,,6,示例集团财务共享中心（本部）,财务共享,应付付款单（服务费）,通用审批类,2026-05-01 12:44:30,2026-05-01 12:45:26,2026-05-01 12:47:09,FSSC审核岗,1,,应付成本组,自动派单,已派任务少（优先派）,2026-05-01 12:47:09,移动端,AUD05,审核员05,2026-05-01 14:26:09,同意,,审核通过,38分39秒,--,0,,是,1,1,189秒,,0,,,--
财务会计,AP-2026-000915,2026-03-13,付款单,通用报销单（费用报销）,A16,示例集团·子公司己,MAK11,制单人11,,1,示例集团财务共享中心（本部）,财务共享,通用报销单（费用报销）,通用审批类,2026-03-03 15:16:34,2026-03-03 15:16:40,2026-03-03 15:16:51,FSSC审核岗,1,,应付成本组,自动派单,已派任务少（优先派）,2026-03-03 15:16:51,移动端,AUD07,审核员07,2026-03-03 16:19:51,同意,,审核通过,30分24秒,--,0,,是,1,1,182秒,,0,,,--
费控服务,AP-2026-000916,2026-01-10,付款单,其他专项付款单,A02,示例集团·乙公司,MAK16,制单人16,,0,示例集团财务共享中心（本部）,财务共享,其他专项付款单,通用审批类,2026-01-28 15:13:39,2026-01-28 15:14:06,2026-01-28 15:14:19,FSSC审核岗,1,,应付成本组,自动派单,已派任务少（优先派）,2026-01-28 15:14:19,移动端,AUD01,审核员01,2026-01-28 15:17:19,同意,,审核通过,33分28秒,--,0,,是,1,1,45秒,,0,,,--
财务会计,AP-2026-000917,2026-05-13,付款单,应付付款单（材料采购）,A05,示例集团·戊公司,MAK08,制单人08,,7,示例集团财务共享中心（本部）,财务共享,应付付款单（材料采购）,通用审批类,2026-06-21 19:03:16,2026-06-21 19:03:54,2026-06-21 19:04:10,FSSC审核岗,1,,应付成本组,自动派单,已派任务少（优先派）,2026-06-21 19:04:10,移动端,AUD05,审核员05,2026-06-21 22:03:10,同意,,审核通过,19分54秒,--,0,,是,1,1,93秒,,0,,,--
财务会计,AP-2026-000918,2026-01-22,应付发票,应付付款单（服务费）,A01,示例集团·甲公司,MAK10,制单人10,,2,示例集团财务共享中心（本部）,财务共享,应付付款单（服务费）,通用审批类,2026-01-07 15:31:15,2026-01-07 15:31:16,2026-01-07 15:32:06,FSSC审核岗,1,,应付成本组,自动派单,已派任务少（优先派）,2026-01-07 15:32:06,移动端,AUD03,审核员03,2026-01-07 18:51:06,同意,,审核通过,25分2秒,--,0,,是,1,1,164秒,,0,,,--
财务会计,AP-2026-000919,2026-04-28,通用报销单,应付付款单（差旅费）,A02,示例集团·乙公司,MAK06,制单人06,,0,示例集团财务共享中心（本部）,财务共享,应付付款单（差旅费）,通用审批类,2026-02-15 20:44:58,2026-02-15 20:45:06,2026-02-15 20:45:19,FSSC审核岗,1,,应付成本组,自动派单,已派任务少（优先派）,2026-02-15 20:45:19,PC端,AUD05,审核员05,2026-02-15 21:28:19,同意,,审核通过,29分31秒,--,0,,是,1,1,197秒,,0,,,--
财务会计,AP-2026-000920,2026-05-23,应付发票,应付付款单（材料采购）,A11,示例集团·子公司甲,MAK07,制单人07,,1,示例集团财务共享中心（本部）,财务共享,应付付款单（材料采购）,通用审批类,2026-05-04 14:30:02,2026-05-04 14:30:20,2026-05-04 14:31:16,FSSC审核岗,1,,应付成本组,自动派单,已派任务少（优先派）,2026-05-04 14:31:16,PC端,AUD05,审核员05,2026-05-04 16:54:16,同意,,审核通过,17分56秒,--,0,,是,1,1,193秒,,0,,,--
费控服务,AP-2026-000921,2026-02-05,应付发票,应付付款单（服务费）,A05,示例集团·戊公司,MAK09,制单人09,,4,示例集团财务共享中心（本部）,财务共享,应付付款单（服务费）,通用审批类,2026-06-03 17:11:42,2026-06-03 17:11:55,2026-06-03 17:12:53,FSSC审核岗,1,,应付成本组,自动派单,已派任务少（优先派）,2026-06-03 17:12:53,PC端,AUD02,审核员02,2026-06-03 20:01:53,同意,,审核通过,31分4秒,--,0,,是,1,1,104秒,,0,,,--
费控服务,AP-2026-000922,2026-05-07,应付发票,应付付款单（材料采购）,A06,示例集团·己公司,MAK02,制单人02,,4,示例集团财务共享中心（本部）,财务共享,应付付款单（材料采购）,通用审批类,2026-03-24 19:25:00,2026-03-24 19:25:24,2026-03-24 19:25:32,FSSC审核岗,1,,应付成本组,自动派单,已派任务少（优先派）,2026-03-24 19:25:32,PC端,AUD01,审核员01,2026-03-24 21:36:32,同意,,审核通过,38分33秒,--,0,,是,1,1,14秒,,0,,,--
财务会计,AP-2026-000923,2026-02-08,付款单,应付付款单（材料采购）,A03,示例集团·丙公司,MAK13,制单人13,,8,示例集团财务共享中心（本部）,财务共享,应付付款单（材料采购）,通用审批类,2026-01-07 18:30:30,2026-01-07 18:31:01,2026-01-07 18:31:29,FSSC审核岗,1,,应付成本组,自动派单,已派任务少（优先派）,2026-01-07 18:31:29,PC端,AUD03,审核员03,2026-01-07 18:57:29,同意,,审核通过,5分9秒,--,0,,是,1,1,75秒,,0,,,--
财务会计,AP-2026-000924,2026-02-16,通用报销单,应付付款单（差旅费）,A13,示例集团·子公司丙,MAK03,制单人03,,4,示例集团财务共享中心（本部）,财务共享,应付付款单（差旅费）,通用审批类,2026-04-06 11:40:48,2026-04-06 11:41:15,2026-04-06 11:43:03,FSSC审核岗,1,,应付成本组,自动派单,已派任务少（优先派）,2026-04-06 11:43:03,PC端,AUD06,审核员06,2026-04-06 14:24:03,同意,,审核通过,27分3秒,--,0,,是,1,1,231秒,,0,,,--
财务会计,AP-2026-000925,2026-01-07,付款单,其他专项付款单,A01,示例集团·甲公司,MAK06,制单人06,,8,示例集团财务共享中心（本部）,财务共享,其他专项付款单,通用审批类,2026-05-12 14:28:38,2026-05-12 14:29:32,2026-05-12 14:31:23,FSSC审核岗,1,,应付成本组,自动派单,已派任务少（优先派）,2026-05-12 14:31:23,移动端,AUD03,审核员03,2026-05-12 15:29:23,同意,,审核通过,27分41秒,--,0,,是,1,1,90秒,,0,,,--
费控服务,AP-2026-000926,2026-04-03,付款单,通用报销单（费用报销）,A02,示例集团·乙公司,MAK09,制单人09,,5,示例集团财务共享中心（本部）,财务共享,通用报销单（费用报销）,通用审批类,2026-05-14 09:35:05,2026-05-14 09:35:51,2026-05-14 09:37:46,FSSC审核岗,1,,应付成本组,自动派单,已派任务少（优先派）,2026-05-14 09:37:46,PC端,AUD04,审核员04,2026-05-14 12:56:46,同意,,审核通过,18分25秒,--,0,,是,1,1,153秒,,0,,,--
财务会计,AP-2026-000927,2026-03-10,通用报销单,应付确认单（物料类）,A05,示例集团·戊公司,MAK13,制单人13,,2,示例集团财务共享中心（本部）,财务共享,应付确认单（物料类）,通用审批类,2026-05-10 15:32:31,2026-05-10 15:32:56,2026-05-10 15:34:33,FSSC审核岗,1,,应付成本组,自动派单,已派任务少（优先派）,2026-05-10 15:34:33,PC端,AUD07,审核员07,2026-05-10 18:31:33,同意,,审核通过,31分21秒,--,0,,是,1,1,56秒,,0,,,--
财务会计,AP-2026-000928,2026-01-20,付款单,应付付款单（服务费）,A08,示例集团·辛公司,MAK16,制单人16,,5,示例集团财务共享中心（本部）,财务共享,应付付款单（服务费）,通用审批类,2026-01-21 12:59:17,2026-01-21 13:00:13,2026-01-21 13:00:50,FSSC审核岗,1,,应付成本组,自动派单,已派任务少（优先派）,2026-01-21 13:00:50,PC端,AUD04,审核员04,2026-01-21 15:33:50,同意,,审核通过,16分36秒,--,0,,是,1,1,107秒,,0,,,--
财务会计,AP-2026-000929,2026-02-17,付款单,其他专项付款单,A03,示例集团·丙公司,MAK05,制单人05,,4,示例集团财务共享中心（本部）,财务共享,其他专项付款单,通用审批类,2026-02-09 17:27:42,2026-02-09 17:28:25,2026-02-09 17:28:50,FSSC审核岗,1,,应付成本组,自动派单,已派任务少（优先派）,2026-02-09 17:28:50,PC端,AUD06,审核员06,2026-02-09 20:45:50,同意,,审核通过,13分43秒,--,0,,是,1,1,195秒,,0,,,--
财务会计,AP-2026-000930,2026-01-15,通用报销单,通用报销单（费用报销）,A09,示例集团·壬公司,MAK09,制单人09,,5,示例集团财务共享中心（本部）,财务共享,通用报销单（费用报销）,通用审批类,2026-06-04 19:46:56,2026-06-04 19:47:15,2026-06-04 19:48:37,FSSC审核岗,1,,应付成本组,自动派单,已派任务少（优先派）,2026-06-04 19:48:37,PC端,AUD02,审核员02,2026-06-04 20:52:37,同意,,审核通过,12分56秒,--,0,,是,1,1,264秒,,0,,,--
财务会计,AP-2026-000931,2026-04-19,应付发票,应付付款单（服务费）,A04,示例集团·丁公司,MAK07,制单人07,,0,示例集团财务共享中心（本部）,财务共享,应付付款单（服务费）,通用审批类,2026-06-05 12:38:04,2026-06-05 12:38:21,2026-06-05 12:38:37,FSSC审核岗,1,,应付成本组,自动派单,已派任务少（优先派）,2026-06-05 12:38:37,移动端,AUD06,审核员06,2026-06-05 14:15:37,同意,,审核通过,5分12秒,--,0,,是,1,1,140秒,,0,,,--
财务会计,AP-2026-000932,2026-03-19,付款单,其他专项付款单,A15,示例集团·子公司戊,MAK08,制单人08,,6,示例集团财务共享中心（本部）,财务共享,其他专项付款单,通用审批类,2026-06-14 11:17:03,2026-06-14 11:17:31,2026-06-14 11:18:52,FSSC审核岗,1,,应付成本组,自动派单,已派任务少（优先派）,2026-06-14 11:18:52,移动端,AUD07,审核员07,2026-06-14 13:24:52,同意,,审核通过,21分7秒,--,0,,是,1,1,81秒,,0,,,--
费控服务,AP-2026-000933,2026-01-02,付款单,应付确认单（物料类）,A02,示例集团·乙公司,MAK06,制单人06,,3,示例集团财务共享中心（本部）,财务共享,应付确认单（物料类）,通用审批类,2026-02-09 09:35:34,2026-02-09 09:35:52,2026-02-09 09:36:09,FSSC审核岗,1,,应付成本组,自动派单,已派任务少（优先派）,2026-02-09 09:36:09,PC端,AUD06,审核员06,2026-02-09 10:01:09,同意,,审核通过,3分57秒,--,0,,是,1,1,300秒,,0,,,--
费控服务,AP-2026-000934,2026-02-24,应付发票,通用报销单（费用报销）,A01,示例集团·甲公司,MAK02,制单人02,,3,示例集团财务共享中心（本部）,财务共享,通用报销单（费用报销）,通用审批类,2026-01-08 11:14:39,2026-01-08 11:15:18,2026-01-08 11:16:32,FSSC审核岗,1,,应付成本组,自动派单,已派任务少（优先派）,2026-01-08 11:16:32,移动端,AUD07,审核员07,2026-01-08 14:29:32,同意,,审核通过,10分1秒,--,0,,是,1,1,293秒,,0,,,--
财务会计,AP-2026-000935,2026-06-27,通用报销单,应付付款单（差旅费）,A06,示例集团·己公司,MAK13,制单人13,,7,示例集团财务共享中心（本部）,财务共享,应付付款单（差旅费）,通用审批类,2026-06-20 08:10:05,2026-06-20 08:10:42,2026-06-20 08:12:17,FSSC审核岗,1,,应付成本组,自动派单,已派任务少（优先派）,2026-06-20 08:12:17,PC端,AUD02,审核员02,2026-06-20 10:50:17,同意,,审核通过,8分6秒,--,0,,是,1,1,136秒,,0,,,--
财务会计,AP-2026-000936,2026-06-06,应付发票,应付付款单（材料采购）,A12,示例集团·子公司乙,MAK04,制单人04,,6,示例集团财务共享中心（本部）,财务共享,应付付款单（材料采购）,通用审批类,2026-02-09 09:00:15,2026-02-09 09:00:58,2026-02-09 09:01:38,FSSC审核岗,1,,应付成本组,自动派单,已派任务少（优先派）,2026-02-09 09:01:38,移动端,AUD04,审核员04,2026-02-09 10:53:38,同意,,审核通过,29分13秒,--,0,,是,1,1,128秒,,0,,,--
财务会计,AP-2026-000937,2026-01-15,应付发票,通用报销单（费用报销）,A01,示例集团·甲公司,MAK02,制单人02,,7,示例集团财务共享中心（本部）,财务共享,通用报销单（费用报销）,通用审批类,2026-01-13 17:48:24,2026-01-13 17:48:26,2026-01-13 17:49:36,FSSC审核岗,1,,应付成本组,自动派单,已派任务少（优先派）,2026-01-13 17:49:36,PC端,AUD05,审核员05,2026-01-13 21:05:36,同意,,审核通过,28分50秒,--,0,,是,1,1,278秒,,0,,,--
费控服务,AP-2026-000938,2026-03-13,付款单,应付付款单（材料采购）,A03,示例集团·丙公司,MAK01,制单人01,,6,示例集团财务共享中心（本部）,财务共享,应付付款单（材料采购）,通用审批类,2026-06-12 10:45:04,2026-06-12 10:45:43,2026-06-12 10:47:31,FSSC审核岗,1,,应付成本组,自动派单,已派任务少（优先派）,2026-06-12 10:47:31,PC端,AUD04,审核员04,2026-06-12 13:46:31,同意,,审核通过,14分13秒,--,0,,是,1,1,170秒,,0,,,--
费控服务,AP-2026-000939,2026-06-08,通用报销单,应付确认单（物料类）,A03,示例集团·丙公司,MAK05,制单人05,,0,示例集团财务共享中心（本部）,财务共享,应付确认单（物料类）,通用审批类,2026-05-16 08:43:59,2026-05-16 08:44:36,2026-05-16 08:45:08,FSSC审核岗,1,,应付成本组,自动派单,已派任务少（优先派）,2026-05-16 08:45:08,移动端,AUD06,审核员06,2026-05-16 11:31:08,同意,,审核通过,25分36秒,--,0,,是,1,1,186秒,,0,,,--
财务会计,AP-2026-000940,2026-06-15,应付发票,其他专项付款单,A04,示例集团·丁公司,MAK01,制单人01,,8,示例集团财务共享中心（本部）,财务共享,其他专项付款单,通用审批类,2026-02-09 13:14:17,2026-02-09 13:14:41,2026-02-09 13:16:38,FSSC审核岗,1,,应付成本组,自动派单,已派任务少（优先派）,2026-02-09 13:16:38,PC端,AUD04,审核员04,2026-02-09 14:23:38,同意,,审核通过,39分33秒,--,0,,是,1,1,110秒,,0,,,--
财务会计,AP-2026-000941,2026-02-25,应付发票,应付确认单（物料类）,A12,示例集团·子公司乙,MAK16,制单人16,,7,示例集团财务共享中心（本部）,财务共享,应付确认单（物料类）,通用审批类,2026-05-06 09:39:44,2026-05-06 09:40:20,2026-05-06 09:40:27,FSSC审核岗,1,,应付成本组,自动派单,已派任务少（优先派）,2026-05-06 09:40:27,PC端,AUD03,审核员03,2026-05-06 10:45:27,驳回,未关联合同,审核驳回,10分18秒,28分17秒,0,,是,2,1,105秒,驳回,1,制单人,制单人16,2
财务会计,AP-2026-000942,2026-06-08,通用报销单,应付付款单（服务费）,A02,示例集团·乙公司,MAK05,制单人05,,6,示例集团财务共享中心（本部）,财务共享,应付付款单（服务费）,通用审批类,2026-04-19 18:50:50,2026-04-19 18:51:46,2026-04-19 18:53:37,FSSC审核岗,1,,应付成本组,自动派单,已派任务少（优先派）,2026-04-19 18:53:37,移动端,AUD04,审核员04,2026-04-19 22:03:37,同意,,审核通过,11分15秒,--,0,,是,1,1,18秒,,0,,,--
费控服务,AP-2026-000943,2026-05-03,通用报销单,通用报销单（费用报销）,A11,示例集团·子公司甲,MAK04,制单人04,,2,示例集团财务共享中心（本部）,财务共享,通用报销单（费用报销）,通用审批类,2026-03-27 20:11:34,2026-03-27 20:11:42,2026-03-27 20:13:22,FSSC审核岗,1,,应付成本组,自动派单,已派任务少（优先派）,2026-03-27 20:13:22,移动端,AUD05,审核员05,2026-03-27 22:12:22,同意,,审核通过,10分34秒,--,0,,是,1,1,105秒,,0,,,--
财务会计,AP-2026-000944,2026-02-25,通用报销单,应付付款单（差旅费）,A02,示例集团·乙公司,MAK01,制单人01,,2,示例集团财务共享中心（本部）,财务共享,应付付款单（差旅费）,通用审批类,2026-02-01 16:32:57,2026-02-01 16:33:01,2026-02-01 16:33:52,FSSC审核岗,1,,应付成本组,自动派单,已派任务少（优先派）,2026-02-01 16:33:52,移动端,AUD06,审核员06,2026-02-01 17:08:52,同意,,审核通过,16分55秒,--,0,,是,1,1,198秒,,0,,,--
财务会计,AP-2026-000945,2026-03-06,应付发票,应付付款单（材料采购）,A06,示例集团·己公司,MAK05,制单人05,,4,示例集团财务共享中心（本部）,财务共享,应付付款单（材料采购）,通用审批类,2026-05-08 10:40:38,2026-05-08 10:41:27,2026-05-08 10:41:33,FSSC审核岗,1,,应付成本组,自动派单,已派任务少（优先派）,2026-05-08 10:41:33,PC端,AUD02,审核员02,2026-05-08 10:59:33,同意,,审核通过,30分33秒,--,0,,是,1,1,260秒,,0,,,--
财务会计,AP-2026-000946,2026-03-13,通用报销单,应付确认单（物料类）,A08,示例集团·辛公司,MAK07,制单人07,,6,示例集团财务共享中心（本部）,财务共享,应付确认单（物料类）,通用审批类,2026-01-17 13:50:38,2026-01-17 13:51:15,2026-01-17 13:52:47,FSSC审核岗,1,,应付成本组,自动派单,已派任务少（优先派）,2026-01-17 13:52:47,PC端,AUD04,审核员04,2026-01-17 17:04:47,同意,,审核通过,11分32秒,--,0,,是,1,1,265秒,,0,,,--
财务会计,AP-2026-000947,2026-04-12,应付发票,应付付款单（差旅费）,A01,示例集团·甲公司,MAK01,制单人01,,3,示例集团财务共享中心（本部）,财务共享,应付付款单（差旅费）,通用审批类,2026-04-14 14:24:19,2026-04-14 14:24:43,2026-04-14 14:24:47,FSSC审核岗,1,,应付成本组,自动派单,已派任务少（优先派）,2026-04-14 14:24:47,PC端,AUD01,审核员01,2026-04-14 15:45:47,同意,,审核通过,28分49秒,--,0,,是,1,1,85秒,,0,,,--
财务会计,AP-2026-000948,2026-02-05,付款单,其他专项付款单,A05,示例集团·戊公司,MAK10,制单人10,,7,示例集团财务共享中心（本部）,财务共享,其他专项付款单,通用审批类,2026-04-13 11:09:01,2026-04-13 11:09:59,2026-04-13 11:10:29,FSSC审核岗,1,,应付成本组,自动派单,已派任务少（优先派）,2026-04-13 11:10:29,PC端,AUD06,审核员06,2026-04-13 13:03:29,同意,,审核通过,24分56秒,--,0,,是,1,1,114秒,,0,,,--
费控服务,AP-2026-000949,2026-03-05,应付发票,其他专项付款单,A05,示例集团·戊公司,MAK07,制单人07,,1,示例集团财务共享中心（本部）,财务共享,其他专项付款单,通用审批类,2026-05-10 13:03:22,2026-05-10 13:03:52,2026-05-10 13:05:49,FSSC审核岗,1,,应付成本组,自动派单,已派任务少（优先派）,2026-05-10 13:05:49,PC端,AUD01,审核员01,2026-05-10 14:44:49,同意,,审核通过,39分18秒,--,0,,是,1,1,191秒,,0,,,--
财务会计,AP-2026-000950,2026-04-28,通用报销单,应付付款单（材料采购）,A11,示例集团·子公司甲,MAK09,制单人09,,8,示例集团财务共享中心（本部）,财务共享,应付付款单（材料采购）,通用审批类,2026-05-11 11:19:59,2026-05-11 11:20:32,2026-05-11 11:20:54,FSSC审核岗,1,,应付成本组,自动派单,已派任务少（优先派）,2026-05-11 11:20:54,移动端,AUD01,审核员01,2026-05-11 11:23:54,同意,,审核通过,18分3秒,--,0,,是,1,1,22秒,,0,,,--
财务会计,AP-2026-000951,2026-06-15,通用报销单,其他专项付款单,A05,示例集团·戊公司,MAK11,制单人11,,1,示例集团财务共享中心（本部）,财务共享,其他专项付款单,通用审批类,2026-05-20 15:22:39,2026-05-20 15:23:00,2026-05-20 15:23:37,FSSC审核岗,1,,应付成本组,自动派单,已派任务少（优先派）,2026-05-20 15:23:37,移动端,AUD03,审核员03,2026-05-20 16:58:37,驳回,附件不完整,审核驳回,29分48秒,33分2秒,0,,是,3,1,290秒,驳回,1,制单人,制单人11,3
财务会计,AP-2026-000952,2026-01-05,应付发票,通用报销单（费用报销）,A09,示例集团·壬公司,MAK10,制单人10,,1,示例集团财务共享中心（本部）,财务共享,通用报销单（费用报销）,通用审批类,2026-05-23 15:46:46,2026-05-23 15:47:27,2026-05-23 15:48:02,FSSC审核岗,1,,应付成本组,自动派单,已派任务少（优先派）,2026-05-23 15:48:02,移动端,AUD01,审核员01,2026-05-23 16:25:02,同意,,审核通过,40分24秒,--,0,,是,1,1,151秒,,0,,,--
财务会计,AP-2026-000953,2026-01-05,付款单,其他专项付款单,A04,示例集团·丁公司,MAK01,制单人01,,3,示例集团财务共享中心（本部）,财务共享,其他专项付款单,通用审批类,2026-06-07 14:51:52,2026-06-07 14:52:49,2026-06-07 14:53:09,FSSC审核岗,1,,应付成本组,自动派单,已派任务少（优先派）,2026-06-07 14:53:09,PC端,AUD03,审核员03,2026-06-07 16:43:09,同意,,审核通过,1分4秒,--,0,,是,1,1,93秒,,0,,,--
财务会计,AP-2026-000954,2026-06-03,通用报销单,应付付款单（材料采购）,A13,示例集团·子公司丙,MAK05,制单人05,,5,示例集团财务共享中心（本部）,财务共享,应付付款单（材料采购）,通用审批类,2026-04-06 18:31:07,2026-04-06 18:31:13,2026-04-06 18:32:39,FSSC审核岗,1,,应付成本组,自动派单,已派任务少（优先派）,2026-04-06 18:32:39,移动端,AUD04,审核员04,2026-04-06 20:30:39,同意,,审核通过,31分16秒,--,0,,是,1,1,295秒,,0,,,--
财务会计,AP-2026-000955,2026-03-21,应付发票,通用报销单（费用报销）,A06,示例集团·己公司,MAK15,制单人15,,3,示例集团财务共享中心（本部）,财务共享,通用报销单（费用报销）,通用审批类,2026-02-05 18:43:53,2026-02-05 18:44:39,2026-02-05 18:45:55,FSSC审核岗,1,,应付成本组,自动派单,已派任务少（优先派）,2026-02-05 18:45:55,PC端,AUD06,审核员06,2026-02-05 20:59:55,同意,,审核通过,15分52秒,--,0,,是,1,1,21秒,,0,,,--
财务会计,AP-2026-000956,2026-02-10,通用报销单,应付付款单（服务费）,A04,示例集团·丁公司,MAK05,制单人05,,3,示例集团财务共享中心（本部）,财务共享,应付付款单（服务费）,通用审批类,2026-06-02 17:19:51,2026-06-02 17:20:47,2026-06-02 17:21:20,FSSC审核岗,1,,应付成本组,自动派单,已派任务少（优先派）,2026-06-02 17:21:20,PC端,AUD07,审核员07,2026-06-02 17:49:20,同意,,审核通过,16分29秒,--,0,,是,1,1,88秒,,0,,,--
财务会计,AP-2026-000957,2026-03-14,通用报销单,应付确认单（物料类）,A15,示例集团·子公司戊,MAK12,制单人12,,1,示例集团财务共享中心（本部）,财务共享,应付确认单（物料类）,通用审批类,2026-05-19 13:19:05,2026-05-19 13:19:21,2026-05-19 13:19:42,FSSC审核岗,1,,应付成本组,自动派单,已派任务少（优先派）,2026-05-19 13:19:42,移动端,AUD04,审核员04,2026-05-19 15:59:42,同意,,审核通过,21分59秒,--,0,,是,1,1,39秒,,0,,,--
财务会计,AP-2026-000958,2026-02-16,付款单,应付付款单（材料采购）,A04,示例集团·丁公司,MAK14,制单人14,,3,示例集团财务共享中心（本部）,财务共享,应付付款单（材料采购）,通用审批类,2026-01-04 12:15:31,2026-01-04 12:16:28,2026-01-04 12:17:31,FSSC审核岗,1,,应付成本组,自动派单,已派任务少（优先派）,2026-01-04 12:17:31,PC端,AUD02,审核员02,2026-01-04 13:59:31,同意,,审核通过,19分15秒,--,0,,是,1,1,94秒,,0,,,--
财务会计,AP-2026-000959,2026-01-28,通用报销单,应付确认单（物料类）,A03,示例集团·丙公司,MAK10,制单人10,,2,示例集团财务共享中心（本部）,财务共享,应付确认单（物料类）,通用审批类,2026-03-03 20:47:00,2026-03-03 20:47:10,2026-03-03 20:48:20,FSSC审核岗,1,,应付成本组,自动派单,已派任务少（优先派）,2026-03-03 20:48:20,移动端,AUD05,审核员05,2026-03-03 22:38:20,同意,,审核通过,4分0秒,--,0,,是,1,1,251秒,,0,,,--
财务会计,AP-2026-000960,2026-01-12,通用报销单,应付付款单（差旅费）,A02,示例集团·乙公司,MAK03,制单人03,,1,示例集团财务共享中心（本部）,财务共享,应付付款单（差旅费）,通用审批类,2026-05-27 19:22:42,2026-05-27 19:23:19,2026-05-27 19:23:31,FSSC审核岗,1,,应付成本组,自动派单,已派任务少（优先派）,2026-05-27 19:23:31,移动端,AUD07,审核员07,2026-05-27 19:34:31,同意,,审核通过,3分37秒,--,0,,是,1,1,52秒,,0,,,--
财务会计,AP-2026-000961,2026-02-07,通用报销单,应付付款单（材料采购）,A19,示例集团·子公司壬,MAK10,制单人10,,4,示例集团财务共享中心（本部）,财务共享,应付付款单（材料采购）,通用审批类,2026-03-13 15:06:17,2026-03-13 15:06:55,2026-03-13 15:07:33,FSSC审核岗,1,,应付成本组,自动派单,已派任务少（优先派）,2026-03-13 15:07:33,移动端,AUD06,审核员06,2026-03-13 17:45:33,同意,,审核通过,9分4秒,--,0,,是,1,1,246秒,,0,,,--
费控服务,AP-2026-000962,2026-06-23,付款单,应付付款单（差旅费）,A07,示例集团·庚公司,MAK05,制单人05,,7,示例集团财务共享中心（本部）,财务共享,应付付款单（差旅费）,通用审批类,2026-01-20 11:44:18,2026-01-20 11:44:21,2026-01-20 11:45:12,FSSC审核岗,1,,应付成本组,自动派单,已派任务少（优先派）,2026-01-20 11:45:12,移动端,AUD05,审核员05,2026-01-20 13:12:12,同意,,审核通过,23分32秒,--,0,,是,1,1,166秒,,0,,,--
财务会计,AP-2026-000963,2026-06-26,通用报销单,其他专项付款单,A03,示例集团·丙公司,MAK12,制单人12,,0,示例集团财务共享中心（本部）,财务共享,其他专项付款单,通用审批类,2026-02-10 18:20:13,2026-02-10 18:20:29,2026-02-10 18:21:29,FSSC审核岗,1,,应付成本组,自动派单,已派任务少（优先派）,2026-02-10 18:21:29,PC端,AUD03,审核员03,2026-02-10 19:00:29,同意,附件信息不一致,审核通过,38分56秒,7分28秒,0,,是,1,1,74秒,,0,,,1
费控服务,AP-2026-000964,2026-06-23,付款单,应付付款单（差旅费）,A02,示例集团·乙公司,MAK02,制单人02,,4,示例集团财务共享中心（本部）,财务共享,应付付款单（差旅费）,通用审批类,2026-01-23 15:27:26,2026-01-23 15:27:34,2026-01-23 15:29:34,FSSC审核岗,1,,应付成本组,自动派单,已派任务少（优先派）,2026-01-23 15:29:34,移动端,AUD06,审核员06,2026-01-23 18:14:34,同意,,审核通过,14分57秒,--,0,,是,1,1,252秒,,0,,,--
财务会计,AP-2026-000965,2026-03-12,付款单,应付付款单（差旅费）,A07,示例集团·庚公司,MAK06,制单人06,,5,示例集团财务共享中心（本部）,财务共享,应付付款单（差旅费）,通用审批类,2026-03-27 20:16:24,2026-03-27 20:16:36,2026-03-27 20:18:21,FSSC审核岗,1,,应付成本组,自动派单,已派任务少（优先派）,2026-03-27 20:18:21,PC端,AUD03,审核员03,2026-03-27 22:26:21,同意,,审核通过,29分8秒,--,0,,是,1,1,177秒,,0,,,--
财务会计,AP-2026-000966,2026-02-25,通用报销单,应付确认单（物料类）,A09,示例集团·壬公司,MAK12,制单人12,,2,示例集团财务共享中心（本部）,财务共享,应付确认单（物料类）,通用审批类,2026-06-06 08:55:50,2026-06-06 08:56:01,2026-06-06 08:56:34,FSSC审核岗,1,,应付成本组,自动派单,已派任务少（优先派）,2026-06-06 08:56:34,PC端,AUD05,审核员05,2026-06-06 10:43:34,驳回,其他,审核驳回,3分56秒,33分38秒,0,,是,2,1,263秒,驳回,1,制单人,制单人12,2
财务会计,AP-2026-000967,2026-04-14,付款单,应付付款单（材料采购）,A17,示例集团·子公司庚,MAK15,制单人15,,8,示例集团财务共享中心（本部）,财务共享,应付付款单（材料采购）,通用审批类,2026-06-21 13:45:21,2026-06-21 13:46:13,2026-06-21 13:47:32,FSSC审核岗,1,,应付成本组,自动派单,已派任务少（优先派）,2026-06-21 13:47:32,移动端,AUD06,审核员06,2026-06-21 15:23:32,同意,,审核通过,13分13秒,--,0,,是,1,1,85秒,,0,,,--
财务会计,AP-2026-000968,2026-06-17,通用报销单,应付付款单（服务费）,A03,示例集团·丙公司,MAK11,制单人11,,0,示例集团财务共享中心（本部）,财务共享,应付付款单（服务费）,通用审批类,2026-05-17 17:39:59,2026-05-17 17:40:39,2026-05-17 17:41:05,FSSC审核岗,1,,应付成本组,自动派单,已派任务少（优先派）,2026-05-17 17:41:05,PC端,AUD06,审核员06,2026-05-17 19:33:05,同意,,审核通过,30分46秒,--,0,,是,1,1,290秒,,0,,,--
财务会计,AP-2026-000969,2026-05-10,应付发票,其他专项付款单,A03,示例集团·丙公司,MAK16,制单人16,,3,示例集团财务共享中心（本部）,财务共享,其他专项付款单,通用审批类,2026-06-19 18:50:04,2026-06-19 18:50:35,2026-06-19 18:52:22,FSSC审核岗,1,,应付成本组,自动派单,已派任务少（优先派）,2026-06-19 18:52:22,PC端,AUD04,审核员04,2026-06-19 20:39:22,同意,,审核通过,21分53秒,--,0,,是,1,1,124秒,,0,,,--
财务会计,AP-2026-000970,2026-03-02,应付发票,应付付款单（材料采购）,A05,示例集团·戊公司,MAK05,制单人05,,3,示例集团财务共享中心（本部）,财务共享,应付付款单（材料采购）,通用审批类,2026-01-19 12:25:16,2026-01-19 12:25:17,2026-01-19 12:26:25,FSSC审核岗,1,,应付成本组,自动派单,已派任务少（优先派）,2026-01-19 12:26:25,PC端,AUD05,审核员05,2026-01-19 13:25:25,驳回,其他,审核驳回,26分0秒,5分51秒,0,,是,2,1,150秒,驳回,1,制单人,制单人05,2
费控服务,AP-2026-000971,2026-02-01,付款单,应付确认单（物料类）,A06,示例集团·己公司,MAK15,制单人15,,3,示例集团财务共享中心（本部）,财务共享,应付确认单（物料类）,通用审批类,2026-01-26 20:40:50,2026-01-26 20:41:10,2026-01-26 20:42:49,FSSC审核岗,1,,应付成本组,自动派单,已派任务少（优先派）,2026-01-26 20:42:49,PC端,AUD07,审核员07,2026-01-26 23:16:49,同意,,审核通过,35分42秒,--,0,,是,1,1,292秒,,0,,,--
财务会计,AP-2026-000972,2026-02-13,通用报销单,应付付款单（差旅费）,A03,示例集团·丙公司,MAK02,制单人02,,3,示例集团财务共享中心（本部）,财务共享,应付付款单（差旅费）,通用审批类,2026-05-06 16:41:12,2026-05-06 16:41:13,2026-05-06 16:42:41,FSSC审核岗,1,,应付成本组,自动派单,已派任务少（优先派）,2026-05-06 16:42:41,移动端,AUD02,审核员02,2026-05-06 18:32:41,驳回,附件不完整,审核驳回,31分1秒,17分10秒,0,,是,3,1,159秒,驳回,1,制单人,制单人02,3
财务会计,AP-2026-000973,2026-01-07,应付发票,应付付款单（材料采购）,A08,示例集团·辛公司,MAK07,制单人07,,2,示例集团财务共享中心（本部）,财务共享,应付付款单（材料采购）,通用审批类,2026-02-04 20:59:18,2026-02-04 20:59:38,2026-02-04 21:00:48,FSSC审核岗,1,,应付成本组,自动派单,已派任务少（优先派）,2026-02-04 21:00:48,PC端,AUD07,审核员07,2026-02-04 23:58:48,同意,,审核通过,8分54秒,--,0,,是,1,1,11秒,,0,,,--
费控服务,AP-2026-000974,2026-01-25,付款单,应付确认单（物料类）,A17,示例集团·子公司庚,MAK02,制单人02,,7,示例集团财务共享中心（本部）,财务共享,应付确认单（物料类）,通用审批类,2026-05-25 15:21:07,2026-05-25 15:21:40,2026-05-25 15:23:19,FSSC审核岗,1,,应付成本组,自动派单,已派任务少（优先派）,2026-05-25 15:23:19,PC端,AUD06,审核员06,2026-05-25 18:43:19,同意,,审核通过,40分17秒,--,0,,是,1,1,52秒,,0,,,--
财务会计,AP-2026-000975,2026-03-26,应付发票,其他专项付款单,A03,示例集团·丙公司,MAK02,制单人02,,2,示例集团财务共享中心（本部）,财务共享,其他专项付款单,通用审批类,2026-03-24 08:58:58,2026-03-24 08:59:38,2026-03-24 09:01:21,FSSC审核岗,1,,应付成本组,自动派单,已派任务少（优先派）,2026-03-24 09:01:21,移动端,AUD02,审核员02,2026-03-24 12:18:21,驳回,其他,审核驳回,10分21秒,35分12秒,0,,是,1,1,255秒,驳回,1,制单人,制单人02,1
财务会计,AP-2026-000976,2026-02-11,付款单,应付付款单（材料采购）,A20,示例集团·子公司癸,MAK13,制单人13,,7,示例集团财务共享中心（本部）,财务共享,应付付款单（材料采购）,通用审批类,2026-03-14 09:51:32,2026-03-14 09:52:22,2026-03-14 09:54:06,FSSC审核岗,1,,应付成本组,自动派单,已派任务少（优先派）,2026-03-14 09:54:06,移动端,AUD03,审核员03,2026-03-14 11:38:06,同意,,审核通过,38分47秒,--,0,,是,1,1,44秒,,0,,,--
财务会计,AP-2026-000977,2026-01-25,通用报销单,通用报销单（费用报销）,A18,示例集团·子公司辛,MAK12,制单人12,,0,示例集团财务共享中心（本部）,财务共享,通用报销单（费用报销）,通用审批类,2026-02-15 14:20:41,2026-02-15 14:21:05,2026-02-15 14:21:31,FSSC审核岗,1,,应付成本组,自动派单,已派任务少（优先派）,2026-02-15 14:21:31,PC端,AUD06,审核员06,2026-02-15 14:32:31,驳回,未关联合同,审核驳回,37分22秒,24分41秒,0,,是,1,1,183秒,驳回,1,制单人,制单人12,1
费控服务,AP-2026-000978,2026-02-28,通用报销单,应付付款单（差旅费）,A04,示例集团·丁公司,MAK14,制单人14,,8,示例集团财务共享中心（本部）,财务共享,应付付款单（差旅费）,通用审批类,2026-02-27 09:38:33,2026-02-27 09:39:09,2026-02-27 09:40:48,FSSC审核岗,1,,应付成本组,自动派单,已派任务少（优先派）,2026-02-27 09:40:48,移动端,AUD07,审核员07,2026-02-27 10:10:48,同意,,审核通过,36分46秒,--,0,,是,1,1,184秒,,0,,,--
费控服务,AP-2026-000979,2026-03-21,通用报销单,应付付款单（材料采购）,A01,示例集团·甲公司,MAK13,制单人13,,2,示例集团财务共享中心（本部）,财务共享,应付付款单（材料采购）,通用审批类,2026-04-18 14:18:02,2026-04-18 14:18:57,2026-04-18 14:19:11,FSSC审核岗,1,,应付成本组,自动派单,已派任务少（优先派）,2026-04-18 14:19:11,PC端,AUD06,审核员06,2026-04-18 14:34:11,同意,,审核通过,17分52秒,--,0,,是,1,1,204秒,,0,,,--
费控服务,AP-2026-000980,2026-01-03,应付发票,其他专项付款单,A20,示例集团·子公司癸,MAK05,制单人05,,1,示例集团财务共享中心（本部）,财务共享,其他专项付款单,通用审批类,2026-03-16 12:47:19,2026-03-16 12:47:46,2026-03-16 12:47:49,FSSC审核岗,1,,应付成本组,自动派单,已派任务少（优先派）,2026-03-16 12:47:49,PC端,AUD06,审核员06,2026-03-16 12:54:49,同意,,审核通过,9分59秒,--,0,,是,1,1,278秒,,0,,,--
财务会计,AP-2026-000981,2026-02-04,通用报销单,通用报销单（费用报销）,A07,示例集团·庚公司,MAK14,制单人14,,8,示例集团财务共享中心（本部）,财务共享,通用报销单（费用报销）,通用审批类,2026-01-11 09:11:36,2026-01-11 09:11:50,2026-01-11 09:13:05,FSSC审核岗,1,,应付成本组,自动派单,已派任务少（优先派）,2026-01-11 09:13:05,PC端,AUD03,审核员03,2026-01-11 09:34:05,同意,,审核通过,35分58秒,--,0,,是,1,1,50秒,,0,,,--
费控服务,AP-2026-000982,2026-03-23,通用报销单,应付付款单（服务费）,A11,示例集团·子公司甲,MAK09,制单人09,,6,示例集团财务共享中心（本部）,财务共享,应付付款单（服务费）,通用审批类,2026-04-18 18:19:06,2026-04-18 18:20:04,2026-04-18 18:20:56,FSSC审核岗,1,,应付成本组,自动派单,已派任务少（优先派）,2026-04-18 18:20:56,移动端,AUD05,审核员05,2026-04-18 21:33:56,同意,,审核通过,6分42秒,--,0,,是,1,1,180秒,,0,,,--
财务会计,AP-2026-000983,2026-05-19,付款单,其他专项付款单,A03,示例集团·丙公司,MAK01,制单人01,,8,示例集团财务共享中心（本部）,财务共享,其他专项付款单,通用审批类,2026-04-16 08:30:51,2026-04-16 08:31:15,2026-04-16 08:32:07,FSSC审核岗,1,,应付成本组,自动派单,已派任务少（优先派）,2026-04-16 08:32:07,PC端,AUD01,审核员01,2026-04-16 10:51:07,同意,,审核通过,16分5秒,--,0,,是,1,1,181秒,,0,,,--
财务会计,AP-2026-000984,2026-04-28,通用报销单,其他专项付款单,A02,示例集团·乙公司,MAK11,制单人11,,8,示例集团财务共享中心（本部）,财务共享,其他专项付款单,通用审批类,2026-05-01 15:13:46,2026-05-01 15:14:32,2026-05-01 15:14:49,FSSC审核岗,1,,应付成本组,自动派单,已派任务少（优先派）,2026-05-01 15:14:49,PC端,AUD04,审核员04,2026-05-01 15:58:49,同意,,审核通过,16分26秒,--,0,,是,1,1,12秒,,0,,,--
费控服务,AP-2026-000985,2026-06-24,通用报销单,其他专项付款单,A08,示例集团·辛公司,MAK15,制单人15,,8,示例集团财务共享中心（本部）,财务共享,其他专项付款单,通用审批类,2026-03-16 16:15:03,2026-03-16 16:15:31,2026-03-16 16:15:59,FSSC审核岗,1,,应付成本组,自动派单,已派任务少（优先派）,2026-03-16 16:15:59,PC端,AUD05,审核员05,2026-03-16 18:52:59,同意,,审核通过,19分22秒,--,0,,是,1,1,79秒,,0,,,--
财务会计,AP-2026-000986,2026-01-10,应付发票,应付付款单（服务费）,A04,示例集团·丁公司,MAK10,制单人10,,6,示例集团财务共享中心（本部）,财务共享,应付付款单（服务费）,通用审批类,2026-01-28 09:45:26,2026-01-28 09:45:43,2026-01-28 09:47:06,FSSC审核岗,1,,应付成本组,自动派单,已派任务少（优先派）,2026-01-28 09:47:06,PC端,AUD07,审核员07,2026-01-28 12:22:06,同意,,审核通过,38分12秒,--,0,,是,1,1,139秒,,0,,,--
财务会计,AP-2026-000987,2026-02-19,通用报销单,应付付款单（服务费）,A08,示例集团·辛公司,MAK10,制单人10,,2,示例集团财务共享中心（本部）,财务共享,应付付款单（服务费）,通用审批类,2026-02-05 19:02:14,2026-02-05 19:02:30,2026-02-05 19:04:06,FSSC审核岗,1,,应付成本组,自动派单,已派任务少（优先派）,2026-02-05 19:04:06,PC端,AUD06,审核员06,2026-02-05 19:16:06,同意,,审核通过,14分17秒,--,0,,是,1,1,67秒,,0,,,--
财务会计,AP-2026-000988,2026-02-27,付款单,应付付款单（服务费）,A06,示例集团·己公司,MAK11,制单人11,,5,示例集团财务共享中心（本部）,财务共享,应付付款单（服务费）,通用审批类,2026-02-04 13:13:28,2026-02-04 13:13:38,2026-02-04 13:13:57,FSSC审核岗,1,,应付成本组,自动派单,已派任务少（优先派）,2026-02-04 13:13:57,PC端,AUD06,审核员06,2026-02-04 16:19:57,同意,,审核通过,21分26秒,--,0,,是,1,1,203秒,,0,,,--
费控服务,AP-2026-000989,2026-05-07,应付发票,应付付款单（差旅费）,A08,示例集团·辛公司,MAK11,制单人11,,4,示例集团财务共享中心（本部）,财务共享,应付付款单（差旅费）,通用审批类,2026-02-13 13:12:55,2026-02-13 13:13:38,2026-02-13 13:15:28,FSSC审核岗,1,,应付成本组,自动派单,已派任务少（优先派）,2026-02-13 13:15:28,PC端,AUD04,审核员04,2026-02-13 16:05:28,同意,,审核通过,28分3秒,--,0,,是,1,1,139秒,,0,,,--
财务会计,AP-2026-000990,2026-05-27,付款单,通用报销单（费用报销）,A01,示例集团·甲公司,MAK08,制单人08,,6,示例集团财务共享中心（本部）,财务共享,通用报销单（费用报销）,通用审批类,2026-06-17 12:13:26,2026-06-17 12:13:34,2026-06-17 12:15:27,FSSC审核岗,1,,应付成本组,自动派单,已派任务少（优先派）,2026-06-17 12:15:27,移动端,AUD01,审核员01,2026-06-17 13:29:27,同意,,审核通过,1分30秒,--,0,,是,1,1,281秒,,0,,,--
财务会计,AP-2026-000991,2026-01-08,付款单,应付付款单（材料采购）,A01,示例集团·甲公司,MAK08,制单人08,,2,示例集团财务共享中心（本部）,财务共享,应付付款单（材料采购）,通用审批类,2026-05-28 12:53:30,2026-05-28 12:53:55,2026-05-28 12:54:30,FSSC审核岗,1,,应付成本组,自动派单,已派任务少（优先派）,2026-05-28 12:54:30,PC端,AUD03,审核员03,2026-05-28 13:36:30,同意,,审核通过,2分49秒,--,0,,是,1,1,130秒,,0,,,--
财务会计,AP-2026-000992,2026-06-18,应付发票,通用报销单（费用报销）,A07,示例集团·庚公司,MAK07,制单人07,,8,示例集团财务共享中心（本部）,财务共享,通用报销单（费用报销）,通用审批类,2026-03-05 09:17:46,2026-03-05 09:18:10,2026-03-05 09:19:17,FSSC审核岗,1,,应付成本组,自动派单,已派任务少（优先派）,2026-03-05 09:19:17,PC端,AUD07,审核员07,2026-03-05 10:25:17,同意,,审核通过,20分47秒,--,0,,是,1,1,216秒,,0,,,--
费控服务,AP-2026-000993,2026-06-08,通用报销单,通用报销单（费用报销）,A01,示例集团·甲公司,MAK10,制单人10,,2,示例集团财务共享中心（本部）,财务共享,通用报销单（费用报销）,通用审批类,2026-06-08 20:42:59,2026-06-08 20:43:35,2026-06-08 20:45:25,FSSC审核岗,1,,应付成本组,自动派单,已派任务少（优先派）,2026-06-08 20:45:25,移动端,AUD07,审核员07,2026-06-08 23:23:25,同意,,审核通过,32分33秒,--,0,,是,1,1,11秒,,0,,,--
财务会计,AP-2026-000994,2026-04-25,付款单,应付付款单（材料采购）,A02,示例集团·乙公司,MAK01,制单人01,,4,示例集团财务共享中心（本部）,财务共享,应付付款单（材料采购）,通用审批类,2026-03-11 08:30:12,2026-03-11 08:30:24,2026-03-11 08:30:38,FSSC审核岗,1,,应付成本组,自动派单,已派任务少（优先派）,2026-03-11 08:30:38,PC端,AUD06,审核员06,2026-03-11 11:38:38,同意,,审核通过,18分37秒,--,0,,是,1,1,112秒,,0,,,--
财务会计,AP-2026-000995,2026-01-19,付款单,其他专项付款单,A07,示例集团·庚公司,MAK11,制单人11,,5,示例集团财务共享中心（本部）,财务共享,其他专项付款单,通用审批类,2026-02-13 15:39:12,2026-02-13 15:40:09,2026-02-13 15:40:41,FSSC审核岗,1,,应付成本组,自动派单,已派任务少（优先派）,2026-02-13 15:40:41,移动端,AUD07,审核员07,2026-02-13 17:04:41,驳回,附件信息不一致,审核驳回,31分48秒,22分31秒,0,,是,2,1,126秒,驳回,1,前端单位,示例集团·庚公司,2
财务会计,AP-2026-000996,2026-03-04,通用报销单,应付付款单（服务费）,A04,示例集团·丁公司,MAK09,制单人09,,1,示例集团财务共享中心（本部）,财务共享,应付付款单（服务费）,通用审批类,2026-01-08 14:55:02,2026-01-08 14:55:16,2026-01-08 14:56:16,FSSC审核岗,1,,应付成本组,自动派单,已派任务少（优先派）,2026-01-08 14:56:16,PC端,AUD05,审核员05,2026-01-08 16:42:16,同意,,审核通过,36分28秒,--,0,,是,1,1,79秒,,0,,,--
财务会计,AP-2026-000997,2026-01-02,付款单,其他专项付款单,A02,示例集团·乙公司,MAK04,制单人04,,3,示例集团财务共享中心（本部）,财务共享,其他专项付款单,通用审批类,2026-04-19 14:07:17,2026-04-19 14:07:59,2026-04-19 14:09:15,FSSC审核岗,1,,应付成本组,自动派单,已派任务少（优先派）,2026-04-19 14:09:15,PC端,AUD03,审核员03,2026-04-19 16:05:15,同意,,审核通过,40分7秒,--,0,,是,1,1,57秒,,0,,,--
财务会计,AP-2026-000998,2026-02-21,应付发票,通用报销单（费用报销）,A11,示例集团·子公司甲,MAK13,制单人13,,7,示例集团财务共享中心（本部）,财务共享,通用报销单（费用报销）,通用审批类,2026-03-16 19:17:34,2026-03-16 19:17:45,2026-03-16 19:19:10,FSSC审核岗,1,,应付成本组,自动派单,已派任务少（优先派）,2026-03-16 19:19:10,PC端,AUD04,审核员04,2026-03-16 22:33:10,同意,附件不完整,审核通过,14分50秒,22分6秒,0,,是,1,1,55秒,,0,,,1
财务会计,AP-2026-000999,2026-06-01,通用报销单,其他专项付款单,A05,示例集团·戊公司,MAK04,制单人04,,0,示例集团财务共享中心（本部）,财务共享,其他专项付款单,通用审批类,2026-04-12 20:28:35,2026-04-12 20:29:20,2026-04-12 20:29:42,FSSC审核岗,1,,应付成本组,自动派单,已派任务少（优先派）,2026-04-12 20:29:42,PC端,AUD05,审核员05,2026-04-12 20:36:42,同意,,审核通过,18分12秒,--,0,,是,1,1,98秒,,0,,,--
财务会计,AP-2026-001000,2026-04-06,付款单,应付确认单（物料类）,A11,示例集团·子公司甲,MAK04,制单人04,,1,示例集团财务共享中心（本部）,财务共享,应付确认单（物料类）,通用审批类,2026-03-07 10:18:29,2026-03-07 10:18:33,2026-03-07 10:19:58,FSSC审核岗,1,,应付成本组,自动派单,已派任务少（优先派）,2026-03-07 10:19:58,PC端,AUD01,审核员01,2026-03-07 12:15:58,同意,,审核通过,14分23秒,--,0,,是,1,1,163秒,,0,,,--
财务会计,AP-2026-001001,2026-01-27,通用报销单,其他专项付款单,A12,示例集团·子公司乙,MAK07,制单人07,,1,示例集团财务共享中心（本部）,财务共享,其他专项付款单,通用审批类,2026-03-01 10:23:02,2026-03-01 10:23:37,2026-03-01 10:24:00,FSSC审核岗,1,,应付成本组,自动派单,已派任务少（优先派）,2026-03-01 10:24:00,PC端,AUD05,审核员05,2026-03-01 13:20:00,同意,,审核通过,11分13秒,--,0,,是,1,1,47秒,,0,,,--
财务会计,AP-2026-001002,2026-05-27,应付发票,应付付款单（服务费）,A02,示例集团·乙公司,MAK02,制单人02,,5,示例集团财务共享中心（本部）,财务共享,应付付款单（服务费）,通用审批类,2026-05-17 19:35:56,2026-05-17 19:36:40,2026-05-17 19:37:48,FSSC审核岗,1,,应付成本组,自动派单,已派任务少（优先派）,2026-05-17 19:37:48,PC端,AUD02,审核员02,2026-05-17 22:09:48,同意,,审核通过,29分10秒,--,0,,是,1,1,282秒,,0,,,--
财务会计,AP-2026-001003,2026-06-06,通用报销单,应付付款单（差旅费）,A08,示例集团·辛公司,MAK04,制单人04,,3,示例集团财务共享中心（本部）,财务共享,应付付款单（差旅费）,通用审批类,2026-03-15 12:20:16,2026-03-15 12:20:55,2026-03-15 12:21:23,FSSC审核岗,1,,应付成本组,自动派单,已派任务少（优先派）,2026-03-15 12:21:23,PC端,AUD04,审核员04,2026-03-15 15:29:23,同意,,审核通过,26分18秒,--,0,,是,1,1,202秒,,0,,,--
财务会计,AP-2026-001004,2026-01-19,付款单,通用报销单（费用报销）,A10,示例集团·癸公司,MAK08,制单人08,,2,示例集团财务共享中心（本部）,财务共享,通用报销单（费用报销）,通用审批类,2026-05-05 08:14:47,2026-05-05 08:15:32,2026-05-05 08:16:41,FSSC审核岗,1,,应付成本组,自动派单,已派任务少（优先派）,2026-05-05 08:16:41,移动端,AUD01,审核员01,2026-05-05 08:45:41,同意,,审核通过,4分33秒,--,0,,是,1,1,102秒,,0,,,--
财务会计,AP-2026-001005,2026-02-02,应付发票,应付确认单（物料类）,A06,示例集团·己公司,MAK04,制单人04,,4,示例集团财务共享中心（本部）,财务共享,应付确认单（物料类）,通用审批类,2026-03-18 09:15:34,2026-03-18 09:16:10,2026-03-18 09:16:21,FSSC审核岗,1,,应付成本组,自动派单,已派任务少（优先派）,2026-03-18 09:16:21,移动端,AUD01,审核员01,2026-03-18 10:43:21,同意,,审核通过,22分35秒,--,0,,是,1,1,79秒,,0,,,--
财务会计,AP-2026-001006,2026-06-27,应付发票,应付确认单（物料类）,A12,示例集团·子公司乙,MAK01,制单人01,,8,示例集团财务共享中心（本部）,财务共享,应付确认单（物料类）,通用审批类,2026-06-26 11:44:40,2026-06-26 11:44:46,2026-06-26 11:45:53,FSSC审核岗,1,,应付成本组,自动派单,已派任务少（优先派）,2026-06-26 11:45:53,PC端,AUD04,审核员04,2026-06-26 12:23:53,同意,,审核通过,6分47秒,--,0,,是,1,1,174秒,,0,,,--
财务会计,AP-2026-001007,2026-06-11,付款单,应付付款单（差旅费）,A05,示例集团·戊公司,MAK11,制单人11,,1,示例集团财务共享中心（本部）,财务共享,应付付款单（差旅费）,通用审批类,2026-06-01 20:01:49,2026-06-01 20:02:32,2026-06-01 20:04:01,FSSC审核岗,1,,应付成本组,自动派单,已派任务少（优先派）,2026-06-01 20:04:01,PC端,AUD07,审核员07,2026-06-01 20:11:01,同意,,审核通过,21分10秒,--,0,,是,1,1,51秒,,0,,,--
财务会计,AP-2026-001008,2026-05-04,应付发票,其他专项付款单,A01,示例集团·甲公司,MAK04,制单人04,,2,示例集团财务共享中心（本部）,财务共享,其他专项付款单,通用审批类,2026-04-18 18:23:03,2026-04-18 18:23:54,2026-04-18 18:25:15,FSSC审核岗,1,,应付成本组,自动派单,已派任务少（优先派）,2026-04-18 18:25:15,移动端,AUD07,审核员07,2026-04-18 21:37:15,同意,未关联合同,审核通过,23分20秒,8分50秒,0,,是,1,1,268秒,,0,,,1
财务会计,AP-2026-001009,2026-03-03,付款单,应付付款单（材料采购）,A07,示例集团·庚公司,MAK13,制单人13,,2,示例集团财务共享中心（本部）,财务共享,应付付款单（材料采购）,通用审批类,2026-02-20 18:36:34,2026-02-20 18:37:05,2026-02-20 18:37:42,FSSC审核岗,1,,应付成本组,自动派单,已派任务少（优先派）,2026-02-20 18:37:42,PC端,AUD02,审核员02,2026-02-20 20:43:42,同意,,审核通过,12分52秒,--,0,,是,1,1,157秒,,0,,,--
财务会计,AP-2026-001010,2026-04-16,应付发票,应付付款单（服务费）,A05,示例集团·戊公司,MAK13,制单人13,,5,示例集团财务共享中心（本部）,财务共享,应付付款单（服务费）,通用审批类,2026-01-15 08:02:38,2026-01-15 08:02:42,2026-01-15 08:02:43,FSSC审核岗,1,,应付成本组,自动派单,已派任务少（优先派）,2026-01-15 08:02:43,移动端,AUD03,审核员03,2026-01-15 10:52:43,同意,,审核通过,22分5秒,--,0,,是,1,1,195秒,,0,,,--
费控服务,AP-2026-001011,2026-03-13,应付发票,应付付款单（材料采购）,A09,示例集团·壬公司,MAK05,制单人05,,4,示例集团财务共享中心（本部）,财务共享,应付付款单（材料采购）,通用审批类,2026-01-14 10:51:17,2026-01-14 10:51:50,2026-01-14 10:52:20,FSSC审核岗,1,,应付成本组,自动派单,已派任务少（优先派）,2026-01-14 10:52:20,移动端,AUD02,审核员02,2026-01-14 12:15:20,同意,附件不完整,审核通过,11分50秒,3分35秒,0,,是,1,1,30秒,,0,,,1
财务会计,AP-2026-001012,2026-06-14,付款单,应付付款单（服务费）,A07,示例集团·庚公司,MAK01,制单人01,,8,示例集团财务共享中心（本部）,财务共享,应付付款单（服务费）,通用审批类,2026-03-18 15:39:22,2026-03-18 15:40:13,2026-03-18 15:40:16,FSSC审核岗,1,,应付成本组,自动派单,已派任务少（优先派）,2026-03-18 15:40:16,移动端,AUD02,审核员02,2026-03-18 18:58:16,同意,,审核通过,12分8秒,--,0,,是,1,1,43秒,,0,,,--
费控服务,AP-2026-001013,2026-06-28,通用报销单,应付付款单（服务费）,A01,示例集团·甲公司,MAK13,制单人13,,4,示例集团财务共享中心（本部）,财务共享,应付付款单（服务费）,通用审批类,2026-02-17 09:56:35,2026-02-17 09:57:34,2026-02-17 09:58:42,FSSC审核岗,1,,应付成本组,自动派单,已派任务少（优先派）,2026-02-17 09:58:42,PC端,AUD07,审核员07,2026-02-17 13:08:42,驳回,特殊原因,审核驳回,12分35秒,--,0,,是,3,1,265秒,驳回,1,制单人,制单人13,3
财务会计,AP-2026-001014,2026-04-23,付款单,应付确认单（物料类）,A13,示例集团·子公司丙,MAK04,制单人04,,6,示例集团财务共享中心（本部）,财务共享,应付确认单（物料类）,通用审批类,2026-05-21 09:25:17,2026-05-21 09:25:33,2026-05-21 09:25:53,FSSC审核岗,1,,应付成本组,自动派单,已派任务少（优先派）,2026-05-21 09:25:53,PC端,AUD02,审核员02,2026-05-21 12:18:53,驳回,附件不完整,审核驳回,40分43秒,11分33秒,0,,是,3,1,167秒,驳回,1,前端单位,示例集团·子公司丙,3
财务会计,AP-2026-001015,2026-01-14,付款单,应付付款单（材料采购）,A04,示例集团·丁公司,MAK03,制单人03,,4,示例集团财务共享中心（本部）,财务共享,应付付款单（材料采购）,通用审批类,2026-05-12 19:46:54,2026-05-12 19:47:28,2026-05-12 19:48:24,FSSC审核岗,1,,应付成本组,自动派单,已派任务少（优先派）,2026-05-12 19:48:24,移动端,AUD02,审核员02,2026-05-12 20:43:24,同意,,审核通过,6分29秒,--,0,,是,1,1,30秒,,0,,,--
费控服务,AP-2026-001016,2026-06-13,付款单,应付付款单（差旅费）,A11,示例集团·子公司甲,MAK05,制单人05,,5,示例集团财务共享中心（本部）,财务共享,应付付款单（差旅费）,通用审批类,2026-05-12 20:18:55,2026-05-12 20:19:51,2026-05-12 20:19:57,FSSC审核岗,1,,应付成本组,自动派单,已派任务少（优先派）,2026-05-12 20:19:57,PC端,AUD07,审核员07,2026-05-12 21:07:57,同意,,审核通过,22分34秒,--,0,,是,1,1,105秒,,0,,,--
财务会计,AP-2026-001017,2026-06-01,通用报销单,其他专项付款单,A03,示例集团·丙公司,MAK16,制单人16,,8,示例集团财务共享中心（本部）,财务共享,其他专项付款单,通用审批类,2026-02-13 12:26:50,2026-02-13 12:27:08,2026-02-13 12:28:59,FSSC审核岗,1,,应付成本组,自动派单,已派任务少（优先派）,2026-02-13 12:28:59,PC端,AUD07,审核员07,2026-02-13 13:43:59,同意,,审核通过,33分58秒,--,0,,是,1,1,21秒,,0,,,--
财务会计,AP-2026-001018,2026-02-18,付款单,其他专项付款单,A10,示例集团·癸公司,MAK12,制单人12,,5,示例集团财务共享中心（本部）,财务共享,其他专项付款单,通用审批类,2026-04-06 12:21:46,2026-04-06 12:21:55,2026-04-06 12:22:55,FSSC审核岗,1,,应付成本组,自动派单,已派任务少（优先派）,2026-04-06 12:22:55,PC端,AUD03,审核员03,2026-04-06 14:59:55,同意,,审核通过,3分18秒,--,0,,是,1,1,39秒,,0,,,--
费控服务,AP-2026-001019,2026-03-07,通用报销单,应付付款单（服务费）,A20,示例集团·子公司癸,MAK05,制单人05,,3,示例集团财务共享中心（本部）,财务共享,应付付款单（服务费）,通用审批类,2026-02-12 11:53:33,2026-02-12 11:53:50,2026-02-12 11:55:06,FSSC审核岗,1,,应付成本组,自动派单,已派任务少（优先派）,2026-02-12 11:55:06,PC端,AUD02,审核员02,2026-02-12 13:16:06,同意,,审核通过,10分51秒,--,0,,是,1,1,62秒,,0,,,--
财务会计,AP-2026-001020,2026-04-15,通用报销单,应付付款单（服务费）,A01,示例集团·甲公司,MAK12,制单人12,,3,示例集团财务共享中心（本部）,财务共享,应付付款单（服务费）,通用审批类,2026-01-04 16:03:38,2026-01-04 16:03:51,2026-01-04 16:04:22,FSSC审核岗,1,,应付成本组,自动派单,已派任务少（优先派）,2026-01-04 16:04:22,PC端,AUD04,审核员04,2026-01-04 18:36:22,驳回,附件不完整,审核驳回,32分13秒,21分14秒,0,,是,3,1,30秒,驳回,1,前端单位,示例集团·甲公司,3
费控服务,AP-2026-001021,2026-01-03,付款单,应付付款单（材料采购）,A13,示例集团·子公司丙,MAK14,制单人14,,8,示例集团财务共享中心（本部）,财务共享,应付付款单（材料采购）,通用审批类,2026-01-17 15:48:20,2026-01-17 15:48:45,2026-01-17 15:48:58,FSSC审核岗,1,,应付成本组,自动派单,已派任务少（优先派）,2026-01-17 15:48:58,移动端,AUD06,审核员06,2026-01-17 17:47:58,同意,,审核通过,34分57秒,--,0,,是,1,1,14秒,,0,,,--
费控服务,AP-2026-001022,2026-02-26,付款单,应付付款单（材料采购）,A01,示例集团·甲公司,MAK03,制单人03,,6,示例集团财务共享中心（本部）,财务共享,应付付款单（材料采购）,通用审批类,2026-04-11 20:26:07,2026-04-11 20:26:43,2026-04-11 20:27:00,FSSC审核岗,1,,应付成本组,自动派单,已派任务少（优先派）,2026-04-11 20:27:00,PC端,AUD06,审核员06,2026-04-11 23:00:00,同意,附件不完整,审核通过,22分30秒,32分16秒,0,,是,1,1,155秒,,0,,,1
费控服务,AP-2026-001023,2026-04-14,应付发票,应付付款单（差旅费）,A11,示例集团·子公司甲,MAK10,制单人10,,4,示例集团财务共享中心（本部）,财务共享,应付付款单（差旅费）,通用审批类,2026-06-22 11:25:23,2026-06-22 11:26:03,2026-06-22 11:27:45,FSSC审核岗,1,,应付成本组,自动派单,已派任务少（优先派）,2026-06-22 11:27:45,移动端,AUD07,审核员07,2026-06-22 12:56:45,同意,,审核通过,39分4秒,--,0,,是,1,1,73秒,,0,,,--
财务会计,AP-2026-001024,2026-02-04,通用报销单,应付付款单（服务费）,A13,示例集团·子公司丙,MAK11,制单人11,,6,示例集团财务共享中心（本部）,财务共享,应付付款单（服务费）,通用审批类,2026-05-08 14:33:30,2026-05-08 14:33:52,2026-05-08 14:35:40,FSSC审核岗,1,,应付成本组,自动派单,已派任务少（优先派）,2026-05-08 14:35:40,移动端,AUD05,审核员05,2026-05-08 14:42:40,同意,,审核通过,13分10秒,--,0,,是,1,1,90秒,,0,,,--
财务会计,AP-2026-001025,2026-01-03,付款单,应付付款单（服务费）,A16,示例集团·子公司己,MAK10,制单人10,,4,示例集团财务共享中心（本部）,财务共享,应付付款单（服务费）,通用审批类,2026-05-11 13:26:04,2026-05-11 13:26:10,2026-05-11 13:26:43,FSSC审核岗,1,,应付成本组,自动派单,已派任务少（优先派）,2026-05-11 13:26:43,移动端,AUD04,审核员04,2026-05-11 13:36:43,同意,,审核通过,9分33秒,--,0,,是,1,1,284秒,,0,,,--
财务会计,AP-2026-001026,2026-05-21,通用报销单,应付付款单（服务费）,A04,示例集团·丁公司,MAK12,制单人12,,8,示例集团财务共享中心（本部）,财务共享,应付付款单（服务费）,通用审批类,2026-06-11 11:31:59,2026-06-11 11:32:25,2026-06-11 11:33:20,FSSC审核岗,1,,应付成本组,自动派单,已派任务少（优先派）,2026-06-11 11:33:20,PC端,AUD06,审核员06,2026-06-11 13:25:20,同意,,审核通过,7分7秒,--,0,,是,1,1,75秒,,0,,,--
费控服务,AP-2026-001027,2026-01-07,付款单,通用报销单（费用报销）,A04,示例集团·丁公司,MAK14,制单人14,,6,示例集团财务共享中心（本部）,财务共享,通用报销单（费用报销）,通用审批类,2026-03-07 13:24:25,2026-03-07 13:25:22,2026-03-07 13:26:40,FSSC审核岗,1,,应付成本组,自动派单,已派任务少（优先派）,2026-03-07 13:26:40,PC端,AUD07,审核员07,2026-03-07 13:49:40,同意,,审核通过,10分43秒,--,0,,是,1,1,243秒,,0,,,--
费控服务,AP-2026-001028,2026-05-06,应付发票,应付付款单（材料采购）,A01,示例集团·甲公司,MAK16,制单人16,,7,示例集团财务共享中心（本部）,财务共享,应付付款单（材料采购）,通用审批类,2026-05-11 13:03:52,2026-05-11 13:04:20,2026-05-11 13:05:26,FSSC审核岗,1,,应付成本组,自动派单,已派任务少（优先派）,2026-05-11 13:05:26,PC端,AUD02,审核员02,2026-05-11 15:26:26,同意,,审核通过,32分27秒,--,0,,是,1,1,297秒,,0,,,--
财务会计,AP-2026-001029,2026-03-17,通用报销单,应付确认单（物料类）,A07,示例集团·庚公司,MAK03,制单人03,,3,示例集团财务共享中心（本部）,财务共享,应付确认单（物料类）,通用审批类,2026-01-02 09:15:19,2026-01-02 09:16:17,2026-01-02 09:17:28,FSSC审核岗,1,,应付成本组,自动派单,已派任务少（优先派）,2026-01-02 09:17:28,移动端,AUD02,审核员02,2026-01-02 09:19:28,同意,,审核通过,22分19秒,--,0,,是,1,1,131秒,,0,,,--
费控服务,AP-2026-001030,2026-04-17,应付发票,通用报销单（费用报销）,A05,示例集团·戊公司,MAK11,制单人11,,5,示例集团财务共享中心（本部）,财务共享,通用报销单（费用报销）,通用审批类,2026-02-07 11:41:23,2026-02-07 11:42:03,2026-02-07 11:43:36,FSSC审核岗,1,,应付成本组,自动派单,已派任务少（优先派）,2026-02-07 11:43:36,PC端,AUD04,审核员04,2026-02-07 12:15:36,驳回,附件不完整,审核驳回,29分44秒,39分52秒,0,,是,3,1,34秒,驳回,1,制单人,制单人11,3
费控服务,AP-2026-001031,2026-06-03,应付发票,应付付款单（服务费）,A05,示例集团·戊公司,MAK16,制单人16,,6,示例集团财务共享中心（本部）,财务共享,应付付款单（服务费）,通用审批类,2026-06-19 10:59:01,2026-06-19 10:59:47,2026-06-19 11:00:45,FSSC审核岗,1,,应付成本组,自动派单,已派任务少（优先派）,2026-06-19 11:00:45,PC端,AUD05,审核员05,2026-06-19 12:06:45,同意,,审核通过,40分36秒,--,0,,是,1,1,202秒,,0,,,--
财务会计,AP-2026-001032,2026-06-21,应付发票,应付付款单（服务费）,A13,示例集团·子公司丙,MAK11,制单人11,,4,示例集团财务共享中心（本部）,财务共享,应付付款单（服务费）,通用审批类,2026-01-24 19:43:43,2026-01-24 19:44:32,2026-01-24 19:46:22,FSSC审核岗,1,,应付成本组,自动派单,已派任务少（优先派）,2026-01-24 19:46:22,移动端,AUD06,审核员06,2026-01-24 21:43:22,驳回,业务类型填写错误,审核驳回,10分34秒,38分24秒,0,,是,3,1,137秒,驳回,1,制单人,制单人11,3
财务会计,AP-2026-001033,2026-01-25,付款单,应付付款单（服务费）,A02,示例集团·乙公司,MAK10,制单人10,,3,示例集团财务共享中心（本部）,财务共享,应付付款单（服务费）,通用审批类,2026-04-19 17:50:54,2026-04-19 17:51:07,2026-04-19 17:51:30,FSSC审核岗,1,,应付成本组,自动派单,已派任务少（优先派）,2026-04-19 17:51:30,移动端,AUD03,审核员03,2026-04-19 18:40:30,同意,,审核通过,19分49秒,--,0,,是,1,1,82秒,,0,,,--
财务会计,AP-2026-001034,2026-04-02,通用报销单,通用报销单（费用报销）,A10,示例集团·癸公司,MAK07,制单人07,,0,示例集团财务共享中心（本部）,财务共享,通用报销单（费用报销）,通用审批类,2026-01-01 16:30:09,2026-01-01 16:30:35,2026-01-01 16:31:57,FSSC审核岗,1,,应付成本组,自动派单,已派任务少（优先派）,2026-01-01 16:31:57,PC端,AUD04,审核员04,2026-01-01 17:02:57,同意,,审核通过,29分11秒,--,0,,是,1,1,120秒,,0,,,--
财务会计,AP-2026-001035,2026-01-17,通用报销单,应付付款单（差旅费）,A03,示例集团·丙公司,MAK16,制单人16,,8,示例集团财务共享中心（本部）,财务共享,应付付款单（差旅费）,通用审批类,2026-01-22 18:38:58,2026-01-22 18:39:22,2026-01-22 18:40:46,FSSC审核岗,1,,应付成本组,自动派单,已派任务少（优先派）,2026-01-22 18:40:46,PC端,AUD06,审核员06,2026-01-22 19:43:46,同意,,审核通过,2分53秒,--,0,,是,1,1,155秒,,0,,,--
财务会计,AP-2026-001036,2026-01-22,付款单,应付付款单（材料采购）,A12,示例集团·子公司乙,MAK15,制单人15,,6,示例集团财务共享中心（本部）,财务共享,应付付款单（材料采购）,通用审批类,2026-01-23 17:39:27,2026-01-23 17:39:49,2026-01-23 17:39:53,FSSC审核岗,1,,应付成本组,自动派单,已派任务少（优先派）,2026-01-23 17:39:53,移动端,AUD07,审核员07,2026-01-23 20:00:53,同意,,审核通过,38分48秒,--,0,,是,1,1,193秒,,0,,,--
财务会计,AP-2026-001037,2026-01-03,付款单,应付确认单（物料类）,A06,示例集团·己公司,MAK03,制单人03,,6,示例集团财务共享中心（本部）,财务共享,应付确认单（物料类）,通用审批类,2026-01-19 14:22:26,2026-01-19 14:23:07,2026-01-19 14:23:17,FSSC审核岗,1,,应付成本组,自动派单,已派任务少（优先派）,2026-01-19 14:23:17,移动端,AUD05,审核员05,2026-01-19 15:19:17,驳回,附件不完整,审核驳回,7分43秒,--,0,,是,2,1,84秒,驳回,1,前端单位,示例集团·己公司,2
财务会计,AP-2026-001038,2026-01-11,通用报销单,应付确认单（物料类）,A10,示例集团·癸公司,MAK13,制单人13,,4,示例集团财务共享中心（本部）,财务共享,应付确认单（物料类）,通用审批类,2026-03-27 11:49:17,2026-03-27 11:49:43,2026-03-27 11:50:53,FSSC审核岗,1,,应付成本组,自动派单,已派任务少（优先派）,2026-03-27 11:50:53,PC端,AUD03,审核员03,2026-03-27 12:29:53,同意,,审核通过,33分17秒,--,0,,是,1,1,30秒,,0,,,--
财务会计,AP-2026-001039,2026-01-25,付款单,其他专项付款单,A12,示例集团·子公司乙,MAK14,制单人14,,1,示例集团财务共享中心（本部）,财务共享,其他专项付款单,通用审批类,2026-05-22 16:27:38,2026-05-22 16:28:04,2026-05-22 16:30:01,FSSC审核岗,1,,应付成本组,自动派单,已派任务少（优先派）,2026-05-22 16:30:01,移动端,AUD02,审核员02,2026-05-22 18:10:01,驳回,未关联合同,审核驳回,25分32秒,6分42秒,0,,是,1,1,108秒,驳回,1,制单人,制单人14,1
财务会计,AP-2026-001040,2026-06-28,应付发票,应付付款单（服务费）,A11,示例集团·子公司甲,MAK06,制单人06,,5,示例集团财务共享中心（本部）,财务共享,应付付款单（服务费）,通用审批类,2026-02-13 16:03:39,2026-02-13 16:04:21,2026-02-13 16:04:57,FSSC审核岗,1,,应付成本组,自动派单,已派任务少（优先派）,2026-02-13 16:04:57,PC端,AUD07,审核员07,2026-02-13 16:25:57,同意,,审核通过,4分29秒,--,0,,是,1,1,218秒,,0,,,--
费控服务,AP-2026-001041,2026-03-28,付款单,应付付款单（服务费）,A10,示例集团·癸公司,MAK14,制单人14,,7,示例集团财务共享中心（本部）,财务共享,应付付款单（服务费）,通用审批类,2026-03-14 18:09:03,2026-03-14 18:09:50,2026-03-14 18:10:38,FSSC审核岗,1,,应付成本组,自动派单,已派任务少（优先派）,2026-03-14 18:10:38,PC端,AUD04,审核员04,2026-03-14 19:07:38,同意,,审核通过,29分28秒,--,0,,是,1,1,154秒,,0,,,--
费控服务,AP-2026-001042,2026-06-05,通用报销单,应付付款单（服务费）,A04,示例集团·丁公司,MAK01,制单人01,,7,示例集团财务共享中心（本部）,财务共享,应付付款单（服务费）,通用审批类,2026-06-28 14:42:08,2026-06-28 14:42:47,2026-06-28 14:43:05,FSSC审核岗,1,,应付成本组,自动派单,已派任务少（优先派）,2026-06-28 14:43:05,PC端,AUD07,审核员07,2026-06-28 16:12:05,驳回,附件不完整,审核驳回,31分59秒,4分10秒,0,,是,1,1,299秒,驳回,1,制单人,制单人01,1
财务会计,AP-2026-001043,2026-06-09,通用报销单,应付付款单（材料采购）,A08,示例集团·辛公司,MAK10,制单人10,,2,示例集团财务共享中心（本部）,财务共享,应付付款单（材料采购）,通用审批类,2026-04-17 18:34:16,2026-04-17 18:34:21,2026-04-17 18:34:46,FSSC审核岗,1,,应付成本组,自动派单,已派任务少（优先派）,2026-04-17 18:34:46,移动端,AUD06,审核员06,2026-04-17 19:25:46,同意,,审核通过,21分22秒,--,0,,是,1,1,97秒,,0,,,--
财务会计,AP-2026-001044,2026-04-15,付款单,应付付款单（服务费）,A02,示例集团·乙公司,MAK15,制单人15,,2,示例集团财务共享中心（本部）,财务共享,应付付款单（服务费）,通用审批类,2026-02-15 08:13:54,2026-02-15 08:14:52,2026-02-15 08:16:49,FSSC审核岗,1,,应付成本组,自动派单,已派任务少（优先派）,2026-02-15 08:16:49,PC端,AUD03,审核员03,2026-02-15 08:59:49,同意,,审核通过,1分24秒,--,0,,是,1,1,67秒,,0,,,--
财务会计,AP-2026-001045,2026-06-22,通用报销单,应付付款单（差旅费）,A02,示例集团·乙公司,MAK07,制单人07,,8,示例集团财务共享中心（本部）,财务共享,应付付款单（差旅费）,通用审批类,2026-06-16 16:36:22,2026-06-16 16:36:47,2026-06-16 16:37:03,FSSC审核岗,1,,应付成本组,自动派单,已派任务少（优先派）,2026-06-16 16:37:03,PC端,AUD06,审核员06,2026-06-16 17:26:03,同意,,审核通过,19分19秒,--,0,,是,1,1,145秒,,0,,,--
财务会计,AP-2026-001046,2026-06-19,通用报销单,应付付款单（服务费）,A06,示例集团·己公司,MAK12,制单人12,,0,示例集团财务共享中心（本部）,财务共享,应付付款单（服务费）,通用审批类,2026-01-28 14:18:32,2026-01-28 14:18:35,2026-01-28 14:20:20,FSSC审核岗,1,,应付成本组,自动派单,已派任务少（优先派）,2026-01-28 14:20:20,PC端,AUD02,审核员02,2026-01-28 14:45:20,同意,,审核通过,16分28秒,--,0,,是,1,1,114秒,,0,,,--
费控服务,AP-2026-001047,2026-04-18,应付发票,应付确认单（物料类）,A08,示例集团·辛公司,MAK14,制单人14,,2,示例集团财务共享中心（本部）,财务共享,应付确认单（物料类）,通用审批类,2026-06-15 19:50:31,2026-06-15 19:51:14,2026-06-15 19:52:20,FSSC审核岗,1,,应付成本组,自动派单,已派任务少（优先派）,2026-06-15 19:52:20,移动端,AUD03,审核员03,2026-06-15 20:36:20,同意,,审核通过,6分56秒,--,0,,是,1,1,261秒,,0,,,--
财务会计,AP-2026-001048,2026-01-04,付款单,通用报销单（费用报销）,A14,示例集团·子公司丁,MAK10,制单人10,,7,示例集团财务共享中心（本部）,财务共享,通用报销单（费用报销）,通用审批类,2026-06-17 14:10:36,2026-06-17 14:11:11,2026-06-17 14:11:55,FSSC审核岗,1,,应付成本组,自动派单,已派任务少（优先派）,2026-06-17 14:11:55,移动端,AUD06,审核员06,2026-06-17 17:20:55,同意,,审核通过,15分48秒,--,0,,是,1,1,228秒,,0,,,--
财务会计,AP-2026-001049,2026-01-08,应付发票,其他专项付款单,A13,示例集团·子公司丙,MAK04,制单人04,,0,示例集团财务共享中心（本部）,财务共享,其他专项付款单,通用审批类,2026-02-06 16:43:20,2026-02-06 16:43:47,2026-02-06 16:43:51,FSSC审核岗,1,,应付成本组,自动派单,已派任务少（优先派）,2026-02-06 16:43:51,移动端,AUD06,审核员06,2026-02-06 18:10:51,同意,,审核通过,32分50秒,--,0,,是,1,1,288秒,,0,,,--
财务会计,AP-2026-001050,2026-02-04,付款单,其他专项付款单,A09,示例集团·壬公司,MAK07,制单人07,,0,示例集团财务共享中心（本部）,财务共享,其他专项付款单,通用审批类,2026-06-02 14:55:31,2026-06-02 14:55:47,2026-06-02 14:57:43,FSSC审核岗,1,,应付成本组,自动派单,已派任务少（优先派）,2026-06-02 14:57:43,移动端,AUD05,审核员05,2026-06-02 16:41:43,同意,,审核通过,24分48秒,--,0,,是,1,1,11秒,,0,,,--
财务会计,AP-2026-001051,2026-06-06,应付发票,应付确认单（物料类）,A04,示例集团·丁公司,MAK03,制单人03,,5,示例集团财务共享中心（本部）,财务共享,应付确认单（物料类）,通用审批类,2026-06-12 13:43:10,2026-06-12 13:43:16,2026-06-12 13:44:07,FSSC审核岗,1,,应付成本组,自动派单,已派任务少（优先派）,2026-06-12 13:44:07,PC端,AUD05,审核员05,2026-06-12 16:38:07,同意,,审核通过,35分28秒,--,0,,是,1,1,63秒,,0,,,--
财务会计,AP-2026-001052,2026-04-03,应付发票,应付付款单（材料采购）,A08,示例集团·辛公司,MAK07,制单人07,,0,示例集团财务共享中心（本部）,财务共享,应付付款单（材料采购）,通用审批类,2026-06-06 09:36:08,2026-06-06 09:36:29,2026-06-06 09:37:42,FSSC审核岗,1,,应付成本组,自动派单,已派任务少（优先派）,2026-06-06 09:37:42,PC端,AUD02,审核员02,2026-06-06 11:19:42,同意,,审核通过,36分37秒,--,0,,是,1,1,283秒,,0,,,--
费控服务,AP-2026-001053,2026-05-20,通用报销单,应付付款单（服务费）,A10,示例集团·癸公司,MAK05,制单人05,,3,示例集团财务共享中心（本部）,财务共享,应付付款单（服务费）,通用审批类,2026-05-18 08:10:08,2026-05-18 08:11:06,2026-05-18 08:13:04,FSSC审核岗,1,,应付成本组,自动派单,已派任务少（优先派）,2026-05-18 08:13:04,PC端,AUD04,审核员04,2026-05-18 08:23:04,同意,,审核通过,35分27秒,--,0,,是,1,1,138秒,,0,,,--
财务会计,AP-2026-001054,2026-01-20,通用报销单,应付确认单（物料类）,A05,示例集团·戊公司,MAK05,制单人05,,8,示例集团财务共享中心（本部）,财务共享,应付确认单（物料类）,通用审批类,2026-02-20 16:35:40,2026-02-20 16:35:45,2026-02-20 16:37:08,FSSC审核岗,1,,应付成本组,自动派单,已派任务少（优先派）,2026-02-20 16:37:08,PC端,AUD01,审核员01,2026-02-20 16:59:08,同意,,审核通过,33分29秒,--,0,,是,1,1,28秒,,0,,,--
费控服务,AP-2026-001055,2026-05-06,付款单,应付付款单（服务费）,A08,示例集团·辛公司,MAK08,制单人08,,7,示例集团财务共享中心（本部）,财务共享,应付付款单（服务费）,通用审批类,2026-03-13 15:24:30,2026-03-13 15:24:43,2026-03-13 15:25:53,FSSC审核岗,1,,应付成本组,自动派单,已派任务少（优先派）,2026-03-13 15:25:53,移动端,AUD03,审核员03,2026-03-13 18:42:53,同意,,审核通过,18分24秒,--,0,,是,1,1,49秒,,0,,,--
财务会计,AP-2026-001056,2026-05-15,付款单,应付付款单（服务费）,A17,示例集团·子公司庚,MAK02,制单人02,,2,示例集团财务共享中心（本部）,财务共享,应付付款单（服务费）,通用审批类,2026-02-16 14:34:09,2026-02-16 14:35:04,2026-02-16 14:36:24,FSSC审核岗,1,,应付成本组,自动派单,已派任务少（优先派）,2026-02-16 14:36:24,移动端,AUD05,审核员05,2026-02-16 17:04:24,同意,,审核通过,9分20秒,--,0,,是,1,1,274秒,,0,,,--
财务会计,AP-2026-001057,2026-04-26,通用报销单,通用报销单（费用报销）,A06,示例集团·己公司,MAK08,制单人08,,0,示例集团财务共享中心（本部）,财务共享,通用报销单（费用报销）,通用审批类,2026-02-22 16:00:25,2026-02-22 16:01:07,2026-02-22 16:01:31,FSSC审核岗,1,,应付成本组,自动派单,已派任务少（优先派）,2026-02-22 16:01:31,PC端,AUD06,审核员06,2026-02-22 18:56:31,同意,,审核通过,18分56秒,--,0,,是,1,1,25秒,,0,,,--
财务会计,AP-2026-001058,2026-03-13,通用报销单,应付确认单（物料类）,A08,示例集团·辛公司,MAK14,制单人14,,8,示例集团财务共享中心（本部）,财务共享,应付确认单（物料类）,通用审批类,2026-01-11 18:29:36,2026-01-11 18:29:39,2026-01-11 18:29:43,FSSC审核岗,1,,应付成本组,自动派单,已派任务少（优先派）,2026-01-11 18:29:43,移动端,AUD06,审核员06,2026-01-11 21:22:43,同意,,审核通过,12分49秒,--,0,,是,1,1,185秒,,0,,,--
费控服务,AP-2026-001059,2026-03-17,应付发票,应付付款单（材料采购）,A12,示例集团·子公司乙,MAK05,制单人05,,2,示例集团财务共享中心（本部）,财务共享,应付付款单（材料采购）,通用审批类,2026-05-13 11:08:22,2026-05-13 11:09:15,2026-05-13 11:11:00,FSSC审核岗,1,,应付成本组,自动派单,已派任务少（优先派）,2026-05-13 11:11:00,PC端,AUD02,审核员02,2026-05-13 13:48:00,同意,,审核通过,35分47秒,--,0,,是,1,1,147秒,,0,,,--
财务会计,AP-2026-001060,2026-03-07,应付发票,应付付款单（服务费）,A10,示例集团·癸公司,MAK14,制单人14,,2,示例集团财务共享中心（本部）,财务共享,应付付款单（服务费）,通用审批类,2026-03-19 09:21:25,2026-03-19 09:21:36,2026-03-19 09:22:10,FSSC审核岗,1,,应付成本组,自动派单,已派任务少（优先派）,2026-03-19 09:22:10,PC端,AUD02,审核员02,2026-03-19 09:43:10,同意,,审核通过,35分48秒,--,0,,是,1,1,182秒,,0,,,--
财务会计,AP-2026-001061,2026-03-11,付款单,应付付款单（材料采购）,A09,示例集团·壬公司,MAK15,制单人15,,5,示例集团财务共享中心（本部）,财务共享,应付付款单（材料采购）,通用审批类,2026-05-06 14:37:14,2026-05-06 14:38:10,2026-05-06 14:39:39,FSSC审核岗,1,,应付成本组,自动派单,已派任务少（优先派）,2026-05-06 14:39:39,PC端,AUD02,审核员02,2026-05-06 15:36:39,同意,,审核通过,7分14秒,--,0,,是,1,1,268秒,,0,,,--
费控服务,AP-2026-001062,2026-03-01,付款单,应付付款单（服务费）,A01,示例集团·甲公司,MAK12,制单人12,,4,示例集团财务共享中心（本部）,财务共享,应付付款单（服务费）,通用审批类,2026-01-09 14:54:35,2026-01-09 14:54:56,2026-01-09 14:54:59,FSSC审核岗,1,,应付成本组,自动派单,已派任务少（优先派）,2026-01-09 14:54:59,移动端,AUD03,审核员03,2026-01-09 17:31:59,同意,,审核通过,17分14秒,--,0,,是,1,1,13秒,,0,,,--
财务会计,AP-2026-001063,2026-04-22,付款单,应付确认单（物料类）,A02,示例集团·乙公司,MAK11,制单人11,,5,示例集团财务共享中心（本部）,财务共享,应付确认单（物料类）,通用审批类,2026-01-03 09:58:30,2026-01-03 09:59:09,2026-01-03 10:00:11,FSSC审核岗,1,,应付成本组,自动派单,已派任务少（优先派）,2026-01-03 10:00:11,移动端,AUD01,审核员01,2026-01-03 10:43:11,驳回,未关联合同,审核驳回,38分15秒,3分5秒,0,,是,3,1,196秒,驳回,1,制单人,制单人11,3
财务会计,AP-2026-001064,2026-03-15,通用报销单,应付付款单（材料采购）,A02,示例集团·乙公司,MAK05,制单人05,,6,示例集团财务共享中心（本部）,财务共享,应付付款单（材料采购）,通用审批类,2026-01-11 11:06:13,2026-01-11 11:07:00,2026-01-11 11:07:23,FSSC审核岗,1,,应付成本组,自动派单,已派任务少（优先派）,2026-01-11 11:07:23,PC端,AUD03,审核员03,2026-01-11 12:41:23,同意,,审核通过,31分46秒,--,0,,是,1,1,278秒,,0,,,--
费控服务,AP-2026-001065,2026-01-11,通用报销单,应付付款单（服务费）,A01,示例集团·甲公司,MAK13,制单人13,,1,示例集团财务共享中心（本部）,财务共享,应付付款单（服务费）,通用审批类,2026-04-09 10:44:55,2026-04-09 10:45:37,2026-04-09 10:47:20,FSSC审核岗,1,,应付成本组,自动派单,已派任务少（优先派）,2026-04-09 10:47:20,移动端,AUD04,审核员04,2026-04-09 11:15:20,同意,,审核通过,3分49秒,--,0,,是,1,1,191秒,,0,,,--
财务会计,AP-2026-001066,2026-02-04,应付发票,应付付款单（材料采购）,A02,示例集团·乙公司,MAK07,制单人07,,5,示例集团财务共享中心（本部）,财务共享,应付付款单（材料采购）,通用审批类,2026-02-16 16:03:38,2026-02-16 16:04:25,2026-02-16 16:06:12,FSSC审核岗,1,,应付成本组,自动派单,已派任务少（优先派）,2026-02-16 16:06:12,PC端,AUD04,审核员04,2026-02-16 16:40:12,同意,业务类型填写错误,审核通过,9分15秒,--,0,,是,1,1,279秒,,0,,,1
财务会计,AP-2026-001067,2026-04-05,应付发票,通用报销单（费用报销）,A06,示例集团·己公司,MAK13,制单人13,,7,示例集团财务共享中心（本部）,财务共享,通用报销单（费用报销）,通用审批类,2026-06-26 20:27:26,2026-06-26 20:27:30,2026-06-26 20:28:12,FSSC审核岗,1,,应付成本组,自动派单,已派任务少（优先派）,2026-06-26 20:28:12,PC端,AUD03,审核员03,2026-06-26 23:46:12,同意,,审核通过,35分28秒,--,0,,是,1,1,153秒,,0,,,--
财务会计,AP-2026-001068,2026-03-11,付款单,应付付款单（材料采购）,A03,示例集团·丙公司,MAK03,制单人03,,5,示例集团财务共享中心（本部）,财务共享,应付付款单（材料采购）,通用审批类,2026-01-22 12:34:40,2026-01-22 12:35:02,2026-01-22 12:36:36,FSSC审核岗,1,,应付成本组,自动派单,已派任务少（优先派）,2026-01-22 12:36:36,PC端,AUD04,审核员04,2026-01-22 15:07:36,同意,,审核通过,40分18秒,--,0,,是,1,1,101秒,,0,,,--
财务会计,AP-2026-001069,2026-06-04,通用报销单,通用报销单（费用报销）,A05,示例集团·戊公司,MAK05,制单人05,,4,示例集团财务共享中心（本部）,财务共享,通用报销单（费用报销）,通用审批类,2026-06-14 13:01:08,2026-06-14 13:02:08,2026-06-14 13:03:57,FSSC审核岗,1,,应付成本组,自动派单,已派任务少（优先派）,2026-06-14 13:03:57,PC端,AUD05,审核员05,2026-06-14 13:05:57,同意,特殊原因,审核通过,24分40秒,15分4秒,0,,是,1,1,131秒,,0,,,1
财务会计,AP-2026-001070,2026-04-27,应付发票,应付付款单（服务费）,A01,示例集团·甲公司,MAK15,制单人15,,6,示例集团财务共享中心（本部）,财务共享,应付付款单（服务费）,通用审批类,2026-02-28 13:04:13,2026-02-28 13:04:14,2026-02-28 13:04:56,FSSC审核岗,1,,应付成本组,自动派单,已派任务少（优先派）,2026-02-28 13:04:56,移动端,AUD07,审核员07,2026-02-28 14:32:56,同意,,审核通过,36分47秒,--,0,,是,1,1,103秒,,0,,,--
财务会计,AP-2026-001071,2026-06-17,付款单,应付付款单（材料采购）,A08,示例集团·辛公司,MAK05,制单人05,,3,示例集团财务共享中心（本部）,财务共享,应付付款单（材料采购）,通用审批类,2026-02-13 17:39:45,2026-02-13 17:40:17,2026-02-13 17:40:36,FSSC审核岗,1,,应付成本组,自动派单,已派任务少（优先派）,2026-02-13 17:40:36,PC端,AUD02,审核员02,2026-02-13 19:48:36,同意,,审核通过,28分28秒,--,0,,是,1,1,235秒,,0,,,--
费控服务,AP-2026-001072,2026-03-24,应付发票,通用报销单（费用报销）,A09,示例集团·壬公司,MAK05,制单人05,,1,示例集团财务共享中心（本部）,财务共享,通用报销单（费用报销）,通用审批类,2026-01-28 16:47:45,2026-01-28 16:47:56,2026-01-28 16:49:54,FSSC审核岗,1,,应付成本组,自动派单,已派任务少（优先派）,2026-01-28 16:49:54,PC端,AUD03,审核员03,2026-01-28 18:24:54,同意,,审核通过,34分13秒,--,0,,是,1,1,98秒,,0,,,--
财务会计,AP-2026-001073,2026-05-05,通用报销单,应付付款单（差旅费）,A09,示例集团·壬公司,MAK13,制单人13,,1,示例集团财务共享中心（本部）,财务共享,应付付款单（差旅费）,通用审批类,2026-04-05 11:38:09,2026-04-05 11:39:06,2026-04-05 11:40:54,FSSC审核岗,1,,应付成本组,自动派单,已派任务少（优先派）,2026-04-05 11:40:54,移动端,AUD01,审核员01,2026-04-05 14:26:54,驳回,附件不完整,审核驳回,4分24秒,6分33秒,0,,是,2,1,135秒,驳回,1,制单人,制单人13,2
财务会计,AP-2026-001074,2026-01-18,付款单,应付付款单（服务费）,A04,示例集团·丁公司,MAK08,制单人08,,2,示例集团财务共享中心（本部）,财务共享,应付付款单（服务费）,通用审批类,2026-06-18 10:49:30,2026-06-18 10:49:56,2026-06-18 10:51:03,FSSC审核岗,1,,应付成本组,自动派单,已派任务少（优先派）,2026-06-18 10:51:03,PC端,AUD02,审核员02,2026-06-18 13:52:03,驳回,其他,审核驳回,12分57秒,30分20秒,0,,是,2,1,143秒,驳回,1,前端单位,示例集团·丁公司,2
财务会计,AP-2026-001075,2026-06-16,通用报销单,应付付款单（服务费）,A09,示例集团·壬公司,MAK06,制单人06,,7,示例集团财务共享中心（本部）,财务共享,应付付款单（服务费）,通用审批类,2026-03-28 17:02:20,2026-03-28 17:02:30,2026-03-28 17:03:50,FSSC审核岗,1,,应付成本组,自动派单,已派任务少（优先派）,2026-03-28 17:03:50,移动端,AUD05,审核员05,2026-03-28 17:27:50,同意,,审核通过,25分57秒,--,0,,是,1,1,293秒,,0,,,--
财务会计,AP-2026-001076,2026-01-28,付款单,应付付款单（材料采购）,A02,示例集团·乙公司,MAK02,制单人02,,3,示例集团财务共享中心（本部）,财务共享,应付付款单（材料采购）,通用审批类,2026-04-04 18:30:11,2026-04-04 18:30:16,2026-04-04 18:31:15,FSSC审核岗,1,,应付成本组,自动派单,已派任务少（优先派）,2026-04-04 18:31:15,移动端,AUD01,审核员01,2026-04-04 21:27:15,同意,,审核通过,37分41秒,--,0,,是,1,1,105秒,,0,,,--
财务会计,AP-2026-001077,2026-01-06,付款单,应付确认单（物料类）,A17,示例集团·子公司庚,MAK15,制单人15,,1,示例集团财务共享中心（本部）,财务共享,应付确认单（物料类）,通用审批类,2026-06-20 11:47:26,2026-06-20 11:48:23,2026-06-20 11:48:45,FSSC审核岗,1,,应付成本组,自动派单,已派任务少（优先派）,2026-06-20 11:48:45,PC端,AUD03,审核员03,2026-06-20 12:14:45,同意,,审核通过,20分15秒,--,0,,是,1,1,293秒,,0,,,--
财务会计,AP-2026-001078,2026-04-21,付款单,通用报销单（费用报销）,A06,示例集团·己公司,MAK04,制单人04,,6,示例集团财务共享中心（本部）,财务共享,通用报销单（费用报销）,通用审批类,2026-04-26 17:54:57,2026-04-26 17:55:32,2026-04-26 17:55:59,FSSC审核岗,1,,应付成本组,自动派单,已派任务少（优先派）,2026-04-26 17:55:59,PC端,AUD02,审核员02,2026-04-26 19:17:59,同意,,审核通过,8分31秒,--,0,,是,1,1,247秒,,0,,,--
财务会计,AP-2026-001079,2026-02-26,通用报销单,通用报销单（费用报销）,A09,示例集团·壬公司,MAK15,制单人15,,1,示例集团财务共享中心（本部）,财务共享,通用报销单（费用报销）,通用审批类,2026-05-01 17:21:16,2026-05-01 17:22:12,2026-05-01 17:22:45,FSSC审核岗,1,,应付成本组,自动派单,已派任务少（优先派）,2026-05-01 17:22:45,移动端,AUD02,审核员02,2026-05-01 19:50:45,同意,,审核通过,12分57秒,--,0,,是,1,1,238秒,,0,,,--
财务会计,AP-2026-001080,2026-01-01,付款单,应付付款单（差旅费）,A07,示例集团·庚公司,MAK14,制单人14,,8,示例集团财务共享中心（本部）,财务共享,应付付款单（差旅费）,通用审批类,2026-01-15 09:10:03,2026-01-15 09:10:25,2026-01-15 09:10:57,FSSC审核岗,1,,应付成本组,自动派单,已派任务少（优先派）,2026-01-15 09:10:57,PC端,AUD05,审核员05,2026-01-15 12:01:57,同意,,审核通过,32分46秒,--,0,,是,1,1,67秒,,0,,,--
财务会计,AP-2026-001081,2026-01-05,通用报销单,其他专项付款单,A02,示例集团·乙公司,MAK12,制单人12,,5,示例集团财务共享中心（本部）,财务共享,其他专项付款单,通用审批类,2026-06-17 11:08:09,2026-06-17 11:08:11,2026-06-17 11:09:55,FSSC审核岗,1,,应付成本组,自动派单,已派任务少（优先派）,2026-06-17 11:09:55,PC端,AUD06,审核员06,2026-06-17 14:02:55,同意,,审核通过,26分46秒,--,0,,是,1,1,37秒,,0,,,--
财务会计,AP-2026-001082,2026-01-09,付款单,应付付款单（服务费）,A06,示例集团·己公司,MAK03,制单人03,,5,示例集团财务共享中心（本部）,财务共享,应付付款单（服务费）,通用审批类,2026-01-20 20:43:56,2026-01-20 20:44:26,2026-01-20 20:45:33,FSSC审核岗,1,,应付成本组,自动派单,已派任务少（优先派）,2026-01-20 20:45:33,移动端,AUD07,审核员07,2026-01-20 22:54:33,同意,,审核通过,14分44秒,--,0,,是,1,1,200秒,,0,,,--
财务会计,AP-2026-001083,2026-06-18,付款单,通用报销单（费用报销）,A08,示例集团·辛公司,MAK06,制单人06,,3,示例集团财务共享中心（本部）,财务共享,通用报销单（费用报销）,通用审批类,2026-05-26 20:50:52,2026-05-26 20:51:42,2026-05-26 20:51:48,FSSC审核岗,1,,应付成本组,自动派单,已派任务少（优先派）,2026-05-26 20:51:48,移动端,AUD02,审核员02,2026-05-26 21:43:48,驳回,业务类型填写错误,审核驳回,25分41秒,37分54秒,0,,是,2,1,174秒,驳回,1,前端单位,示例集团·辛公司,2
财务会计,AP-2026-001084,2026-02-06,通用报销单,应付付款单（服务费）,A01,示例集团·甲公司,MAK02,制单人02,,5,示例集团财务共享中心（本部）,财务共享,应付付款单（服务费）,通用审批类,2026-05-19 09:01:49,2026-05-19 09:01:59,2026-05-19 09:03:22,FSSC审核岗,1,,应付成本组,自动派单,已派任务少（优先派）,2026-05-19 09:03:22,PC端,AUD06,审核员06,2026-05-19 11:31:22,同意,,审核通过,2分5秒,--,0,,是,1,1,165秒,,0,,,--
费控服务,AP-2026-001085,2026-01-17,付款单,应付付款单（差旅费）,A02,示例集团·乙公司,MAK05,制单人05,,7,示例集团财务共享中心（本部）,财务共享,应付付款单（差旅费）,通用审批类,2026-04-27 11:58:00,2026-04-27 11:58:37,2026-04-27 11:59:31,FSSC审核岗,1,,应付成本组,自动派单,已派任务少（优先派）,2026-04-27 11:59:31,移动端,AUD07,审核员07,2026-04-27 14:00:31,驳回,业务类型填写错误,审核驳回,6分38秒,--,0,,是,3,1,84秒,驳回,1,前端单位,示例集团·乙公司,3
财务会计,AP-2026-001086,2026-04-04,应付发票,其他专项付款单,A04,示例集团·丁公司,MAK11,制单人11,,1,示例集团财务共享中心（本部）,财务共享,其他专项付款单,通用审批类,2026-06-28 18:59:44,2026-06-28 19:00:14,2026-06-28 19:01:07,FSSC审核岗,1,,应付成本组,自动派单,已派任务少（优先派）,2026-06-28 19:01:07,PC端,AUD06,审核员06,2026-06-28 21:01:07,同意,,审核通过,39分49秒,--,0,,是,1,1,55秒,,0,,,--
费控服务,AP-2026-001087,2026-04-06,通用报销单,应付付款单（材料采购）,A01,示例集团·甲公司,MAK07,制单人07,,7,示例集团财务共享中心（本部）,财务共享,应付付款单（材料采购）,通用审批类,2026-05-24 08:28:08,2026-05-24 08:28:55,2026-05-24 08:29:39,FSSC审核岗,1,,应付成本组,自动派单,已派任务少（优先派）,2026-05-24 08:29:39,PC端,AUD01,审核员01,2026-05-24 11:19:39,同意,,审核通过,16分12秒,--,0,,是,1,1,119秒,,0,,,--
财务会计,AP-2026-001088,2026-06-11,应付发票,应付付款单（服务费）,A01,示例集团·甲公司,MAK10,制单人10,,4,示例集团财务共享中心（本部）,财务共享,应付付款单（服务费）,通用审批类,2026-06-22 10:29:41,2026-06-22 10:30:38,2026-06-22 10:32:04,FSSC审核岗,1,,应付成本组,自动派单,已派任务少（优先派）,2026-06-22 10:32:04,移动端,AUD04,审核员04,2026-06-22 11:50:04,同意,,审核通过,12分6秒,--,0,,是,1,1,56秒,,0,,,--
财务会计,AP-2026-001089,2026-01-21,付款单,通用报销单（费用报销）,A03,示例集团·丙公司,MAK13,制单人13,,0,示例集团财务共享中心（本部）,财务共享,通用报销单（费用报销）,通用审批类,2026-01-11 08:36:42,2026-01-11 08:37:03,2026-01-11 08:37:21,FSSC审核岗,1,,应付成本组,自动派单,已派任务少（优先派）,2026-01-11 08:37:21,移动端,AUD05,审核员05,2026-01-11 09:16:21,同意,,审核通过,38分12秒,--,0,,是,1,1,197秒,,0,,,--
费控服务,AP-2026-001090,2026-02-26,应付发票,应付付款单（服务费）,A20,示例集团·子公司癸,MAK06,制单人06,,2,示例集团财务共享中心（本部）,财务共享,应付付款单（服务费）,通用审批类,2026-04-24 18:00:51,2026-04-24 18:01:51,2026-04-24 18:02:19,FSSC审核岗,1,,应付成本组,自动派单,已派任务少（优先派）,2026-04-24 18:02:19,PC端,AUD03,审核员03,2026-04-24 21:06:19,同意,,审核通过,38分31秒,--,0,,是,1,1,18秒,,0,,,--
财务会计,AP-2026-001091,2026-03-05,付款单,应付付款单（服务费）,A10,示例集团·癸公司,MAK04,制单人04,,0,示例集团财务共享中心（本部）,财务共享,应付付款单（服务费）,通用审批类,2026-03-12 16:20:34,2026-03-12 16:20:58,2026-03-12 16:21:48,FSSC审核岗,1,,应付成本组,自动派单,已派任务少（优先派）,2026-03-12 16:21:48,PC端,AUD04,审核员04,2026-03-12 17:40:48,同意,,审核通过,17分4秒,--,0,,是,1,1,89秒,,0,,,--
财务会计,AP-2026-001092,2026-05-14,通用报销单,应付付款单（差旅费）,A01,示例集团·甲公司,MAK16,制单人16,,7,示例集团财务共享中心（本部）,财务共享,应付付款单（差旅费）,通用审批类,2026-05-06 15:14:35,2026-05-06 15:15:07,2026-05-06 15:15:43,FSSC审核岗,1,,应付成本组,自动派单,已派任务少（优先派）,2026-05-06 15:15:43,PC端,AUD07,审核员07,2026-05-06 15:31:43,同意,,审核通过,6分27秒,--,0,,是,1,1,228秒,,0,,,--
财务会计,AP-2026-001093,2026-06-05,付款单,应付付款单（材料采购）,A13,示例集团·子公司丙,MAK01,制单人01,,4,示例集团财务共享中心（本部）,财务共享,应付付款单（材料采购）,通用审批类,2026-03-04 13:20:16,2026-03-04 13:21:12,2026-03-04 13:21:33,FSSC审核岗,1,,应付成本组,自动派单,已派任务少（优先派）,2026-03-04 13:21:33,PC端,AUD02,审核员02,2026-03-04 16:17:33,同意,其他,审核通过,3分15秒,2分39秒,0,,是,1,1,195秒,,0,,,1
财务会计,AP-2026-001094,2026-03-25,付款单,应付付款单（差旅费）,A15,示例集团·子公司戊,MAK07,制单人07,,5,示例集团财务共享中心（本部）,财务共享,应付付款单（差旅费）,通用审批类,2026-03-14 20:19:39,2026-03-14 20:19:44,2026-03-14 20:20:32,FSSC审核岗,1,,应付成本组,自动派单,已派任务少（优先派）,2026-03-14 20:20:32,PC端,AUD04,审核员04,2026-03-14 22:14:32,同意,,审核通过,24分18秒,--,0,,是,1,1,227秒,,0,,,--
费控服务,AP-2026-001095,2026-02-27,付款单,应付付款单（服务费）,A12,示例集团·子公司乙,MAK16,制单人16,,8,示例集团财务共享中心（本部）,财务共享,应付付款单（服务费）,通用审批类,2026-03-26 12:29:27,2026-03-26 12:29:28,2026-03-26 12:29:43,FSSC审核岗,1,,应付成本组,自动派单,已派任务少（优先派）,2026-03-26 12:29:43,移动端,AUD02,审核员02,2026-03-26 12:41:43,同意,,审核通过,8分2秒,--,0,,是,1,1,116秒,,0,,,--
财务会计,AP-2026-001096,2026-03-18,付款单,应付付款单（差旅费）,A01,示例集团·甲公司,MAK15,制单人15,,8,示例集团财务共享中心（本部）,财务共享,应付付款单（差旅费）,通用审批类,2026-04-13 12:48:05,2026-04-13 12:48:37,2026-04-13 12:48:58,FSSC审核岗,1,,应付成本组,自动派单,已派任务少（优先派）,2026-04-13 12:48:58,移动端,AUD06,审核员06,2026-04-13 14:37:58,同意,,审核通过,7分51秒,--,0,,是,1,1,197秒,,0,,,--
费控服务,AP-2026-001097,2026-05-24,应付发票,应付付款单（差旅费）,A04,示例集团·丁公司,MAK03,制单人03,,7,示例集团财务共享中心（本部）,财务共享,应付付款单（差旅费）,通用审批类,2026-01-02 15:05:12,2026-01-02 15:05:45,2026-01-02 15:05:51,FSSC审核岗,1,,应付成本组,自动派单,已派任务少（优先派）,2026-01-02 15:05:51,PC端,AUD01,审核员01,2026-01-02 16:50:51,同意,,审核通过,15分21秒,--,0,,是,1,1,50秒,,0,,,--
财务会计,AP-2026-001098,2026-02-17,通用报销单,应付付款单（差旅费）,A18,示例集团·子公司辛,MAK14,制单人14,,6,示例集团财务共享中心（本部）,财务共享,应付付款单（差旅费）,通用审批类,2026-01-07 20:25:11,2026-01-07 20:25:19,2026-01-07 20:26:50,FSSC审核岗,1,,应付成本组,自动派单,已派任务少（优先派）,2026-01-07 20:26:50,移动端,AUD03,审核员03,2026-01-07 21:17:50,驳回,附件不完整,审核驳回,12分22秒,34分43秒,0,,是,3,1,191秒,驳回,1,制单人,制单人14,3
财务会计,AP-2026-001099,2026-03-16,付款单,应付付款单（材料采购）,A04,示例集团·丁公司,MAK12,制单人12,,7,示例集团财务共享中心（本部）,财务共享,应付付款单（材料采购）,通用审批类,2026-02-18 08:21:12,2026-02-18 08:21:55,2026-02-18 08:23:38,FSSC审核岗,1,,应付成本组,自动派单,已派任务少（优先派）,2026-02-18 08:23:38,移动端,AUD05,审核员05,2026-02-18 11:42:38,同意,,审核通过,17分53秒,--,0,,是,1,1,233秒,,0,,,--
财务会计,AP-2026-001100,2026-02-12,付款单,应付确认单（物料类）,A14,示例集团·子公司丁,MAK07,制单人07,,6,示例集团财务共享中心（本部）,财务共享,应付确认单（物料类）,通用审批类,2026-03-08 10:44:54,2026-03-08 10:45:25,2026-03-08 10:45:28,FSSC审核岗,1,,应付成本组,自动派单,已派任务少（优先派）,2026-03-08 10:45:28,移动端,AUD02,审核员02,2026-03-08 10:54:28,驳回,附件不完整,审核驳回,27分27秒,22分40秒,0,,是,2,1,22秒,驳回,1,制单人,制单人07,2
财务会计,AP-2026-001101,2026-01-19,应付发票,应付付款单（服务费）,A10,示例集团·癸公司,MAK13,制单人13,,8,示例集团财务共享中心（本部）,财务共享,应付付款单（服务费）,通用审批类,2026-06-04 12:02:01,2026-06-04 12:02:49,2026-06-04 12:04:13,FSSC审核岗,1,,应付成本组,自动派单,已派任务少（优先派）,2026-06-04 12:04:13,PC端,AUD01,审核员01,2026-06-04 13:12:13,同意,,审核通过,5分52秒,--,0,,是,1,1,298秒,,0,,,--
费控服务,AP-2026-001102,2026-05-09,应付发票,其他专项付款单,A10,示例集团·癸公司,MAK14,制单人14,,8,示例集团财务共享中心（本部）,财务共享,其他专项付款单,通用审批类,2026-02-08 18:45:04,2026-02-08 18:45:25,2026-02-08 18:47:06,FSSC审核岗,1,,应付成本组,自动派单,已派任务少（优先派）,2026-02-08 18:47:06,PC端,AUD05,审核员05,2026-02-08 19:32:06,驳回,特殊原因,审核驳回,3分51秒,39分52秒,0,,是,3,1,264秒,驳回,1,前端单位,示例集团·癸公司,3
财务会计,AP-2026-001103,2026-01-16,通用报销单,通用报销单（费用报销）,A15,示例集团·子公司戊,MAK07,制单人07,,8,示例集团财务共享中心（本部）,财务共享,通用报销单（费用报销）,通用审批类,2026-06-03 11:29:37,2026-06-03 11:30:06,2026-06-03 11:31:34,FSSC审核岗,1,,应付成本组,自动派单,已派任务少（优先派）,2026-06-03 11:31:34,移动端,AUD05,审核员05,2026-06-03 12:02:34,同意,,审核通过,19分6秒,--,0,,是,1,1,220秒,,0,,,--
财务会计,AP-2026-001104,2026-01-16,通用报销单,通用报销单（费用报销）,A15,示例集团·子公司戊,MAK16,制单人16,,3,示例集团财务共享中心（本部）,财务共享,通用报销单（费用报销）,通用审批类,2026-06-16 17:17:15,2026-06-16 17:17:30,2026-06-16 17:19:17,FSSC审核岗,1,,应付成本组,自动派单,已派任务少（优先派）,2026-06-16 17:19:17,PC端,AUD02,审核员02,2026-06-16 18:04:17,同意,,审核通过,33分42秒,--,0,,是,1,1,158秒,,0,,,--
财务会计,AP-2026-001105,2026-04-15,通用报销单,通用报销单（费用报销）,A06,示例集团·己公司,MAK15,制单人15,,0,示例集团财务共享中心（本部）,财务共享,通用报销单（费用报销）,通用审批类,2026-01-23 12:10:56,2026-01-23 12:11:24,2026-01-23 12:13:13,FSSC审核岗,1,,应付成本组,自动派单,已派任务少（优先派）,2026-01-23 12:13:13,PC端,AUD07,审核员07,2026-01-23 15:03:13,同意,,审核通过,33分29秒,--,0,,是,1,1,286秒,,0,,,--
财务会计,AP-2026-001106,2026-06-27,应付发票,应付付款单（差旅费）,A12,示例集团·子公司乙,MAK02,制单人02,,1,示例集团财务共享中心（本部）,财务共享,应付付款单（差旅费）,通用审批类,2026-04-22 08:40:51,2026-04-22 08:41:34,2026-04-22 08:42:55,FSSC审核岗,1,,应付成本组,自动派单,已派任务少（优先派）,2026-04-22 08:42:55,PC端,AUD03,审核员03,2026-04-22 09:49:55,驳回,未关联合同,审核驳回,16分23秒,40分36秒,0,,是,3,1,272秒,驳回,1,制单人,制单人02,3
财务会计,AP-2026-001107,2026-05-15,付款单,应付确认单（物料类）,A06,示例集团·己公司,MAK15,制单人15,,8,示例集团财务共享中心（本部）,财务共享,应付确认单（物料类）,通用审批类,2026-03-03 15:01:46,2026-03-03 15:02:40,2026-03-03 15:03:49,FSSC审核岗,1,,应付成本组,自动派单,已派任务少（优先派）,2026-03-03 15:03:49,PC端,AUD06,审核员06,2026-03-03 17:12:49,同意,,审核通过,2分52秒,--,0,,是,1,1,46秒,,0,,,--
财务会计,AP-2026-001108,2026-06-10,通用报销单,通用报销单（费用报销）,A18,示例集团·子公司辛,MAK15,制单人15,,7,示例集团财务共享中心（本部）,财务共享,通用报销单（费用报销）,通用审批类,2026-04-25 09:28:56,2026-04-25 09:29:53,2026-04-25 09:30:39,FSSC审核岗,1,,应付成本组,自动派单,已派任务少（优先派）,2026-04-25 09:30:39,移动端,AUD07,审核员07,2026-04-25 11:44:39,同意,,审核通过,33分23秒,--,0,,是,1,1,234秒,,0,,,--
财务会计,AP-2026-001109,2026-05-01,应付发票,应付付款单（服务费）,A16,示例集团·子公司己,MAK09,制单人09,,1,示例集团财务共享中心（本部）,财务共享,应付付款单（服务费）,通用审批类,2026-01-14 15:20:30,2026-01-14 15:21:13,2026-01-14 15:21:25,FSSC审核岗,1,,应付成本组,自动派单,已派任务少（优先派）,2026-01-14 15:21:25,移动端,AUD01,审核员01,2026-01-14 16:08:25,同意,,审核通过,20分38秒,--,0,,是,1,1,216秒,,0,,,--
财务会计,AP-2026-001110,2026-03-06,通用报销单,其他专项付款单,A01,示例集团·甲公司,MAK11,制单人11,,2,示例集团财务共享中心（本部）,财务共享,其他专项付款单,通用审批类,2026-06-22 17:17:50,2026-06-22 17:18:01,2026-06-22 17:19:18,FSSC审核岗,1,,应付成本组,自动派单,已派任务少（优先派）,2026-06-22 17:19:18,PC端,AUD01,审核员01,2026-06-22 20:11:18,同意,,审核通过,30分46秒,--,0,,是,1,1,210秒,,0,,,--
财务会计,AP-2026-001111,2026-05-16,付款单,应付付款单（差旅费）,A06,示例集团·己公司,MAK16,制单人16,,6,示例集团财务共享中心（本部）,财务共享,应付付款单（差旅费）,通用审批类,2026-03-09 08:37:22,2026-03-09 08:37:37,2026-03-09 08:39:09,FSSC审核岗,1,,应付成本组,自动派单,已派任务少（优先派）,2026-03-09 08:39:09,移动端,AUD07,审核员07,2026-03-09 09:10:09,同意,,审核通过,8分22秒,--,0,,是,1,1,228秒,,0,,,--
财务会计,AP-2026-001112,2026-06-06,应付发票,应付付款单（服务费）,A01,示例集团·甲公司,MAK15,制单人15,,7,示例集团财务共享中心（本部）,财务共享,应付付款单（服务费）,通用审批类,2026-04-26 19:35:35,2026-04-26 19:35:50,2026-04-26 19:36:33,FSSC审核岗,1,,应付成本组,自动派单,已派任务少（优先派）,2026-04-26 19:36:33,PC端,AUD05,审核员05,2026-04-26 22:42:33,同意,,审核通过,38分51秒,--,0,,是,1,1,213秒,,0,,,--
费控服务,AP-2026-001113,2026-02-14,应付发票,应付付款单（服务费）,A02,示例集团·乙公司,MAK11,制单人11,,0,示例集团财务共享中心（本部）,财务共享,应付付款单（服务费）,通用审批类,2026-02-27 17:24:24,2026-02-27 17:24:59,2026-02-27 17:25:31,FSSC审核岗,1,,应付成本组,自动派单,已派任务少（优先派）,2026-02-27 17:25:31,PC端,AUD07,审核员07,2026-02-27 20:30:31,同意,,审核通过,18分28秒,--,0,,是,1,1,271秒,,0,,,--
财务会计,AP-2026-001114,2026-01-18,应付发票,应付付款单（差旅费）,A03,示例集团·丙公司,MAK02,制单人02,,8,示例集团财务共享中心（本部）,财务共享,应付付款单（差旅费）,通用审批类,2026-01-05 10:59:22,2026-01-05 11:00:00,2026-01-05 11:01:38,FSSC审核岗,1,,应付成本组,自动派单,已派任务少（优先派）,2026-01-05 11:01:38,PC端,AUD01,审核员01,2026-01-05 12:04:38,同意,,审核通过,35分8秒,--,0,,是,1,1,10秒,,0,,,--
财务会计,AP-2026-001115,2026-01-08,应付发票,应付付款单（材料采购）,A05,示例集团·戊公司,MAK10,制单人10,,7,示例集团财务共享中心（本部）,财务共享,应付付款单（材料采购）,通用审批类,2026-06-18 19:32:14,2026-06-18 19:32:54,2026-06-18 19:33:00,FSSC审核岗,1,,应付成本组,自动派单,已派任务少（优先派）,2026-06-18 19:33:00,PC端,AUD06,审核员06,2026-06-18 21:25:00,同意,,审核通过,10分48秒,--,0,,是,1,1,279秒,,0,,,--
费控服务,AP-2026-001116,2026-02-20,付款单,通用报销单（费用报销）,A04,示例集团·丁公司,MAK10,制单人10,,2,示例集团财务共享中心（本部）,财务共享,通用报销单（费用报销）,通用审批类,2026-05-03 11:53:07,2026-05-03 11:53:45,2026-05-03 11:55:40,FSSC审核岗,1,,应付成本组,自动派单,已派任务少（优先派）,2026-05-03 11:55:40,PC端,AUD03,审核员03,2026-05-03 15:09:40,同意,,审核通过,14分45秒,--,0,,是,1,1,218秒,,0,,,--
财务会计,AP-2026-001117,2026-01-01,通用报销单,其他专项付款单,A01,示例集团·甲公司,MAK04,制单人04,,0,示例集团财务共享中心（本部）,财务共享,其他专项付款单,通用审批类,2026-05-02 12:20:35,2026-05-02 12:21:08,2026-05-02 12:21:21,FSSC审核岗,1,,应付成本组,自动派单,已派任务少（优先派）,2026-05-02 12:21:21,移动端,AUD06,审核员06,2026-05-02 14:04:21,同意,,审核通过,11分23秒,--,0,,是,1,1,152秒,,0,,,--
财务会计,AP-2026-001118,2026-01-20,应付发票,其他专项付款单,A09,示例集团·壬公司,MAK08,制单人08,,6,示例集团财务共享中心（本部）,财务共享,其他专项付款单,通用审批类,2026-05-21 08:55:12,2026-05-21 08:55:57,2026-05-21 08:56:35,FSSC审核岗,1,,应付成本组,自动派单,已派任务少（优先派）,2026-05-21 08:56:35,移动端,AUD02,审核员02,2026-05-21 10:07:35,驳回,未关联合同,审核驳回,26分54秒,31分57秒,0,,是,3,1,43秒,驳回,1,前端单位,示例集团·壬公司,3
财务会计,AP-2026-001119,2026-01-18,通用报销单,其他专项付款单,A10,示例集团·癸公司,MAK03,制单人03,,8,示例集团财务共享中心（本部）,财务共享,其他专项付款单,通用审批类,2026-06-21 08:34:34,2026-06-21 08:35:33,2026-06-21 08:37:07,FSSC审核岗,1,,应付成本组,自动派单,已派任务少（优先派）,2026-06-21 08:37:07,PC端,AUD02,审核员02,2026-06-21 08:38:07,同意,,审核通过,10分6秒,--,0,,是,1,1,149秒,,0,,,--
费控服务,AP-2026-001120,2026-03-04,应付发票,通用报销单（费用报销）,A01,示例集团·甲公司,MAK05,制单人05,,8,示例集团财务共享中心（本部）,财务共享,通用报销单（费用报销）,通用审批类,2026-06-11 17:11:58,2026-06-11 17:12:24,2026-06-11 17:13:45,FSSC审核岗,1,,应付成本组,自动派单,已派任务少（优先派）,2026-06-11 17:13:45,移动端,AUD04,审核员04,2026-06-11 18:50:45,同意,,审核通过,40分51秒,--,0,,是,1,1,137秒,,0,,,--
财务会计,AP-2026-001121,2026-02-18,通用报销单,应付确认单（物料类）,A08,示例集团·辛公司,MAK10,制单人10,,5,示例集团财务共享中心（本部）,财务共享,应付确认单（物料类）,通用审批类,2026-02-17 14:36:19,2026-02-17 14:37:04,2026-02-17 14:38:59,FSSC审核岗,1,,应付成本组,自动派单,已派任务少（优先派）,2026-02-17 14:38:59,PC端,AUD05,审核员05,2026-02-17 15:02:59,同意,,审核通过,4分7秒,--,0,,是,1,1,73秒,,0,,,--
财务会计,AP-2026-001122,2026-01-02,通用报销单,应付付款单（服务费）,A07,示例集团·庚公司,MAK12,制单人12,,1,示例集团财务共享中心（本部）,财务共享,应付付款单（服务费）,通用审批类,2026-03-12 11:44:59,2026-03-12 11:45:24,2026-03-12 11:47:18,FSSC审核岗,1,,应付成本组,自动派单,已派任务少（优先派）,2026-03-12 11:47:18,PC端,AUD05,审核员05,2026-03-12 14:45:18,驳回,附件不完整,审核驳回,31分5秒,4分14秒,0,,是,1,1,285秒,驳回,1,制单人,制单人12,1
财务会计,AP-2026-001123,2026-05-14,付款单,应付付款单（服务费）,A10,示例集团·癸公司,MAK09,制单人09,,6,示例集团财务共享中心（本部）,财务共享,应付付款单（服务费）,通用审批类,2026-02-23 18:08:06,2026-02-23 18:08:39,2026-02-23 18:09:54,FSSC审核岗,1,,应付成本组,自动派单,已派任务少（优先派）,2026-02-23 18:09:54,PC端,AUD03,审核员03,2026-02-23 19:16:54,同意,,审核通过,32分0秒,--,0,,是,1,1,35秒,,0,,,--
费控服务,AP-2026-001124,2026-04-26,应付发票,通用报销单（费用报销）,A01,示例集团·甲公司,MAK11,制单人11,,4,示例集团财务共享中心（本部）,财务共享,通用报销单（费用报销）,通用审批类,2026-01-19 12:11:03,2026-01-19 12:11:22,2026-01-19 12:13:20,FSSC审核岗,1,,应付成本组,自动派单,已派任务少（优先派）,2026-01-19 12:13:20,移动端,AUD05,审核员05,2026-01-19 13:50:20,同意,,审核通过,36分39秒,--,0,,是,1,1,232秒,,0,,,--
费控服务,AP-2026-001125,2026-03-14,应付发票,应付付款单（材料采购）,A04,示例集团·丁公司,MAK07,制单人07,,8,示例集团财务共享中心（本部）,财务共享,应付付款单（材料采购）,通用审批类,2026-01-27 20:59:19,2026-01-27 20:59:40,2026-01-27 21:00:35,FSSC审核岗,1,,应付成本组,自动派单,已派任务少（优先派）,2026-01-27 21:00:35,PC端,AUD03,审核员03,2026-01-27 22:34:35,同意,,审核通过,2分36秒,--,0,,是,1,1,240秒,,0,,,--
财务会计,AP-2026-001126,2026-04-08,应付发票,应付付款单（服务费）,A10,示例集团·癸公司,MAK05,制单人05,,6,示例集团财务共享中心（本部）,财务共享,应付付款单（服务费）,通用审批类,2026-04-26 17:01:27,2026-04-26 17:01:36,2026-04-26 17:02:08,FSSC审核岗,1,,应付成本组,自动派单,已派任务少（优先派）,2026-04-26 17:02:08,移动端,AUD03,审核员03,2026-04-26 18:37:08,同意,,审核通过,9分54秒,--,0,,是,1,1,104秒,,0,,,--
费控服务,AP-2026-001127,2026-01-04,应付发票,应付确认单（物料类）,A10,示例集团·癸公司,MAK06,制单人06,,2,示例集团财务共享中心（本部）,财务共享,应付确认单（物料类）,通用审批类,2026-04-20 17:22:14,2026-04-20 17:23:14,2026-04-20 17:23:21,FSSC审核岗,1,,应付成本组,自动派单,已派任务少（优先派）,2026-04-20 17:23:21,移动端,AUD03,审核员03,2026-04-20 17:26:21,同意,,审核通过,12分7秒,--,0,,是,1,1,99秒,,0,,,--
费控服务,AP-2026-001128,2026-01-15,付款单,应付付款单（服务费）,A02,示例集团·乙公司,MAK03,制单人03,,0,示例集团财务共享中心（本部）,财务共享,应付付款单（服务费）,通用审批类,2026-05-23 18:30:19,2026-05-23 18:30:45,2026-05-23 18:31:03,FSSC审核岗,1,,应付成本组,自动派单,已派任务少（优先派）,2026-05-23 18:31:03,移动端,AUD06,审核员06,2026-05-23 21:47:03,同意,,审核通过,7分5秒,--,0,,是,1,1,100秒,,0,,,--
财务会计,AP-2026-001129,2026-01-28,应付发票,应付付款单（差旅费）,A03,示例集团·丙公司,MAK16,制单人16,,0,示例集团财务共享中心（本部）,财务共享,应付付款单（差旅费）,通用审批类,2026-02-18 20:33:40,2026-02-18 20:34:05,2026-02-18 20:34:13,FSSC审核岗,1,,应付成本组,自动派单,已派任务少（优先派）,2026-02-18 20:34:13,PC端,AUD01,审核员01,2026-02-18 20:36:13,同意,,审核通过,7分30秒,--,0,,是,1,1,274秒,,0,,,--
财务会计,AP-2026-001130,2026-04-18,应付发票,应付付款单（差旅费）,A19,示例集团·子公司壬,MAK08,制单人08,,4,示例集团财务共享中心（本部）,财务共享,应付付款单（差旅费）,通用审批类,2026-04-03 10:36:38,2026-04-03 10:37:35,2026-04-03 10:38:21,FSSC审核岗,1,,应付成本组,自动派单,已派任务少（优先派）,2026-04-03 10:38:21,移动端,AUD04,审核员04,2026-04-03 12:32:21,同意,,审核通过,29分8秒,--,0,,是,1,1,219秒,,0,,,--
财务会计,AP-2026-001131,2026-06-14,应付发票,应付付款单（服务费）,A11,示例集团·子公司甲,MAK14,制单人14,,5,示例集团财务共享中心（本部）,财务共享,应付付款单（服务费）,通用审批类,2026-01-04 10:03:13,2026-01-04 10:03:47,2026-01-04 10:04:20,FSSC审核岗,1,,应付成本组,自动派单,已派任务少（优先派）,2026-01-04 10:04:20,移动端,AUD05,审核员05,2026-01-04 11:03:20,同意,,审核通过,15分27秒,--,0,,是,1,1,187秒,,0,,,--
费控服务,AP-2026-001132,2026-06-18,通用报销单,应付付款单（服务费）,A08,示例集团·辛公司,MAK12,制单人12,,8,示例集团财务共享中心（本部）,财务共享,应付付款单（服务费）,通用审批类,2026-02-12 18:10:23,2026-02-12 18:10:40,2026-02-12 18:11:46,FSSC审核岗,1,,应付成本组,自动派单,已派任务少（优先派）,2026-02-12 18:11:46,移动端,AUD07,审核员07,2026-02-12 18:56:46,同意,,审核通过,15分32秒,--,0,,是,1,1,176秒,,0,,,--
费控服务,AP-2026-001133,2026-04-09,付款单,应付付款单（服务费）,A13,示例集团·子公司丙,MAK06,制单人06,,3,示例集团财务共享中心（本部）,财务共享,应付付款单（服务费）,通用审批类,2026-03-14 12:19:41,2026-03-14 12:20:05,2026-03-14 12:20:42,FSSC审核岗,1,,应付成本组,自动派单,已派任务少（优先派）,2026-03-14 12:20:42,移动端,AUD06,审核员06,2026-03-14 15:07:42,同意,,审核通过,5分7秒,--,0,,是,1,1,81秒,,0,,,--
费控服务,AP-2026-001134,2026-02-15,通用报销单,应付确认单（物料类）,A16,示例集团·子公司己,MAK03,制单人03,,7,示例集团财务共享中心（本部）,财务共享,应付确认单（物料类）,通用审批类,2026-06-20 20:47:46,2026-06-20 20:48:18,2026-06-20 20:49:46,FSSC审核岗,1,,应付成本组,自动派单,已派任务少（优先派）,2026-06-20 20:49:46,PC端,AUD05,审核员05,2026-06-20 23:28:46,同意,,审核通过,29分57秒,--,0,,是,1,1,213秒,,0,,,--
费控服务,AP-2026-001135,2026-01-21,应付发票,应付付款单（差旅费）,A10,示例集团·癸公司,MAK04,制单人04,,1,示例集团财务共享中心（本部）,财务共享,应付付款单（差旅费）,通用审批类,2026-03-16 10:01:12,2026-03-16 10:02:08,2026-03-16 10:03:55,FSSC审核岗,1,,应付成本组,自动派单,已派任务少（优先派）,2026-03-16 10:03:55,PC端,AUD03,审核员03,2026-03-16 12:26:55,同意,,审核通过,31分22秒,--,0,,是,1,1,16秒,,0,,,--
财务会计,AP-2026-001136,2026-03-20,通用报销单,应付付款单（材料采购）,A07,示例集团·庚公司,MAK01,制单人01,,3,示例集团财务共享中心（本部）,财务共享,应付付款单（材料采购）,通用审批类,2026-01-27 08:16:21,2026-01-27 08:17:07,2026-01-27 08:18:29,FSSC审核岗,1,,应付成本组,自动派单,已派任务少（优先派）,2026-01-27 08:18:29,PC端,AUD06,审核员06,2026-01-27 09:08:29,驳回,附件不完整,审核驳回,21分46秒,10分17秒,0,,是,3,1,127秒,驳回,1,制单人,制单人01,3
费控服务,AP-2026-001137,2026-06-02,通用报销单,应付确认单（物料类）,A03,示例集团·丙公司,MAK04,制单人04,,8,示例集团财务共享中心（本部）,财务共享,应付确认单（物料类）,通用审批类,2026-06-24 09:32:04,2026-06-24 09:32:50,2026-06-24 09:34:42,FSSC审核岗,1,,应付成本组,自动派单,已派任务少（优先派）,2026-06-24 09:34:42,PC端,AUD03,审核员03,2026-06-24 11:16:42,同意,,审核通过,5分53秒,--,0,,是,1,1,227秒,,0,,,--
财务会计,AP-2026-001138,2026-01-22,通用报销单,应付付款单（服务费）,A03,示例集团·丙公司,MAK03,制单人03,,7,示例集团财务共享中心（本部）,财务共享,应付付款单（服务费）,通用审批类,2026-05-14 08:52:34,2026-05-14 08:52:48,2026-05-14 08:54:33,FSSC审核岗,1,,应付成本组,自动派单,已派任务少（优先派）,2026-05-14 08:54:33,PC端,AUD02,审核员02,2026-05-14 11:11:33,同意,,审核通过,39分39秒,--,0,,是,1,1,121秒,,0,,,--
财务会计,AP-2026-001139,2026-04-21,通用报销单,其他专项付款单,A05,示例集团·戊公司,MAK13,制单人13,,8,示例集团财务共享中心（本部）,财务共享,其他专项付款单,通用审批类,2026-03-26 19:42:20,2026-03-26 19:42:36,2026-03-26 19:43:59,FSSC审核岗,1,,应付成本组,自动派单,已派任务少（优先派）,2026-03-26 19:43:59,PC端,AUD01,审核员01,2026-03-26 22:16:59,同意,,审核通过,33分42秒,--,0,,是,1,1,140秒,,0,,,--
财务会计,AP-2026-001140,2026-02-19,应付发票,通用报销单（费用报销）,A13,示例集团·子公司丙,MAK12,制单人12,,5,示例集团财务共享中心（本部）,财务共享,通用报销单（费用报销）,通用审批类,2026-03-17 16:49:09,2026-03-17 16:50:06,2026-03-17 16:52:00,FSSC审核岗,1,,应付成本组,自动派单,已派任务少（优先派）,2026-03-17 16:52:00,移动端,AUD06,审核员06,2026-03-17 20:08:00,同意,,审核通过,31分37秒,--,0,,是,1,1,78秒,,0,,,--
财务会计,AP-2026-001141,2026-06-22,付款单,应付付款单（材料采购）,A12,示例集团·子公司乙,MAK02,制单人02,,4,示例集团财务共享中心（本部）,财务共享,应付付款单（材料采购）,通用审批类,2026-05-08 08:51:05,2026-05-08 08:52:01,2026-05-08 08:53:35,FSSC审核岗,1,,应付成本组,自动派单,已派任务少（优先派）,2026-05-08 08:53:35,移动端,AUD06,审核员06,2026-05-08 11:27:35,同意,,审核通过,12分17秒,--,0,,是,1,1,77秒,,0,,,--
财务会计,AP-2026-001142,2026-04-19,通用报销单,应付付款单（服务费）,A14,示例集团·子公司丁,MAK14,制单人14,,7,示例集团财务共享中心（本部）,财务共享,应付付款单（服务费）,通用审批类,2026-03-08 11:36:50,2026-03-08 11:36:57,2026-03-08 11:37:17,FSSC审核岗,1,,应付成本组,自动派单,已派任务少（优先派）,2026-03-08 11:37:17,PC端,AUD05,审核员05,2026-03-08 12:06:17,同意,,审核通过,2分25秒,--,0,,是,1,1,90秒,,0,,,--
财务会计,AP-2026-001143,2026-04-17,通用报销单,其他专项付款单,A16,示例集团·子公司己,MAK10,制单人10,,0,示例集团财务共享中心（本部）,财务共享,其他专项付款单,通用审批类,2026-02-23 17:35:59,2026-02-23 17:36:13,2026-02-23 17:36:35,FSSC审核岗,1,,应付成本组,自动派单,已派任务少（优先派）,2026-02-23 17:36:35,移动端,AUD07,审核员07,2026-02-23 18:14:35,同意,,审核通过,12分14秒,--,0,,是,1,1,99秒,,0,,,--
费控服务,AP-2026-001144,2026-06-13,付款单,应付付款单（材料采购）,A14,示例集团·子公司丁,MAK01,制单人01,,7,示例集团财务共享中心（本部）,财务共享,应付付款单（材料采购）,通用审批类,2026-03-04 08:58:01,2026-03-04 08:58:34,2026-03-04 09:00:22,FSSC审核岗,1,,应付成本组,自动派单,已派任务少（优先派）,2026-03-04 09:00:22,PC端,AUD05,审核员05,2026-03-04 11:42:22,同意,,审核通过,25分7秒,--,0,,是,1,1,15秒,,0,,,--
财务会计,AP-2026-001145,2026-01-13,应付发票,其他专项付款单,A06,示例集团·己公司,MAK14,制单人14,,1,示例集团财务共享中心（本部）,财务共享,其他专项付款单,通用审批类,2026-03-02 19:15:57,2026-03-02 19:16:33,2026-03-02 19:17:11,FSSC审核岗,1,,应付成本组,自动派单,已派任务少（优先派）,2026-03-02 19:17:11,移动端,AUD02,审核员02,2026-03-02 20:39:11,同意,,审核通过,38分32秒,--,0,,是,1,1,34秒,,0,,,--
费控服务,AP-2026-001146,2026-04-25,应付发票,通用报销单（费用报销）,A10,示例集团·癸公司,MAK05,制单人05,,0,示例集团财务共享中心（本部）,财务共享,通用报销单（费用报销）,通用审批类,2026-04-07 13:19:26,2026-04-07 13:20:22,2026-04-07 13:21:38,FSSC审核岗,1,,应付成本组,自动派单,已派任务少（优先派）,2026-04-07 13:21:38,移动端,AUD06,审核员06,2026-04-07 14:42:38,同意,,审核通过,1分12秒,--,0,,是,1,1,18秒,,0,,,--
财务会计,AP-2026-001147,2026-06-01,付款单,其他专项付款单,A05,示例集团·戊公司,MAK13,制单人13,,0,示例集团财务共享中心（本部）,财务共享,其他专项付款单,通用审批类,2026-04-09 13:47:37,2026-04-09 13:48:02,2026-04-09 13:48:59,FSSC审核岗,1,,应付成本组,自动派单,已派任务少（优先派）,2026-04-09 13:48:59,移动端,AUD07,审核员07,2026-04-09 14:08:59,同意,,审核通过,28分27秒,--,0,,是,1,1,209秒,,0,,,--
财务会计,AP-2026-001148,2026-01-21,应付发票,通用报销单（费用报销）,A04,示例集团·丁公司,MAK02,制单人02,,7,示例集团财务共享中心（本部）,财务共享,通用报销单（费用报销）,通用审批类,2026-04-10 09:45:05,2026-04-10 09:45:51,2026-04-10 09:47:39,FSSC审核岗,1,,应付成本组,自动派单,已派任务少（优先派）,2026-04-10 09:47:39,移动端,AUD01,审核员01,2026-04-10 10:45:39,同意,特殊原因,审核通过,35分20秒,40分52秒,0,,是,1,1,147秒,,0,,,1
财务会计,AP-2026-001149,2026-06-01,通用报销单,应付付款单（材料采购）,A10,示例集团·癸公司,MAK08,制单人08,,6,示例集团财务共享中心（本部）,财务共享,应付付款单（材料采购）,通用审批类,2026-04-25 11:27:26,2026-04-25 11:28:02,2026-04-25 11:28:28,FSSC审核岗,1,,应付成本组,自动派单,已派任务少（优先派）,2026-04-25 11:28:28,PC端,AUD04,审核员04,2026-04-25 12:44:28,同意,,审核通过,11分24秒,--,0,,是,1,1,245秒,,0,,,--
财务会计,AP-2026-001150,2026-03-18,通用报销单,应付付款单（材料采购）,A10,示例集团·癸公司,MAK09,制单人09,,1,示例集团财务共享中心（本部）,财务共享,应付付款单（材料采购）,通用审批类,2026-03-21 17:07:30,2026-03-21 17:08:04,2026-03-21 17:09:32,FSSC审核岗,1,,应付成本组,自动派单,已派任务少（优先派）,2026-03-21 17:09:32,移动端,AUD04,审核员04,2026-03-21 19:59:32,同意,,审核通过,24分1秒,--,0,,是,1,1,199秒,,0,,,--
财务会计,AP-2026-001151,2026-04-28,通用报销单,应付付款单（材料采购）,A11,示例集团·子公司甲,MAK07,制单人07,,5,示例集团财务共享中心（本部）,财务共享,应付付款单（材料采购）,通用审批类,2026-02-13 08:44:38,2026-02-13 08:44:54,2026-02-13 08:45:11,FSSC审核岗,1,,应付成本组,自动派单,已派任务少（优先派）,2026-02-13 08:45:11,移动端,AUD03,审核员03,2026-02-13 08:51:11,同意,,审核通过,30分54秒,--,0,,是,1,1,277秒,,0,,,--
费控服务,AP-2026-001152,2026-01-01,付款单,应付付款单（差旅费）,A06,示例集团·己公司,MAK14,制单人14,,5,示例集团财务共享中心（本部）,财务共享,应付付款单（差旅费）,通用审批类,2026-05-28 08:48:57,2026-05-28 08:49:34,2026-05-28 08:50:22,FSSC审核岗,1,,应付成本组,自动派单,已派任务少（优先派）,2026-05-28 08:50:22,移动端,AUD02,审核员02,2026-05-28 09:26:22,同意,,审核通过,22分32秒,--,0,,是,1,1,170秒,,0,,,--
费控服务,AP-2026-001153,2026-04-10,通用报销单,应付付款单（差旅费）,A18,示例集团·子公司辛,MAK02,制单人02,,8,示例集团财务共享中心（本部）,财务共享,应付付款单（差旅费）,通用审批类,2026-03-24 10:31:18,2026-03-24 10:31:43,2026-03-24 10:33:01,FSSC审核岗,1,,应付成本组,自动派单,已派任务少（优先派）,2026-03-24 10:33:01,PC端,AUD04,审核员04,2026-03-24 11:21:01,同意,,审核通过,10分17秒,--,0,,是,1,1,57秒,,0,,,--
财务会计,AP-2026-001154,2026-06-14,应付发票,其他专项付款单,A07,示例集团·庚公司,MAK10,制单人10,,4,示例集团财务共享中心（本部）,财务共享,其他专项付款单,通用审批类,2026-02-05 17:30:21,2026-02-05 17:30:54,2026-02-05 17:32:10,FSSC审核岗,1,,应付成本组,自动派单,已派任务少（优先派）,2026-02-05 17:32:10,移动端,AUD07,审核员07,2026-02-05 17:52:10,同意,,审核通过,24分17秒,--,0,,是,1,1,77秒,,0,,,--
财务会计,AP-2026-001155,2026-04-12,应付发票,应付付款单（材料采购）,A01,示例集团·甲公司,MAK09,制单人09,,5,示例集团财务共享中心（本部）,财务共享,应付付款单（材料采购）,通用审批类,2026-01-02 13:27:49,2026-01-02 13:28:22,2026-01-02 13:28:39,FSSC审核岗,1,,应付成本组,自动派单,已派任务少（优先派）,2026-01-02 13:28:39,PC端,AUD05,审核员05,2026-01-02 13:29:39,同意,,审核通过,32分53秒,--,0,,是,1,1,10秒,,0,,,--
财务会计,AP-2026-001156,2026-06-03,应付发票,应付付款单（差旅费）,A09,示例集团·壬公司,MAK01,制单人01,,7,示例集团财务共享中心（本部）,财务共享,应付付款单（差旅费）,通用审批类,2026-03-23 13:26:17,2026-03-23 13:26:21,2026-03-23 13:27:20,FSSC审核岗,1,,应付成本组,自动派单,已派任务少（优先派）,2026-03-23 13:27:20,PC端,AUD06,审核员06,2026-03-23 14:11:20,同意,,审核通过,12分32秒,--,0,,是,1,1,93秒,,0,,,--
费控服务,AP-2026-001157,2026-04-26,付款单,应付付款单（服务费）,A15,示例集团·子公司戊,MAK10,制单人10,,7,示例集团财务共享中心（本部）,财务共享,应付付款单（服务费）,通用审批类,2026-03-03 15:33:41,2026-03-03 15:34:40,2026-03-03 15:36:25,FSSC审核岗,1,,应付成本组,自动派单,已派任务少（优先派）,2026-03-03 15:36:25,PC端,AUD07,审核员07,2026-03-03 17:49:25,同意,,审核通过,16分5秒,--,0,,是,1,1,79秒,,0,,,--
财务会计,AP-2026-001158,2026-05-18,付款单,应付确认单（物料类）,A20,示例集团·子公司癸,MAK02,制单人02,,0,示例集团财务共享中心（本部）,财务共享,应付确认单（物料类）,通用审批类,2026-02-01 15:04:03,2026-02-01 15:04:54,2026-02-01 15:05:39,FSSC审核岗,1,,应付成本组,自动派单,已派任务少（优先派）,2026-02-01 15:05:39,PC端,AUD07,审核员07,2026-02-01 17:29:39,同意,,审核通过,6分7秒,--,0,,是,1,1,200秒,,0,,,--
财务会计,AP-2026-001159,2026-03-26,应付发票,应付付款单（材料采购）,A18,示例集团·子公司辛,MAK10,制单人10,,7,示例集团财务共享中心（本部）,财务共享,应付付款单（材料采购）,通用审批类,2026-03-03 13:11:27,2026-03-03 13:11:33,2026-03-03 13:13:09,FSSC审核岗,1,,应付成本组,自动派单,已派任务少（优先派）,2026-03-03 13:13:09,移动端,AUD06,审核员06,2026-03-03 13:25:09,同意,,审核通过,4分52秒,--,0,,是,1,1,79秒,,0,,,--
费控服务,AP-2026-001160,2026-06-14,通用报销单,其他专项付款单,A02,示例集团·乙公司,MAK01,制单人01,,4,示例集团财务共享中心（本部）,财务共享,其他专项付款单,通用审批类,2026-01-01 08:30:16,2026-01-01 08:31:14,2026-01-01 08:32:44,FSSC审核岗,1,,应付成本组,自动派单,已派任务少（优先派）,2026-01-01 08:32:44,PC端,AUD01,审核员01,2026-01-01 11:20:44,驳回,附件不完整,审核驳回,36分45秒,19分14秒,0,,是,3,1,82秒,驳回,1,前端单位,示例集团·乙公司,3
财务会计,AP-2026-001161,2026-02-18,付款单,应付付款单（服务费）,A11,示例集团·子公司甲,MAK09,制单人09,,6,示例集团财务共享中心（本部）,财务共享,应付付款单（服务费）,通用审批类,2026-04-28 14:22:08,2026-04-28 14:22:47,2026-04-28 14:23:20,FSSC审核岗,1,,应付成本组,自动派单,已派任务少（优先派）,2026-04-28 14:23:20,移动端,AUD03,审核员03,2026-04-28 15:35:20,同意,,审核通过,6分39秒,--,0,,是,1,1,273秒,,0,,,--
费控服务,AP-2026-001162,2026-05-10,付款单,应付付款单（材料采购）,A15,示例集团·子公司戊,MAK16,制单人16,,8,示例集团财务共享中心（本部）,财务共享,应付付款单（材料采购）,通用审批类,2026-04-07 20:46:49,2026-04-07 20:46:54,2026-04-07 20:46:59,FSSC审核岗,1,,应付成本组,自动派单,已派任务少（优先派）,2026-04-07 20:46:59,移动端,AUD02,审核员02,2026-04-07 21:53:59,同意,,审核通过,40分25秒,--,0,,是,1,1,123秒,,0,,,--
财务会计,AP-2026-001163,2026-03-07,付款单,应付付款单（差旅费）,A08,示例集团·辛公司,MAK02,制单人02,,6,示例集团财务共享中心（本部）,财务共享,应付付款单（差旅费）,通用审批类,2026-02-12 15:16:33,2026-02-12 15:17:22,2026-02-12 15:19:15,FSSC审核岗,1,,应付成本组,自动派单,已派任务少（优先派）,2026-02-12 15:19:15,PC端,AUD07,审核员07,2026-02-12 16:21:15,同意,,审核通过,34分3秒,--,0,,是,1,1,217秒,,0,,,--
费控服务,AP-2026-001164,2026-04-24,通用报销单,应付付款单（差旅费）,A13,示例集团·子公司丙,MAK16,制单人16,,8,示例集团财务共享中心（本部）,财务共享,应付付款单（差旅费）,通用审批类,2026-03-19 16:14:45,2026-03-19 16:15:02,2026-03-19 16:16:57,FSSC审核岗,1,,应付成本组,自动派单,已派任务少（优先派）,2026-03-19 16:16:57,移动端,AUD04,审核员04,2026-03-19 17:33:57,同意,,审核通过,20分11秒,--,0,,是,1,1,172秒,,0,,,--
财务会计,AP-2026-001165,2026-04-21,通用报销单,应付付款单（差旅费）,A11,示例集团·子公司甲,MAK07,制单人07,,0,示例集团财务共享中心（本部）,财务共享,应付付款单（差旅费）,通用审批类,2026-01-05 16:03:21,2026-01-05 16:03:43,2026-01-05 16:03:50,FSSC审核岗,1,,应付成本组,自动派单,已派任务少（优先派）,2026-01-05 16:03:50,PC端,AUD07,审核员07,2026-01-05 17:58:50,同意,,审核通过,26分23秒,--,0,,是,1,1,239秒,,0,,,--
财务会计,AP-2026-001166,2026-01-13,应付发票,其他专项付款单,A07,示例集团·庚公司,MAK06,制单人06,,5,示例集团财务共享中心（本部）,财务共享,其他专项付款单,通用审批类,2026-05-06 19:52:00,2026-05-06 19:52:39,2026-05-06 19:52:44,FSSC审核岗,1,,应付成本组,自动派单,已派任务少（优先派）,2026-05-06 19:52:44,PC端,AUD03,审核员03,2026-05-06 22:11:44,同意,,审核通过,7分2秒,--,0,,是,1,1,262秒,,0,,,--
财务会计,AP-2026-001167,2026-06-20,通用报销单,应付付款单（材料采购）,A07,示例集团·庚公司,MAK05,制单人05,,0,示例集团财务共享中心（本部）,财务共享,应付付款单（材料采购）,通用审批类,2026-02-04 09:06:29,2026-02-04 09:07:19,2026-02-04 09:08:24,FSSC审核岗,1,,应付成本组,自动派单,已派任务少（优先派）,2026-02-04 09:08:24,移动端,AUD01,审核员01,2026-02-04 10:48:24,驳回,业务类型填写错误,审核驳回,10分21秒,--,0,,是,3,1,237秒,驳回,1,前端单位,示例集团·庚公司,3
财务会计,AP-2026-001168,2026-06-06,应付发票,其他专项付款单,A08,示例集团·辛公司,MAK01,制单人01,,2,示例集团财务共享中心（本部）,财务共享,其他专项付款单,通用审批类,2026-05-23 17:23:58,2026-05-23 17:24:13,2026-05-23 17:24:54,FSSC审核岗,1,,应付成本组,自动派单,已派任务少（优先派）,2026-05-23 17:24:54,PC端,AUD05,审核员05,2026-05-23 18:33:54,同意,,审核通过,1分57秒,--,0,,是,1,1,52秒,,0,,,--
财务会计,AP-2026-001169,2026-04-26,应付发票,其他专项付款单,A08,示例集团·辛公司,MAK03,制单人03,,1,示例集团财务共享中心（本部）,财务共享,其他专项付款单,通用审批类,2026-04-12 08:00:10,2026-04-12 08:01:06,2026-04-12 08:02:00,FSSC审核岗,1,,应付成本组,自动派单,已派任务少（优先派）,2026-04-12 08:02:00,移动端,AUD07,审核员07,2026-04-12 11:17:00,同意,,审核通过,21分7秒,--,0,,是,1,1,182秒,,0,,,--
财务会计,AP-2026-001170,2026-05-12,付款单,其他专项付款单,A02,示例集团·乙公司,MAK12,制单人12,,0,示例集团财务共享中心（本部）,财务共享,其他专项付款单,通用审批类,2026-04-22 17:16:28,2026-04-22 17:17:09,2026-04-22 17:19:03,FSSC审核岗,1,,应付成本组,自动派单,已派任务少（优先派）,2026-04-22 17:19:03,PC端,AUD02,审核员02,2026-04-22 19:58:03,同意,,审核通过,32分6秒,--,0,,是,1,1,236秒,,0,,,--
财务会计,AP-2026-001171,2026-03-18,通用报销单,其他专项付款单,A08,示例集团·辛公司,MAK14,制单人14,,1,示例集团财务共享中心（本部）,财务共享,其他专项付款单,通用审批类,2026-06-23 19:37:43,2026-06-23 19:38:07,2026-06-23 19:39:30,FSSC审核岗,1,,应付成本组,自动派单,已派任务少（优先派）,2026-06-23 19:39:30,PC端,AUD04,审核员04,2026-06-23 19:47:30,同意,,审核通过,4分0秒,--,0,,是,1,1,211秒,,0,,,--
财务会计,AP-2026-001172,2026-05-10,通用报销单,应付确认单（物料类）,A03,示例集团·丙公司,MAK11,制单人11,,3,示例集团财务共享中心（本部）,财务共享,应付确认单（物料类）,通用审批类,2026-02-07 19:57:37,2026-02-07 19:57:45,2026-02-07 19:57:46,FSSC审核岗,1,,应付成本组,自动派单,已派任务少（优先派）,2026-02-07 19:57:46,PC端,AUD02,审核员02,2026-02-07 21:09:46,同意,,审核通过,28分2秒,--,0,,是,1,1,269秒,,0,,,--
财务会计,AP-2026-001173,2026-01-03,应付发票,通用报销单（费用报销）,A07,示例集团·庚公司,MAK16,制单人16,,8,示例集团财务共享中心（本部）,财务共享,通用报销单（费用报销）,通用审批类,2026-02-20 09:14:41,2026-02-20 09:15:03,2026-02-20 09:16:56,FSSC审核岗,1,,应付成本组,自动派单,已派任务少（优先派）,2026-02-20 09:16:56,移动端,AUD02,审核员02,2026-02-20 11:54:56,同意,,审核通过,23分22秒,--,0,,是,1,1,134秒,,0,,,--
财务会计,AP-2026-001174,2026-03-02,应付发票,应付付款单（材料采购）,A15,示例集团·子公司戊,MAK11,制单人11,,6,示例集团财务共享中心（本部）,财务共享,应付付款单（材料采购）,通用审批类,2026-01-02 08:26:31,2026-01-02 08:27:08,2026-01-02 08:28:22,FSSC审核岗,1,,应付成本组,自动派单,已派任务少（优先派）,2026-01-02 08:28:22,PC端,AUD03,审核员03,2026-01-02 08:32:22,同意,,审核通过,36分3秒,--,0,,是,1,1,47秒,,0,,,--
费控服务,AP-2026-001175,2026-02-02,付款单,通用报销单（费用报销）,A06,示例集团·己公司,MAK12,制单人12,,3,示例集团财务共享中心（本部）,财务共享,通用报销单（费用报销）,通用审批类,2026-02-08 15:32:17,2026-02-08 15:33:02,2026-02-08 15:34:30,FSSC审核岗,1,,应付成本组,自动派单,已派任务少（优先派）,2026-02-08 15:34:30,移动端,AUD04,审核员04,2026-02-08 16:07:30,同意,,审核通过,37分54秒,--,0,,是,1,1,157秒,,0,,,--
财务会计,AP-2026-001176,2026-05-28,通用报销单,应付付款单（材料采购）,A03,示例集团·丙公司,MAK12,制单人12,,2,示例集团财务共享中心（本部）,财务共享,应付付款单（材料采购）,通用审批类,2026-03-13 15:29:24,2026-03-13 15:30:13,2026-03-13 15:32:02,FSSC审核岗,1,,应付成本组,自动派单,已派任务少（优先派）,2026-03-13 15:32:02,移动端,AUD07,审核员07,2026-03-13 16:13:02,同意,附件不完整,审核通过,23分53秒,32分13秒,0,,是,1,1,204秒,,0,,,1
费控服务,AP-2026-001177,2026-05-10,应付发票,应付付款单（材料采购）,A03,示例集团·丙公司,MAK03,制单人03,,2,示例集团财务共享中心（本部）,财务共享,应付付款单（材料采购）,通用审批类,2026-04-09 10:37:03,2026-04-09 10:37:44,2026-04-09 10:38:08,FSSC审核岗,1,,应付成本组,自动派单,已派任务少（优先派）,2026-04-09 10:38:08,PC端,AUD03,审核员03,2026-04-09 13:28:08,同意,,审核通过,15分50秒,--,0,,是,1,1,123秒,,0,,,--
费控服务,AP-2026-001178,2026-06-24,付款单,应付确认单（物料类）,A03,示例集团·丙公司,MAK14,制单人14,,0,示例集团财务共享中心（本部）,财务共享,应付确认单（物料类）,通用审批类,2026-01-02 18:57:57,2026-01-02 18:58:24,2026-01-02 19:00:12,FSSC审核岗,1,,应付成本组,自动派单,已派任务少（优先派）,2026-01-02 19:00:12,PC端,AUD01,审核员01,2026-01-02 21:54:12,驳回,业务类型填写错误,审核驳回,35分35秒,--,0,,是,1,1,271秒,驳回,1,前端单位,示例集团·丙公司,1
费控服务,AP-2026-001179,2026-01-04,通用报销单,应付付款单（材料采购）,A02,示例集团·乙公司,MAK01,制单人01,,7,示例集团财务共享中心（本部）,财务共享,应付付款单（材料采购）,通用审批类,2026-02-15 11:50:08,2026-02-15 11:50:48,2026-02-15 11:52:47,FSSC审核岗,1,,应付成本组,自动派单,已派任务少（优先派）,2026-02-15 11:52:47,PC端,AUD07,审核员07,2026-02-15 11:54:47,同意,,审核通过,22分48秒,--,0,,是,1,1,298秒,,0,,,--
费控服务,AP-2026-001180,2026-03-28,通用报销单,应付付款单（差旅费）,A06,示例集团·己公司,MAK16,制单人16,,3,示例集团财务共享中心（本部）,财务共享,应付付款单（差旅费）,通用审批类,2026-01-03 10:37:47,2026-01-03 10:38:25,2026-01-03 10:40:04,FSSC审核岗,1,,应付成本组,自动派单,已派任务少（优先派）,2026-01-03 10:40:04,移动端,AUD04,审核员04,2026-01-03 12:29:04,同意,,审核通过,16分26秒,--,0,,是,1,1,101秒,,0,,,--
财务会计,AP-2026-001181,2026-04-12,付款单,其他专项付款单,A11,示例集团·子公司甲,MAK15,制单人15,,7,示例集团财务共享中心（本部）,财务共享,其他专项付款单,通用审批类,2026-02-03 12:29:29,2026-02-03 12:30:26,2026-02-03 12:30:30,FSSC审核岗,1,,应付成本组,自动派单,已派任务少（优先派）,2026-02-03 12:30:30,移动端,AUD01,审核员01,2026-02-03 15:28:30,同意,附件信息不一致,审核通过,8分5秒,--,0,,是,1,1,92秒,,0,,,1
财务会计,AP-2026-001182,2026-02-07,应付发票,应付付款单（材料采购）,A02,示例集团·乙公司,MAK13,制单人13,,1,示例集团财务共享中心（本部）,财务共享,应付付款单（材料采购）,通用审批类,2026-05-04 18:50:38,2026-05-04 18:51:25,2026-05-04 18:52:50,FSSC审核岗,1,,应付成本组,自动派单,已派任务少（优先派）,2026-05-04 18:52:50,PC端,AUD01,审核员01,2026-05-04 19:36:50,驳回,业务类型填写错误,审核驳回,34分36秒,--,0,,是,3,1,12秒,驳回,1,制单人,制单人13,3
财务会计,AP-2026-001183,2026-05-25,应付发票,通用报销单（费用报销）,A08,示例集团·辛公司,MAK10,制单人10,,7,示例集团财务共享中心（本部）,财务共享,通用报销单（费用报销）,通用审批类,2026-05-07 16:23:21,2026-05-07 16:23:57,2026-05-07 16:25:08,FSSC审核岗,1,,应付成本组,自动派单,已派任务少（优先派）,2026-05-07 16:25:08,PC端,AUD04,审核员04,2026-05-07 16:46:08,同意,,审核通过,31分10秒,--,0,,是,1,1,58秒,,0,,,--
财务会计,AP-2026-001184,2026-06-25,付款单,应付确认单（物料类）,A04,示例集团·丁公司,MAK09,制单人09,,6,示例集团财务共享中心（本部）,财务共享,应付确认单（物料类）,通用审批类,2026-04-08 15:34:48,2026-04-08 15:35:40,2026-04-08 15:37:10,FSSC审核岗,1,,应付成本组,自动派单,已派任务少（优先派）,2026-04-08 15:37:10,移动端,AUD05,审核员05,2026-04-08 18:12:10,同意,,审核通过,39分9秒,--,0,,是,1,1,270秒,,0,,,--
财务会计,AP-2026-001185,2026-01-17,付款单,其他专项付款单,A15,示例集团·子公司戊,MAK08,制单人08,,0,示例集团财务共享中心（本部）,财务共享,其他专项付款单,通用审批类,2026-05-10 08:42:06,2026-05-10 08:42:39,2026-05-10 08:42:57,FSSC审核岗,1,,应付成本组,自动派单,已派任务少（优先派）,2026-05-10 08:42:57,PC端,AUD02,审核员02,2026-05-10 09:26:57,同意,,审核通过,4分11秒,--,0,,是,1,1,292秒,,0,,,--
财务会计,AP-2026-001186,2026-04-27,通用报销单,应付付款单（材料采购）,A02,示例集团·乙公司,MAK05,制单人05,,2,示例集团财务共享中心（本部）,财务共享,应付付款单（材料采购）,通用审批类,2026-01-05 08:16:05,2026-01-05 08:16:23,2026-01-05 08:16:59,FSSC审核岗,1,,应付成本组,自动派单,已派任务少（优先派）,2026-01-05 08:16:59,PC端,AUD01,审核员01,2026-01-05 10:21:59,同意,,审核通过,34分47秒,--,0,,是,1,1,66秒,,0,,,--
费控服务,AP-2026-001187,2026-05-19,通用报销单,应付确认单（物料类）,A01,示例集团·甲公司,MAK16,制单人16,,3,示例集团财务共享中心（本部）,财务共享,应付确认单（物料类）,通用审批类,2026-06-23 08:43:08,2026-06-23 08:43:56,2026-06-23 08:45:17,FSSC审核岗,1,,应付成本组,自动派单,已派任务少（优先派）,2026-06-23 08:45:17,移动端,AUD07,审核员07,2026-06-23 11:54:17,驳回,附件不完整,审核驳回,4分17秒,--,0,,是,1,1,86秒,驳回,1,前端单位,示例集团·甲公司,1
财务会计,AP-2026-001188,2026-06-16,付款单,应付付款单（差旅费）,A02,示例集团·乙公司,MAK03,制单人03,,2,示例集团财务共享中心（本部）,财务共享,应付付款单（差旅费）,通用审批类,2026-06-05 19:56:06,2026-06-05 19:56:22,2026-06-05 19:57:10,FSSC审核岗,1,,应付成本组,自动派单,已派任务少（优先派）,2026-06-05 19:57:10,PC端,AUD06,审核员06,2026-06-05 23:01:10,同意,,审核通过,33分5秒,--,0,,是,1,1,223秒,,0,,,--
财务会计,AP-2026-001189,2026-05-07,应付发票,应付付款单（材料采购）,A03,示例集团·丙公司,MAK01,制单人01,,1,示例集团财务共享中心（本部）,财务共享,应付付款单（材料采购）,通用审批类,2026-02-02 13:45:50,2026-02-02 13:46:29,2026-02-02 13:46:59,FSSC审核岗,1,,应付成本组,自动派单,已派任务少（优先派）,2026-02-02 13:46:59,PC端,AUD02,审核员02,2026-02-02 15:39:59,同意,,审核通过,40分34秒,--,0,,是,1,1,124秒,,0,,,--
财务会计,AP-2026-001190,2026-03-06,应付发票,其他专项付款单,A01,示例集团·甲公司,MAK02,制单人02,,2,示例集团财务共享中心（本部）,财务共享,其他专项付款单,通用审批类,2026-06-22 18:47:04,2026-06-22 18:47:35,2026-06-22 18:48:14,FSSC审核岗,1,,应付成本组,自动派单,已派任务少（优先派）,2026-06-22 18:48:14,PC端,AUD01,审核员01,2026-06-22 20:25:14,同意,业务类型填写错误,审核通过,38分47秒,--,0,,是,1,1,121秒,,0,,,1
财务会计,AP-2026-001191,2026-06-27,付款单,通用报销单（费用报销）,A01,示例集团·甲公司,MAK13,制单人13,,3,示例集团财务共享中心（本部）,财务共享,通用报销单（费用报销）,通用审批类,2026-03-09 09:39:24,2026-03-09 09:39:50,2026-03-09 09:40:11,FSSC审核岗,1,,应付成本组,自动派单,已派任务少（优先派）,2026-03-09 09:40:11,移动端,AUD02,审核员02,2026-03-09 10:19:11,同意,,审核通过,8分26秒,--,0,,是,1,1,259秒,,0,,,--
费控服务,AP-2026-001192,2026-03-12,付款单,应付付款单（差旅费）,A01,示例集团·甲公司,MAK01,制单人01,,2,示例集团财务共享中心（本部）,财务共享,应付付款单（差旅费）,通用审批类,2026-01-13 15:48:56,2026-01-13 15:49:54,2026-01-13 15:50:00,FSSC审核岗,1,,应付成本组,自动派单,已派任务少（优先派）,2026-01-13 15:50:00,PC端,AUD03,审核员03,2026-01-13 17:29:00,同意,,审核通过,6分36秒,--,0,,是,1,1,272秒,,0,,,--
财务会计,AP-2026-001193,2026-01-19,应付发票,通用报销单（费用报销）,A11,示例集团·子公司甲,MAK06,制单人06,,4,示例集团财务共享中心（本部）,财务共享,通用报销单（费用报销）,通用审批类,2026-01-26 12:19:41,2026-01-26 12:19:44,2026-01-26 12:20:41,FSSC审核岗,1,,应付成本组,自动派单,已派任务少（优先派）,2026-01-26 12:20:41,移动端,AUD01,审核员01,2026-01-26 14:11:41,同意,,审核通过,39分49秒,--,0,,是,1,1,106秒,,0,,,--
财务会计,AP-2026-001194,2026-03-10,通用报销单,应付付款单（材料采购）,A09,示例集团·壬公司,MAK10,制单人10,,1,示例集团财务共享中心（本部）,财务共享,应付付款单（材料采购）,通用审批类,2026-04-06 15:12:08,2026-04-06 15:13:03,2026-04-06 15:13:25,FSSC审核岗,1,,应付成本组,自动派单,已派任务少（优先派）,2026-04-06 15:13:25,移动端,AUD03,审核员03,2026-04-06 16:52:25,同意,,审核通过,6分18秒,--,0,,是,1,1,85秒,,0,,,--
财务会计,AP-2026-001195,2026-03-27,通用报销单,应付付款单（差旅费）,A02,示例集团·乙公司,MAK13,制单人13,,0,示例集团财务共享中心（本部）,财务共享,应付付款单（差旅费）,通用审批类,2026-03-18 19:20:17,2026-03-18 19:21:01,2026-03-18 19:21:21,FSSC审核岗,1,,应付成本组,自动派单,已派任务少（优先派）,2026-03-18 19:21:21,PC端,AUD05,审核员05,2026-03-18 19:47:21,同意,,审核通过,35分47秒,--,0,,是,1,1,262秒,,0,,,--
费控服务,AP-2026-001196,2026-05-04,通用报销单,通用报销单（费用报销）,A16,示例集团·子公司己,MAK10,制单人10,,6,示例集团财务共享中心（本部）,财务共享,通用报销单（费用报销）,通用审批类,2026-05-14 10:40:15,2026-05-14 10:41:02,2026-05-14 10:41:42,FSSC审核岗,1,,应付成本组,自动派单,已派任务少（优先派）,2026-05-14 10:41:42,PC端,AUD05,审核员05,2026-05-14 13:44:42,驳回,附件信息不一致,审核驳回,17分14秒,22分51秒,0,,是,3,1,132秒,驳回,1,制单人,制单人10,3
费控服务,AP-2026-001197,2026-03-10,付款单,应付付款单（材料采购）,A14,示例集团·子公司丁,MAK12,制单人12,,0,示例集团财务共享中心（本部）,财务共享,应付付款单（材料采购）,通用审批类,2026-04-12 18:03:23,2026-04-12 18:03:58,2026-04-12 18:04:29,FSSC审核岗,1,,应付成本组,自动派单,已派任务少（优先派）,2026-04-12 18:04:29,PC端,AUD07,审核员07,2026-04-12 19:02:29,同意,,审核通过,16分4秒,--,0,,是,1,1,50秒,,0,,,--
费控服务,AP-2026-001198,2026-03-16,付款单,应付确认单（物料类）,A08,示例集团·辛公司,MAK06,制单人06,,4,示例集团财务共享中心（本部）,财务共享,应付确认单（物料类）,通用审批类,2026-04-24 12:23:55,2026-04-24 12:24:25,2026-04-24 12:26:05,FSSC审核岗,1,,应付成本组,自动派单,已派任务少（优先派）,2026-04-24 12:26:05,PC端,AUD05,审核员05,2026-04-24 15:33:05,同意,,审核通过,32分21秒,--,0,,是,1,1,242秒,,0,,,--
财务会计,AP-2026-001199,2026-01-09,应付发票,其他专项付款单,A04,示例集团·丁公司,MAK12,制单人12,,4,示例集团财务共享中心（本部）,财务共享,其他专项付款单,通用审批类,2026-03-21 13:12:23,2026-03-21 13:12:39,2026-03-21 13:13:35,FSSC审核岗,1,,应付成本组,自动派单,已派任务少（优先派）,2026-03-21 13:13:35,PC端,AUD06,审核员06,2026-03-21 14:48:35,同意,,审核通过,26分24秒,--,0,,是,1,1,267秒,,0,,,--
费控服务,AP-2026-001200,2026-06-09,应付发票,其他专项付款单,A04,示例集团·丁公司,MAK13,制单人13,,4,示例集团财务共享中心（本部）,财务共享,其他专项付款单,通用审批类,2026-03-11 12:23:01,2026-03-11 12:23:36,2026-03-11 12:25:06,FSSC审核岗,1,,应付成本组,自动派单,已派任务少（优先派）,2026-03-11 12:25:06,PC端,AUD04,审核员04,2026-03-11 12:28:06,同意,,审核通过,33分5秒,--,0,,是,1,1,184秒,,0,,,--
财务会计,AP-2026-001201,2026-02-26,通用报销单,应付付款单（材料采购）,A02,示例集团·乙公司,MAK07,制单人07,,2,示例集团财务共享中心（本部）,财务共享,应付付款单（材料采购）,通用审批类,2026-03-13 12:54:28,2026-03-13 12:54:40,2026-03-13 12:54:55,FSSC审核岗,1,,应付成本组,自动派单,已派任务少（优先派）,2026-03-13 12:54:55,PC端,AUD01,审核员01,2026-03-13 13:56:55,驳回,附件不完整,审核驳回,16分23秒,38分7秒,0,,是,2,1,146秒,驳回,1,前端单位,示例集团·乙公司,2
费控服务,AP-2026-001202,2026-02-02,通用报销单,应付付款单（材料采购）,A02,示例集团·乙公司,MAK02,制单人02,,4,示例集团财务共享中心（本部）,财务共享,应付付款单（材料采购）,通用审批类,2026-05-18 17:12:15,2026-05-18 17:13:06,2026-05-18 17:15:01,FSSC审核岗,1,,应付成本组,自动派单,已派任务少（优先派）,2026-05-18 17:15:01,PC端,AUD06,审核员06,2026-05-18 17:56:01,同意,,审核通过,21分56秒,--,0,,是,1,1,168秒,,0,,,--
费控服务,AP-2026-001203,2026-06-14,应付发票,应付确认单（物料类）,A02,示例集团·乙公司,MAK13,制单人13,,1,示例集团财务共享中心（本部）,财务共享,应付确认单（物料类）,通用审批类,2026-03-15 11:06:58,2026-03-15 11:07:42,2026-03-15 11:09:38,FSSC审核岗,1,,应付成本组,自动派单,已派任务少（优先派）,2026-03-15 11:09:38,PC端,AUD04,审核员04,2026-03-15 11:14:38,驳回,业务类型填写错误,审核驳回,32分33秒,--,0,,是,3,1,95秒,驳回,1,前端单位,示例集团·乙公司,3
费控服务,AP-2026-001204,2026-01-18,应付发票,应付确认单（物料类）,A02,示例集团·乙公司,MAK02,制单人02,,6,示例集团财务共享中心（本部）,财务共享,应付确认单（物料类）,通用审批类,2026-01-18 12:20:10,2026-01-18 12:20:24,2026-01-18 12:21:11,FSSC审核岗,1,,应付成本组,自动派单,已派任务少（优先派）,2026-01-18 12:21:11,移动端,AUD03,审核员03,2026-01-18 15:10:11,同意,,审核通过,33分51秒,--,0,,是,1,1,245秒,,0,,,--
财务会计,AP-2026-001205,2026-01-22,通用报销单,其他专项付款单,A03,示例集团·丙公司,MAK14,制单人14,,6,示例集团财务共享中心（本部）,财务共享,其他专项付款单,通用审批类,2026-02-16 11:41:10,2026-02-16 11:42:06,2026-02-16 11:43:29,FSSC审核岗,1,,应付成本组,自动派单,已派任务少（优先派）,2026-02-16 11:43:29,移动端,AUD05,审核员05,2026-02-16 14:37:29,驳回,特殊原因,审核驳回,22分56秒,10分14秒,0,,是,3,1,237秒,驳回,1,制单人,制单人14,3
财务会计,AP-2026-001206,2026-01-22,付款单,应付确认单（物料类）,A05,示例集团·戊公司,MAK03,制单人03,,5,示例集团财务共享中心（本部）,财务共享,应付确认单（物料类）,通用审批类,2026-02-07 15:00:07,2026-02-07 15:00:25,2026-02-07 15:02:22,FSSC审核岗,1,,应付成本组,自动派单,已派任务少（优先派）,2026-02-07 15:02:22,PC端,AUD04,审核员04,2026-02-07 15:18:22,同意,附件不完整,审核通过,10分52秒,35分4秒,0,,是,1,1,22秒,,0,,,1
财务会计,AP-2026-001207,2026-02-22,通用报销单,应付付款单（差旅费）,A15,示例集团·子公司戊,MAK06,制单人06,,5,示例集团财务共享中心（本部）,财务共享,应付付款单（差旅费）,通用审批类,2026-04-05 15:54:43,2026-04-05 15:54:55,2026-04-05 15:56:29,FSSC审核岗,1,,应付成本组,自动派单,已派任务少（优先派）,2026-04-05 15:56:29,PC端,AUD05,审核员05,2026-04-05 16:29:29,驳回,业务类型填写错误,审核驳回,30分42秒,--,0,,是,1,1,109秒,驳回,1,前端单位,示例集团·子公司戊,1
财务会计,AP-2026-001208,2026-05-19,付款单,应付付款单（材料采购）,A01,示例集团·甲公司,MAK01,制单人01,,2,示例集团财务共享中心（本部）,财务共享,应付付款单（材料采购）,通用审批类,2026-02-25 11:48:25,2026-02-25 11:48:59,2026-02-25 11:50:43,FSSC审核岗,1,,应付成本组,自动派单,已派任务少（优先派）,2026-02-25 11:50:43,移动端,AUD03,审核员03,2026-02-25 14:31:43,同意,,审核通过,3分12秒,--,0,,是,1,1,72秒,,0,,,--
费控服务,AP-2026-001209,2026-02-05,应付发票,通用报销单（费用报销）,A02,示例集团·乙公司,MAK10,制单人10,,3,示例集团财务共享中心（本部）,财务共享,通用报销单（费用报销）,通用审批类,2026-03-06 19:01:38,2026-03-06 19:02:20,2026-03-06 19:02:44,FSSC审核岗,1,,应付成本组,自动派单,已派任务少（优先派）,2026-03-06 19:02:44,移动端,AUD03,审核员03,2026-03-06 21:30:44,同意,,审核通过,23分8秒,--,0,,是,1,1,201秒,,0,,,--
费控服务,AP-2026-001210,2026-04-22,应付发票,应付确认单（物料类）,A18,示例集团·子公司辛,MAK06,制单人06,,3,示例集团财务共享中心（本部）,财务共享,应付确认单（物料类）,通用审批类,2026-06-08 10:10:09,2026-06-08 10:10:50,2026-06-08 10:12:19,FSSC审核岗,1,,应付成本组,自动派单,已派任务少（优先派）,2026-06-08 10:12:19,PC端,AUD07,审核员07,2026-06-08 13:30:19,同意,,审核通过,34分38秒,--,0,,是,1,1,99秒,,0,,,--
财务会计,AP-2026-001211,2026-06-23,通用报销单,其他专项付款单,A01,示例集团·甲公司,MAK06,制单人06,,0,示例集团财务共享中心（本部）,财务共享,其他专项付款单,通用审批类,2026-06-26 13:14:08,2026-06-26 13:14:23,2026-06-26 13:15:18,FSSC审核岗,1,,应付成本组,自动派单,已派任务少（优先派）,2026-06-26 13:15:18,移动端,AUD04,审核员04,2026-06-26 15:05:18,驳回,附件信息不一致,审核驳回,31分25秒,4分35秒,0,,是,2,1,245秒,驳回,1,制单人,制单人06,2
财务会计,AP-2026-001212,2026-06-26,付款单,应付确认单（物料类）,A01,示例集团·甲公司,MAK03,制单人03,,1,示例集团财务共享中心（本部）,财务共享,应付确认单（物料类）,通用审批类,2026-06-26 10:53:54,2026-06-26 10:54:07,2026-06-26 10:54:56,FSSC审核岗,1,,应付成本组,自动派单,已派任务少（优先派）,2026-06-26 10:54:56,移动端,AUD05,审核员05,2026-06-26 11:04:56,驳回,业务类型填写错误,审核驳回,10分25秒,36分14秒,0,,是,2,1,295秒,驳回,1,制单人,制单人03,2
财务会计,AP-2026-001213,2026-04-03,付款单,其他专项付款单,A08,示例集团·辛公司,MAK11,制单人11,,6,示例集团财务共享中心（本部）,财务共享,其他专项付款单,通用审批类,2026-06-27 18:27:59,2026-06-27 18:28:45,2026-06-27 18:30:23,FSSC审核岗,1,,应付成本组,自动派单,已派任务少（优先派）,2026-06-27 18:30:23,PC端,AUD02,审核员02,2026-06-27 19:38:23,同意,,审核通过,31分12秒,--,0,,是,1,1,176秒,,0,,,--
财务会计,AP-2026-001214,2026-03-07,付款单,应付付款单（差旅费）,A04,示例集团·丁公司,MAK05,制单人05,,2,示例集团财务共享中心（本部）,财务共享,应付付款单（差旅费）,通用审批类,2026-01-06 19:32:01,2026-01-06 19:32:42,2026-01-06 19:32:56,FSSC审核岗,1,,应付成本组,自动派单,已派任务少（优先派）,2026-01-06 19:32:56,移动端,AUD02,审核员02,2026-01-06 22:46:56,同意,,审核通过,23分35秒,--,0,,是,1,1,299秒,,0,,,--
财务会计,AP-2026-001215,2026-06-21,通用报销单,应付确认单（物料类）,A02,示例集团·乙公司,MAK14,制单人14,,5,示例集团财务共享中心（本部）,财务共享,应付确认单（物料类）,通用审批类,2026-03-12 14:03:24,2026-03-12 14:03:36,2026-03-12 14:05:22,FSSC审核岗,1,,应付成本组,自动派单,已派任务少（优先派）,2026-03-12 14:05:22,PC端,AUD07,审核员07,2026-03-12 16:44:22,同意,,审核通过,4分57秒,--,0,,是,1,1,209秒,,0,,,--
费控服务,AP-2026-001216,2026-06-16,应付发票,应付付款单（材料采购）,A02,示例集团·乙公司,MAK15,制单人15,,1,示例集团财务共享中心（本部）,财务共享,应付付款单（材料采购）,通用审批类,2026-03-28 18:07:34,2026-03-28 18:07:38,2026-03-28 18:08:13,FSSC审核岗,1,,应付成本组,自动派单,已派任务少（优先派）,2026-03-28 18:08:13,移动端,AUD06,审核员06,2026-03-28 19:50:13,同意,,审核通过,16分0秒,--,0,,是,1,1,258秒,,0,,,--
财务会计,AP-2026-001217,2026-06-10,应付发票,通用报销单（费用报销）,A08,示例集团·辛公司,MAK04,制单人04,,6,示例集团财务共享中心（本部）,财务共享,通用报销单（费用报销）,通用审批类,2026-03-18 13:09:00,2026-03-18 13:09:57,2026-03-18 13:11:22,FSSC审核岗,1,,应付成本组,自动派单,已派任务少（优先派）,2026-03-18 13:11:22,PC端,AUD04,审核员04,2026-03-18 13:30:22,同意,,审核通过,4分32秒,--,0,,是,1,1,156秒,,0,,,--
财务会计,AP-2026-001218,2026-01-16,应付发票,应付付款单（材料采购）,A08,示例集团·辛公司,MAK04,制单人04,,1,示例集团财务共享中心（本部）,财务共享,应付付款单（材料采购）,通用审批类,2026-01-03 13:46:17,2026-01-03 13:47:08,2026-01-03 13:48:09,FSSC审核岗,1,,应付成本组,自动派单,已派任务少（优先派）,2026-01-03 13:48:09,PC端,AUD06,审核员06,2026-01-03 14:00:09,同意,,审核通过,12分59秒,--,0,,是,1,1,44秒,,0,,,--
费控服务,AP-2026-001219,2026-03-03,应付发票,应付付款单（服务费）,A04,示例集团·丁公司,MAK07,制单人07,,6,示例集团财务共享中心（本部）,财务共享,应付付款单（服务费）,通用审批类,2026-01-22 13:21:27,2026-01-22 13:21:45,2026-01-22 13:21:48,FSSC审核岗,1,,应付成本组,自动派单,已派任务少（优先派）,2026-01-22 13:21:48,移动端,AUD06,审核员06,2026-01-22 15:47:48,同意,,审核通过,38分13秒,--,0,,是,1,1,174秒,,0,,,--
财务会计,AP-2026-001220,2026-06-02,应付发票,应付确认单（物料类）,A05,示例集团·戊公司,MAK08,制单人08,,7,示例集团财务共享中心（本部）,财务共享,应付确认单（物料类）,通用审批类,2026-04-26 10:01:16,2026-04-26 10:01:27,2026-04-26 10:02:23,FSSC审核岗,1,,应付成本组,自动派单,已派任务少（优先派）,2026-04-26 10:02:23,移动端,AUD06,审核员06,2026-04-26 10:43:23,同意,,审核通过,7分8秒,--,0,,是,1,1,55秒,,0,,,--
财务会计,AP-2026-001221,2026-02-08,应付发票,应付确认单（物料类）,A02,示例集团·乙公司,MAK02,制单人02,,8,示例集团财务共享中心（本部）,财务共享,应付确认单（物料类）,通用审批类,2026-02-20 14:29:34,2026-02-20 14:30:11,2026-02-20 14:31:34,FSSC审核岗,1,,应付成本组,自动派单,已派任务少（优先派）,2026-02-20 14:31:34,PC端,AUD02,审核员02,2026-02-20 16:28:34,同意,,审核通过,31分13秒,--,0,,是,1,1,47秒,,0,,,--
费控服务,AP-2026-001222,2026-02-03,应付发票,其他专项付款单,A02,示例集团·乙公司,MAK08,制单人08,,8,示例集团财务共享中心（本部）,财务共享,其他专项付款单,通用审批类,2026-05-06 10:28:41,2026-05-06 10:29:06,2026-05-06 10:30:33,FSSC审核岗,1,,应付成本组,自动派单,已派任务少（优先派）,2026-05-06 10:30:33,移动端,AUD04,审核员04,2026-05-06 13:46:33,驳回,附件信息不一致,审核驳回,35分39秒,35分26秒,0,,是,2,1,190秒,驳回,1,前端单位,示例集团·乙公司,2
财务会计,AP-2026-001223,2026-04-21,应付发票,应付付款单（材料采购）,A02,示例集团·乙公司,MAK11,制单人11,,4,示例集团财务共享中心（本部）,财务共享,应付付款单（材料采购）,通用审批类,2026-04-23 19:19:12,2026-04-23 19:19:20,2026-04-23 19:20:38,FSSC审核岗,1,,应付成本组,自动派单,已派任务少（优先派）,2026-04-23 19:20:38,PC端,AUD02,审核员02,2026-04-23 19:44:38,同意,,审核通过,13分1秒,--,0,,是,1,1,272秒,,0,,,--
财务会计,AP-2026-001224,2026-05-06,通用报销单,应付付款单（材料采购）,A08,示例集团·辛公司,MAK13,制单人13,,6,示例集团财务共享中心（本部）,财务共享,应付付款单（材料采购）,通用审批类,2026-06-02 10:07:37,2026-06-02 10:07:42,2026-06-02 10:08:28,FSSC审核岗,1,,应付成本组,自动派单,已派任务少（优先派）,2026-06-02 10:08:28,移动端,AUD05,审核员05,2026-06-02 10:15:28,同意,,审核通过,18分18秒,--,0,,是,1,1,298秒,,0,,,--
费控服务,AP-2026-001225,2026-01-01,付款单,其他专项付款单,A07,示例集团·庚公司,MAK13,制单人13,,7,示例集团财务共享中心（本部）,财务共享,其他专项付款单,通用审批类,2026-04-05 14:35:29,2026-04-05 14:35:55,2026-04-05 14:36:35,FSSC审核岗,1,,应付成本组,自动派单,已派任务少（优先派）,2026-04-05 14:36:35,PC端,AUD02,审核员02,2026-04-05 15:56:35,同意,,审核通过,26分19秒,--,0,,是,1,1,239秒,,0,,,--
财务会计,AP-2026-001226,2026-01-03,应付发票,应付确认单（物料类）,A06,示例集团·己公司,MAK15,制单人15,,3,示例集团财务共享中心（本部）,财务共享,应付确认单（物料类）,通用审批类,2026-01-13 13:27:44,2026-01-13 13:27:47,2026-01-13 13:28:20,FSSC审核岗,1,,应付成本组,自动派单,已派任务少（优先派）,2026-01-13 13:28:20,PC端,AUD07,审核员07,2026-01-13 14:53:20,驳回,附件信息不一致,审核驳回,23分20秒,31分12秒,0,,是,2,1,29秒,驳回,1,前端单位,示例集团·己公司,2
财务会计,AP-2026-001227,2026-05-14,应付发票,应付付款单（差旅费）,A06,示例集团·己公司,MAK07,制单人07,,6,示例集团财务共享中心（本部）,财务共享,应付付款单（差旅费）,通用审批类,2026-06-15 09:07:56,2026-06-15 09:08:37,2026-06-15 09:09:50,FSSC审核岗,1,,应付成本组,自动派单,已派任务少（优先派）,2026-06-15 09:09:50,移动端,AUD02,审核员02,2026-06-15 11:56:50,同意,,审核通过,15分20秒,--,0,,是,1,1,115秒,,0,,,--
财务会计,AP-2026-001228,2026-01-01,付款单,应付付款单（服务费）,A01,示例集团·甲公司,MAK06,制单人06,,1,示例集团财务共享中心（本部）,财务共享,应付付款单（服务费）,通用审批类,2026-01-04 10:33:10,2026-01-04 10:33:40,2026-01-04 10:34:33,FSSC审核岗,1,,应付成本组,自动派单,已派任务少（优先派）,2026-01-04 10:34:33,移动端,AUD04,审核员04,2026-01-04 13:27:33,同意,,审核通过,21分39秒,--,0,,是,1,1,158秒,,0,,,--
费控服务,AP-2026-001229,2026-01-19,付款单,应付付款单（服务费）,A15,示例集团·子公司戊,MAK10,制单人10,,4,示例集团财务共享中心（本部）,财务共享,应付付款单（服务费）,通用审批类,2026-03-13 13:59:18,2026-03-13 13:59:45,2026-03-13 14:01:10,FSSC审核岗,1,,应付成本组,自动派单,已派任务少（优先派）,2026-03-13 14:01:10,移动端,AUD04,审核员04,2026-03-13 15:53:10,同意,,审核通过,19分47秒,--,0,,是,1,1,123秒,,0,,,--
财务会计,AP-2026-001230,2026-05-10,应付发票,其他专项付款单,A03,示例集团·丙公司,MAK05,制单人05,,4,示例集团财务共享中心（本部）,财务共享,其他专项付款单,通用审批类,2026-06-19 17:37:15,2026-06-19 17:38:04,2026-06-19 17:39:22,FSSC审核岗,1,,应付成本组,自动派单,已派任务少（优先派）,2026-06-19 17:39:22,移动端,AUD01,审核员01,2026-06-19 18:42:22,同意,,审核通过,18分37秒,--,0,,是,1,1,240秒,,0,,,--
费控服务,AP-2026-001231,2026-01-14,通用报销单,应付付款单（服务费）,A03,示例集团·丙公司,MAK10,制单人10,,5,示例集团财务共享中心（本部）,财务共享,应付付款单（服务费）,通用审批类,2026-03-25 18:53:42,2026-03-25 18:54:27,2026-03-25 18:55:39,FSSC审核岗,1,,应付成本组,自动派单,已派任务少（优先派）,2026-03-25 18:55:39,移动端,AUD02,审核员02,2026-03-25 19:39:39,同意,附件不完整,审核通过,33分26秒,31分46秒,0,,是,1,1,121秒,,0,,,1
财务会计,AP-2026-001232,2026-03-25,付款单,应付付款单（服务费）,A19,示例集团·子公司壬,MAK11,制单人11,,2,示例集团财务共享中心（本部）,财务共享,应付付款单（服务费）,通用审批类,2026-02-09 09:15:10,2026-02-09 09:15:17,2026-02-09 09:15:19,FSSC审核岗,1,,应付成本组,自动派单,已派任务少（优先派）,2026-02-09 09:15:19,移动端,AUD04,审核员04,2026-02-09 12:30:19,同意,,审核通过,8分55秒,--,0,,是,1,1,255秒,,0,,,--
财务会计,AP-2026-001233,2026-01-28,应付发票,应付付款单（差旅费）,A10,示例集团·癸公司,MAK08,制单人08,,2,示例集团财务共享中心（本部）,财务共享,应付付款单（差旅费）,通用审批类,2026-04-10 18:45:50,2026-04-10 18:46:17,2026-04-10 18:47:05,FSSC审核岗,1,,应付成本组,自动派单,已派任务少（优先派）,2026-04-10 18:47:05,PC端,AUD03,审核员03,2026-04-10 20:14:05,同意,,审核通过,3分15秒,--,0,,是,1,1,15秒,,0,,,--
财务会计,AP-2026-001234,2026-05-10,付款单,应付付款单（服务费）,A01,示例集团·甲公司,MAK05,制单人05,,5,示例集团财务共享中心（本部）,财务共享,应付付款单（服务费）,通用审批类,2026-05-05 19:39:14,2026-05-05 19:39:51,2026-05-05 19:39:58,FSSC审核岗,1,,应付成本组,自动派单,已派任务少（优先派）,2026-05-05 19:39:58,PC端,AUD04,审核员04,2026-05-05 19:47:58,同意,,审核通过,7分8秒,--,0,,是,1,1,68秒,,0,,,--
财务会计,AP-2026-001235,2026-03-13,应付发票,应付付款单（服务费）,A02,示例集团·乙公司,MAK14,制单人14,,0,示例集团财务共享中心（本部）,财务共享,应付付款单（服务费）,通用审批类,2026-04-20 14:12:21,2026-04-20 14:12:59,2026-04-20 14:13:43,FSSC审核岗,1,,应付成本组,自动派单,已派任务少（优先派）,2026-04-20 14:13:43,PC端,AUD03,审核员03,2026-04-20 16:54:43,同意,,审核通过,36分27秒,--,0,,是,1,1,50秒,,0,,,--
财务会计,AP-2026-001236,2026-05-09,应付发票,应付付款单（材料采购）,A15,示例集团·子公司戊,MAK10,制单人10,,8,示例集团财务共享中心（本部）,财务共享,应付付款单（材料采购）,通用审批类,2026-01-10 11:16:44,2026-01-10 11:17:05,2026-01-10 11:17:56,FSSC审核岗,1,,应付成本组,自动派单,已派任务少（优先派）,2026-01-10 11:17:56,PC端,AUD07,审核员07,2026-01-10 12:57:56,同意,,审核通过,36分23秒,--,0,,是,1,1,34秒,,0,,,--
财务会计,AP-2026-001237,2026-06-27,付款单,其他专项付款单,A14,示例集团·子公司丁,MAK05,制单人05,,4,示例集团财务共享中心（本部）,财务共享,其他专项付款单,通用审批类,2026-04-22 19:08:02,2026-04-22 19:08:57,2026-04-22 19:09:29,FSSC审核岗,1,,应付成本组,自动派单,已派任务少（优先派）,2026-04-22 19:09:29,PC端,AUD02,审核员02,2026-04-22 19:59:29,同意,,审核通过,27分13秒,--,0,,是,1,1,65秒,,0,,,--
费控服务,AP-2026-001238,2026-01-19,应付发票,应付付款单（差旅费）,A01,示例集团·甲公司,MAK04,制单人04,,5,示例集团财务共享中心（本部）,财务共享,应付付款单（差旅费）,通用审批类,2026-03-23 18:51:42,2026-03-23 18:52:08,2026-03-23 18:53:49,FSSC审核岗,1,,应付成本组,自动派单,已派任务少（优先派）,2026-03-23 18:53:49,PC端,AUD04,审核员04,2026-03-23 21:12:49,同意,附件不完整,审核通过,10分36秒,--,0,,是,1,1,205秒,,0,,,1
财务会计,AP-2026-001239,2026-03-26,付款单,应付付款单（材料采购）,A10,示例集团·癸公司,MAK16,制单人16,,4,示例集团财务共享中心（本部）,财务共享,应付付款单（材料采购）,通用审批类,2026-01-22 15:28:56,2026-01-22 15:29:15,2026-01-22 15:29:24,FSSC审核岗,1,,应付成本组,自动派单,已派任务少（优先派）,2026-01-22 15:29:24,移动端,AUD02,审核员02,2026-01-22 17:29:24,同意,,审核通过,14分53秒,--,0,,是,1,1,173秒,,0,,,--
财务会计,AP-2026-001240,2026-03-27,付款单,应付付款单（差旅费）,A01,示例集团·甲公司,MAK04,制单人04,,2,示例集团财务共享中心（本部）,财务共享,应付付款单（差旅费）,通用审批类,2026-01-06 16:39:17,2026-01-06 16:39:45,2026-01-06 16:40:36,FSSC审核岗,1,,应付成本组,自动派单,已派任务少（优先派）,2026-01-06 16:40:36,PC端,AUD06,审核员06,2026-01-06 18:07:36,同意,,审核通过,13分12秒,--,0,,是,1,1,78秒,,0,,,--
财务会计,AP-2026-001241,2026-01-01,付款单,应付确认单（物料类）,A05,示例集团·戊公司,MAK03,制单人03,,4,示例集团财务共享中心（本部）,财务共享,应付确认单（物料类）,通用审批类,2026-01-11 14:36:06,2026-01-11 14:36:20,2026-01-11 14:36:47,FSSC审核岗,1,,应付成本组,自动派单,已派任务少（优先派）,2026-01-11 14:36:47,PC端,AUD06,审核员06,2026-01-11 14:39:47,同意,,审核通过,27分29秒,--,0,,是,1,1,235秒,,0,,,--
费控服务,AP-2026-001242,2026-02-14,通用报销单,应付付款单（差旅费）,A01,示例集团·甲公司,MAK12,制单人12,,5,示例集团财务共享中心（本部）,财务共享,应付付款单（差旅费）,通用审批类,2026-02-27 08:28:54,2026-02-27 08:29:22,2026-02-27 08:29:41,FSSC审核岗,1,,应付成本组,自动派单,已派任务少（优先派）,2026-02-27 08:29:41,PC端,AUD05,审核员05,2026-02-27 11:48:41,同意,,审核通过,16分57秒,--,0,,是,1,1,39秒,,0,,,--
财务会计,AP-2026-001243,2026-06-03,付款单,应付确认单（物料类）,A02,示例集团·乙公司,MAK11,制单人11,,4,示例集团财务共享中心（本部）,财务共享,应付确认单（物料类）,通用审批类,2026-06-24 17:35:49,2026-06-24 17:36:06,2026-06-24 17:37:51,FSSC审核岗,1,,应付成本组,自动派单,已派任务少（优先派）,2026-06-24 17:37:51,PC端,AUD02,审核员02,2026-06-24 19:42:51,同意,附件信息不一致,审核通过,9分2秒,19分29秒,0,,是,1,1,44秒,,0,,,1
费控服务,AP-2026-001244,2026-05-26,通用报销单,应付付款单（服务费）,A16,示例集团·子公司己,MAK13,制单人13,,0,示例集团财务共享中心（本部）,财务共享,应付付款单（服务费）,通用审批类,2026-03-15 19:10:10,2026-03-15 19:10:53,2026-03-15 19:12:36,FSSC审核岗,1,,应付成本组,自动派单,已派任务少（优先派）,2026-03-15 19:12:36,PC端,AUD06,审核员06,2026-03-15 19:46:36,同意,,审核通过,29分52秒,--,0,,是,1,1,221秒,,0,,,--
财务会计,AP-2026-001245,2026-05-15,应付发票,通用报销单（费用报销）,A15,示例集团·子公司戊,MAK05,制单人05,,2,示例集团财务共享中心（本部）,财务共享,通用报销单（费用报销）,通用审批类,2026-05-27 15:41:40,2026-05-27 15:42:25,2026-05-27 15:43:29,FSSC审核岗,1,,应付成本组,自动派单,已派任务少（优先派）,2026-05-27 15:43:29,PC端,AUD07,审核员07,2026-05-27 17:06:29,同意,,审核通过,17分3秒,--,0,,是,1,1,207秒,,0,,,--
财务会计,AP-2026-001246,2026-02-15,应付发票,其他专项付款单,A04,示例集团·丁公司,MAK09,制单人09,,0,示例集团财务共享中心（本部）,财务共享,其他专项付款单,通用审批类,2026-06-16 18:09:21,2026-06-16 18:09:54,2026-06-16 18:11:46,FSSC审核岗,1,,应付成本组,自动派单,已派任务少（优先派）,2026-06-16 18:11:46,PC端,AUD04,审核员04,2026-06-16 18:28:46,同意,,审核通过,38分50秒,--,0,,是,1,1,185秒,,0,,,--
财务会计,AP-2026-001247,2026-04-09,应付发票,通用报销单（费用报销）,A04,示例集团·丁公司,MAK13,制单人13,,2,示例集团财务共享中心（本部）,财务共享,通用报销单（费用报销）,通用审批类,2026-02-05 11:31:15,2026-02-05 11:31:56,2026-02-05 11:32:21,FSSC审核岗,1,,应付成本组,自动派单,已派任务少（优先派）,2026-02-05 11:32:21,移动端,AUD02,审核员02,2026-02-05 13:28:21,同意,,审核通过,7分8秒,--,0,,是,1,1,53秒,,0,,,--
财务会计,AP-2026-001248,2026-03-17,通用报销单,通用报销单（费用报销）,A01,示例集团·甲公司,MAK01,制单人01,,1,示例集团财务共享中心（本部）,财务共享,通用报销单（费用报销）,通用审批类,2026-06-12 19:35:26,2026-06-12 19:36:18,2026-06-12 19:38:16,FSSC审核岗,1,,应付成本组,自动派单,已派任务少（优先派）,2026-06-12 19:38:16,PC端,AUD04,审核员04,2026-06-12 22:49:16,同意,,审核通过,30分54秒,--,0,,是,1,1,35秒,,0,,,--
财务会计,AP-2026-001249,2026-01-26,应付发票,通用报销单（费用报销）,A13,示例集团·子公司丙,MAK08,制单人08,,5,示例集团财务共享中心（本部）,财务共享,通用报销单（费用报销）,通用审批类,2026-03-20 10:22:06,2026-03-20 10:22:44,2026-03-20 10:24:04,FSSC审核岗,1,,应付成本组,自动派单,已派任务少（优先派）,2026-03-20 10:24:04,移动端,AUD05,审核员05,2026-03-20 13:03:04,同意,,审核通过,8分31秒,--,0,,是,1,1,62秒,,0,,,--
财务会计,AP-2026-001250,2026-04-13,通用报销单,应付付款单（服务费）,A02,示例集团·乙公司,MAK03,制单人03,,1,示例集团财务共享中心（本部）,财务共享,应付付款单（服务费）,通用审批类,2026-03-08 16:29:11,2026-03-08 16:29:22,2026-03-08 16:29:25,FSSC审核岗,1,,应付成本组,自动派单,已派任务少（优先派）,2026-03-08 16:29:25,PC端,AUD04,审核员04,2026-03-08 18:02:25,同意,,审核通过,25分11秒,--,0,,是,1,1,202秒,,0,,,--
财务会计,AP-2026-001251,2026-01-21,付款单,应付付款单（材料采购）,A08,示例集团·辛公司,MAK11,制单人11,,4,示例集团财务共享中心（本部）,财务共享,应付付款单（材料采购）,通用审批类,2026-04-07 19:47:00,2026-04-07 19:47:45,2026-04-07 19:48:55,FSSC审核岗,1,,应付成本组,自动派单,已派任务少（优先派）,2026-04-07 19:48:55,PC端,AUD02,审核员02,2026-04-07 20:39:55,同意,,审核通过,29分56秒,--,0,,是,1,1,19秒,,0,,,--
费控服务,AP-2026-001252,2026-04-20,通用报销单,应付确认单（物料类）,A03,示例集团·丙公司,MAK14,制单人14,,6,示例集团财务共享中心（本部）,财务共享,应付确认单（物料类）,通用审批类,2026-03-01 12:29:01,2026-03-01 12:29:53,2026-03-01 12:30:15,FSSC审核岗,1,,应付成本组,自动派单,已派任务少（优先派）,2026-03-01 12:30:15,PC端,AUD04,审核员04,2026-03-01 12:33:15,同意,,审核通过,33分43秒,--,0,,是,1,1,188秒,,0,,,--
财务会计,AP-2026-001253,2026-06-26,付款单,应付付款单（材料采购）,A01,示例集团·甲公司,MAK13,制单人13,,5,示例集团财务共享中心（本部）,财务共享,应付付款单（材料采购）,通用审批类,2026-01-09 17:44:57,2026-01-09 17:45:09,2026-01-09 17:46:00,FSSC审核岗,1,,应付成本组,自动派单,已派任务少（优先派）,2026-01-09 17:46:00,移动端,AUD03,审核员03,2026-01-09 19:36:00,同意,,审核通过,27分14秒,--,0,,是,1,1,147秒,,0,,,--
费控服务,AP-2026-001254,2026-03-26,付款单,应付付款单（服务费）,A02,示例集团·乙公司,MAK15,制单人15,,2,示例集团财务共享中心（本部）,财务共享,应付付款单（服务费）,通用审批类,2026-03-12 17:09:01,2026-03-12 17:09:28,2026-03-12 17:09:39,FSSC审核岗,1,,应付成本组,自动派单,已派任务少（优先派）,2026-03-12 17:09:39,PC端,AUD04,审核员04,2026-03-12 18:52:39,同意,,审核通过,2分41秒,--,0,,是,1,1,198秒,,0,,,--
费控服务,AP-2026-001255,2026-04-10,应付发票,其他专项付款单,A06,示例集团·己公司,MAK15,制单人15,,6,示例集团财务共享中心（本部）,财务共享,其他专项付款单,通用审批类,2026-05-28 20:26:13,2026-05-28 20:26:16,2026-05-28 20:26:36,FSSC审核岗,1,,应付成本组,自动派单,已派任务少（优先派）,2026-05-28 20:26:36,移动端,AUD02,审核员02,2026-05-28 22:58:36,同意,,审核通过,15分27秒,--,0,,是,1,1,135秒,,0,,,--
财务会计,AP-2026-001256,2026-06-14,通用报销单,应付付款单（材料采购）,A05,示例集团·戊公司,MAK12,制单人12,,4,示例集团财务共享中心（本部）,财务共享,应付付款单（材料采购）,通用审批类,2026-04-24 12:42:48,2026-04-24 12:43:00,2026-04-24 12:43:06,FSSC审核岗,1,,应付成本组,自动派单,已派任务少（优先派）,2026-04-24 12:43:06,PC端,AUD02,审核员02,2026-04-24 14:34:06,同意,,审核通过,40分32秒,--,0,,是,1,1,23秒,,0,,,--
财务会计,AP-2026-001257,2026-02-07,通用报销单,其他专项付款单,A07,示例集团·庚公司,MAK09,制单人09,,3,示例集团财务共享中心（本部）,财务共享,其他专项付款单,通用审批类,2026-04-21 16:48:54,2026-04-21 16:48:57,2026-04-21 16:49:03,FSSC审核岗,1,,应付成本组,自动派单,已派任务少（优先派）,2026-04-21 16:49:03,PC端,AUD01,审核员01,2026-04-21 17:59:03,同意,,审核通过,11分4秒,--,0,,是,1,1,52秒,,0,,,--
财务会计,AP-2026-001258,2026-04-06,通用报销单,其他专项付款单,A02,示例集团·乙公司,MAK03,制单人03,,6,示例集团财务共享中心（本部）,财务共享,其他专项付款单,通用审批类,2026-06-24 12:32:42,2026-06-24 12:33:41,2026-06-24 12:35:35,FSSC审核岗,1,,应付成本组,自动派单,已派任务少（优先派）,2026-06-24 12:35:35,PC端,AUD07,审核员07,2026-06-24 13:04:35,同意,,审核通过,35分26秒,--,0,,是,1,1,284秒,,0,,,--
财务会计,AP-2026-001259,2026-02-04,付款单,其他专项付款单,A05,示例集团·戊公司,MAK07,制单人07,,2,示例集团财务共享中心（本部）,财务共享,其他专项付款单,通用审批类,2026-01-17 13:16:35,2026-01-17 13:17:10,2026-01-17 13:17:18,FSSC审核岗,1,,应付成本组,自动派单,已派任务少（优先派）,2026-01-17 13:17:18,移动端,AUD07,审核员07,2026-01-17 14:57:18,同意,,审核通过,1分2秒,--,0,,是,1,1,208秒,,0,,,--
财务会计,AP-2026-001260,2026-06-16,付款单,应付付款单（材料采购）,A02,示例集团·乙公司,MAK15,制单人15,,6,示例集团财务共享中心（本部）,财务共享,应付付款单（材料采购）,通用审批类,2026-06-16 11:53:20,2026-06-16 11:53:54,2026-06-16 11:54:36,FSSC审核岗,1,,应付成本组,自动派单,已派任务少（优先派）,2026-06-16 11:54:36,PC端,AUD07,审核员07,2026-06-16 15:13:36,同意,,审核通过,19分55秒,--,0,,是,1,1,214秒,,0,,,--
财务会计,AP-2026-001261,2026-01-14,通用报销单,应付付款单（材料采购）,A09,示例集团·壬公司,MAK13,制单人13,,2,示例集团财务共享中心（本部）,财务共享,应付付款单（材料采购）,通用审批类,2026-06-10 18:11:07,2026-06-10 18:11:47,2026-06-10 18:12:06,FSSC审核岗,1,,应付成本组,自动派单,已派任务少（优先派）,2026-06-10 18:12:06,PC端,AUD01,审核员01,2026-06-10 21:16:06,同意,,审核通过,5分12秒,--,0,,是,1,1,103秒,,0,,,--
财务会计,AP-2026-001262,2026-06-06,通用报销单,其他专项付款单,A01,示例集团·甲公司,MAK12,制单人12,,1,示例集团财务共享中心（本部）,财务共享,其他专项付款单,通用审批类,2026-04-07 20:07:18,2026-04-07 20:08:05,2026-04-07 20:09:08,FSSC审核岗,1,,应付成本组,自动派单,已派任务少（优先派）,2026-04-07 20:09:08,移动端,AUD01,审核员01,2026-04-07 22:20:08,同意,,审核通过,6分30秒,--,0,,是,1,1,238秒,,0,,,--
费控服务,AP-2026-001263,2026-04-20,应付发票,应付付款单（材料采购）,A02,示例集团·乙公司,MAK13,制单人13,,0,示例集团财务共享中心（本部）,财务共享,应付付款单（材料采购）,通用审批类,2026-01-23 16:06:41,2026-01-23 16:06:52,2026-01-23 16:07:58,FSSC审核岗,1,,应付成本组,自动派单,已派任务少（优先派）,2026-01-23 16:07:58,PC端,AUD05,审核员05,2026-01-23 19:06:58,同意,,审核通过,4分14秒,--,0,,是,1,1,231秒,,0,,,--
费控服务,AP-2026-001264,2026-03-06,付款单,应付付款单（差旅费）,A04,示例集团·丁公司,MAK01,制单人01,,3,示例集团财务共享中心（本部）,财务共享,应付付款单（差旅费）,通用审批类,2026-02-01 13:59:12,2026-02-01 14:00:00,2026-02-01 14:00:21,FSSC审核岗,1,,应付成本组,自动派单,已派任务少（优先派）,2026-02-01 14:00:21,移动端,AUD05,审核员05,2026-02-01 16:19:21,同意,,审核通过,7分0秒,--,0,,是,1,1,174秒,,0,,,--
财务会计,AP-2026-001265,2026-02-08,付款单,其他专项付款单,A07,示例集团·庚公司,MAK06,制单人06,,2,示例集团财务共享中心（本部）,财务共享,其他专项付款单,通用审批类,2026-05-18 19:00:59,2026-05-18 19:01:22,2026-05-18 19:02:33,FSSC审核岗,1,,应付成本组,自动派单,已派任务少（优先派）,2026-05-18 19:02:33,PC端,AUD02,审核员02,2026-05-18 21:59:33,同意,,审核通过,37分49秒,--,0,,是,1,1,41秒,,0,,,--
财务会计,AP-2026-001266,2026-01-06,付款单,应付付款单（差旅费）,A01,示例集团·甲公司,MAK07,制单人07,,6,示例集团财务共享中心（本部）,财务共享,应付付款单（差旅费）,通用审批类,2026-06-08 11:11:54,2026-06-08 11:12:30,2026-06-08 11:14:24,FSSC审核岗,1,,应付成本组,自动派单,已派任务少（优先派）,2026-06-08 11:14:24,PC端,AUD05,审核员05,2026-06-08 12:07:24,同意,,审核通过,14分13秒,--,0,,是,1,1,257秒,,0,,,--
费控服务,AP-2026-001267,2026-05-21,通用报销单,应付付款单（材料采购）,A04,示例集团·丁公司,MAK12,制单人12,,6,示例集团财务共享中心（本部）,财务共享,应付付款单（材料采购）,通用审批类,2026-02-18 20:48:52,2026-02-18 20:49:42,2026-02-18 20:50:34,FSSC审核岗,1,,应付成本组,自动派单,已派任务少（优先派）,2026-02-18 20:50:34,移动端,AUD04,审核员04,2026-02-18 21:36:34,同意,,审核通过,36分19秒,--,0,,是,1,1,65秒,,0,,,--
财务会计,AP-2026-001268,2026-01-17,应付发票,应付确认单（物料类）,A01,示例集团·甲公司,MAK02,制单人02,,3,示例集团财务共享中心（本部）,财务共享,应付确认单（物料类）,通用审批类,2026-06-08 19:38:09,2026-06-08 19:38:16,2026-06-08 19:39:43,FSSC审核岗,1,,应付成本组,自动派单,已派任务少（优先派）,2026-06-08 19:39:43,PC端,AUD02,审核员02,2026-06-08 21:58:43,同意,,审核通过,23分57秒,--,0,,是,1,1,105秒,,0,,,--
财务会计,AP-2026-001269,2026-02-17,通用报销单,应付付款单（材料采购）,A05,示例集团·戊公司,MAK10,制单人10,,0,示例集团财务共享中心（本部）,财务共享,应付付款单（材料采购）,通用审批类,2026-04-25 19:44:01,2026-04-25 19:44:27,2026-04-25 19:46:22,FSSC审核岗,1,,应付成本组,自动派单,已派任务少（优先派）,2026-04-25 19:46:22,PC端,AUD06,审核员06,2026-04-25 21:50:22,同意,,审核通过,28分48秒,--,0,,是,1,1,199秒,,0,,,--
费控服务,AP-2026-001270,2026-06-18,通用报销单,其他专项付款单,A11,示例集团·子公司甲,MAK03,制单人03,,6,示例集团财务共享中心（本部）,财务共享,其他专项付款单,通用审批类,2026-01-21 12:15:49,2026-01-21 12:15:54,2026-01-21 12:17:14,FSSC审核岗,1,,应付成本组,自动派单,已派任务少（优先派）,2026-01-21 12:17:14,移动端,AUD05,审核员05,2026-01-21 12:50:14,同意,,审核通过,8分29秒,--,0,,是,1,1,267秒,,0,,,--
财务会计,AP-2026-001271,2026-03-19,付款单,应付确认单（物料类）,A08,示例集团·辛公司,MAK06,制单人06,,2,示例集团财务共享中心（本部）,财务共享,应付确认单（物料类）,通用审批类,2026-01-18 19:19:22,2026-01-18 19:20:05,2026-01-18 19:21:09,FSSC审核岗,1,,应付成本组,自动派单,已派任务少（优先派）,2026-01-18 19:21:09,PC端,AUD05,审核员05,2026-01-18 20:07:09,同意,特殊原因,审核通过,26分24秒,26分34秒,0,,是,1,1,206秒,,0,,,1
财务会计,AP-2026-001272,2026-02-27,通用报销单,应付付款单（材料采购）,A10,示例集团·癸公司,MAK10,制单人10,,5,示例集团财务共享中心（本部）,财务共享,应付付款单（材料采购）,通用审批类,2026-03-15 11:19:39,2026-03-15 11:20:12,2026-03-15 11:21:28,FSSC审核岗,1,,应付成本组,自动派单,已派任务少（优先派）,2026-03-15 11:21:28,移动端,AUD03,审核员03,2026-03-15 13:46:28,同意,,审核通过,15分38秒,--,0,,是,1,1,149秒,,0,,,--
财务会计,AP-2026-001273,2026-03-15,应付发票,应付付款单（差旅费）,A08,示例集团·辛公司,MAK11,制单人11,,6,示例集团财务共享中心（本部）,财务共享,应付付款单（差旅费）,通用审批类,2026-03-05 17:55:38,2026-03-05 17:55:40,2026-03-05 17:56:37,FSSC审核岗,1,,应付成本组,自动派单,已派任务少（优先派）,2026-03-05 17:56:37,PC端,AUD01,审核员01,2026-03-05 19:05:37,同意,,审核通过,28分37秒,--,0,,是,1,1,165秒,,0,,,--
费控服务,AP-2026-001274,2026-06-16,通用报销单,其他专项付款单,A01,示例集团·甲公司,MAK08,制单人08,,4,示例集团财务共享中心（本部）,财务共享,其他专项付款单,通用审批类,2026-06-18 20:38:29,2026-06-18 20:38:49,2026-06-18 20:40:17,FSSC审核岗,1,,应付成本组,自动派单,已派任务少（优先派）,2026-06-18 20:40:17,移动端,AUD05,审核员05,2026-06-18 23:35:17,同意,,审核通过,26分17秒,--,0,,是,1,1,48秒,,0,,,--
财务会计,AP-2026-001275,2026-04-17,通用报销单,通用报销单（费用报销）,A17,示例集团·子公司庚,MAK04,制单人04,,8,示例集团财务共享中心（本部）,财务共享,通用报销单（费用报销）,通用审批类,2026-03-15 11:18:53,2026-03-15 11:19:23,2026-03-15 11:20:30,FSSC审核岗,1,,应付成本组,自动派单,已派任务少（优先派）,2026-03-15 11:20:30,PC端,AUD05,审核员05,2026-03-15 14:02:30,同意,,审核通过,35分6秒,--,0,,是,1,1,204秒,,0,,,--
财务会计,AP-2026-001276,2026-06-10,应付发票,应付付款单（服务费）,A03,示例集团·丙公司,MAK10,制单人10,,2,示例集团财务共享中心（本部）,财务共享,应付付款单（服务费）,通用审批类,2026-03-20 10:42:40,2026-03-20 10:43:13,2026-03-20 10:44:57,FSSC审核岗,1,,应付成本组,自动派单,已派任务少（优先派）,2026-03-20 10:44:57,PC端,AUD01,审核员01,2026-03-20 12:25:57,同意,,审核通过,8分53秒,--,0,,是,1,1,26秒,,0,,,--
财务会计,AP-2026-001277,2026-02-13,应付发票,其他专项付款单,A02,示例集团·乙公司,MAK03,制单人03,,8,示例集团财务共享中心（本部）,财务共享,其他专项付款单,通用审批类,2026-05-20 08:01:53,2026-05-20 08:02:28,2026-05-20 08:02:51,FSSC审核岗,1,,应付成本组,自动派单,已派任务少（优先派）,2026-05-20 08:02:51,PC端,AUD04,审核员04,2026-05-20 09:12:51,同意,,审核通过,7分49秒,--,0,,是,1,1,123秒,,0,,,--
费控服务,AP-2026-001278,2026-04-07,付款单,应付付款单（材料采购）,A01,示例集团·甲公司,MAK15,制单人15,,7,示例集团财务共享中心（本部）,财务共享,应付付款单（材料采购）,通用审批类,2026-01-11 15:19:42,2026-01-11 15:20:35,2026-01-11 15:21:45,FSSC审核岗,1,,应付成本组,自动派单,已派任务少（优先派）,2026-01-11 15:21:45,PC端,AUD05,审核员05,2026-01-11 17:43:45,同意,,审核通过,17分53秒,--,0,,是,1,1,64秒,,0,,,--
财务会计,AP-2026-001279,2026-04-01,通用报销单,应付确认单（物料类）,A06,示例集团·己公司,MAK07,制单人07,,6,示例集团财务共享中心（本部）,财务共享,应付确认单（物料类）,通用审批类,2026-01-26 13:58:00,2026-01-26 13:58:04,2026-01-26 13:58:05,FSSC审核岗,1,,应付成本组,自动派单,已派任务少（优先派）,2026-01-26 13:58:05,PC端,AUD07,审核员07,2026-01-26 14:53:05,驳回,未关联合同,审核驳回,26分6秒,39分22秒,0,,是,2,1,114秒,驳回,1,制单人,制单人07,2
财务会计,AP-2026-001280,2026-06-10,付款单,应付付款单（差旅费）,A01,示例集团·甲公司,MAK16,制单人16,,6,示例集团财务共享中心（本部）,财务共享,应付付款单（差旅费）,通用审批类,2026-04-25 17:12:52,2026-04-25 17:13:21,2026-04-25 17:14:31,FSSC审核岗,1,,应付成本组,自动派单,已派任务少（优先派）,2026-04-25 17:14:31,PC端,AUD03,审核员03,2026-04-25 20:05:31,同意,,审核通过,29分36秒,--,0,,是,1,1,36秒,,0,,,--
财务会计,AP-2026-001281,2026-06-01,通用报销单,应付确认单（物料类）,A05,示例集团·戊公司,MAK08,制单人08,,3,示例集团财务共享中心（本部）,财务共享,应付确认单（物料类）,通用审批类,2026-04-16 10:26:56,2026-04-16 10:27:38,2026-04-16 10:29:21,FSSC审核岗,1,,应付成本组,自动派单,已派任务少（优先派）,2026-04-16 10:29:21,PC端,AUD06,审核员06,2026-04-16 10:38:21,驳回,附件不完整,审核驳回,28分23秒,--,0,,是,3,1,72秒,驳回,1,前端单位,示例集团·戊公司,3
财务会计,AP-2026-001282,2026-04-09,应付发票,通用报销单（费用报销）,A01,示例集团·甲公司,MAK05,制单人05,,5,示例集团财务共享中心（本部）,财务共享,通用报销单（费用报销）,通用审批类,2026-02-02 14:30:17,2026-02-02 14:31:00,2026-02-02 14:31:44,FSSC审核岗,1,,应付成本组,自动派单,已派任务少（优先派）,2026-02-02 14:31:44,PC端,AUD03,审核员03,2026-02-02 16:20:44,同意,,审核通过,11分19秒,--,0,,是,1,1,29秒,,0,,,--
财务会计,AP-2026-001283,2026-06-11,通用报销单,应付付款单（服务费）,A04,示例集团·丁公司,MAK13,制单人13,,2,示例集团财务共享中心（本部）,财务共享,应付付款单（服务费）,通用审批类,2026-03-14 15:08:20,2026-03-14 15:09:20,2026-03-14 15:10:15,FSSC审核岗,1,,应付成本组,自动派单,已派任务少（优先派）,2026-03-14 15:10:15,移动端,AUD01,审核员01,2026-03-14 18:27:15,同意,,审核通过,8分38秒,--,0,,是,1,1,14秒,,0,,,--
费控服务,AP-2026-001284,2026-01-22,应付发票,应付付款单（服务费）,A03,示例集团·丙公司,MAK04,制单人04,,5,示例集团财务共享中心（本部）,财务共享,应付付款单（服务费）,通用审批类,2026-03-01 12:31:19,2026-03-01 12:31:50,2026-03-01 12:33:46,FSSC审核岗,1,,应付成本组,自动派单,已派任务少（优先派）,2026-03-01 12:33:46,移动端,AUD05,审核员05,2026-03-01 14:13:46,同意,,审核通过,24分38秒,--,0,,是,1,1,124秒,,0,,,--
费控服务,AP-2026-001285,2026-05-27,应付发票,应付付款单（材料采购）,A07,示例集团·庚公司,MAK06,制单人06,,1,示例集团财务共享中心（本部）,财务共享,应付付款单（材料采购）,通用审批类,2026-04-11 08:31:53,2026-04-11 08:31:59,2026-04-11 08:32:17,FSSC审核岗,1,,应付成本组,自动派单,已派任务少（优先派）,2026-04-11 08:32:17,移动端,AUD01,审核员01,2026-04-11 09:46:17,同意,,审核通过,11分44秒,--,0,,是,1,1,38秒,,0,,,--
财务会计,AP-2026-001286,2026-06-06,通用报销单,通用报销单（费用报销）,A01,示例集团·甲公司,MAK04,制单人04,,7,示例集团财务共享中心（本部）,财务共享,通用报销单（费用报销）,通用审批类,2026-03-03 19:49:30,2026-03-03 19:49:46,2026-03-03 19:51:45,FSSC审核岗,1,,应付成本组,自动派单,已派任务少（优先派）,2026-03-03 19:51:45,PC端,AUD01,审核员01,2026-03-03 23:11:45,同意,,审核通过,32分10秒,--,0,,是,1,1,227秒,,0,,,--
财务会计,AP-2026-001287,2026-02-08,付款单,应付付款单（材料采购）,A10,示例集团·癸公司,MAK09,制单人09,,2,示例集团财务共享中心（本部）,财务共享,应付付款单（材料采购）,通用审批类,2026-06-11 19:43:20,2026-06-11 19:43:56,2026-06-11 19:44:38,FSSC审核岗,1,,应付成本组,自动派单,已派任务少（优先派）,2026-06-11 19:44:38,PC端,AUD04,审核员04,2026-06-11 20:28:38,同意,,审核通过,23分8秒,--,0,,是,1,1,170秒,,0,,,--
财务会计,AP-2026-001288,2026-01-16,通用报销单,其他专项付款单,A01,示例集团·甲公司,MAK02,制单人02,,4,示例集团财务共享中心（本部）,财务共享,其他专项付款单,通用审批类,2026-03-15 09:03:21,2026-03-15 09:04:20,2026-03-15 09:04:27,FSSC审核岗,1,,应付成本组,自动派单,已派任务少（优先派）,2026-03-15 09:04:27,移动端,AUD04,审核员04,2026-03-15 11:20:27,同意,未关联合同,审核通过,39分5秒,30分19秒,0,,是,1,1,147秒,,0,,,1
财务会计,AP-2026-001289,2026-05-12,付款单,应付付款单（材料采购）,A05,示例集团·戊公司,MAK13,制单人13,,7,示例集团财务共享中心（本部）,财务共享,应付付款单（材料采购）,通用审批类,2026-04-15 16:46:47,2026-04-15 16:47:42,2026-04-15 16:49:16,FSSC审核岗,1,,应付成本组,自动派单,已派任务少（优先派）,2026-04-15 16:49:16,PC端,AUD05,审核员05,2026-04-15 18:05:16,同意,,审核通过,8分22秒,--,0,,是,1,1,163秒,,0,,,--
财务会计,AP-2026-001290,2026-05-09,付款单,应付付款单（服务费）,A08,示例集团·辛公司,MAK16,制单人16,,1,示例集团财务共享中心（本部）,财务共享,应付付款单（服务费）,通用审批类,2026-05-20 11:02:21,2026-05-20 11:02:36,2026-05-20 11:03:39,FSSC审核岗,1,,应付成本组,自动派单,已派任务少（优先派）,2026-05-20 11:03:39,PC端,AUD04,审核员04,2026-05-20 13:14:39,同意,,审核通过,34分13秒,--,0,,是,1,1,225秒,,0,,,--
财务会计,AP-2026-001291,2026-01-08,应付发票,应付付款单（材料采购）,A01,示例集团·甲公司,MAK13,制单人13,,8,示例集团财务共享中心（本部）,财务共享,应付付款单（材料采购）,通用审批类,2026-06-20 10:27:59,2026-06-20 10:28:02,2026-06-20 10:29:08,FSSC审核岗,1,,应付成本组,自动派单,已派任务少（优先派）,2026-06-20 10:29:08,移动端,AUD05,审核员05,2026-06-20 12:31:08,同意,,审核通过,5分22秒,--,0,,是,1,1,99秒,,0,,,--
财务会计,AP-2026-001292,2026-03-27,应付发票,其他专项付款单,A05,示例集团·戊公司,MAK08,制单人08,,3,示例集团财务共享中心（本部）,财务共享,其他专项付款单,通用审批类,2026-03-11 18:04:20,2026-03-11 18:04:32,2026-03-11 18:04:48,FSSC审核岗,1,,应付成本组,自动派单,已派任务少（优先派）,2026-03-11 18:04:48,PC端,AUD01,审核员01,2026-03-11 19:58:48,同意,,审核通过,21分46秒,--,0,,是,1,1,125秒,,0,,,--
财务会计,AP-2026-001293,2026-03-04,通用报销单,应付付款单（服务费）,A05,示例集团·戊公司,MAK13,制单人13,,1,示例集团财务共享中心（本部）,财务共享,应付付款单（服务费）,通用审批类,2026-04-04 13:27:43,2026-04-04 13:28:14,2026-04-04 13:28:39,FSSC审核岗,1,,应付成本组,自动派单,已派任务少（优先派）,2026-04-04 13:28:39,移动端,AUD04,审核员04,2026-04-04 14:43:39,同意,,审核通过,31分28秒,--,0,,是,1,1,203秒,,0,,,--
财务会计,AP-2026-001294,2026-06-03,付款单,应付付款单（差旅费）,A16,示例集团·子公司己,MAK10,制单人10,,6,示例集团财务共享中心（本部）,财务共享,应付付款单（差旅费）,通用审批类,2026-03-27 14:08:37,2026-03-27 14:09:16,2026-03-27 14:10:30,FSSC审核岗,1,,应付成本组,自动派单,已派任务少（优先派）,2026-03-27 14:10:30,PC端,AUD03,审核员03,2026-03-27 15:16:30,同意,,审核通过,17分57秒,--,0,,是,1,1,184秒,,0,,,--
财务会计,AP-2026-001295,2026-06-01,应付发票,应付确认单（物料类）,A01,示例集团·甲公司,MAK10,制单人10,,3,示例集团财务共享中心（本部）,财务共享,应付确认单（物料类）,通用审批类,2026-02-02 16:38:35,2026-02-02 16:38:57,2026-02-02 16:39:59,FSSC审核岗,1,,应付成本组,自动派单,已派任务少（优先派）,2026-02-02 16:39:59,移动端,AUD05,审核员05,2026-02-02 17:38:59,同意,,审核通过,22分10秒,--,0,,是,1,1,58秒,,0,,,--
财务会计,AP-2026-001296,2026-06-17,付款单,应付付款单（服务费）,A08,示例集团·辛公司,MAK09,制单人09,,7,示例集团财务共享中心（本部）,财务共享,应付付款单（服务费）,通用审批类,2026-05-06 18:18:24,2026-05-06 18:18:42,2026-05-06 18:20:17,FSSC审核岗,1,,应付成本组,自动派单,已派任务少（优先派）,2026-05-06 18:20:17,PC端,AUD03,审核员03,2026-05-06 20:32:17,同意,,审核通过,38分23秒,--,0,,是,1,1,234秒,,0,,,--
财务会计,AP-2026-001297,2026-05-25,付款单,应付付款单（材料采购）,A02,示例集团·乙公司,MAK15,制单人15,,0,示例集团财务共享中心（本部）,财务共享,应付付款单（材料采购）,通用审批类,2026-05-23 17:22:48,2026-05-23 17:23:22,2026-05-23 17:23:39,FSSC审核岗,1,,应付成本组,自动派单,已派任务少（优先派）,2026-05-23 17:23:39,PC端,AUD03,审核员03,2026-05-23 19:36:39,同意,,审核通过,12分9秒,--,0,,是,1,1,46秒,,0,,,--
费控服务,AP-2026-001298,2026-01-20,付款单,应付付款单（服务费）,A04,示例集团·丁公司,MAK10,制单人10,,7,示例集团财务共享中心（本部）,财务共享,应付付款单（服务费）,通用审批类,2026-02-28 18:53:04,2026-02-28 18:53:57,2026-02-28 18:54:15,FSSC审核岗,1,,应付成本组,自动派单,已派任务少（优先派）,2026-02-28 18:54:15,移动端,AUD06,审核员06,2026-02-28 20:11:15,同意,,审核通过,6分29秒,--,0,,是,1,1,17秒,,0,,,--
财务会计,AP-2026-001299,2026-05-09,通用报销单,应付付款单（服务费）,A15,示例集团·子公司戊,MAK13,制单人13,,6,示例集团财务共享中心（本部）,财务共享,应付付款单（服务费）,通用审批类,2026-05-26 12:50:59,2026-05-26 12:51:13,2026-05-26 12:52:08,FSSC审核岗,1,,应付成本组,自动派单,已派任务少（优先派）,2026-05-26 12:52:08,移动端,AUD04,审核员04,2026-05-26 15:00:08,同意,,审核通过,34分6秒,--,0,,是,1,1,52秒,,0,,,--
财务会计,AP-2026-001300,2026-03-17,应付发票,应付确认单（物料类）,A02,示例集团·乙公司,MAK04,制单人04,,8,示例集团财务共享中心（本部）,财务共享,应付确认单（物料类）,通用审批类,2026-02-14 16:07:49,2026-02-14 16:07:55,2026-02-14 16:09:09,FSSC审核岗,1,,应付成本组,自动派单,已派任务少（优先派）,2026-02-14 16:09:09,移动端,AUD01,审核员01,2026-02-14 17:12:09,同意,,审核通过,6分17秒,--,0,,是,1,1,182秒,,0,,,--
财务会计,AP-2026-001301,2026-01-26,通用报销单,应付付款单（服务费）,A06,示例集团·己公司,MAK15,制单人15,,5,示例集团财务共享中心（本部）,财务共享,应付付款单（服务费）,通用审批类,2026-06-28 19:36:40,2026-06-28 19:37:35,2026-06-28 19:37:57,FSSC审核岗,1,,应付成本组,自动派单,已派任务少（优先派）,2026-06-28 19:37:57,PC端,AUD01,审核员01,2026-06-28 20:04:57,同意,,审核通过,21分9秒,--,0,,是,1,1,296秒,,0,,,--
财务会计,AP-2026-001302,2026-03-08,应付发票,应付付款单（差旅费）,A13,示例集团·子公司丙,MAK15,制单人15,,7,示例集团财务共享中心（本部）,财务共享,应付付款单（差旅费）,通用审批类,2026-06-21 18:20:47,2026-06-21 18:21:20,2026-06-21 18:22:29,FSSC审核岗,1,,应付成本组,自动派单,已派任务少（优先派）,2026-06-21 18:22:29,PC端,AUD05,审核员05,2026-06-21 21:35:29,驳回,特殊原因,审核驳回,1分49秒,--,0,,是,3,1,173秒,驳回,1,制单人,制单人15,3
财务会计,AP-2026-001303,2026-04-24,付款单,其他专项付款单,A02,示例集团·乙公司,MAK11,制单人11,,7,示例集团财务共享中心（本部）,财务共享,其他专项付款单,通用审批类,2026-04-08 20:37:05,2026-04-08 20:37:06,2026-04-08 20:37:38,FSSC审核岗,1,,应付成本组,自动派单,已派任务少（优先派）,2026-04-08 20:37:38,移动端,AUD01,审核员01,2026-04-08 22:54:38,同意,,审核通过,20分8秒,--,0,,是,1,1,171秒,,0,,,--
费控服务,AP-2026-001304,2026-06-19,应付发票,应付付款单（差旅费）,A03,示例集团·丙公司,MAK04,制单人04,,0,示例集团财务共享中心（本部）,财务共享,应付付款单（差旅费）,通用审批类,2026-02-11 16:51:06,2026-02-11 16:52:01,2026-02-11 16:53:06,FSSC审核岗,1,,应付成本组,自动派单,已派任务少（优先派）,2026-02-11 16:53:06,PC端,AUD03,审核员03,2026-02-11 19:57:06,同意,,审核通过,9分19秒,--,0,,是,1,1,118秒,,0,,,--
财务会计,AP-2026-001305,2026-06-11,付款单,其他专项付款单,A09,示例集团·壬公司,MAK04,制单人04,,5,示例集团财务共享中心（本部）,财务共享,其他专项付款单,通用审批类,2026-01-17 15:13:24,2026-01-17 15:14:13,2026-01-17 15:15:05,FSSC审核岗,1,,应付成本组,自动派单,已派任务少（优先派）,2026-01-17 15:15:05,移动端,AUD01,审核员01,2026-01-17 15:51:05,同意,,审核通过,33分46秒,--,0,,是,1,1,215秒,,0,,,--
财务会计,AP-2026-001306,2026-05-20,付款单,应付付款单（材料采购）,A06,示例集团·己公司,MAK04,制单人04,,4,示例集团财务共享中心（本部）,财务共享,应付付款单（材料采购）,通用审批类,2026-02-21 13:34:20,2026-02-21 13:35:16,2026-02-21 13:36:53,FSSC审核岗,1,,应付成本组,自动派单,已派任务少（优先派）,2026-02-21 13:36:53,PC端,AUD02,审核员02,2026-02-21 15:27:53,驳回,特殊原因,审核驳回,29分42秒,22分55秒,0,,是,3,1,207秒,驳回,1,前端单位,示例集团·己公司,3
财务会计,AP-2026-001307,2026-05-06,通用报销单,其他专项付款单,A11,示例集团·子公司甲,MAK04,制单人04,,8,示例集团财务共享中心（本部）,财务共享,其他专项付款单,通用审批类,2026-06-04 09:24:18,2026-06-04 09:24:34,2026-06-04 09:25:25,FSSC审核岗,1,,应付成本组,自动派单,已派任务少（优先派）,2026-06-04 09:25:25,移动端,AUD04,审核员04,2026-06-04 12:19:25,同意,,审核通过,16分30秒,--,0,,是,1,1,258秒,,0,,,--
财务会计,AP-2026-001308,2026-05-20,通用报销单,通用报销单（费用报销）,A02,示例集团·乙公司,MAK01,制单人01,,4,示例集团财务共享中心（本部）,财务共享,通用报销单（费用报销）,通用审批类,2026-06-13 14:00:21,2026-06-13 14:01:20,2026-06-13 14:01:52,FSSC审核岗,1,,应付成本组,自动派单,已派任务少（优先派）,2026-06-13 14:01:52,PC端,AUD02,审核员02,2026-06-13 15:17:52,同意,,审核通过,17分4秒,--,0,,是,1,1,221秒,,0,,,--
财务会计,AP-2026-001309,2026-05-23,付款单,应付付款单（服务费）,A01,示例集团·甲公司,MAK15,制单人15,,5,示例集团财务共享中心（本部）,财务共享,应付付款单（服务费）,通用审批类,2026-06-07 13:34:55,2026-06-07 13:35:48,2026-06-07 13:37:10,FSSC审核岗,1,,应付成本组,自动派单,已派任务少（优先派）,2026-06-07 13:37:10,移动端,AUD05,审核员05,2026-06-07 14:54:10,同意,,审核通过,8分2秒,--,0,,是,1,1,106秒,,0,,,--
财务会计,AP-2026-001310,2026-02-07,应付发票,其他专项付款单,A08,示例集团·辛公司,MAK09,制单人09,,4,示例集团财务共享中心（本部）,财务共享,其他专项付款单,通用审批类,2026-04-16 14:13:27,2026-04-16 14:13:36,2026-04-16 14:15:36,FSSC审核岗,1,,应付成本组,自动派单,已派任务少（优先派）,2026-04-16 14:15:36,PC端,AUD01,审核员01,2026-04-16 16:26:36,同意,,审核通过,18分29秒,--,0,,是,1,1,69秒,,0,,,--
财务会计,AP-2026-001311,2026-05-26,付款单,应付确认单（物料类）,A06,示例集团·己公司,MAK10,制单人10,,0,示例集团财务共享中心（本部）,财务共享,应付确认单（物料类）,通用审批类,2026-02-19 14:36:51,2026-02-19 14:36:54,2026-02-19 14:37:48,FSSC审核岗,1,,应付成本组,自动派单,已派任务少（优先派）,2026-02-19 14:37:48,移动端,AUD05,审核员05,2026-02-19 16:44:48,同意,,审核通过,37分11秒,--,0,,是,1,1,98秒,,0,,,--
财务会计,AP-2026-001312,2026-01-20,应付发票,其他专项付款单,A05,示例集团·戊公司,MAK13,制单人13,,5,示例集团财务共享中心（本部）,财务共享,其他专项付款单,通用审批类,2026-01-09 13:48:22,2026-01-09 13:48:30,2026-01-09 13:50:20,FSSC审核岗,1,,应付成本组,自动派单,已派任务少（优先派）,2026-01-09 13:50:20,PC端,AUD02,审核员02,2026-01-09 16:51:20,同意,,审核通过,35分47秒,--,0,,是,1,1,242秒,,0,,,--
财务会计,AP-2026-001313,2026-01-07,付款单,应付付款单（服务费）,A01,示例集团·甲公司,MAK08,制单人08,,4,示例集团财务共享中心（本部）,财务共享,应付付款单（服务费）,通用审批类,2026-01-26 16:35:07,2026-01-26 16:35:58,2026-01-26 16:36:12,FSSC审核岗,1,,应付成本组,自动派单,已派任务少（优先派）,2026-01-26 16:36:12,PC端,AUD04,审核员04,2026-01-26 19:50:12,同意,,审核通过,3分12秒,--,0,,是,1,1,166秒,,0,,,--
财务会计,AP-2026-001314,2026-04-03,通用报销单,应付付款单（服务费）,A16,示例集团·子公司己,MAK10,制单人10,,6,示例集团财务共享中心（本部）,财务共享,应付付款单（服务费）,通用审批类,2026-03-18 15:28:41,2026-03-18 15:29:29,2026-03-18 15:30:15,FSSC审核岗,1,,应付成本组,自动派单,已派任务少（优先派）,2026-03-18 15:30:15,移动端,AUD06,审核员06,2026-03-18 17:42:15,同意,,审核通过,19分48秒,--,0,,是,1,1,253秒,,0,,,--
费控服务,AP-2026-001315,2026-01-23,通用报销单,应付付款单（材料采购）,A05,示例集团·戊公司,MAK14,制单人14,,2,示例集团财务共享中心（本部）,财务共享,应付付款单（材料采购）,通用审批类,2026-01-20 09:22:12,2026-01-20 09:22:45,2026-01-20 09:24:31,FSSC审核岗,1,,应付成本组,自动派单,已派任务少（优先派）,2026-01-20 09:24:31,移动端,AUD01,审核员01,2026-01-20 12:08:31,同意,,审核通过,35分8秒,--,0,,是,1,1,212秒,,0,,,--
财务会计,AP-2026-001316,2026-06-02,通用报销单,应付付款单（材料采购）,A01,示例集团·甲公司,MAK05,制单人05,,5,示例集团财务共享中心（本部）,财务共享,应付付款单（材料采购）,通用审批类,2026-06-28 10:55:55,2026-06-28 10:56:10,2026-06-28 10:58:05,FSSC审核岗,1,,应付成本组,自动派单,已派任务少（优先派）,2026-06-28 10:58:05,移动端,AUD02,审核员02,2026-06-28 11:20:05,同意,,审核通过,29分29秒,--,0,,是,1,1,78秒,,0,,,--
财务会计,AP-2026-001317,2026-06-02,付款单,通用报销单（费用报销）,A01,示例集团·甲公司,MAK13,制单人13,,3,示例集团财务共享中心（本部）,财务共享,通用报销单（费用报销）,通用审批类,2026-04-23 17:53:45,2026-04-23 17:54:03,2026-04-23 17:54:16,FSSC审核岗,1,,应付成本组,自动派单,已派任务少（优先派）,2026-04-23 17:54:16,PC端,AUD01,审核员01,2026-04-23 20:19:16,同意,,审核通过,36分41秒,--,0,,是,1,1,48秒,,0,,,--
财务会计,AP-2026-001318,2026-06-04,通用报销单,应付付款单（服务费）,A01,示例集团·甲公司,MAK08,制单人08,,2,示例集团财务共享中心（本部）,财务共享,应付付款单（服务费）,通用审批类,2026-04-05 20:17:34,2026-04-05 20:18:04,2026-04-05 20:18:08,FSSC审核岗,1,,应付成本组,自动派单,已派任务少（优先派）,2026-04-05 20:18:08,PC端,AUD05,审核员05,2026-04-05 22:49:08,同意,,审核通过,25分16秒,--,0,,是,1,1,218秒,,0,,,--
费控服务,AP-2026-001319,2026-03-16,付款单,应付付款单（材料采购）,A02,示例集团·乙公司,MAK03,制单人03,,6,示例集团财务共享中心（本部）,财务共享,应付付款单（材料采购）,通用审批类,2026-02-06 12:00:16,2026-02-06 12:01:10,2026-02-06 12:03:04,FSSC审核岗,1,,应付成本组,自动派单,已派任务少（优先派）,2026-02-06 12:03:04,移动端,AUD01,审核员01,2026-02-06 15:01:04,同意,,审核通过,7分6秒,--,0,,是,1,1,283秒,,0,,,--
财务会计,AP-2026-001320,2026-06-13,通用报销单,通用报销单（费用报销）,A12,示例集团·子公司乙,MAK01,制单人01,,2,示例集团财务共享中心（本部）,财务共享,通用报销单（费用报销）,通用审批类,2026-02-23 14:13:03,2026-02-23 14:13:34,2026-02-23 14:13:36,FSSC审核岗,1,,应付成本组,自动派单,已派任务少（优先派）,2026-02-23 14:13:36,移动端,AUD02,审核员02,2026-02-23 14:52:36,同意,,审核通过,4分59秒,--,0,,是,1,1,87秒,,0,,,--
财务会计,AP-2026-001321,2026-03-26,通用报销单,其他专项付款单,A10,示例集团·癸公司,MAK01,制单人01,,0,示例集团财务共享中心（本部）,财务共享,其他专项付款单,通用审批类,2026-02-26 14:46:08,2026-02-26 14:46:13,2026-02-26 14:47:27,FSSC审核岗,1,,应付成本组,自动派单,已派任务少（优先派）,2026-02-26 14:47:27,PC端,AUD03,审核员03,2026-02-26 16:20:27,同意,,审核通过,1分21秒,--,0,,是,1,1,248秒,,0,,,--
财务会计,AP-2026-001322,2026-04-16,通用报销单,应付确认单（物料类）,A05,示例集团·戊公司,MAK06,制单人06,,0,示例集团财务共享中心（本部）,财务共享,应付确认单（物料类）,通用审批类,2026-01-26 17:00:01,2026-01-26 17:00:53,2026-01-26 17:01:53,FSSC审核岗,1,,应付成本组,自动派单,已派任务少（优先派）,2026-01-26 17:01:53,PC端,AUD01,审核员01,2026-01-26 17:57:53,同意,,审核通过,29分10秒,--,0,,是,1,1,92秒,,0,,,--
费控服务,AP-2026-001323,2026-04-19,付款单,通用报销单（费用报销）,A01,示例集团·甲公司,MAK04,制单人04,,4,示例集团财务共享中心（本部）,财务共享,通用报销单（费用报销）,通用审批类,2026-03-16 09:41:24,2026-03-16 09:41:56,2026-03-16 09:42:15,FSSC审核岗,1,,应付成本组,自动派单,已派任务少（优先派）,2026-03-16 09:42:15,PC端,AUD06,审核员06,2026-03-16 10:30:15,同意,,审核通过,21分55秒,--,0,,是,1,1,153秒,,0,,,--
费控服务,AP-2026-001324,2026-04-04,通用报销单,其他专项付款单,A09,示例集团·壬公司,MAK13,制单人13,,2,示例集团财务共享中心（本部）,财务共享,其他专项付款单,通用审批类,2026-02-26 09:30:53,2026-02-26 09:30:54,2026-02-26 09:31:53,FSSC审核岗,1,,应付成本组,自动派单,已派任务少（优先派）,2026-02-26 09:31:53,PC端,AUD07,审核员07,2026-02-26 10:37:53,同意,,审核通过,15分48秒,--,0,,是,1,1,164秒,,0,,,--
财务会计,AP-2026-001325,2026-06-06,应付发票,应付付款单（材料采购）,A03,示例集团·丙公司,MAK13,制单人13,,1,示例集团财务共享中心（本部）,财务共享,应付付款单（材料采购）,通用审批类,2026-03-21 14:00:09,2026-03-21 14:00:31,2026-03-21 14:00:55,FSSC审核岗,1,,应付成本组,自动派单,已派任务少（优先派）,2026-03-21 14:00:55,PC端,AUD07,审核员07,2026-03-21 14:55:55,同意,,审核通过,10分46秒,--,0,,是,1,1,18秒,,0,,,--
财务会计,AP-2026-001326,2026-01-26,应付发票,通用报销单（费用报销）,A06,示例集团·己公司,MAK05,制单人05,,1,示例集团财务共享中心（本部）,财务共享,通用报销单（费用报销）,通用审批类,2026-06-13 17:01:13,2026-06-13 17:01:57,2026-06-13 17:02:21,FSSC审核岗,1,,应付成本组,自动派单,已派任务少（优先派）,2026-06-13 17:02:21,PC端,AUD06,审核员06,2026-06-13 18:50:21,同意,,审核通过,15分59秒,--,0,,是,1,1,76秒,,0,,,--
财务会计,AP-2026-001327,2026-02-27,通用报销单,其他专项付款单,A05,示例集团·戊公司,MAK02,制单人02,,1,示例集团财务共享中心（本部）,财务共享,其他专项付款单,通用审批类,2026-03-01 18:08:17,2026-03-01 18:08:40,2026-03-01 18:10:26,FSSC审核岗,1,,应付成本组,自动派单,已派任务少（优先派）,2026-03-01 18:10:26,PC端,AUD04,审核员04,2026-03-01 21:08:26,同意,,审核通过,25分2秒,--,0,,是,1,1,77秒,,0,,,--
财务会计,AP-2026-001328,2026-04-18,通用报销单,其他专项付款单,A01,示例集团·甲公司,MAK10,制单人10,,8,示例集团财务共享中心（本部）,财务共享,其他专项付款单,通用审批类,2026-05-03 10:51:27,2026-05-03 10:52:02,2026-05-03 10:53:55,FSSC审核岗,1,,应付成本组,自动派单,已派任务少（优先派）,2026-05-03 10:53:55,移动端,AUD01,审核员01,2026-05-03 12:37:55,同意,,审核通过,27分16秒,--,0,,是,1,1,255秒,,0,,,--
财务会计,AP-2026-001329,2026-01-17,付款单,应付付款单（差旅费）,A06,示例集团·己公司,MAK13,制单人13,,4,示例集团财务共享中心（本部）,财务共享,应付付款单（差旅费）,通用审批类,2026-05-07 15:24:03,2026-05-07 15:25:02,2026-05-07 15:25:04,FSSC审核岗,1,,应付成本组,自动派单,已派任务少（优先派）,2026-05-07 15:25:04,移动端,AUD07,审核员07,2026-05-07 17:34:04,同意,,审核通过,2分32秒,--,0,,是,1,1,128秒,,0,,,--
费控服务,AP-2026-001330,2026-06-19,应付发票,其他专项付款单,A04,示例集团·丁公司,MAK11,制单人11,,6,示例集团财务共享中心（本部）,财务共享,其他专项付款单,通用审批类,2026-05-16 12:39:54,2026-05-16 12:40:31,2026-05-16 12:40:48,FSSC审核岗,1,,应付成本组,自动派单,已派任务少（优先派）,2026-05-16 12:40:48,PC端,AUD07,审核员07,2026-05-16 13:02:48,同意,附件信息不一致,审核通过,37分47秒,34分59秒,0,,是,1,1,113秒,,0,,,1
费控服务,AP-2026-001331,2026-01-27,通用报销单,应付付款单（材料采购）,A04,示例集团·丁公司,MAK16,制单人16,,8,示例集团财务共享中心（本部）,财务共享,应付付款单（材料采购）,通用审批类,2026-06-08 12:34:17,2026-06-08 12:34:50,2026-06-08 12:35:46,FSSC审核岗,1,,应付成本组,自动派单,已派任务少（优先派）,2026-06-08 12:35:46,PC端,AUD05,审核员05,2026-06-08 13:45:46,同意,,审核通过,11分7秒,--,0,,是,1,1,124秒,,0,,,--
财务会计,AP-2026-001332,2026-03-14,通用报销单,应付付款单（差旅费）,A06,示例集团·己公司,MAK09,制单人09,,2,示例集团财务共享中心（本部）,财务共享,应付付款单（差旅费）,通用审批类,2026-02-28 08:10:04,2026-02-28 08:10:15,2026-02-28 08:10:41,FSSC审核岗,1,,应付成本组,自动派单,已派任务少（优先派）,2026-02-28 08:10:41,PC端,AUD03,审核员03,2026-02-28 11:21:41,同意,,审核通过,1分22秒,--,0,,是,1,1,178秒,,0,,,--
财务会计,AP-2026-001333,2026-01-02,应付发票,应付付款单（材料采购）,A01,示例集团·甲公司,MAK04,制单人04,,1,示例集团财务共享中心（本部）,财务共享,应付付款单（材料采购）,通用审批类,2026-02-17 14:15:50,2026-02-17 14:16:09,2026-02-17 14:17:45,FSSC审核岗,1,,应付成本组,自动派单,已派任务少（优先派）,2026-02-17 14:17:45,PC端,AUD02,审核员02,2026-02-17 17:20:45,同意,,审核通过,40分0秒,--,0,,是,1,1,11秒,,0,,,--
财务会计,AP-2026-001334,2026-03-03,付款单,应付付款单（差旅费）,A05,示例集团·戊公司,MAK10,制单人10,,2,示例集团财务共享中心（本部）,财务共享,应付付款单（差旅费）,通用审批类,2026-05-13 20:00:01,2026-05-13 20:00:39,2026-05-13 20:02:29,FSSC审核岗,1,,应付成本组,自动派单,已派任务少（优先派）,2026-05-13 20:02:29,移动端,AUD06,审核员06,2026-05-13 20:26:29,同意,,审核通过,16分8秒,--,0,,是,1,1,263秒,,0,,,--
财务会计,AP-2026-001335,2026-02-22,应付发票,应付付款单（服务费）,A02,示例集团·乙公司,MAK08,制单人08,,5,示例集团财务共享中心（本部）,财务共享,应付付款单（服务费）,通用审批类,2026-06-24 15:47:45,2026-06-24 15:48:25,2026-06-24 15:48:31,FSSC审核岗,1,,应付成本组,自动派单,已派任务少（优先派）,2026-06-24 15:48:31,PC端,AUD06,审核员06,2026-06-24 17:28:31,驳回,附件不完整,审核驳回,20分34秒,--,0,,是,3,1,52秒,驳回,1,前端单位,示例集团·乙公司,3
财务会计,AP-2026-001336,2026-04-16,通用报销单,应付确认单（物料类）,A16,示例集团·子公司己,MAK14,制单人14,,3,示例集团财务共享中心（本部）,财务共享,应付确认单（物料类）,通用审批类,2026-04-02 08:01:58,2026-04-02 08:02:37,2026-04-02 08:04:22,FSSC审核岗,1,,应付成本组,自动派单,已派任务少（优先派）,2026-04-02 08:04:22,移动端,AUD04,审核员04,2026-04-02 10:35:22,同意,,审核通过,28分7秒,--,0,,是,1,1,59秒,,0,,,--
费控服务,AP-2026-001337,2026-01-04,应付发票,应付付款单（材料采购）,A09,示例集团·壬公司,MAK04,制单人04,,2,示例集团财务共享中心（本部）,财务共享,应付付款单（材料采购）,通用审批类,2026-04-11 09:42:38,2026-04-11 09:43:14,2026-04-11 09:44:37,FSSC审核岗,1,,应付成本组,自动派单,已派任务少（优先派）,2026-04-11 09:44:37,PC端,AUD04,审核员04,2026-04-11 11:19:37,同意,,审核通过,37分51秒,--,0,,是,1,1,168秒,,0,,,--
财务会计,AP-2026-001338,2026-03-26,应付发票,通用报销单（费用报销）,A02,示例集团·乙公司,MAK01,制单人01,,6,示例集团财务共享中心（本部）,财务共享,通用报销单（费用报销）,通用审批类,2026-03-12 11:20:48,2026-03-12 11:21:04,2026-03-12 11:21:40,FSSC审核岗,1,,应付成本组,自动派单,已派任务少（优先派）,2026-03-12 11:21:40,移动端,AUD05,审核员05,2026-03-12 13:07:40,同意,,审核通过,37分38秒,--,0,,是,1,1,138秒,,0,,,--
财务会计,AP-2026-001339,2026-02-13,通用报销单,应付付款单（差旅费）,A03,示例集团·丙公司,MAK15,制单人15,,2,示例集团财务共享中心（本部）,财务共享,应付付款单（差旅费）,通用审批类,2026-01-23 08:06:03,2026-01-23 08:06:39,2026-01-23 08:06:57,FSSC审核岗,1,,应付成本组,自动派单,已派任务少（优先派）,2026-01-23 08:06:57,PC端,AUD02,审核员02,2026-01-23 09:15:57,同意,,审核通过,35分58秒,--,0,,是,1,1,56秒,,0,,,--
财务会计,AP-2026-001340,2026-06-08,付款单,应付确认单（物料类）,A08,示例集团·辛公司,MAK03,制单人03,,8,示例集团财务共享中心（本部）,财务共享,应付确认单（物料类）,通用审批类,2026-03-25 12:00:09,2026-03-25 12:01:07,2026-03-25 12:01:58,FSSC审核岗,1,,应付成本组,自动派单,已派任务少（优先派）,2026-03-25 12:01:58,PC端,AUD01,审核员01,2026-03-25 12:38:58,驳回,附件信息不一致,审核驳回,5分31秒,21分57秒,0,,是,2,1,79秒,驳回,1,前端单位,示例集团·辛公司,2
财务会计,AP-2026-001341,2026-05-07,应付发票,应付付款单（服务费）,A05,示例集团·戊公司,MAK13,制单人13,,8,示例集团财务共享中心（本部）,财务共享,应付付款单（服务费）,通用审批类,2026-03-08 13:29:01,2026-03-08 13:29:02,2026-03-08 13:29:40,FSSC审核岗,1,,应付成本组,自动派单,已派任务少（优先派）,2026-03-08 13:29:40,PC端,AUD03,审核员03,2026-03-08 13:52:40,同意,,审核通过,9分35秒,--,0,,是,1,1,179秒,,0,,,--
财务会计,AP-2026-001342,2026-01-03,应付发票,通用报销单（费用报销）,A01,示例集团·甲公司,MAK02,制单人02,,0,示例集团财务共享中心（本部）,财务共享,通用报销单（费用报销）,通用审批类,2026-02-21 13:22:36,2026-02-21 13:22:38,2026-02-21 13:23:15,FSSC审核岗,1,,应付成本组,自动派单,已派任务少（优先派）,2026-02-21 13:23:15,移动端,AUD03,审核员03,2026-02-21 16:14:15,同意,,审核通过,4分29秒,--,0,,是,1,1,98秒,,0,,,--
财务会计,AP-2026-001343,2026-03-02,付款单,应付付款单（服务费）,A02,示例集团·乙公司,MAK05,制单人05,,2,示例集团财务共享中心（本部）,财务共享,应付付款单（服务费）,通用审批类,2026-01-08 16:09:29,2026-01-08 16:09:35,2026-01-08 16:09:39,FSSC审核岗,1,,应付成本组,自动派单,已派任务少（优先派）,2026-01-08 16:09:39,PC端,AUD03,审核员03,2026-01-08 16:32:39,同意,,审核通过,13分57秒,--,0,,是,1,1,75秒,,0,,,--
财务会计,AP-2026-001344,2026-02-03,应付发票,应付付款单（差旅费）,A06,示例集团·己公司,MAK16,制单人16,,6,示例集团财务共享中心（本部）,财务共享,应付付款单（差旅费）,通用审批类,2026-02-01 18:57:16,2026-02-01 18:57:51,2026-02-01 18:59:23,FSSC审核岗,1,,应付成本组,自动派单,已派任务少（优先派）,2026-02-01 18:59:23,移动端,AUD05,审核员05,2026-02-01 20:35:23,驳回,附件不完整,审核驳回,28分48秒,17分19秒,0,,是,3,1,205秒,驳回,1,制单人,制单人16,3
费控服务,AP-2026-001345,2026-05-06,通用报销单,应付付款单（材料采购）,A09,示例集团·壬公司,MAK16,制单人16,,0,示例集团财务共享中心（本部）,财务共享,应付付款单（材料采购）,通用审批类,2026-06-08 18:19:24,2026-06-08 18:20:17,2026-06-08 18:20:21,FSSC审核岗,1,,应付成本组,自动派单,已派任务少（优先派）,2026-06-08 18:20:21,移动端,AUD03,审核员03,2026-06-08 18:48:21,同意,,审核通过,24分31秒,--,0,,是,1,1,114秒,,0,,,--
费控服务,AP-2026-001346,2026-01-09,应付发票,应付付款单（材料采购）,A17,示例集团·子公司庚,MAK05,制单人05,,2,示例集团财务共享中心（本部）,财务共享,应付付款单（材料采购）,通用审批类,2026-06-14 09:31:26,2026-06-14 09:32:01,2026-06-14 09:32:23,FSSC审核岗,1,,应付成本组,自动派单,已派任务少（优先派）,2026-06-14 09:32:23,PC端,AUD06,审核员06,2026-06-14 10:14:23,同意,,审核通过,30分42秒,--,0,,是,1,1,103秒,,0,,,--
费控服务,AP-2026-001347,2026-04-28,应付发票,应付付款单（服务费）,A04,示例集团·丁公司,MAK16,制单人16,,1,示例集团财务共享中心（本部）,财务共享,应付付款单（服务费）,通用审批类,2026-03-13 13:59:44,2026-03-13 14:00:35,2026-03-13 14:01:27,FSSC审核岗,1,,应付成本组,自动派单,已派任务少（优先派）,2026-03-13 14:01:27,PC端,AUD04,审核员04,2026-03-13 14:41:27,同意,,审核通过,40分56秒,--,0,,是,1,1,236秒,,0,,,--
财务会计,AP-2026-001348,2026-06-17,付款单,应付付款单（差旅费）,A14,示例集团·子公司丁,MAK07,制单人07,,5,示例集团财务共享中心（本部）,财务共享,应付付款单（差旅费）,通用审批类,2026-02-10 15:29:53,2026-02-10 15:29:59,2026-02-10 15:31:24,FSSC审核岗,1,,应付成本组,自动派单,已派任务少（优先派）,2026-02-10 15:31:24,移动端,AUD04,审核员04,2026-02-10 16:12:24,同意,,审核通过,1分2秒,--,0,,是,1,1,221秒,,0,,,--
费控服务,AP-2026-001349,2026-01-17,付款单,应付付款单（材料采购）,A18,示例集团·子公司辛,MAK02,制单人02,,6,示例集团财务共享中心（本部）,财务共享,应付付款单（材料采购）,通用审批类,2026-06-05 10:15:20,2026-06-05 10:16:16,2026-06-05 10:16:51,FSSC审核岗,1,,应付成本组,自动派单,已派任务少（优先派）,2026-06-05 10:16:51,移动端,AUD04,审核员04,2026-06-05 11:10:51,同意,,审核通过,25分35秒,--,0,,是,1,1,88秒,,0,,,--
费控服务,AP-2026-001350,2026-06-21,应付发票,通用报销单（费用报销）,A16,示例集团·子公司己,MAK03,制单人03,,6,示例集团财务共享中心（本部）,财务共享,通用报销单（费用报销）,通用审批类,2026-05-20 19:48:22,2026-05-20 19:48:33,2026-05-20 19:49:19,FSSC审核岗,1,,应付成本组,自动派单,已派任务少（优先派）,2026-05-20 19:49:19,PC端,AUD03,审核员03,2026-05-20 20:55:19,同意,,审核通过,18分51秒,--,0,,是,1,1,154秒,,0,,,--
财务会计,AP-2026-001351,2026-05-22,通用报销单,应付付款单（材料采购）,A07,示例集团·庚公司,MAK02,制单人02,,6,示例集团财务共享中心（本部）,财务共享,应付付款单（材料采购）,通用审批类,2026-06-25 11:34:35,2026-06-25 11:34:41,2026-06-25 11:35:49,FSSC审核岗,1,,应付成本组,自动派单,已派任务少（优先派）,2026-06-25 11:35:49,PC端,AUD01,审核员01,2026-06-25 12:13:49,同意,附件不完整,审核通过,15分19秒,38分50秒,0,,是,1,1,157秒,,0,,,1
财务会计,AP-2026-001352,2026-01-24,通用报销单,应付付款单（差旅费）,A05,示例集团·戊公司,MAK14,制单人14,,0,示例集团财务共享中心（本部）,财务共享,应付付款单（差旅费）,通用审批类,2026-05-09 17:51:26,2026-05-09 17:52:01,2026-05-09 17:52:04,FSSC审核岗,1,,应付成本组,自动派单,已派任务少（优先派）,2026-05-09 17:52:04,PC端,AUD06,审核员06,2026-05-09 19:36:04,同意,,审核通过,23分54秒,--,0,,是,1,1,60秒,,0,,,--
财务会计,AP-2026-001353,2026-06-06,付款单,应付确认单（物料类）,A11,示例集团·子公司甲,MAK16,制单人16,,6,示例集团财务共享中心（本部）,财务共享,应付确认单（物料类）,通用审批类,2026-05-22 19:17:05,2026-05-22 19:17:57,2026-05-22 19:19:30,FSSC审核岗,1,,应付成本组,自动派单,已派任务少（优先派）,2026-05-22 19:19:30,移动端,AUD02,审核员02,2026-05-22 20:07:30,同意,其他,审核通过,4分19秒,34分27秒,0,,是,1,1,12秒,,0,,,1
费控服务,AP-2026-001354,2026-02-23,付款单,其他专项付款单,A11,示例集团·子公司甲,MAK04,制单人04,,7,示例集团财务共享中心（本部）,财务共享,其他专项付款单,通用审批类,2026-04-17 14:03:03,2026-04-17 14:03:16,2026-04-17 14:03:37,FSSC审核岗,1,,应付成本组,自动派单,已派任务少（优先派）,2026-04-17 14:03:37,移动端,AUD01,审核员01,2026-04-17 14:19:37,同意,,审核通过,36分52秒,--,0,,是,1,1,35秒,,0,,,--
财务会计,AP-2026-001355,2026-06-01,付款单,应付付款单（材料采购）,A01,示例集团·甲公司,MAK13,制单人13,,7,示例集团财务共享中心（本部）,财务共享,应付付款单（材料采购）,通用审批类,2026-06-16 09:15:06,2026-06-16 09:15:55,2026-06-16 09:17:24,FSSC审核岗,1,,应付成本组,自动派单,已派任务少（优先派）,2026-06-16 09:17:24,PC端,AUD01,审核员01,2026-06-16 11:25:24,同意,,审核通过,36分26秒,--,0,,是,1,1,33秒,,0,,,--
财务会计,AP-2026-001356,2026-02-13,付款单,应付确认单（物料类）,A10,示例集团·癸公司,MAK02,制单人02,,4,示例集团财务共享中心（本部）,财务共享,应付确认单（物料类）,通用审批类,2026-05-22 19:39:48,2026-05-22 19:39:52,2026-05-22 19:41:25,FSSC审核岗,1,,应付成本组,自动派单,已派任务少（优先派）,2026-05-22 19:41:25,PC端,AUD05,审核员05,2026-05-22 21:51:25,同意,,审核通过,30分52秒,--,0,,是,1,1,278秒,,0,,,--
财务会计,AP-2026-001357,2026-04-04,通用报销单,其他专项付款单,A03,示例集团·丙公司,MAK06,制单人06,,8,示例集团财务共享中心（本部）,财务共享,其他专项付款单,通用审批类,2026-01-11 11:21:33,2026-01-11 11:21:44,2026-01-11 11:23:15,FSSC审核岗,1,,应付成本组,自动派单,已派任务少（优先派）,2026-01-11 11:23:15,PC端,AUD01,审核员01,2026-01-11 11:54:15,驳回,附件不完整,审核驳回,34分43秒,--,0,,是,1,1,237秒,驳回,1,制单人,制单人06,1
财务会计,AP-2026-001358,2026-02-15,通用报销单,应付付款单（服务费）,A05,示例集团·戊公司,MAK01,制单人01,,8,示例集团财务共享中心（本部）,财务共享,应付付款单（服务费）,通用审批类,2026-04-23 11:29:07,2026-04-23 11:29:34,2026-04-23 11:29:48,FSSC审核岗,1,,应付成本组,自动派单,已派任务少（优先派）,2026-04-23 11:29:48,PC端,AUD01,审核员01,2026-04-23 13:19:48,驳回,业务类型填写错误,审核驳回,8分49秒,10分8秒,0,,是,3,1,113秒,驳回,1,制单人,制单人01,3
财务会计,AP-2026-001359,2026-04-13,通用报销单,应付付款单（材料采购）,A08,示例集团·辛公司,MAK15,制单人15,,8,示例集团财务共享中心（本部）,财务共享,应付付款单（材料采购）,通用审批类,2026-05-25 09:34:12,2026-05-25 09:34:44,2026-05-25 09:35:28,FSSC审核岗,1,,应付成本组,自动派单,已派任务少（优先派）,2026-05-25 09:35:28,移动端,AUD05,审核员05,2026-05-25 10:34:28,驳回,附件不完整,审核驳回,7分57秒,--,0,,是,2,1,103秒,驳回,1,制单人,制单人15,2
财务会计,AP-2026-001360,2026-03-23,付款单,应付付款单（材料采购）,A11,示例集团·子公司甲,MAK09,制单人09,,4,示例集团财务共享中心（本部）,财务共享,应付付款单（材料采购）,通用审批类,2026-02-12 15:55:32,2026-02-12 15:55:35,2026-02-12 15:55:37,FSSC审核岗,1,,应付成本组,自动派单,已派任务少（优先派）,2026-02-12 15:55:37,PC端,AUD05,审核员05,2026-02-12 16:39:37,同意,,审核通过,13分51秒,--,0,,是,1,1,79秒,,0,,,--
费控服务,AP-2026-001361,2026-03-27,应付发票,其他专项付款单,A02,示例集团·乙公司,MAK07,制单人07,,4,示例集团财务共享中心（本部）,财务共享,其他专项付款单,通用审批类,2026-03-02 20:24:38,2026-03-02 20:25:21,2026-03-02 20:26:59,FSSC审核岗,1,,应付成本组,自动派单,已派任务少（优先派）,2026-03-02 20:26:59,PC端,AUD02,审核员02,2026-03-02 22:04:59,同意,,审核通过,26分42秒,--,0,,是,1,1,251秒,,0,,,--
财务会计,AP-2026-001362,2026-03-12,付款单,应付付款单（服务费）,A01,示例集团·甲公司,MAK13,制单人13,,2,示例集团财务共享中心（本部）,财务共享,应付付款单（服务费）,通用审批类,2026-01-23 09:15:36,2026-01-23 09:16:31,2026-01-23 09:18:29,FSSC审核岗,1,,应付成本组,自动派单,已派任务少（优先派）,2026-01-23 09:18:29,PC端,AUD05,审核员05,2026-01-23 10:52:29,同意,,审核通过,6分20秒,--,0,,是,1,1,38秒,,0,,,--
财务会计,AP-2026-001363,2026-01-27,付款单,应付付款单（服务费）,A09,示例集团·壬公司,MAK14,制单人14,,8,示例集团财务共享中心（本部）,财务共享,应付付款单（服务费）,通用审批类,2026-01-01 15:59:00,2026-01-01 15:59:14,2026-01-01 15:59:40,FSSC审核岗,1,,应付成本组,自动派单,已派任务少（优先派）,2026-01-01 15:59:40,移动端,AUD07,审核员07,2026-01-01 17:33:40,驳回,业务类型填写错误,审核驳回,17分57秒,19分54秒,0,,是,3,1,118秒,驳回,1,前端单位,示例集团·壬公司,3
财务会计,AP-2026-001364,2026-03-28,通用报销单,应付付款单（差旅费）,A08,示例集团·辛公司,MAK12,制单人12,,1,示例集团财务共享中心（本部）,财务共享,应付付款单（差旅费）,通用审批类,2026-04-10 16:54:18,2026-04-10 16:54:51,2026-04-10 16:55:00,FSSC审核岗,1,,应付成本组,自动派单,已派任务少（优先派）,2026-04-10 16:55:00,PC端,AUD05,审核员05,2026-04-10 17:52:00,驳回,附件信息不一致,审核驳回,28分38秒,--,0,,是,2,1,48秒,驳回,1,制单人,制单人12,2
财务会计,AP-2026-001365,2026-02-05,付款单,应付付款单（差旅费）,A11,示例集团·子公司甲,MAK06,制单人06,,4,示例集团财务共享中心（本部）,财务共享,应付付款单（差旅费）,通用审批类,2026-04-03 14:30:46,2026-04-03 14:31:10,2026-04-03 14:32:48,FSSC审核岗,1,,应付成本组,自动派单,已派任务少（优先派）,2026-04-03 14:32:48,移动端,AUD02,审核员02,2026-04-03 17:35:48,同意,,审核通过,26分45秒,--,0,,是,1,1,135秒,,0,,,--
财务会计,AP-2026-001366,2026-05-11,应付发票,应付确认单（物料类）,A02,示例集团·乙公司,MAK14,制单人14,,7,示例集团财务共享中心（本部）,财务共享,应付确认单（物料类）,通用审批类,2026-03-03 09:00:20,2026-03-03 09:00:22,2026-03-03 09:02:07,FSSC审核岗,1,,应付成本组,自动派单,已派任务少（优先派）,2026-03-03 09:02:07,移动端,AUD05,审核员05,2026-03-03 09:33:07,同意,,审核通过,27分16秒,--,0,,是,1,1,89秒,,0,,,--
费控服务,AP-2026-001367,2026-05-14,通用报销单,应付付款单（材料采购）,A05,示例集团·戊公司,MAK14,制单人14,,7,示例集团财务共享中心（本部）,财务共享,应付付款单（材料采购）,通用审批类,2026-01-08 16:21:20,2026-01-08 16:22:08,2026-01-08 16:23:46,FSSC审核岗,1,,应付成本组,自动派单,已派任务少（优先派）,2026-01-08 16:23:46,移动端,AUD05,审核员05,2026-01-08 16:52:46,同意,,审核通过,32分21秒,--,0,,是,1,1,60秒,,0,,,--
财务会计,AP-2026-001368,2026-02-16,通用报销单,应付付款单（材料采购）,A01,示例集团·甲公司,MAK10,制单人10,,7,示例集团财务共享中心（本部）,财务共享,应付付款单（材料采购）,通用审批类,2026-03-12 12:09:24,2026-03-12 12:10:19,2026-03-12 12:11:41,FSSC审核岗,1,,应付成本组,自动派单,已派任务少（优先派）,2026-03-12 12:11:41,PC端,AUD06,审核员06,2026-03-12 12:23:41,同意,,审核通过,11分14秒,--,0,,是,1,1,206秒,,0,,,--
费控服务,AP-2026-001369,2026-05-25,应付发票,应付付款单（差旅费）,A01,示例集团·甲公司,MAK05,制单人05,,7,示例集团财务共享中心（本部）,财务共享,应付付款单（差旅费）,通用审批类,2026-04-25 12:27:49,2026-04-25 12:28:19,2026-04-25 12:29:19,FSSC审核岗,1,,应付成本组,自动派单,已派任务少（优先派）,2026-04-25 12:29:19,移动端,AUD03,审核员03,2026-04-25 13:06:19,驳回,附件信息不一致,审核驳回,7分1秒,4分52秒,0,,是,1,1,266秒,驳回,1,制单人,制单人05,1
财务会计,AP-2026-001370,2026-03-25,付款单,通用报销单（费用报销）,A05,示例集团·戊公司,MAK06,制单人06,,4,示例集团财务共享中心（本部）,财务共享,通用报销单（费用报销）,通用审批类,2026-02-21 20:14:30,2026-02-21 20:15:13,2026-02-21 20:16:46,FSSC审核岗,1,,应付成本组,自动派单,已派任务少（优先派）,2026-02-21 20:16:46,移动端,AUD06,审核员06,2026-02-21 20:32:46,同意,,审核通过,15分33秒,--,0,,是,1,1,18秒,,0,,,--
财务会计,AP-2026-001371,2026-06-03,通用报销单,通用报销单（费用报销）,A10,示例集团·癸公司,MAK15,制单人15,,4,示例集团财务共享中心（本部）,财务共享,通用报销单（费用报销）,通用审批类,2026-01-11 19:29:42,2026-01-11 19:29:54,2026-01-11 19:30:44,FSSC审核岗,1,,应付成本组,自动派单,已派任务少（优先派）,2026-01-11 19:30:44,移动端,AUD03,审核员03,2026-01-11 19:43:44,同意,,审核通过,26分43秒,--,0,,是,1,1,280秒,,0,,,--
费控服务,AP-2026-001372,2026-05-18,应付发票,应付付款单（材料采购）,A04,示例集团·丁公司,MAK03,制单人03,,3,示例集团财务共享中心（本部）,财务共享,应付付款单（材料采购）,通用审批类,2026-02-02 15:26:27,2026-02-02 15:26:44,2026-02-02 15:27:02,FSSC审核岗,1,,应付成本组,自动派单,已派任务少（优先派）,2026-02-02 15:27:02,PC端,AUD04,审核员04,2026-02-02 15:30:02,同意,,审核通过,10分30秒,--,0,,是,1,1,44秒,,0,,,--
费控服务,AP-2026-001373,2026-05-07,通用报销单,应付付款单（差旅费）,A13,示例集团·子公司丙,MAK12,制单人12,,6,示例集团财务共享中心（本部）,财务共享,应付付款单（差旅费）,通用审批类,2026-02-13 15:26:44,2026-02-13 15:26:53,2026-02-13 15:27:39,FSSC审核岗,1,,应付成本组,自动派单,已派任务少（优先派）,2026-02-13 15:27:39,移动端,AUD07,审核员07,2026-02-13 18:02:39,同意,,审核通过,33分53秒,--,0,,是,1,1,253秒,,0,,,--
费控服务,AP-2026-001374,2026-02-01,付款单,其他专项付款单,A07,示例集团·庚公司,MAK07,制单人07,,3,示例集团财务共享中心（本部）,财务共享,其他专项付款单,通用审批类,2026-02-17 14:37:43,2026-02-17 14:37:58,2026-02-17 14:38:21,FSSC审核岗,1,,应付成本组,自动派单,已派任务少（优先派）,2026-02-17 14:38:21,PC端,AUD05,审核员05,2026-02-17 14:53:21,同意,,审核通过,17分0秒,--,0,,是,1,1,187秒,,0,,,--
费控服务,AP-2026-001375,2026-02-20,通用报销单,其他专项付款单,A10,示例集团·癸公司,MAK11,制单人11,,4,示例集团财务共享中心（本部）,财务共享,其他专项付款单,通用审批类,2026-03-07 17:26:47,2026-03-07 17:26:53,2026-03-07 17:28:49,FSSC审核岗,1,,应付成本组,自动派单,已派任务少（优先派）,2026-03-07 17:28:49,PC端,AUD07,审核员07,2026-03-07 18:52:49,同意,,审核通过,1分20秒,--,0,,是,1,1,108秒,,0,,,--
费控服务,AP-2026-001376,2026-01-02,付款单,应付付款单（差旅费）,A08,示例集团·辛公司,MAK12,制单人12,,0,示例集团财务共享中心（本部）,财务共享,应付付款单（差旅费）,通用审批类,2026-04-20 15:31:45,2026-04-20 15:32:07,2026-04-20 15:32:52,FSSC审核岗,1,,应付成本组,自动派单,已派任务少（优先派）,2026-04-20 15:32:52,PC端,AUD03,审核员03,2026-04-20 16:38:52,同意,,审核通过,16分53秒,--,0,,是,1,1,279秒,,0,,,--
费控服务,AP-2026-001377,2026-04-28,付款单,应付付款单（材料采购）,A03,示例集团·丙公司,MAK14,制单人14,,2,示例集团财务共享中心（本部）,财务共享,应付付款单（材料采购）,通用审批类,2026-02-05 15:46:13,2026-02-05 15:46:25,2026-02-05 15:46:33,FSSC审核岗,1,,应付成本组,自动派单,已派任务少（优先派）,2026-02-05 15:46:33,PC端,AUD04,审核员04,2026-02-05 18:47:33,同意,,审核通过,31分6秒,--,0,,是,1,1,64秒,,0,,,--
财务会计,AP-2026-001378,2026-04-21,应付发票,应付确认单（物料类）,A10,示例集团·癸公司,MAK14,制单人14,,8,示例集团财务共享中心（本部）,财务共享,应付确认单（物料类）,通用审批类,2026-01-04 15:06:27,2026-01-04 15:06:38,2026-01-04 15:06:46,FSSC审核岗,1,,应付成本组,自动派单,已派任务少（优先派）,2026-01-04 15:06:46,PC端,AUD06,审核员06,2026-01-04 18:26:46,同意,,审核通过,24分7秒,--,0,,是,1,1,157秒,,0,,,--
费控服务,AP-2026-001379,2026-06-08,通用报销单,应付确认单（物料类）,A03,示例集团·丙公司,MAK09,制单人09,,6,示例集团财务共享中心（本部）,财务共享,应付确认单（物料类）,通用审批类,2026-06-04 14:37:00,2026-06-04 14:37:14,2026-06-04 14:38:29,FSSC审核岗,1,,应付成本组,自动派单,已派任务少（优先派）,2026-06-04 14:38:29,PC端,AUD05,审核员05,2026-06-04 15:24:29,同意,,审核通过,37分50秒,--,0,,是,1,1,291秒,,0,,,--
财务会计,AP-2026-001380,2026-06-06,通用报销单,应付付款单（差旅费）,A01,示例集团·甲公司,MAK16,制单人16,,0,示例集团财务共享中心（本部）,财务共享,应付付款单（差旅费）,通用审批类,2026-06-16 09:03:27,2026-06-16 09:04:02,2026-06-16 09:04:06,FSSC审核岗,1,,应付成本组,自动派单,已派任务少（优先派）,2026-06-16 09:04:06,PC端,AUD07,审核员07,2026-06-16 09:23:06,同意,,审核通过,14分51秒,--,0,,是,1,1,51秒,,0,,,--
财务会计,AP-2026-001381,2026-05-02,付款单,应付确认单（物料类）,A04,示例集团·丁公司,MAK04,制单人04,,4,示例集团财务共享中心（本部）,财务共享,应付确认单（物料类）,通用审批类,2026-04-02 12:37:12,2026-04-02 12:37:26,2026-04-02 12:37:50,FSSC审核岗,1,,应付成本组,自动派单,已派任务少（优先派）,2026-04-02 12:37:50,PC端,AUD07,审核员07,2026-04-02 14:23:50,同意,,审核通过,25分36秒,--,0,,是,1,1,124秒,,0,,,--
财务会计,AP-2026-001382,2026-05-19,通用报销单,通用报销单（费用报销）,A12,示例集团·子公司乙,MAK14,制单人14,,6,示例集团财务共享中心（本部）,财务共享,通用报销单（费用报销）,通用审批类,2026-01-14 11:58:35,2026-01-14 11:58:36,2026-01-14 11:59:46,FSSC审核岗,1,,应付成本组,自动派单,已派任务少（优先派）,2026-01-14 11:59:46,移动端,AUD04,审核员04,2026-01-14 12:56:46,同意,特殊原因,审核通过,21分16秒,23分39秒,0,,是,1,1,291秒,,0,,,1
费控服务,AP-2026-001383,2026-01-20,付款单,应付付款单（材料采购）,A03,示例集团·丙公司,MAK12,制单人12,,6,示例集团财务共享中心（本部）,财务共享,应付付款单（材料采购）,通用审批类,2026-01-23 10:48:31,2026-01-23 10:48:43,2026-01-23 10:49:53,FSSC审核岗,1,,应付成本组,自动派单,已派任务少（优先派）,2026-01-23 10:49:53,移动端,AUD02,审核员02,2026-01-23 11:12:53,同意,,审核通过,15分22秒,--,0,,是,1,1,34秒,,0,,,--
财务会计,AP-2026-001384,2026-05-02,应付发票,其他专项付款单,A03,示例集团·丙公司,MAK13,制单人13,,4,示例集团财务共享中心（本部）,财务共享,其他专项付款单,通用审批类,2026-06-23 14:28:25,2026-06-23 14:29:07,2026-06-23 14:29:50,FSSC审核岗,1,,应付成本组,自动派单,已派任务少（优先派）,2026-06-23 14:29:50,PC端,AUD06,审核员06,2026-06-23 15:13:50,同意,,审核通过,23分13秒,--,0,,是,1,1,260秒,,0,,,--
财务会计,AP-2026-001385,2026-01-01,付款单,其他专项付款单,A03,示例集团·丙公司,MAK12,制单人12,,6,示例集团财务共享中心（本部）,财务共享,其他专项付款单,通用审批类,2026-05-17 16:27:19,2026-05-17 16:28:12,2026-05-17 16:28:13,FSSC审核岗,1,,应付成本组,自动派单,已派任务少（优先派）,2026-05-17 16:28:13,移动端,AUD05,审核员05,2026-05-17 18:16:13,同意,,审核通过,2分10秒,--,0,,是,1,1,32秒,,0,,,--
财务会计,AP-2026-001386,2026-01-19,付款单,应付确认单（物料类）,A06,示例集团·己公司,MAK11,制单人11,,3,示例集团财务共享中心（本部）,财务共享,应付确认单（物料类）,通用审批类,2026-02-06 10:49:04,2026-02-06 10:50:02,2026-02-06 10:50:50,FSSC审核岗,1,,应付成本组,自动派单,已派任务少（优先派）,2026-02-06 10:50:50,移动端,AUD07,审核员07,2026-02-06 14:09:50,同意,,审核通过,40分2秒,--,0,,是,1,1,153秒,,0,,,--
费控服务,AP-2026-001387,2026-06-08,通用报销单,通用报销单（费用报销）,A03,示例集团·丙公司,MAK10,制单人10,,2,示例集团财务共享中心（本部）,财务共享,通用报销单（费用报销）,通用审批类,2026-03-12 11:15:13,2026-03-12 11:15:25,2026-03-12 11:15:26,FSSC审核岗,1,,应付成本组,自动派单,已派任务少（优先派）,2026-03-12 11:15:26,PC端,AUD01,审核员01,2026-03-12 11:58:26,同意,,审核通过,24分57秒,--,0,,是,1,1,179秒,,0,,,--
财务会计,AP-2026-001388,2026-03-24,应付发票,应付付款单（差旅费）,A03,示例集团·丙公司,MAK16,制单人16,,8,示例集团财务共享中心（本部）,财务共享,应付付款单（差旅费）,通用审批类,2026-04-11 20:45:43,2026-04-11 20:46:41,2026-04-11 20:46:46,FSSC审核岗,1,,应付成本组,自动派单,已派任务少（优先派）,2026-04-11 20:46:46,PC端,AUD01,审核员01,2026-04-11 21:44:46,同意,,审核通过,36分18秒,--,0,,是,1,1,116秒,,0,,,--
财务会计,AP-2026-001389,2026-01-06,应付发票,应付付款单（服务费）,A07,示例集团·庚公司,MAK13,制单人13,,8,示例集团财务共享中心（本部）,财务共享,应付付款单（服务费）,通用审批类,2026-04-13 10:37:27,2026-04-13 10:37:36,2026-04-13 10:37:37,FSSC审核岗,1,,应付成本组,自动派单,已派任务少（优先派）,2026-04-13 10:37:37,PC端,AUD02,审核员02,2026-04-13 12:55:37,驳回,未关联合同,审核驳回,15分7秒,18分48秒,0,,是,3,1,148秒,驳回,1,制单人,制单人13,3
费控服务,AP-2026-001390,2026-04-25,应付发票,应付付款单（差旅费）,A01,示例集团·甲公司,MAK15,制单人15,,2,示例集团财务共享中心（本部）,财务共享,应付付款单（差旅费）,通用审批类,2026-06-13 13:58:55,2026-06-13 13:59:35,2026-06-13 14:00:52,FSSC审核岗,1,,应付成本组,自动派单,已派任务少（优先派）,2026-06-13 14:00:52,移动端,AUD01,审核员01,2026-06-13 16:38:52,同意,,审核通过,16分31秒,--,0,,是,1,1,215秒,,0,,,--
财务会计,AP-2026-001391,2026-02-12,付款单,应付付款单（服务费）,A02,示例集团·乙公司,MAK08,制单人08,,7,示例集团财务共享中心（本部）,财务共享,应付付款单（服务费）,通用审批类,2026-06-01 14:11:38,2026-06-01 14:12:28,2026-06-01 14:14:19,FSSC审核岗,1,,应付成本组,自动派单,已派任务少（优先派）,2026-06-01 14:14:19,移动端,AUD03,审核员03,2026-06-01 15:23:19,同意,,审核通过,22分39秒,--,0,,是,1,1,60秒,,0,,,--
财务会计,AP-2026-001392,2026-01-23,应付发票,其他专项付款单,A06,示例集团·己公司,MAK03,制单人03,,8,示例集团财务共享中心（本部）,财务共享,其他专项付款单,通用审批类,2026-04-12 11:46:25,2026-04-12 11:46:34,2026-04-12 11:47:29,FSSC审核岗,1,,应付成本组,自动派单,已派任务少（优先派）,2026-04-12 11:47:29,移动端,AUD04,审核员04,2026-04-12 12:58:29,同意,,审核通过,26分16秒,--,0,,是,1,1,206秒,,0,,,--
财务会计,AP-2026-001393,2026-02-20,付款单,应付付款单（材料采购）,A01,示例集团·甲公司,MAK15,制单人15,,8,示例集团财务共享中心（本部）,财务共享,应付付款单（材料采购）,通用审批类,2026-03-26 20:14:01,2026-03-26 20:14:02,2026-03-26 20:15:16,FSSC审核岗,1,,应付成本组,自动派单,已派任务少（优先派）,2026-03-26 20:15:16,PC端,AUD05,审核员05,2026-03-26 22:47:16,同意,,审核通过,18分20秒,--,0,,是,1,1,80秒,,0,,,--
财务会计,AP-2026-001394,2026-02-03,应付发票,应付确认单（物料类）,A03,示例集团·丙公司,MAK04,制单人04,,1,示例集团财务共享中心（本部）,财务共享,应付确认单（物料类）,通用审批类,2026-06-28 13:22:00,2026-06-28 13:22:21,2026-06-28 13:22:34,FSSC审核岗,1,,应付成本组,自动派单,已派任务少（优先派）,2026-06-28 13:22:34,PC端,AUD05,审核员05,2026-06-28 14:32:34,同意,,审核通过,38分40秒,--,0,,是,1,1,63秒,,0,,,--
费控服务,AP-2026-001395,2026-01-28,应付发票,应付付款单（服务费）,A03,示例集团·丙公司,MAK11,制单人11,,4,示例集团财务共享中心（本部）,财务共享,应付付款单（服务费）,通用审批类,2026-01-19 15:40:08,2026-01-19 15:40:25,2026-01-19 15:41:25,FSSC审核岗,1,,应付成本组,自动派单,已派任务少（优先派）,2026-01-19 15:41:25,移动端,AUD01,审核员01,2026-01-19 18:16:25,同意,,审核通过,9分9秒,--,0,,是,1,1,57秒,,0,,,--
费控服务,AP-2026-001396,2026-03-21,应付发票,其他专项付款单,A05,示例集团·戊公司,MAK04,制单人04,,8,示例集团财务共享中心（本部）,财务共享,其他专项付款单,通用审批类,2026-06-23 16:50:07,2026-06-23 16:50:45,2026-06-23 16:51:09,FSSC审核岗,1,,应付成本组,自动派单,已派任务少（优先派）,2026-06-23 16:51:09,PC端,AUD06,审核员06,2026-06-23 20:00:09,同意,附件信息不一致,审核通过,31分31秒,32分40秒,0,,是,1,1,205秒,,0,,,1
财务会计,AP-2026-001397,2026-02-08,通用报销单,应付付款单（材料采购）,A12,示例集团·子公司乙,MAK04,制单人04,,7,示例集团财务共享中心（本部）,财务共享,应付付款单（材料采购）,通用审批类,2026-06-19 16:27:22,2026-06-19 16:27:29,2026-06-19 16:28:15,FSSC审核岗,1,,应付成本组,自动派单,已派任务少（优先派）,2026-06-19 16:28:15,移动端,AUD02,审核员02,2026-06-19 19:07:15,同意,,审核通过,35分42秒,--,0,,是,1,1,158秒,,0,,,--
财务会计,AP-2026-001398,2026-01-11,通用报销单,应付付款单（差旅费）,A17,示例集团·子公司庚,MAK05,制单人05,,5,示例集团财务共享中心（本部）,财务共享,应付付款单（差旅费）,通用审批类,2026-04-26 13:47:33,2026-04-26 13:48:07,2026-04-26 13:48:32,FSSC审核岗,1,,应付成本组,自动派单,已派任务少（优先派）,2026-04-26 13:48:32,PC端,AUD07,审核员07,2026-04-26 16:58:32,同意,,审核通过,28分45秒,--,0,,是,1,1,254秒,,0,,,--
费控服务,AP-2026-001399,2026-04-17,通用报销单,应付付款单（差旅费）,A01,示例集团·甲公司,MAK13,制单人13,,5,示例集团财务共享中心（本部）,财务共享,应付付款单（差旅费）,通用审批类,2026-01-05 18:37:49,2026-01-05 18:38:00,2026-01-05 18:38:47,FSSC审核岗,1,,应付成本组,自动派单,已派任务少（优先派）,2026-01-05 18:38:47,移动端,AUD01,审核员01,2026-01-05 19:57:47,同意,,审核通过,24分5秒,--,0,,是,1,1,210秒,,0,,,--
财务会计,AP-2026-001400,2026-03-12,付款单,应付付款单（材料采购）,A02,示例集团·乙公司,MAK03,制单人03,,4,示例集团财务共享中心（本部）,财务共享,应付付款单（材料采购）,通用审批类,2026-05-18 10:22:46,2026-05-18 10:23:37,2026-05-18 10:25:02,FSSC审核岗,1,,应付成本组,自动派单,已派任务少（优先派）,2026-05-18 10:25:02,移动端,AUD02,审核员02,2026-05-18 13:08:02,同意,,审核通过,29分11秒,--,0,,是,1,1,292秒,,0,,,--
财务会计,AP-2026-001401,2026-04-06,付款单,应付付款单（服务费）,A04,示例集团·丁公司,MAK10,制单人10,,2,示例集团财务共享中心（本部）,财务共享,应付付款单（服务费）,通用审批类,2026-06-28 10:50:10,2026-06-28 10:50:26,2026-06-28 10:52:25,FSSC审核岗,1,,应付成本组,自动派单,已派任务少（优先派）,2026-06-28 10:52:25,PC端,AUD02,审核员02,2026-06-28 12:03:25,驳回,未关联合同,审核驳回,39分0秒,39分44秒,0,,是,3,1,223秒,驳回,1,前端单位,示例集团·丁公司,3
财务会计,AP-2026-001402,2026-06-05,应付发票,应付确认单（物料类）,A04,示例集团·丁公司,MAK14,制单人14,,7,示例集团财务共享中心（本部）,财务共享,应付确认单（物料类）,通用审批类,2026-06-09 13:52:53,2026-06-09 13:52:57,2026-06-09 13:54:12,FSSC审核岗,1,,应付成本组,自动派单,已派任务少（优先派）,2026-06-09 13:54:12,移动端,AUD04,审核员04,2026-06-09 15:27:12,同意,,审核通过,19分41秒,--,0,,是,1,1,30秒,,0,,,--
财务会计,AP-2026-001403,2026-06-24,应付发票,其他专项付款单,A01,示例集团·甲公司,MAK04,制单人04,,7,示例集团财务共享中心（本部）,财务共享,其他专项付款单,通用审批类,2026-04-08 11:23:48,2026-04-08 11:24:01,2026-04-08 11:25:10,FSSC审核岗,1,,应付成本组,自动派单,已派任务少（优先派）,2026-04-08 11:25:10,PC端,AUD01,审核员01,2026-04-08 14:04:10,同意,,审核通过,6分5秒,--,0,,是,1,1,123秒,,0,,,--
财务会计,AP-2026-001404,2026-02-01,付款单,其他专项付款单,A04,示例集团·丁公司,MAK01,制单人01,,6,示例集团财务共享中心（本部）,财务共享,其他专项付款单,通用审批类,2026-06-16 18:02:20,2026-06-16 18:02:46,2026-06-16 18:03:22,FSSC审核岗,1,,应付成本组,自动派单,已派任务少（优先派）,2026-06-16 18:03:22,PC端,AUD01,审核员01,2026-06-16 19:46:22,同意,,审核通过,4分30秒,--,0,,是,1,1,233秒,,0,,,--
费控服务,AP-2026-001405,2026-05-17,应付发票,应付确认单（物料类）,A13,示例集团·子公司丙,MAK07,制单人07,,6,示例集团财务共享中心（本部）,财务共享,应付确认单（物料类）,通用审批类,2026-03-01 17:20:14,2026-03-01 17:20:44,2026-03-01 17:21:07,FSSC审核岗,1,,应付成本组,自动派单,已派任务少（优先派）,2026-03-01 17:21:07,移动端,AUD02,审核员02,2026-03-01 18:13:07,同意,,审核通过,10分54秒,--,0,,是,1,1,124秒,,0,,,--
财务会计,AP-2026-001406,2026-04-07,付款单,通用报销单（费用报销）,A08,示例集团·辛公司,MAK04,制单人04,,4,示例集团财务共享中心（本部）,财务共享,通用报销单（费用报销）,通用审批类,2026-02-01 18:59:50,2026-02-01 19:00:30,2026-02-01 19:01:04,FSSC审核岗,1,,应付成本组,自动派单,已派任务少（优先派）,2026-02-01 19:01:04,PC端,AUD07,审核员07,2026-02-01 20:14:04,同意,,审核通过,9分12秒,--,0,,是,1,1,60秒,,0,,,--
财务会计,AP-2026-001407,2026-03-04,通用报销单,其他专项付款单,A04,示例集团·丁公司,MAK05,制单人05,,0,示例集团财务共享中心（本部）,财务共享,其他专项付款单,通用审批类,2026-04-06 15:30:42,2026-04-06 15:31:40,2026-04-06 15:32:30,FSSC审核岗,1,,应付成本组,自动派单,已派任务少（优先派）,2026-04-06 15:32:30,PC端,AUD06,审核员06,2026-04-06 17:46:30,同意,,审核通过,28分54秒,--,0,,是,1,1,116秒,,0,,,--
财务会计,AP-2026-001408,2026-04-02,通用报销单,应付付款单（材料采购）,A10,示例集团·癸公司,MAK10,制单人10,,1,示例集团财务共享中心（本部）,财务共享,应付付款单（材料采购）,通用审批类,2026-05-26 09:30:20,2026-05-26 09:31:15,2026-05-26 09:31:59,FSSC审核岗,1,,应付成本组,自动派单,已派任务少（优先派）,2026-05-26 09:31:59,PC端,AUD02,审核员02,2026-05-26 09:57:59,同意,,审核通过,32分39秒,--,0,,是,1,1,299秒,,0,,,--
费控服务,AP-2026-001409,2026-02-06,应付发票,应付付款单（材料采购）,A02,示例集团·乙公司,MAK05,制单人05,,5,示例集团财务共享中心（本部）,财务共享,应付付款单（材料采购）,通用审批类,2026-01-15 12:17:49,2026-01-15 12:18:07,2026-01-15 12:18:17,FSSC审核岗,1,,应付成本组,自动派单,已派任务少（优先派）,2026-01-15 12:18:17,PC端,AUD02,审核员02,2026-01-15 15:35:17,同意,,审核通过,28分49秒,--,0,,是,1,1,181秒,,0,,,--
费控服务,AP-2026-001410,2026-01-09,应付发票,应付确认单（物料类）,A11,示例集团·子公司甲,MAK09,制单人09,,2,示例集团财务共享中心（本部）,财务共享,应付确认单（物料类）,通用审批类,2026-01-01 10:22:55,2026-01-01 10:23:14,2026-01-01 10:24:53,FSSC审核岗,1,,应付成本组,自动派单,已派任务少（优先派）,2026-01-01 10:24:53,移动端,AUD03,审核员03,2026-01-01 12:42:53,同意,,审核通过,27分35秒,--,0,,是,1,1,300秒,,0,,,--
费控服务,AP-2026-001411,2026-01-17,应付发票,通用报销单（费用报销）,A01,示例集团·甲公司,MAK12,制单人12,,5,示例集团财务共享中心（本部）,财务共享,通用报销单（费用报销）,通用审批类,2026-02-09 09:41:00,2026-02-09 09:41:01,2026-02-09 09:42:18,FSSC审核岗,1,,应付成本组,自动派单,已派任务少（优先派）,2026-02-09 09:42:18,PC端,AUD02,审核员02,2026-02-09 11:09:18,同意,,审核通过,31分47秒,--,0,,是,1,1,147秒,,0,,,--
财务会计,AP-2026-001412,2026-02-11,付款单,应付付款单（材料采购）,A02,示例集团·乙公司,MAK07,制单人07,,6,示例集团财务共享中心（本部）,财务共享,应付付款单（材料采购）,通用审批类,2026-03-01 20:02:37,2026-03-01 20:03:27,2026-03-01 20:03:56,FSSC审核岗,1,,应付成本组,自动派单,已派任务少（优先派）,2026-03-01 20:03:56,PC端,AUD02,审核员02,2026-03-01 22:06:56,同意,,审核通过,4分19秒,--,0,,是,1,1,260秒,,0,,,--
费控服务,AP-2026-001413,2026-04-10,应付发票,应付确认单（物料类）,A12,示例集团·子公司乙,MAK11,制单人11,,7,示例集团财务共享中心（本部）,财务共享,应付确认单（物料类）,通用审批类,2026-02-17 12:17:13,2026-02-17 12:17:43,2026-02-17 12:17:50,FSSC审核岗,1,,应付成本组,自动派单,已派任务少（优先派）,2026-02-17 12:17:50,PC端,AUD06,审核员06,2026-02-17 13:59:50,同意,,审核通过,23分56秒,--,0,,是,1,1,222秒,,0,,,--
财务会计,AP-2026-001414,2026-03-22,通用报销单,应付付款单（服务费）,A02,示例集团·乙公司,MAK07,制单人07,,1,示例集团财务共享中心（本部）,财务共享,应付付款单（服务费）,通用审批类,2026-06-13 16:59:51,2026-06-13 17:00:49,2026-06-13 17:02:30,FSSC审核岗,1,,应付成本组,自动派单,已派任务少（优先派）,2026-06-13 17:02:30,移动端,AUD04,审核员04,2026-06-13 17:20:30,同意,,审核通过,34分23秒,--,0,,是,1,1,274秒,,0,,,--
财务会计,AP-2026-001415,2026-03-05,付款单,应付付款单（材料采购）,A09,示例集团·壬公司,MAK10,制单人10,,7,示例集团财务共享中心（本部）,财务共享,应付付款单（材料采购）,通用审批类,2026-01-23 10:36:53,2026-01-23 10:37:01,2026-01-23 10:37:03,FSSC审核岗,1,,应付成本组,自动派单,已派任务少（优先派）,2026-01-23 10:37:03,移动端,AUD07,审核员07,2026-01-23 13:56:03,同意,,审核通过,36分24秒,--,0,,是,1,1,20秒,,0,,,--
财务会计,AP-2026-001416,2026-04-14,应付发票,应付确认单（物料类）,A03,示例集团·丙公司,MAK04,制单人04,,0,示例集团财务共享中心（本部）,财务共享,应付确认单（物料类）,通用审批类,2026-02-02 11:45:15,2026-02-02 11:45:44,2026-02-02 11:46:19,FSSC审核岗,1,,应付成本组,自动派单,已派任务少（优先派）,2026-02-02 11:46:19,移动端,AUD03,审核员03,2026-02-02 13:35:19,同意,,审核通过,26分30秒,--,0,,是,1,1,235秒,,0,,,--
费控服务,AP-2026-001417,2026-03-23,通用报销单,其他专项付款单,A08,示例集团·辛公司,MAK01,制单人01,,7,示例集团财务共享中心（本部）,财务共享,其他专项付款单,通用审批类,2026-02-04 16:59:08,2026-02-04 16:59:20,2026-02-04 17:00:55,FSSC审核岗,1,,应付成本组,自动派单,已派任务少（优先派）,2026-02-04 17:00:55,移动端,AUD03,审核员03,2026-02-04 17:47:55,同意,,审核通过,37分41秒,--,0,,是,1,1,153秒,,0,,,--
财务会计,AP-2026-001418,2026-06-15,应付发票,应付确认单（物料类）,A10,示例集团·癸公司,MAK10,制单人10,,6,示例集团财务共享中心（本部）,财务共享,应付确认单（物料类）,通用审批类,2026-01-14 13:13:32,2026-01-14 13:14:21,2026-01-14 13:15:04,FSSC审核岗,1,,应付成本组,自动派单,已派任务少（优先派）,2026-01-14 13:15:04,移动端,AUD06,审核员06,2026-01-14 16:09:04,同意,,审核通过,31分48秒,--,0,,是,1,1,115秒,,0,,,--
财务会计,AP-2026-001419,2026-02-06,付款单,应付付款单（服务费）,A06,示例集团·己公司,MAK04,制单人04,,5,示例集团财务共享中心（本部）,财务共享,应付付款单（服务费）,通用审批类,2026-06-20 16:48:30,2026-06-20 16:48:56,2026-06-20 16:49:00,FSSC审核岗,1,,应付成本组,自动派单,已派任务少（优先派）,2026-06-20 16:49:00,PC端,AUD05,审核员05,2026-06-20 19:59:00,同意,,审核通过,2分54秒,--,0,,是,1,1,164秒,,0,,,--
财务会计,AP-2026-001420,2026-02-15,应付发票,应付付款单（服务费）,A06,示例集团·己公司,MAK03,制单人03,,7,示例集团财务共享中心（本部）,财务共享,应付付款单（服务费）,通用审批类,2026-01-28 16:27:48,2026-01-28 16:28:33,2026-01-28 16:30:11,FSSC审核岗,1,,应付成本组,自动派单,已派任务少（优先派）,2026-01-28 16:30:11,PC端,AUD01,审核员01,2026-01-28 16:50:11,同意,,审核通过,2分26秒,--,0,,是,1,1,210秒,,0,,,--
财务会计,AP-2026-001421,2026-04-13,付款单,应付付款单（服务费）,A02,示例集团·乙公司,MAK14,制单人14,,1,示例集团财务共享中心（本部）,财务共享,应付付款单（服务费）,通用审批类,2026-03-22 08:30:12,2026-03-22 08:31:04,2026-03-22 08:32:19,FSSC审核岗,1,,应付成本组,自动派单,已派任务少（优先派）,2026-03-22 08:32:19,PC端,AUD06,审核员06,2026-03-22 11:01:19,同意,,审核通过,37分52秒,--,0,,是,1,1,284秒,,0,,,--
财务会计,AP-2026-001422,2026-06-14,通用报销单,应付付款单（服务费）,A16,示例集团·子公司己,MAK08,制单人08,,0,示例集团财务共享中心（本部）,财务共享,应付付款单（服务费）,通用审批类,2026-02-25 11:49:51,2026-02-25 11:50:06,2026-02-25 11:51:06,FSSC审核岗,1,,应付成本组,自动派单,已派任务少（优先派）,2026-02-25 11:51:06,移动端,AUD04,审核员04,2026-02-25 12:15:06,同意,,审核通过,35分27秒,--,0,,是,1,1,167秒,,0,,,--
费控服务,AP-2026-001423,2026-04-06,应付发票,应付付款单（材料采购）,A07,示例集团·庚公司,MAK03,制单人03,,5,示例集团财务共享中心（本部）,财务共享,应付付款单（材料采购）,通用审批类,2026-06-23 17:34:43,2026-06-23 17:35:26,2026-06-23 17:35:57,FSSC审核岗,1,,应付成本组,自动派单,已派任务少（优先派）,2026-06-23 17:35:57,PC端,AUD05,审核员05,2026-06-23 17:58:57,同意,,审核通过,20分43秒,--,0,,是,1,1,19秒,,0,,,--
财务会计,AP-2026-001424,2026-01-14,付款单,其他专项付款单,A01,示例集团·甲公司,MAK06,制单人06,,4,示例集团财务共享中心（本部）,财务共享,其他专项付款单,通用审批类,2026-01-20 10:04:39,2026-01-20 10:05:01,2026-01-20 10:06:46,FSSC审核岗,1,,应付成本组,自动派单,已派任务少（优先派）,2026-01-20 10:06:46,PC端,AUD04,审核员04,2026-01-20 12:24:46,同意,附件信息不一致,审核通过,39分33秒,18分14秒,0,,是,1,1,297秒,,0,,,1
费控服务,AP-2026-001425,2026-05-26,通用报销单,应付确认单（物料类）,A15,示例集团·子公司戊,MAK12,制单人12,,8,示例集团财务共享中心（本部）,财务共享,应付确认单（物料类）,通用审批类,2026-03-23 10:50:55,2026-03-23 10:51:40,2026-03-23 10:53:07,FSSC审核岗,1,,应付成本组,自动派单,已派任务少（优先派）,2026-03-23 10:53:07,PC端,AUD02,审核员02,2026-03-23 14:03:07,驳回,其他,审核驳回,8分26秒,1分24秒,0,,是,3,1,202秒,驳回,1,制单人,制单人12,3
财务会计,AP-2026-001426,2026-05-04,应付发票,应付付款单（材料采购）,A17,示例集团·子公司庚,MAK05,制单人05,,4,示例集团财务共享中心（本部）,财务共享,应付付款单（材料采购）,通用审批类,2026-03-17 17:55:48,2026-03-17 17:56:37,2026-03-17 17:58:33,FSSC审核岗,1,,应付成本组,自动派单,已派任务少（优先派）,2026-03-17 17:58:33,PC端,AUD02,审核员02,2026-03-17 18:12:33,同意,,审核通过,38分58秒,--,0,,是,1,1,82秒,,0,,,--
费控服务,AP-2026-001427,2026-03-01,通用报销单,应付确认单（物料类）,A14,示例集团·子公司丁,MAK11,制单人11,,7,示例集团财务共享中心（本部）,财务共享,应付确认单（物料类）,通用审批类,2026-02-02 09:30:03,2026-02-02 09:31:03,2026-02-02 09:32:20,FSSC审核岗,1,,应付成本组,自动派单,已派任务少（优先派）,2026-02-02 09:32:20,移动端,AUD01,审核员01,2026-02-02 10:12:20,同意,,审核通过,4分13秒,--,0,,是,1,1,25秒,,0,,,--
财务会计,AP-2026-001428,2026-02-28,应付发票,应付付款单（差旅费）,A05,示例集团·戊公司,MAK09,制单人09,,4,示例集团财务共享中心（本部）,财务共享,应付付款单（差旅费）,通用审批类,2026-05-13 10:33:10,2026-05-13 10:33:49,2026-05-13 10:34:43,FSSC审核岗,1,,应付成本组,自动派单,已派任务少（优先派）,2026-05-13 10:34:43,PC端,AUD04,审核员04,2026-05-13 12:55:43,同意,,审核通过,20分53秒,--,0,,是,1,1,279秒,,0,,,--
费控服务,AP-2026-001429,2026-03-01,应付发票,应付付款单（材料采购）,A03,示例集团·丙公司,MAK16,制单人16,,1,示例集团财务共享中心（本部）,财务共享,应付付款单（材料采购）,通用审批类,2026-03-17 18:37:21,2026-03-17 18:37:58,2026-03-17 18:38:22,FSSC审核岗,1,,应付成本组,自动派单,已派任务少（优先派）,2026-03-17 18:38:22,移动端,AUD05,审核员05,2026-03-17 21:23:22,同意,,审核通过,5分26秒,--,0,,是,1,1,286秒,,0,,,--
财务会计,AP-2026-001430,2026-01-24,应付发票,应付付款单（差旅费）,A01,示例集团·甲公司,MAK15,制单人15,,8,示例集团财务共享中心（本部）,财务共享,应付付款单（差旅费）,通用审批类,2026-01-13 09:10:51,2026-01-13 09:11:22,2026-01-13 09:12:14,FSSC审核岗,1,,应付成本组,自动派单,已派任务少（优先派）,2026-01-13 09:12:14,PC端,AUD05,审核员05,2026-01-13 10:53:14,同意,,审核通过,9分53秒,--,0,,是,1,1,18秒,,0,,,--
财务会计,AP-2026-001431,2026-04-25,应付发票,应付确认单（物料类）,A02,示例集团·乙公司,MAK02,制单人02,,6,示例集团财务共享中心（本部）,财务共享,应付确认单（物料类）,通用审批类,2026-01-14 11:43:57,2026-01-14 11:44:54,2026-01-14 11:45:28,FSSC审核岗,1,,应付成本组,自动派单,已派任务少（优先派）,2026-01-14 11:45:28,PC端,AUD01,审核员01,2026-01-14 12:57:28,同意,,审核通过,12分41秒,--,0,,是,1,1,139秒,,0,,,--
费控服务,AP-2026-001432,2026-06-16,应付发票,其他专项付款单,A03,示例集团·丙公司,MAK09,制单人09,,5,示例集团财务共享中心（本部）,财务共享,其他专项付款单,通用审批类,2026-02-01 19:47:18,2026-02-01 19:48:10,2026-02-01 19:49:35,FSSC审核岗,1,,应付成本组,自动派单,已派任务少（优先派）,2026-02-01 19:49:35,移动端,AUD06,审核员06,2026-02-01 22:38:35,同意,,审核通过,14分26秒,--,0,,是,1,1,19秒,,0,,,--
费控服务,AP-2026-001433,2026-05-08,通用报销单,应付付款单（材料采购）,A06,示例集团·己公司,MAK16,制单人16,,0,示例集团财务共享中心（本部）,财务共享,应付付款单（材料采购）,通用审批类,2026-02-01 10:35:58,2026-02-01 10:36:16,2026-02-01 10:37:29,FSSC审核岗,1,,应付成本组,自动派单,已派任务少（优先派）,2026-02-01 10:37:29,移动端,AUD02,审核员02,2026-02-01 12:33:29,同意,,审核通过,16分39秒,--,0,,是,1,1,202秒,,0,,,--
财务会计,AP-2026-001434,2026-01-25,应付发票,应付付款单（材料采购）,A07,示例集团·庚公司,MAK08,制单人08,,3,示例集团财务共享中心（本部）,财务共享,应付付款单（材料采购）,通用审批类,2026-02-11 10:54:48,2026-02-11 10:55:46,2026-02-11 10:57:15,FSSC审核岗,1,,应付成本组,自动派单,已派任务少（优先派）,2026-02-11 10:57:15,PC端,AUD01,审核员01,2026-02-11 12:16:15,驳回,其他,审核驳回,28分16秒,6分44秒,0,,是,2,1,282秒,驳回,1,制单人,制单人08,2
财务会计,AP-2026-001435,2026-06-09,通用报销单,应付付款单（服务费）,A11,示例集团·子公司甲,MAK13,制单人13,,7,示例集团财务共享中心（本部）,财务共享,应付付款单（服务费）,通用审批类,2026-01-28 14:52:44,2026-01-28 14:53:02,2026-01-28 14:54:50,FSSC审核岗,1,,应付成本组,自动派单,已派任务少（优先派）,2026-01-28 14:54:50,PC端,AUD06,审核员06,2026-01-28 17:05:50,同意,,审核通过,32分15秒,--,0,,是,1,1,275秒,,0,,,--
财务会计,AP-2026-001436,2026-05-05,通用报销单,其他专项付款单,A04,示例集团·丁公司,MAK16,制单人16,,6,示例集团财务共享中心（本部）,财务共享,其他专项付款单,通用审批类,2026-04-14 08:24:25,2026-04-14 08:25:17,2026-04-14 08:26:17,FSSC审核岗,1,,应付成本组,自动派单,已派任务少（优先派）,2026-04-14 08:26:17,PC端,AUD03,审核员03,2026-04-14 11:01:17,同意,,审核通过,19分37秒,--,0,,是,1,1,47秒,,0,,,--
财务会计,AP-2026-001437,2026-05-16,应付发票,应付付款单（服务费）,A01,示例集团·甲公司,MAK10,制单人10,,6,示例集团财务共享中心（本部）,财务共享,应付付款单（服务费）,通用审批类,2026-05-05 19:03:16,2026-05-05 19:03:28,2026-05-05 19:04:46,FSSC审核岗,1,,应付成本组,自动派单,已派任务少（优先派）,2026-05-05 19:04:46,移动端,AUD04,审核员04,2026-05-05 21:19:46,同意,,审核通过,37分39秒,--,0,,是,1,1,75秒,,0,,,--
费控服务,AP-2026-001438,2026-01-15,应付发票,通用报销单（费用报销）,A01,示例集团·甲公司,MAK07,制单人07,,2,示例集团财务共享中心（本部）,财务共享,通用报销单（费用报销）,通用审批类,2026-01-06 11:57:22,2026-01-06 11:57:47,2026-01-06 11:59:06,FSSC审核岗,1,,应付成本组,自动派单,已派任务少（优先派）,2026-01-06 11:59:06,移动端,AUD01,审核员01,2026-01-06 14:31:06,同意,,审核通过,38分58秒,--,0,,是,1,1,290秒,,0,,,--
财务会计,AP-2026-001439,2026-03-16,应付发票,通用报销单（费用报销）,A02,示例集团·乙公司,MAK06,制单人06,,4,示例集团财务共享中心（本部）,财务共享,通用报销单（费用报销）,通用审批类,2026-04-15 19:31:28,2026-04-15 19:32:08,2026-04-15 19:32:32,FSSC审核岗,1,,应付成本组,自动派单,已派任务少（优先派）,2026-04-15 19:32:32,PC端,AUD04,审核员04,2026-04-15 21:08:32,同意,,审核通过,8分15秒,--,0,,是,1,1,140秒,,0,,,--
财务会计,AP-2026-001440,2026-03-26,付款单,其他专项付款单,A05,示例集团·戊公司,MAK01,制单人01,,1,示例集团财务共享中心（本部）,财务共享,其他专项付款单,通用审批类,2026-06-27 11:06:20,2026-06-27 11:06:33,2026-06-27 11:07:51,FSSC审核岗,1,,应付成本组,自动派单,已派任务少（优先派）,2026-06-27 11:07:51,移动端,AUD07,审核员07,2026-06-27 13:23:51,同意,,审核通过,10分8秒,--,0,,是,1,1,216秒,,0,,,--
财务会计,AP-2026-001441,2026-06-10,应付发票,其他专项付款单,A01,示例集团·甲公司,MAK01,制单人01,,4,示例集团财务共享中心（本部）,财务共享,其他专项付款单,通用审批类,2026-03-23 15:59:25,2026-03-23 15:59:35,2026-03-23 16:01:23,FSSC审核岗,1,,应付成本组,自动派单,已派任务少（优先派）,2026-03-23 16:01:23,PC端,AUD01,审核员01,2026-03-23 18:39:23,同意,,审核通过,15分54秒,--,0,,是,1,1,27秒,,0,,,--
费控服务,AP-2026-001442,2026-05-07,付款单,应付确认单（物料类）,A13,示例集团·子公司丙,MAK12,制单人12,,7,示例集团财务共享中心（本部）,财务共享,应付确认单（物料类）,通用审批类,2026-05-07 16:51:36,2026-05-07 16:52:08,2026-05-07 16:52:50,FSSC审核岗,1,,应付成本组,自动派单,已派任务少（优先派）,2026-05-07 16:52:50,PC端,AUD04,审核员04,2026-05-07 17:31:50,同意,,审核通过,9分2秒,--,0,,是,1,1,286秒,,0,,,--
财务会计,AP-2026-001443,2026-02-10,应付发票,应付付款单（差旅费）,A04,示例集团·丁公司,MAK06,制单人06,,2,示例集团财务共享中心（本部）,财务共享,应付付款单（差旅费）,通用审批类,2026-03-22 19:08:18,2026-03-22 19:09:17,2026-03-22 19:09:19,FSSC审核岗,1,,应付成本组,自动派单,已派任务少（优先派）,2026-03-22 19:09:19,移动端,AUD05,审核员05,2026-03-22 20:34:19,同意,,审核通过,4分33秒,--,0,,是,1,1,103秒,,0,,,--
费控服务,AP-2026-001444,2026-05-16,付款单,应付付款单（差旅费）,A02,示例集团·乙公司,MAK14,制单人14,,8,示例集团财务共享中心（本部）,财务共享,应付付款单（差旅费）,通用审批类,2026-06-26 09:39:16,2026-06-26 09:39:52,2026-06-26 09:41:48,FSSC审核岗,1,,应付成本组,自动派单,已派任务少（优先派）,2026-06-26 09:41:48,移动端,AUD01,审核员01,2026-06-26 12:20:48,同意,,审核通过,3分41秒,--,0,,是,1,1,199秒,,0,,,--
财务会计,AP-2026-001445,2026-02-16,应付发票,通用报销单（费用报销）,A04,示例集团·丁公司,MAK03,制单人03,,5,示例集团财务共享中心（本部）,财务共享,通用报销单（费用报销）,通用审批类,2026-01-21 08:28:39,2026-01-21 08:29:06,2026-01-21 08:29:59,FSSC审核岗,1,,应付成本组,自动派单,已派任务少（优先派）,2026-01-21 08:29:59,PC端,AUD01,审核员01,2026-01-21 08:55:59,同意,,审核通过,31分9秒,--,0,,是,1,1,158秒,,0,,,--
财务会计,AP-2026-001446,2026-06-10,应付发票,通用报销单（费用报销）,A12,示例集团·子公司乙,MAK01,制单人01,,6,示例集团财务共享中心（本部）,财务共享,通用报销单（费用报销）,通用审批类,2026-01-23 10:20:14,2026-01-23 10:20:19,2026-01-23 10:21:44,FSSC审核岗,1,,应付成本组,自动派单,已派任务少（优先派）,2026-01-23 10:21:44,移动端,AUD02,审核员02,2026-01-23 11:11:44,同意,,审核通过,7分0秒,--,0,,是,1,1,36秒,,0,,,--
财务会计,AP-2026-001447,2026-06-03,付款单,应付确认单（物料类）,A05,示例集团·戊公司,MAK08,制单人08,,5,示例集团财务共享中心（本部）,财务共享,应付确认单（物料类）,通用审批类,2026-04-08 14:05:48,2026-04-08 14:06:25,2026-04-08 14:08:03,FSSC审核岗,1,,应付成本组,自动派单,已派任务少（优先派）,2026-04-08 14:08:03,移动端,AUD05,审核员05,2026-04-08 16:58:03,同意,附件不完整,审核通过,40分47秒,--,0,,是,1,1,46秒,,0,,,1
财务会计,AP-2026-001448,2026-06-15,通用报销单,应付付款单（差旅费）,A06,示例集团·己公司,MAK09,制单人09,,0,示例集团财务共享中心（本部）,财务共享,应付付款单（差旅费）,通用审批类,2026-03-24 10:51:18,2026-03-24 10:52:13,2026-03-24 10:52:53,FSSC审核岗,1,,应付成本组,自动派单,已派任务少（优先派）,2026-03-24 10:52:53,移动端,AUD02,审核员02,2026-03-24 12:03:53,同意,,审核通过,18分31秒,--,0,,是,1,1,230秒,,0,,,--
财务会计,AP-2026-001449,2026-02-28,应付发票,其他专项付款单,A01,示例集团·甲公司,MAK12,制单人12,,1,示例集团财务共享中心（本部）,财务共享,其他专项付款单,通用审批类,2026-05-11 09:59:56,2026-05-11 09:59:57,2026-05-11 10:01:26,FSSC审核岗,1,,应付成本组,自动派单,已派任务少（优先派）,2026-05-11 10:01:26,PC端,AUD04,审核员04,2026-05-11 12:02:26,同意,,审核通过,31分40秒,--,0,,是,1,1,27秒,,0,,,--
费控服务,AP-2026-001450,2026-02-12,通用报销单,应付付款单（服务费）,A18,示例集团·子公司辛,MAK12,制单人12,,6,示例集团财务共享中心（本部）,财务共享,应付付款单（服务费）,通用审批类,2026-02-08 18:10:55,2026-02-08 18:11:30,2026-02-08 18:12:46,FSSC审核岗,1,,应付成本组,自动派单,已派任务少（优先派）,2026-02-08 18:12:46,PC端,AUD06,审核员06,2026-02-08 19:41:46,驳回,未关联合同,审核驳回,13分16秒,5分35秒,0,,是,2,1,191秒,驳回,1,制单人,制单人12,2
财务会计,AP-2026-001451,2026-05-03,付款单,应付确认单（物料类）,A05,示例集团·戊公司,MAK06,制单人06,,5,示例集团财务共享中心（本部）,财务共享,应付确认单（物料类）,通用审批类,2026-06-04 13:57:53,2026-06-04 13:58:22,2026-06-04 13:58:56,FSSC审核岗,1,,应付成本组,自动派单,已派任务少（优先派）,2026-06-04 13:58:56,PC端,AUD04,审核员04,2026-06-04 15:08:56,同意,,审核通过,16分38秒,--,0,,是,1,1,69秒,,0,,,--
财务会计,AP-2026-001452,2026-05-16,通用报销单,应付付款单（差旅费）,A15,示例集团·子公司戊,MAK01,制单人01,,4,示例集团财务共享中心（本部）,财务共享,应付付款单（差旅费）,通用审批类,2026-06-01 17:15:57,2026-06-01 17:16:51,2026-06-01 17:18:34,FSSC审核岗,1,,应付成本组,自动派单,已派任务少（优先派）,2026-06-01 17:18:34,移动端,AUD04,审核员04,2026-06-01 17:22:34,同意,,审核通过,8分34秒,--,0,,是,1,1,151秒,,0,,,--
费控服务,AP-2026-001453,2026-03-26,通用报销单,其他专项付款单,A19,示例集团·子公司壬,MAK16,制单人16,,2,示例集团财务共享中心（本部）,财务共享,其他专项付款单,通用审批类,2026-01-06 09:51:34,2026-01-06 09:51:36,2026-01-06 09:53:04,FSSC审核岗,1,,应付成本组,自动派单,已派任务少（优先派）,2026-01-06 09:53:04,PC端,AUD02,审核员02,2026-01-06 10:47:04,同意,,审核通过,3分15秒,--,0,,是,1,1,273秒,,0,,,--
费控服务,AP-2026-001454,2026-01-22,应付发票,应付付款单（服务费）,A04,示例集团·丁公司,MAK14,制单人14,,5,示例集团财务共享中心（本部）,财务共享,应付付款单（服务费）,通用审批类,2026-05-24 08:42:28,2026-05-24 08:43:03,2026-05-24 08:44:13,FSSC审核岗,1,,应付成本组,自动派单,已派任务少（优先派）,2026-05-24 08:44:13,移动端,AUD04,审核员04,2026-05-24 08:48:13,同意,,审核通过,6分57秒,--,0,,是,1,1,205秒,,0,,,--
财务会计,AP-2026-001455,2026-03-28,应付发票,应付付款单（材料采购）,A03,示例集团·丙公司,MAK07,制单人07,,4,示例集团财务共享中心（本部）,财务共享,应付付款单（材料采购）,通用审批类,2026-01-11 19:26:08,2026-01-11 19:26:21,2026-01-11 19:26:29,FSSC审核岗,1,,应付成本组,自动派单,已派任务少（优先派）,2026-01-11 19:26:29,移动端,AUD05,审核员05,2026-01-11 20:15:29,同意,,审核通过,2分32秒,--,0,,是,1,1,269秒,,0,,,--
费控服务,AP-2026-001456,2026-02-16,付款单,应付确认单（物料类）,A14,示例集团·子公司丁,MAK13,制单人13,,1,示例集团财务共享中心（本部）,财务共享,应付确认单（物料类）,通用审批类,2026-01-20 16:30:02,2026-01-20 16:30:41,2026-01-20 16:31:03,FSSC审核岗,1,,应付成本组,自动派单,已派任务少（优先派）,2026-01-20 16:31:03,移动端,AUD06,审核员06,2026-01-20 16:42:03,同意,,审核通过,35分53秒,--,0,,是,1,1,154秒,,0,,,--
财务会计,AP-2026-001457,2026-03-28,通用报销单,通用报销单（费用报销）,A13,示例集团·子公司丙,MAK02,制单人02,,2,示例集团财务共享中心（本部）,财务共享,通用报销单（费用报销）,通用审批类,2026-06-13 09:06:21,2026-06-13 09:06:56,2026-06-13 09:07:32,FSSC审核岗,1,,应付成本组,自动派单,已派任务少（优先派）,2026-06-13 09:07:32,PC端,AUD02,审核员02,2026-06-13 11:29:32,同意,附件不完整,审核通过,26分15秒,8分7秒,0,,是,1,1,216秒,,0,,,1
财务会计,AP-2026-001458,2026-02-22,通用报销单,应付付款单（材料采购）,A01,示例集团·甲公司,MAK16,制单人16,,5,示例集团财务共享中心（本部）,财务共享,应付付款单（材料采购）,通用审批类,2026-01-11 11:38:57,2026-01-11 11:39:28,2026-01-11 11:40:55,FSSC审核岗,1,,应付成本组,自动派单,已派任务少（优先派）,2026-01-11 11:40:55,移动端,AUD06,审核员06,2026-01-11 11:42:55,同意,,审核通过,18分18秒,--,0,,是,1,1,255秒,,0,,,--
财务会计,AP-2026-001459,2026-04-18,通用报销单,应付付款单（材料采购）,A09,示例集团·壬公司,MAK16,制单人16,,6,示例集团财务共享中心（本部）,财务共享,应付付款单（材料采购）,通用审批类,2026-05-25 10:58:40,2026-05-25 10:59:38,2026-05-25 11:00:04,FSSC审核岗,1,,应付成本组,自动派单,已派任务少（优先派）,2026-05-25 11:00:04,PC端,AUD01,审核员01,2026-05-25 11:21:04,同意,,审核通过,5分52秒,--,0,,是,1,1,183秒,,0,,,--
费控服务,AP-2026-001460,2026-02-26,应付发票,应付付款单（材料采购）,A09,示例集团·壬公司,MAK10,制单人10,,0,示例集团财务共享中心（本部）,财务共享,应付付款单（材料采购）,通用审批类,2026-05-14 10:55:26,2026-05-14 10:55:38,2026-05-14 10:56:10,FSSC审核岗,1,,应付成本组,自动派单,已派任务少（优先派）,2026-05-14 10:56:10,移动端,AUD03,审核员03,2026-05-14 12:20:10,同意,,审核通过,24分14秒,--,0,,是,1,1,16秒,,0,,,--
费控服务,AP-2026-001461,2026-06-10,应付发票,通用报销单（费用报销）,A01,示例集团·甲公司,MAK07,制单人07,,0,示例集团财务共享中心（本部）,财务共享,通用报销单（费用报销）,通用审批类,2026-05-16 16:58:28,2026-05-16 16:58:29,2026-05-16 16:58:57,FSSC审核岗,1,,应付成本组,自动派单,已派任务少（优先派）,2026-05-16 16:58:57,移动端,AUD06,审核员06,2026-05-16 18:38:57,同意,附件不完整,审核通过,26分15秒,26分15秒,0,,是,1,1,232秒,,0,,,1
费控服务,AP-2026-001462,2026-04-17,通用报销单,通用报销单（费用报销）,A12,示例集团·子公司乙,MAK06,制单人06,,3,示例集团财务共享中心（本部）,财务共享,通用报销单（费用报销）,通用审批类,2026-01-21 14:17:53,2026-01-21 14:17:54,2026-01-21 14:19:14,FSSC审核岗,1,,应付成本组,自动派单,已派任务少（优先派）,2026-01-21 14:19:14,移动端,AUD01,审核员01,2026-01-21 16:39:14,同意,附件不完整,审核通过,38分2秒,11分3秒,0,,是,1,1,131秒,,0,,,1
财务会计,AP-2026-001463,2026-01-20,通用报销单,通用报销单（费用报销）,A07,示例集团·庚公司,MAK03,制单人03,,3,示例集团财务共享中心（本部）,财务共享,通用报销单（费用报销）,通用审批类,2026-02-23 11:49:29,2026-02-23 11:50:18,2026-02-23 11:51:06,FSSC审核岗,1,,应付成本组,自动派单,已派任务少（优先派）,2026-02-23 11:51:06,移动端,AUD01,审核员01,2026-02-23 14:17:06,同意,,审核通过,8分36秒,--,0,,是,1,1,105秒,,0,,,--
费控服务,AP-2026-001464,2026-05-18,应付发票,应付付款单（材料采购）,A18,示例集团·子公司辛,MAK01,制单人01,,4,示例集团财务共享中心（本部）,财务共享,应付付款单（材料采购）,通用审批类,2026-04-28 15:22:58,2026-04-28 15:23:51,2026-04-28 15:24:55,FSSC审核岗,1,,应付成本组,自动派单,已派任务少（优先派）,2026-04-28 15:24:55,PC端,AUD05,审核员05,2026-04-28 16:40:55,同意,,审核通过,38分8秒,--,0,,是,1,1,32秒,,0,,,--
财务会计,AP-2026-001465,2026-05-10,通用报销单,应付付款单（服务费）,A03,示例集团·丙公司,MAK12,制单人12,,8,示例集团财务共享中心（本部）,财务共享,应付付款单（服务费）,通用审批类,2026-03-11 11:32:05,2026-03-11 11:32:13,2026-03-11 11:33:25,FSSC审核岗,1,,应付成本组,自动派单,已派任务少（优先派）,2026-03-11 11:33:25,PC端,AUD07,审核员07,2026-03-11 11:38:25,同意,,审核通过,39分24秒,--,0,,是,1,1,188秒,,0,,,--
费控服务,AP-2026-001466,2026-03-27,通用报销单,应付付款单（材料采购）,A07,示例集团·庚公司,MAK09,制单人09,,7,示例集团财务共享中心（本部）,财务共享,应付付款单（材料采购）,通用审批类,2026-02-13 14:10:55,2026-02-13 14:11:06,2026-02-13 14:12:23,FSSC审核岗,1,,应付成本组,自动派单,已派任务少（优先派）,2026-02-13 14:12:23,移动端,AUD02,审核员02,2026-02-13 17:08:23,同意,,审核通过,4分20秒,--,0,,是,1,1,218秒,,0,,,--
财务会计,AP-2026-001467,2026-05-04,付款单,其他专项付款单,A04,示例集团·丁公司,MAK04,制单人04,,2,示例集团财务共享中心（本部）,财务共享,其他专项付款单,通用审批类,2026-06-05 12:34:27,2026-06-05 12:34:29,2026-06-05 12:35:27,FSSC审核岗,1,,应付成本组,自动派单,已派任务少（优先派）,2026-06-05 12:35:27,移动端,AUD06,审核员06,2026-06-05 12:38:27,同意,,审核通过,27分57秒,--,0,,是,1,1,217秒,,0,,,--
费控服务,AP-2026-001468,2026-02-03,付款单,通用报销单（费用报销）,A01,示例集团·甲公司,MAK04,制单人04,,1,示例集团财务共享中心（本部）,财务共享,通用报销单（费用报销）,通用审批类,2026-01-01 09:23:12,2026-01-01 09:23:56,2026-01-01 09:23:57,FSSC审核岗,1,,应付成本组,自动派单,已派任务少（优先派）,2026-01-01 09:23:57,PC端,AUD06,审核员06,2026-01-01 09:41:57,同意,,审核通过,28分31秒,--,0,,是,1,1,58秒,,0,,,--
费控服务,AP-2026-001469,2026-03-19,应付发票,通用报销单（费用报销）,A03,示例集团·丙公司,MAK01,制单人01,,4,示例集团财务共享中心（本部）,财务共享,通用报销单（费用报销）,通用审批类,2026-04-06 12:19:04,2026-04-06 12:19:18,2026-04-06 12:19:50,FSSC审核岗,1,,应付成本组,自动派单,已派任务少（优先派）,2026-04-06 12:19:50,移动端,AUD04,审核员04,2026-04-06 14:51:50,同意,,审核通过,4分45秒,--,0,,是,1,1,202秒,,0,,,--
财务会计,AP-2026-001470,2026-01-04,通用报销单,通用报销单（费用报销）,A18,示例集团·子公司辛,MAK12,制单人12,,1,示例集团财务共享中心（本部）,财务共享,通用报销单（费用报销）,通用审批类,2026-03-23 15:37:03,2026-03-23 15:37:24,2026-03-23 15:38:57,FSSC审核岗,1,,应付成本组,自动派单,已派任务少（优先派）,2026-03-23 15:38:57,移动端,AUD03,审核员03,2026-03-23 17:36:57,同意,,审核通过,34分40秒,--,0,,是,1,1,282秒,,0,,,--
财务会计,AP-2026-001471,2026-03-28,通用报销单,应付付款单（服务费）,A04,示例集团·丁公司,MAK16,制单人16,,7,示例集团财务共享中心（本部）,财务共享,应付付款单（服务费）,通用审批类,2026-03-07 14:21:24,2026-03-07 14:22:21,2026-03-07 14:22:37,FSSC审核岗,1,,应付成本组,自动派单,已派任务少（优先派）,2026-03-07 14:22:37,PC端,AUD07,审核员07,2026-03-07 16:44:37,同意,,审核通过,17分40秒,--,0,,是,1,1,296秒,,0,,,--
财务会计,AP-2026-001472,2026-01-22,通用报销单,应付确认单（物料类）,A05,示例集团·戊公司,MAK09,制单人09,,4,示例集团财务共享中心（本部）,财务共享,应付确认单（物料类）,通用审批类,2026-02-06 11:47:44,2026-02-06 11:48:15,2026-02-06 11:50:04,FSSC审核岗,1,,应付成本组,自动派单,已派任务少（优先派）,2026-02-06 11:50:04,移动端,AUD01,审核员01,2026-02-06 13:52:04,同意,,审核通过,16分54秒,--,0,,是,1,1,13秒,,0,,,--
财务会计,AP-2026-001473,2026-04-01,应付发票,应付付款单（差旅费）,A11,示例集团·子公司甲,MAK02,制单人02,,7,示例集团财务共享中心（本部）,财务共享,应付付款单（差旅费）,通用审批类,2026-01-16 11:13:12,2026-01-16 11:14:07,2026-01-16 11:15:52,FSSC审核岗,1,,应付成本组,自动派单,已派任务少（优先派）,2026-01-16 11:15:52,移动端,AUD02,审核员02,2026-01-16 11:52:52,同意,,审核通过,14分50秒,--,0,,是,1,1,78秒,,0,,,--
财务会计,AP-2026-001474,2026-05-09,应付发票,应付付款单（差旅费）,A02,示例集团·乙公司,MAK16,制单人16,,7,示例集团财务共享中心（本部）,财务共享,应付付款单（差旅费）,通用审批类,2026-03-18 10:20:15,2026-03-18 10:21:04,2026-03-18 10:21:25,FSSC审核岗,1,,应付成本组,自动派单,已派任务少（优先派）,2026-03-18 10:21:25,PC端,AUD03,审核员03,2026-03-18 12:03:25,同意,,审核通过,25分39秒,--,0,,是,1,1,105秒,,0,,,--
费控服务,AP-2026-001475,2026-01-20,应付发票,应付确认单（物料类）,A02,示例集团·乙公司,MAK08,制单人08,,0,示例集团财务共享中心（本部）,财务共享,应付确认单（物料类）,通用审批类,2026-03-24 16:55:21,2026-03-24 16:56:03,2026-03-24 16:56:22,FSSC审核岗,1,,应付成本组,自动派单,已派任务少（优先派）,2026-03-24 16:56:22,PC端,AUD07,审核员07,2026-03-24 17:08:22,同意,,审核通过,37分6秒,--,0,,是,1,1,138秒,,0,,,--
财务会计,AP-2026-001476,2026-05-07,应付发票,其他专项付款单,A08,示例集团·辛公司,MAK01,制单人01,,8,示例集团财务共享中心（本部）,财务共享,其他专项付款单,通用审批类,2026-01-06 16:17:18,2026-01-06 16:17:27,2026-01-06 16:17:55,FSSC审核岗,1,,应付成本组,自动派单,已派任务少（优先派）,2026-01-06 16:17:55,移动端,AUD03,审核员03,2026-01-06 17:34:55,同意,,审核通过,10分56秒,--,0,,是,1,1,14秒,,0,,,--
财务会计,AP-2026-001477,2026-01-28,通用报销单,通用报销单（费用报销）,A11,示例集团·子公司甲,MAK08,制单人08,,6,示例集团财务共享中心（本部）,财务共享,通用报销单（费用报销）,通用审批类,2026-02-09 19:21:08,2026-02-09 19:22:06,2026-02-09 19:22:56,FSSC审核岗,1,,应付成本组,自动派单,已派任务少（优先派）,2026-02-09 19:22:56,移动端,AUD06,审核员06,2026-02-09 19:37:56,同意,,审核通过,37分44秒,--,0,,是,1,1,45秒,,0,,,--
费控服务,AP-2026-001478,2026-05-01,付款单,应付付款单（材料采购）,A02,示例集团·乙公司,MAK16,制单人16,,2,示例集团财务共享中心（本部）,财务共享,应付付款单（材料采购）,通用审批类,2026-01-26 12:15:13,2026-01-26 12:15:57,2026-01-26 12:16:17,FSSC审核岗,1,,应付成本组,自动派单,已派任务少（优先派）,2026-01-26 12:16:17,PC端,AUD01,审核员01,2026-01-26 13:04:17,同意,,审核通过,9分31秒,--,0,,是,1,1,240秒,,0,,,--
财务会计,AP-2026-001479,2026-01-14,应付发票,应付付款单（材料采购）,A05,示例集团·戊公司,MAK04,制单人04,,0,示例集团财务共享中心（本部）,财务共享,应付付款单（材料采购）,通用审批类,2026-06-02 14:25:59,2026-06-02 14:26:19,2026-06-02 14:27:53,FSSC审核岗,1,,应付成本组,自动派单,已派任务少（优先派）,2026-06-02 14:27:53,PC端,AUD07,审核员07,2026-06-02 16:30:53,驳回,附件不完整,审核驳回,14分35秒,16分24秒,0,,是,2,1,27秒,驳回,1,制单人,制单人04,2
财务会计,AP-2026-001480,2026-02-26,通用报销单,应付确认单（物料类）,A03,示例集团·丙公司,MAK06,制单人06,,0,示例集团财务共享中心（本部）,财务共享,应付确认单（物料类）,通用审批类,2026-01-10 09:46:52,2026-01-10 09:46:55,2026-01-10 09:48:17,FSSC审核岗,1,,应付成本组,自动派单,已派任务少（优先派）,2026-01-10 09:48:17,PC端,AUD05,审核员05,2026-01-10 11:50:17,同意,,审核通过,9分57秒,--,0,,是,1,1,263秒,,0,,,--
财务会计,AP-2026-001481,2026-02-16,通用报销单,应付付款单（服务费）,A03,示例集团·丙公司,MAK11,制单人11,,6,示例集团财务共享中心（本部）,财务共享,应付付款单（服务费）,通用审批类,2026-02-17 10:27:29,2026-02-17 10:27:56,2026-02-17 10:28:14,FSSC审核岗,1,,应付成本组,自动派单,已派任务少（优先派）,2026-02-17 10:28:14,移动端,AUD07,审核员07,2026-02-17 12:04:14,同意,业务类型填写错误,审核通过,11分0秒,--,0,,是,1,1,135秒,,0,,,1
财务会计,AP-2026-001482,2026-01-12,通用报销单,应付付款单（差旅费）,A08,示例集团·辛公司,MAK04,制单人04,,7,示例集团财务共享中心（本部）,财务共享,应付付款单（差旅费）,通用审批类,2026-06-26 14:56:50,2026-06-26 14:57:07,2026-06-26 14:58:00,FSSC审核岗,1,,应付成本组,自动派单,已派任务少（优先派）,2026-06-26 14:58:00,移动端,AUD04,审核员04,2026-06-26 18:05:00,驳回,附件不完整,审核驳回,18分20秒,38分13秒,0,,是,3,1,63秒,驳回,1,前端单位,示例集团·辛公司,3
财务会计,AP-2026-001483,2026-03-25,应付发票,应付付款单（材料采购）,A05,示例集团·戊公司,MAK04,制单人04,,8,示例集团财务共享中心（本部）,财务共享,应付付款单（材料采购）,通用审批类,2026-06-24 17:53:34,2026-06-24 17:54:20,2026-06-24 17:54:56,FSSC审核岗,1,,应付成本组,自动派单,已派任务少（优先派）,2026-06-24 17:54:56,移动端,AUD05,审核员05,2026-06-24 20:28:56,同意,,审核通过,28分2秒,--,0,,是,1,1,171秒,,0,,,--
费控服务,AP-2026-001484,2026-04-23,付款单,应付确认单（物料类）,A11,示例集团·子公司甲,MAK01,制单人01,,4,示例集团财务共享中心（本部）,财务共享,应付确认单（物料类）,通用审批类,2026-02-05 14:49:55,2026-02-05 14:50:23,2026-02-05 14:51:01,FSSC审核岗,1,,应付成本组,自动派单,已派任务少（优先派）,2026-02-05 14:51:01,PC端,AUD02,审核员02,2026-02-05 15:47:01,同意,,审核通过,25分6秒,--,0,,是,1,1,76秒,,0,,,--
财务会计,AP-2026-001485,2026-02-18,应付发票,应付付款单（服务费）,A01,示例集团·甲公司,MAK12,制单人12,,1,示例集团财务共享中心（本部）,财务共享,应付付款单（服务费）,通用审批类,2026-05-22 09:21:39,2026-05-22 09:21:58,2026-05-22 09:23:10,FSSC审核岗,1,,应付成本组,自动派单,已派任务少（优先派）,2026-05-22 09:23:10,PC端,AUD05,审核员05,2026-05-22 10:50:10,同意,特殊原因,审核通过,12分43秒,11分8秒,0,,是,1,1,108秒,,0,,,1
财务会计,AP-2026-001486,2026-02-10,应付发票,应付付款单（差旅费）,A11,示例集团·子公司甲,MAK16,制单人16,,1,示例集团财务共享中心（本部）,财务共享,应付付款单（差旅费）,通用审批类,2026-04-27 18:10:21,2026-04-27 18:10:47,2026-04-27 18:12:19,FSSC审核岗,1,,应付成本组,自动派单,已派任务少（优先派）,2026-04-27 18:12:19,PC端,AUD05,审核员05,2026-04-27 20:11:19,同意,,审核通过,33分49秒,--,0,,是,1,1,266秒,,0,,,--
财务会计,AP-2026-001487,2026-03-15,应付发票,其他专项付款单,A05,示例集团·戊公司,MAK15,制单人15,,0,示例集团财务共享中心（本部）,财务共享,其他专项付款单,通用审批类,2026-02-21 15:03:21,2026-02-21 15:04:04,2026-02-21 15:05:14,FSSC审核岗,1,,应付成本组,自动派单,已派任务少（优先派）,2026-02-21 15:05:14,PC端,AUD01,审核员01,2026-02-21 16:20:14,驳回,附件信息不一致,审核驳回,25分44秒,13分44秒,0,,是,3,1,140秒,驳回,1,制单人,制单人15,3
财务会计,AP-2026-001488,2026-06-24,应付发票,应付确认单（物料类）,A06,示例集团·己公司,MAK06,制单人06,,4,示例集团财务共享中心（本部）,财务共享,应付确认单（物料类）,通用审批类,2026-01-28 12:25:01,2026-01-28 12:25:50,2026-01-28 12:27:17,FSSC审核岗,1,,应付成本组,自动派单,已派任务少（优先派）,2026-01-28 12:27:17,PC端,AUD03,审核员03,2026-01-28 13:51:17,同意,,审核通过,37分49秒,--,0,,是,1,1,208秒,,0,,,--
财务会计,AP-2026-001489,2026-04-01,通用报销单,应付付款单（服务费）,A02,示例集团·乙公司,MAK11,制单人11,,2,示例集团财务共享中心（本部）,财务共享,应付付款单（服务费）,通用审批类,2026-05-15 10:12:25,2026-05-15 10:13:17,2026-05-15 10:13:33,FSSC审核岗,1,,应付成本组,自动派单,已派任务少（优先派）,2026-05-15 10:13:33,PC端,AUD02,审核员02,2026-05-15 10:26:33,同意,,审核通过,27分5秒,--,0,,是,1,1,206秒,,0,,,--
财务会计,AP-2026-001490,2026-04-12,付款单,应付付款单（差旅费）,A04,示例集团·丁公司,MAK01,制单人01,,5,示例集团财务共享中心（本部）,财务共享,应付付款单（差旅费）,通用审批类,2026-01-22 16:26:17,2026-01-22 16:26:39,2026-01-22 16:27:43,FSSC审核岗,1,,应付成本组,自动派单,已派任务少（优先派）,2026-01-22 16:27:43,PC端,AUD03,审核员03,2026-01-22 19:18:43,同意,,审核通过,21分48秒,--,0,,是,1,1,193秒,,0,,,--
费控服务,AP-2026-001491,2026-01-06,通用报销单,通用报销单（费用报销）,A14,示例集团·子公司丁,MAK06,制单人06,,6,示例集团财务共享中心（本部）,财务共享,通用报销单（费用报销）,通用审批类,2026-04-09 08:00:03,2026-04-09 08:00:28,2026-04-09 08:01:36,FSSC审核岗,1,,应付成本组,自动派单,已派任务少（优先派）,2026-04-09 08:01:36,PC端,AUD07,审核员07,2026-04-09 09:56:36,同意,,审核通过,34分54秒,--,0,,是,1,1,77秒,,0,,,--
费控服务,AP-2026-001492,2026-04-13,应付发票,应付付款单（材料采购）,A03,示例集团·丙公司,MAK01,制单人01,,7,示例集团财务共享中心（本部）,财务共享,应付付款单（材料采购）,通用审批类,2026-05-04 10:11:57,2026-05-04 10:12:14,2026-05-04 10:14:05,FSSC审核岗,1,,应付成本组,自动派单,已派任务少（优先派）,2026-05-04 10:14:05,PC端,AUD01,审核员01,2026-05-04 11:32:05,同意,,审核通过,19分0秒,--,0,,是,1,1,83秒,,0,,,--
财务会计,AP-2026-001493,2026-05-14,应付发票,应付付款单（服务费）,A11,示例集团·子公司甲,MAK14,制单人14,,7,示例集团财务共享中心（本部）,财务共享,应付付款单（服务费）,通用审批类,2026-01-17 20:14:53,2026-01-17 20:15:14,2026-01-17 20:17:00,FSSC审核岗,1,,应付成本组,自动派单,已派任务少（优先派）,2026-01-17 20:17:00,移动端,AUD02,审核员02,2026-01-17 22:18:00,同意,,审核通过,2分15秒,--,0,,是,1,1,219秒,,0,,,--
财务会计,AP-2026-001494,2026-01-09,应付发票,应付付款单（材料采购）,A02,示例集团·乙公司,MAK15,制单人15,,8,示例集团财务共享中心（本部）,财务共享,应付付款单（材料采购）,通用审批类,2026-05-17 18:26:03,2026-05-17 18:26:15,2026-05-17 18:26:21,FSSC审核岗,1,,应付成本组,自动派单,已派任务少（优先派）,2026-05-17 18:26:21,PC端,AUD03,审核员03,2026-05-17 21:24:21,同意,附件信息不一致,审核通过,15分1秒,--,0,,是,1,1,152秒,,0,,,1
费控服务,AP-2026-001495,2026-03-01,通用报销单,通用报销单（费用报销）,A09,示例集团·壬公司,MAK04,制单人04,,7,示例集团财务共享中心（本部）,财务共享,通用报销单（费用报销）,通用审批类,2026-03-21 09:52:38,2026-03-21 09:53:09,2026-03-21 09:54:26,FSSC审核岗,1,,应付成本组,自动派单,已派任务少（优先派）,2026-03-21 09:54:26,PC端,AUD05,审核员05,2026-03-21 11:59:26,同意,,审核通过,9分53秒,--,0,,是,1,1,149秒,,0,,,--
财务会计,AP-2026-001496,2026-01-07,付款单,应付确认单（物料类）,A03,示例集团·丙公司,MAK03,制单人03,,6,示例集团财务共享中心（本部）,财务共享,应付确认单（物料类）,通用审批类,2026-05-09 16:00:19,2026-05-09 16:00:40,2026-05-09 16:02:38,FSSC审核岗,1,,应付成本组,自动派单,已派任务少（优先派）,2026-05-09 16:02:38,移动端,AUD02,审核员02,2026-05-09 16:13:38,同意,,审核通过,32分19秒,--,0,,是,1,1,270秒,,0,,,--
费控服务,AP-2026-001497,2026-01-21,付款单,应付确认单（物料类）,A18,示例集团·子公司辛,MAK01,制单人01,,6,示例集团财务共享中心（本部）,财务共享,应付确认单（物料类）,通用审批类,2026-01-09 18:01:56,2026-01-09 18:02:18,2026-01-09 18:03:33,FSSC审核岗,1,,应付成本组,自动派单,已派任务少（优先派）,2026-01-09 18:03:33,移动端,AUD03,审核员03,2026-01-09 20:44:33,同意,附件信息不一致,审核通过,1分10秒,17分17秒,0,,是,1,1,85秒,,0,,,1
财务会计,AP-2026-001498,2026-03-08,付款单,通用报销单（费用报销）,A07,示例集团·庚公司,MAK13,制单人13,,7,示例集团财务共享中心（本部）,财务共享,通用报销单（费用报销）,通用审批类,2026-06-17 17:48:08,2026-06-17 17:48:30,2026-06-17 17:49:37,FSSC审核岗,1,,应付成本组,自动派单,已派任务少（优先派）,2026-06-17 17:49:37,移动端,AUD01,审核员01,2026-06-17 19:01:37,同意,,审核通过,13分54秒,--,0,,是,1,1,169秒,,0,,,--
费控服务,AP-2026-001499,2026-02-15,通用报销单,其他专项付款单,A02,示例集团·乙公司,MAK04,制单人04,,4,示例集团财务共享中心（本部）,财务共享,其他专项付款单,通用审批类,2026-01-10 16:27:29,2026-01-10 16:27:53,2026-01-10 16:29:12,FSSC审核岗,1,,应付成本组,自动派单,已派任务少（优先派）,2026-01-10 16:29:12,PC端,AUD04,审核员04,2026-01-10 18:03:12,同意,,审核通过,5分32秒,--,0,,是,1,1,227秒,,0,,,--
财务会计,AP-2026-001500,2026-01-24,应付发票,其他专项付款单,A09,示例集团·壬公司,MAK16,制单人16,,6,示例集团财务共享中心（本部）,财务共享,其他专项付款单,通用审批类,2026-04-17 16:48:46,2026-04-17 16:48:55,2026-04-17 16:50:43,FSSC审核岗,1,,应付成本组,自动派单,已派任务少（优先派）,2026-04-17 16:50:43,移动端,AUD05,审核员05,2026-04-17 19:26:43,同意,,审核通过,33分51秒,--,0,,是,1,1,151秒,,0,,,--
费控服务,AP-2026-001501,2026-04-25,应付发票,应付付款单（差旅费）,A01,示例集团·甲公司,MAK07,制单人07,,4,示例集团财务共享中心（本部）,财务共享,应付付款单（差旅费）,通用审批类,2026-06-14 08:47:41,2026-06-14 08:48:05,2026-06-14 08:49:38,FSSC审核岗,1,,应付成本组,自动派单,已派任务少（优先派）,2026-06-14 08:49:38,移动端,AUD02,审核员02,2026-06-14 11:10:38,同意,,审核通过,11分29秒,--,0,,是,1,1,225秒,,0,,,--
费控服务,AP-2026-001502,2026-06-04,通用报销单,应付付款单（差旅费）,A12,示例集团·子公司乙,MAK05,制单人05,,1,示例集团财务共享中心（本部）,财务共享,应付付款单（差旅费）,通用审批类,2026-03-01 14:25:11,2026-03-01 14:26:05,2026-03-01 14:27:21,FSSC审核岗,1,,应付成本组,自动派单,已派任务少（优先派）,2026-03-01 14:27:21,PC端,AUD04,审核员04,2026-03-01 15:22:21,同意,,审核通过,24分5秒,--,0,,是,1,1,281秒,,0,,,--
财务会计,AP-2026-001503,2026-01-18,应付发票,应付付款单（差旅费）,A15,示例集团·子公司戊,MAK13,制单人13,,8,示例集团财务共享中心（本部）,财务共享,应付付款单（差旅费）,通用审批类,2026-02-25 10:56:24,2026-02-25 10:57:17,2026-02-25 10:58:04,FSSC审核岗,1,,应付成本组,自动派单,已派任务少（优先派）,2026-02-25 10:58:04,PC端,AUD01,审核员01,2026-02-25 12:26:04,同意,,审核通过,38分53秒,--,0,,是,1,1,21秒,,0,,,--
财务会计,AP-2026-001504,2026-04-15,应付发票,应付确认单（物料类）,A16,示例集团·子公司己,MAK15,制单人15,,2,示例集团财务共享中心（本部）,财务共享,应付确认单（物料类）,通用审批类,2026-05-21 15:07:28,2026-05-21 15:08:08,2026-05-21 15:09:13,FSSC审核岗,1,,应付成本组,自动派单,已派任务少（优先派）,2026-05-21 15:09:13,PC端,AUD02,审核员02,2026-05-21 17:38:13,驳回,附件信息不一致,审核驳回,15分30秒,37分3秒,0,,是,1,1,28秒,驳回,1,前端单位,示例集团·子公司己,1
费控服务,AP-2026-001505,2026-05-11,付款单,其他专项付款单,A09,示例集团·壬公司,MAK13,制单人13,,7,示例集团财务共享中心（本部）,财务共享,其他专项付款单,通用审批类,2026-03-23 16:40:40,2026-03-23 16:41:09,2026-03-23 16:41:17,FSSC审核岗,1,,应付成本组,自动派单,已派任务少（优先派）,2026-03-23 16:41:17,移动端,AUD07,审核员07,2026-03-23 19:33:17,同意,,审核通过,29分37秒,--,0,,是,1,1,175秒,,0,,,--
财务会计,AP-2026-001506,2026-03-14,付款单,应付付款单（差旅费）,A08,示例集团·辛公司,MAK02,制单人02,,7,示例集团财务共享中心（本部）,财务共享,应付付款单（差旅费）,通用审批类,2026-05-07 17:33:04,2026-05-07 17:33:57,2026-05-07 17:35:50,FSSC审核岗,1,,应付成本组,自动派单,已派任务少（优先派）,2026-05-07 17:35:50,移动端,AUD06,审核员06,2026-05-07 19:55:50,同意,,审核通过,14分29秒,--,0,,是,1,1,273秒,,0,,,--
财务会计,AP-2026-001507,2026-01-20,应付发票,应付付款单（差旅费）,A01,示例集团·甲公司,MAK10,制单人10,,8,示例集团财务共享中心（本部）,财务共享,应付付款单（差旅费）,通用审批类,2026-06-10 13:32:38,2026-06-10 13:33:27,2026-06-10 13:34:59,FSSC审核岗,1,,应付成本组,自动派单,已派任务少（优先派）,2026-06-10 13:34:59,PC端,AUD03,审核员03,2026-06-10 16:15:59,同意,,审核通过,14分32秒,--,0,,是,1,1,144秒,,0,,,--
费控服务,AP-2026-001508,2026-06-01,付款单,应付付款单（服务费）,A06,示例集团·己公司,MAK08,制单人08,,0,示例集团财务共享中心（本部）,财务共享,应付付款单（服务费）,通用审批类,2026-01-16 14:05:09,2026-01-16 14:05:25,2026-01-16 14:06:41,FSSC审核岗,1,,应付成本组,自动派单,已派任务少（优先派）,2026-01-16 14:06:41,移动端,AUD02,审核员02,2026-01-16 15:49:41,同意,,审核通过,22分47秒,--,0,,是,1,1,55秒,,0,,,--
财务会计,AP-2026-001509,2026-02-19,通用报销单,通用报销单（费用报销）,A06,示例集团·己公司,MAK13,制单人13,,0,示例集团财务共享中心（本部）,财务共享,通用报销单（费用报销）,通用审批类,2026-06-17 18:24:54,2026-06-17 18:25:36,2026-06-17 18:27:17,FSSC审核岗,1,,应付成本组,自动派单,已派任务少（优先派）,2026-06-17 18:27:17,PC端,AUD01,审核员01,2026-06-17 21:43:17,驳回,附件信息不一致,审核驳回,32分0秒,--,0,,是,1,1,208秒,驳回,1,制单人,制单人13,1
费控服务,AP-2026-001510,2026-04-28,通用报销单,应付付款单（材料采购）,A09,示例集团·壬公司,MAK14,制单人14,,3,示例集团财务共享中心（本部）,财务共享,应付付款单（材料采购）,通用审批类,2026-05-19 10:14:30,2026-05-19 10:15:20,2026-05-19 10:15:39,FSSC审核岗,1,,应付成本组,自动派单,已派任务少（优先派）,2026-05-19 10:15:39,移动端,AUD05,审核员05,2026-05-19 12:46:39,同意,,审核通过,15分17秒,--,0,,是,1,1,271秒,,0,,,--
费控服务,AP-2026-001511,2026-03-20,通用报销单,应付付款单（材料采购）,A08,示例集团·辛公司,MAK14,制单人14,,8,示例集团财务共享中心（本部）,财务共享,应付付款单（材料采购）,通用审批类,2026-01-08 19:20:02,2026-01-08 19:20:29,2026-01-08 19:21:32,FSSC审核岗,1,,应付成本组,自动派单,已派任务少（优先派）,2026-01-08 19:21:32,PC端,AUD05,审核员05,2026-01-08 20:45:32,同意,,审核通过,15分12秒,--,0,,是,1,1,183秒,,0,,,--
财务会计,AP-2026-001512,2026-03-15,应付发票,应付付款单（材料采购）,A03,示例集团·丙公司,MAK08,制单人08,,0,示例集团财务共享中心（本部）,财务共享,应付付款单（材料采购）,通用审批类,2026-03-25 10:53:51,2026-03-25 10:54:34,2026-03-25 10:56:30,FSSC审核岗,1,,应付成本组,自动派单,已派任务少（优先派）,2026-03-25 10:56:30,PC端,AUD06,审核员06,2026-03-25 11:52:30,同意,,审核通过,21分28秒,--,0,,是,1,1,26秒,,0,,,--
财务会计,AP-2026-001513,2026-03-20,应付发票,应付付款单（差旅费）,A03,示例集团·丙公司,MAK11,制单人11,,8,示例集团财务共享中心（本部）,财务共享,应付付款单（差旅费）,通用审批类,2026-03-24 11:33:17,2026-03-24 11:34:03,2026-03-24 11:35:49,FSSC审核岗,1,,应付成本组,自动派单,已派任务少（优先派）,2026-03-24 11:35:49,PC端,AUD04,审核员04,2026-03-24 12:47:49,同意,,审核通过,35分13秒,--,0,,是,1,1,63秒,,0,,,--
财务会计,AP-2026-001514,2026-02-16,付款单,通用报销单（费用报销）,A18,示例集团·子公司辛,MAK05,制单人05,,3,示例集团财务共享中心（本部）,财务共享,通用报销单（费用报销）,通用审批类,2026-03-23 09:48:09,2026-03-23 09:49:09,2026-03-23 09:49:39,FSSC审核岗,1,,应付成本组,自动派单,已派任务少（优先派）,2026-03-23 09:49:39,移动端,AUD03,审核员03,2026-03-23 12:35:39,同意,,审核通过,26分34秒,--,0,,是,1,1,237秒,,0,,,--
财务会计,AP-2026-001515,2026-06-25,应付发票,应付付款单（材料采购）,A01,示例集团·甲公司,MAK11,制单人11,,2,示例集团财务共享中心（本部）,财务共享,应付付款单（材料采购）,通用审批类,2026-05-24 08:37:40,2026-05-24 08:38:09,2026-05-24 08:40:02,FSSC审核岗,1,,应付成本组,自动派单,已派任务少（优先派）,2026-05-24 08:40:02,移动端,AUD03,审核员03,2026-05-24 10:36:02,同意,,审核通过,15分40秒,--,0,,是,1,1,164秒,,0,,,--
费控服务,AP-2026-001516,2026-01-17,付款单,应付付款单（差旅费）,A11,示例集团·子公司甲,MAK11,制单人11,,6,示例集团财务共享中心（本部）,财务共享,应付付款单（差旅费）,通用审批类,2026-04-16 17:51:18,2026-04-16 17:51:20,2026-04-16 17:53:18,FSSC审核岗,1,,应付成本组,自动派单,已派任务少（优先派）,2026-04-16 17:53:18,PC端,AUD03,审核员03,2026-04-16 21:08:18,同意,,审核通过,28分19秒,--,0,,是,1,1,21秒,,0,,,--
财务会计,AP-2026-001517,2026-02-11,付款单,应付确认单（物料类）,A01,示例集团·甲公司,MAK04,制单人04,,7,示例集团财务共享中心（本部）,财务共享,应付确认单（物料类）,通用审批类,2026-06-16 16:42:13,2026-06-16 16:43:09,2026-06-16 16:43:25,FSSC审核岗,1,,应付成本组,自动派单,已派任务少（优先派）,2026-06-16 16:43:25,移动端,AUD01,审核员01,2026-06-16 18:14:25,同意,,审核通过,11分38秒,--,0,,是,1,1,85秒,,0,,,--
财务会计,AP-2026-001518,2026-01-18,通用报销单,应付确认单（物料类）,A08,示例集团·辛公司,MAK04,制单人04,,4,示例集团财务共享中心（本部）,财务共享,应付确认单（物料类）,通用审批类,2026-02-23 08:08:36,2026-02-23 08:09:30,2026-02-23 08:09:42,FSSC审核岗,1,,应付成本组,自动派单,已派任务少（优先派）,2026-02-23 08:09:42,PC端,AUD04,审核员04,2026-02-23 09:34:42,同意,,审核通过,11分52秒,--,0,,是,1,1,126秒,,0,,,--
财务会计,AP-2026-001519,2026-06-24,应付发票,应付付款单（材料采购）,A02,示例集团·乙公司,MAK05,制单人05,,7,示例集团财务共享中心（本部）,财务共享,应付付款单（材料采购）,通用审批类,2026-05-12 18:47:16,2026-05-12 18:47:51,2026-05-12 18:48:23,FSSC审核岗,1,,应付成本组,自动派单,已派任务少（优先派）,2026-05-12 18:48:23,移动端,AUD03,审核员03,2026-05-12 21:18:23,同意,,审核通过,14分19秒,--,0,,是,1,1,159秒,,0,,,--
费控服务,AP-2026-001520,2026-05-13,应付发票,通用报销单（费用报销）,A11,示例集团·子公司甲,MAK14,制单人14,,7,示例集团财务共享中心（本部）,财务共享,通用报销单（费用报销）,通用审批类,2026-01-12 19:40:36,2026-01-12 19:40:59,2026-01-12 19:42:09,FSSC审核岗,1,,应付成本组,自动派单,已派任务少（优先派）,2026-01-12 19:42:09,移动端,AUD05,审核员05,2026-01-12 20:55:09,同意,,审核通过,18分47秒,--,0,,是,1,1,68秒,,0,,,--
财务会计,AP-2026-001521,2026-03-06,应付发票,应付付款单（服务费）,A04,示例集团·丁公司,MAK08,制单人08,,1,示例集团财务共享中心（本部）,财务共享,应付付款单（服务费）,通用审批类,2026-05-22 09:25:36,2026-05-22 09:26:12,2026-05-22 09:26:22,FSSC审核岗,1,,应付成本组,自动派单,已派任务少（优先派）,2026-05-22 09:26:22,PC端,AUD03,审核员03,2026-05-22 12:12:22,同意,,审核通过,15分50秒,--,0,,是,1,1,163秒,,0,,,--
财务会计,AP-2026-001522,2026-01-02,付款单,应付确认单（物料类）,A12,示例集团·子公司乙,MAK11,制单人11,,2,示例集团财务共享中心（本部）,财务共享,应付确认单（物料类）,通用审批类,2026-05-27 16:13:44,2026-05-27 16:14:16,2026-05-27 16:16:00,FSSC审核岗,1,,应付成本组,自动派单,已派任务少（优先派）,2026-05-27 16:16:00,PC端,AUD03,审核员03,2026-05-27 18:12:00,同意,,审核通过,38分51秒,--,0,,是,1,1,74秒,,0,,,--
财务会计,AP-2026-001523,2026-01-08,通用报销单,通用报销单（费用报销）,A06,示例集团·己公司,MAK05,制单人05,,6,示例集团财务共享中心（本部）,财务共享,通用报销单（费用报销）,通用审批类,2026-02-01 20:09:27,2026-02-01 20:10:22,2026-02-01 20:11:44,FSSC审核岗,1,,应付成本组,自动派单,已派任务少（优先派）,2026-02-01 20:11:44,移动端,AUD05,审核员05,2026-02-01 21:41:44,同意,,审核通过,12分7秒,--,0,,是,1,1,295秒,,0,,,--
财务会计,AP-2026-001524,2026-02-04,应付发票,其他专项付款单,A14,示例集团·子公司丁,MAK07,制单人07,,4,示例集团财务共享中心（本部）,财务共享,其他专项付款单,通用审批类,2026-04-14 14:27:04,2026-04-14 14:27:05,2026-04-14 14:27:23,FSSC审核岗,1,,应付成本组,自动派单,已派任务少（优先派）,2026-04-14 14:27:23,PC端,AUD04,审核员04,2026-04-14 15:48:23,同意,,审核通过,12分51秒,--,0,,是,1,1,26秒,,0,,,--
财务会计,AP-2026-001525,2026-04-22,付款单,其他专项付款单,A01,示例集团·甲公司,MAK14,制单人14,,8,示例集团财务共享中心（本部）,财务共享,其他专项付款单,通用审批类,2026-06-20 17:34:02,2026-06-20 17:34:07,2026-06-20 17:36:03,FSSC审核岗,1,,应付成本组,自动派单,已派任务少（优先派）,2026-06-20 17:36:03,PC端,AUD01,审核员01,2026-06-20 18:30:03,同意,,审核通过,15分57秒,--,0,,是,1,1,225秒,,0,,,--
费控服务,AP-2026-001526,2026-05-16,应付发票,应付付款单（材料采购）,A05,示例集团·戊公司,MAK10,制单人10,,2,示例集团财务共享中心（本部）,财务共享,应付付款单（材料采购）,通用审批类,2026-06-11 10:40:19,2026-06-11 10:40:37,2026-06-11 10:42:22,FSSC审核岗,1,,应付成本组,自动派单,已派任务少（优先派）,2026-06-11 10:42:22,移动端,AUD01,审核员01,2026-06-11 12:26:22,同意,,审核通过,14分15秒,--,0,,是,1,1,189秒,,0,,,--
费控服务,AP-2026-001527,2026-06-12,应付发票,应付付款单（服务费）,A01,示例集团·甲公司,MAK05,制单人05,,2,示例集团财务共享中心（本部）,财务共享,应付付款单（服务费）,通用审批类,2026-02-05 20:24:52,2026-02-05 20:24:56,2026-02-05 20:25:11,FSSC审核岗,1,,应付成本组,自动派单,已派任务少（优先派）,2026-02-05 20:25:11,移动端,AUD03,审核员03,2026-02-05 22:46:11,同意,,审核通过,25分13秒,--,0,,是,1,1,44秒,,0,,,--
财务会计,AP-2026-001528,2026-05-21,通用报销单,应付付款单（材料采购）,A06,示例集团·己公司,MAK13,制单人13,,6,示例集团财务共享中心（本部）,财务共享,应付付款单（材料采购）,通用审批类,2026-06-21 13:22:37,2026-06-21 13:23:26,2026-06-21 13:23:47,FSSC审核岗,1,,应付成本组,自动派单,已派任务少（优先派）,2026-06-21 13:23:47,PC端,AUD03,审核员03,2026-06-21 16:07:47,同意,,审核通过,17分51秒,--,0,,是,1,1,57秒,,0,,,--
财务会计,AP-2026-001529,2026-02-28,应付发票,应付付款单（差旅费）,A03,示例集团·丙公司,MAK01,制单人01,,3,示例集团财务共享中心（本部）,财务共享,应付付款单（差旅费）,通用审批类,2026-01-18 13:00:11,2026-01-18 13:00:59,2026-01-18 13:02:42,FSSC审核岗,1,,应付成本组,自动派单,已派任务少（优先派）,2026-01-18 13:02:42,PC端,AUD02,审核员02,2026-01-18 14:28:42,同意,,审核通过,18分49秒,--,0,,是,1,1,157秒,,0,,,--
财务会计,AP-2026-001530,2026-06-16,付款单,通用报销单（费用报销）,A15,示例集团·子公司戊,MAK05,制单人05,,4,示例集团财务共享中心（本部）,财务共享,通用报销单（费用报销）,通用审批类,2026-05-18 11:36:00,2026-05-18 11:36:20,2026-05-18 11:37:21,FSSC审核岗,1,,应付成本组,自动派单,已派任务少（优先派）,2026-05-18 11:37:21,移动端,AUD04,审核员04,2026-05-18 14:51:21,同意,,审核通过,24分17秒,--,0,,是,1,1,203秒,,0,,,--
财务会计,AP-2026-001531,2026-01-16,付款单,应付付款单（服务费）,A09,示例集团·壬公司,MAK12,制单人12,,8,示例集团财务共享中心（本部）,财务共享,应付付款单（服务费）,通用审批类,2026-03-07 10:22:05,2026-03-07 10:22:13,2026-03-07 10:22:47,FSSC审核岗,1,,应付成本组,自动派单,已派任务少（优先派）,2026-03-07 10:22:47,PC端,AUD03,审核员03,2026-03-07 13:21:47,同意,,审核通过,30分37秒,--,0,,是,1,1,172秒,,0,,,--
财务会计,AP-2026-001532,2026-01-10,付款单,通用报销单（费用报销）,A02,示例集团·乙公司,MAK03,制单人03,,0,示例集团财务共享中心（本部）,财务共享,通用报销单（费用报销）,通用审批类,2026-01-10 11:28:31,2026-01-10 11:29:13,2026-01-10 11:30:09,FSSC审核岗,1,,应付成本组,自动派单,已派任务少（优先派）,2026-01-10 11:30:09,PC端,AUD05,审核员05,2026-01-10 13:19:09,驳回,业务类型填写错误,审核驳回,34分51秒,4分3秒,0,,是,1,1,61秒,驳回,1,制单人,制单人03,1
财务会计,AP-2026-001533,2026-01-03,付款单,通用报销单（费用报销）,A09,示例集团·壬公司,MAK09,制单人09,,1,示例集团财务共享中心（本部）,财务共享,通用报销单（费用报销）,通用审批类,2026-03-03 13:05:04,2026-03-03 13:05:21,2026-03-03 13:05:51,FSSC审核岗,1,,应付成本组,自动派单,已派任务少（优先派）,2026-03-03 13:05:51,移动端,AUD07,审核员07,2026-03-03 14:56:51,同意,,审核通过,1分31秒,--,0,,是,1,1,290秒,,0,,,--
财务会计,AP-2026-001534,2026-06-22,通用报销单,通用报销单（费用报销）,A01,示例集团·甲公司,MAK08,制单人08,,8,示例集团财务共享中心（本部）,财务共享,通用报销单（费用报销）,通用审批类,2026-04-11 14:19:08,2026-04-11 14:19:30,2026-04-11 14:21:08,FSSC审核岗,1,,应付成本组,自动派单,已派任务少（优先派）,2026-04-11 14:21:08,PC端,AUD01,审核员01,2026-04-11 16:18:08,同意,,审核通过,1分9秒,--,0,,是,1,1,229秒,,0,,,--
财务会计,AP-2026-001535,2026-02-26,应付发票,通用报销单（费用报销）,A11,示例集团·子公司甲,MAK11,制单人11,,3,示例集团财务共享中心（本部）,财务共享,通用报销单（费用报销）,通用审批类,2026-02-09 10:45:47,2026-02-09 10:46:00,2026-02-09 10:46:02,FSSC审核岗,1,,应付成本组,自动派单,已派任务少（优先派）,2026-02-09 10:46:02,移动端,AUD02,审核员02,2026-02-09 12:30:02,驳回,其他,审核驳回,4分11秒,--,0,,是,1,1,231秒,驳回,1,制单人,制单人11,1
费控服务,AP-2026-001536,2026-02-11,付款单,应付付款单（材料采购）,A13,示例集团·子公司丙,MAK16,制单人16,,6,示例集团财务共享中心（本部）,财务共享,应付付款单（材料采购）,通用审批类,2026-06-11 10:10:18,2026-06-11 10:11:06,2026-06-11 10:11:19,FSSC审核岗,1,,应付成本组,自动派单,已派任务少（优先派）,2026-06-11 10:11:19,移动端,AUD05,审核员05,2026-06-11 10:36:19,同意,,审核通过,27分30秒,--,0,,是,1,1,28秒,,0,,,--
费控服务,AP-2026-001537,2026-04-19,应付发票,应付付款单（差旅费）,A01,示例集团·甲公司,MAK02,制单人02,,2,示例集团财务共享中心（本部）,财务共享,应付付款单（差旅费）,通用审批类,2026-02-04 14:27:57,2026-02-04 14:28:13,2026-02-04 14:28:40,FSSC审核岗,1,,应付成本组,自动派单,已派任务少（优先派）,2026-02-04 14:28:40,PC端,AUD03,审核员03,2026-02-04 17:38:40,同意,,审核通过,18分2秒,--,0,,是,1,1,26秒,,0,,,--
费控服务,AP-2026-001538,2026-03-05,应付发票,应付付款单（服务费）,A20,示例集团·子公司癸,MAK04,制单人04,,0,示例集团财务共享中心（本部）,财务共享,应付付款单（服务费）,通用审批类,2026-06-02 13:24:08,2026-06-02 13:24:50,2026-06-02 13:24:54,FSSC审核岗,1,,应付成本组,自动派单,已派任务少（优先派）,2026-06-02 13:24:54,PC端,AUD07,审核员07,2026-06-02 13:49:54,同意,,审核通过,5分7秒,--,0,,是,1,1,116秒,,0,,,--
财务会计,AP-2026-001539,2026-03-04,付款单,应付确认单（物料类）,A02,示例集团·乙公司,MAK05,制单人05,,4,示例集团财务共享中心（本部）,财务共享,应付确认单（物料类）,通用审批类,2026-03-06 13:11:33,2026-03-06 13:11:58,2026-03-06 13:12:13,FSSC审核岗,1,,应付成本组,自动派单,已派任务少（优先派）,2026-03-06 13:12:13,PC端,AUD02,审核员02,2026-03-06 14:07:13,同意,,审核通过,22分53秒,--,0,,是,1,1,220秒,,0,,,--
财务会计,AP-2026-001540,2026-04-06,付款单,通用报销单（费用报销）,A08,示例集团·辛公司,MAK06,制单人06,,6,示例集团财务共享中心（本部）,财务共享,通用报销单（费用报销）,通用审批类,2026-04-25 20:19:39,2026-04-25 20:20:08,2026-04-25 20:21:03,FSSC审核岗,1,,应付成本组,自动派单,已派任务少（优先派）,2026-04-25 20:21:03,移动端,AUD02,审核员02,2026-04-25 20:23:03,同意,,审核通过,28分12秒,--,0,,是,1,1,147秒,,0,,,--
财务会计,AP-2026-001541,2026-05-12,应付发票,应付付款单（材料采购）,A02,示例集团·乙公司,MAK01,制单人01,,5,示例集团财务共享中心（本部）,财务共享,应付付款单（材料采购）,通用审批类,2026-04-15 18:42:30,2026-04-15 18:43:11,2026-04-15 18:45:07,FSSC审核岗,1,,应付成本组,自动派单,已派任务少（优先派）,2026-04-15 18:45:07,PC端,AUD06,审核员06,2026-04-15 19:48:07,同意,,审核通过,12分39秒,--,0,,是,1,1,251秒,,0,,,--
财务会计,AP-2026-001542,2026-03-03,付款单,通用报销单（费用报销）,A12,示例集团·子公司乙,MAK06,制单人06,,6,示例集团财务共享中心（本部）,财务共享,通用报销单（费用报销）,通用审批类,2026-06-13 14:23:52,2026-06-13 14:24:14,2026-06-13 14:25:27,FSSC审核岗,1,,应付成本组,自动派单,已派任务少（优先派）,2026-06-13 14:25:27,移动端,AUD06,审核员06,2026-06-13 14:42:27,同意,,审核通过,11分23秒,--,0,,是,1,1,136秒,,0,,,--
财务会计,AP-2026-001543,2026-04-14,应付发票,其他专项付款单,A13,示例集团·子公司丙,MAK09,制单人09,,2,示例集团财务共享中心（本部）,财务共享,其他专项付款单,通用审批类,2026-02-09 15:50:23,2026-02-09 15:50:38,2026-02-09 15:51:10,FSSC审核岗,1,,应付成本组,自动派单,已派任务少（优先派）,2026-02-09 15:51:10,移动端,AUD05,审核员05,2026-02-09 17:35:10,同意,,审核通过,19分56秒,--,0,,是,1,1,236秒,,0,,,--
费控服务,AP-2026-001544,2026-01-13,付款单,通用报销单（费用报销）,A10,示例集团·癸公司,MAK16,制单人16,,2,示例集团财务共享中心（本部）,财务共享,通用报销单（费用报销）,通用审批类,2026-06-22 11:21:13,2026-06-22 11:21:49,2026-06-22 11:23:04,FSSC审核岗,1,,应付成本组,自动派单,已派任务少（优先派）,2026-06-22 11:23:04,PC端,AUD07,审核员07,2026-06-22 14:22:04,同意,,审核通过,37分35秒,--,0,,是,1,1,183秒,,0,,,--
财务会计,AP-2026-001545,2026-03-23,应付发票,应付确认单（物料类）,A09,示例集团·壬公司,MAK03,制单人03,,6,示例集团财务共享中心（本部）,财务共享,应付确认单（物料类）,通用审批类,2026-04-19 10:19:06,2026-04-19 10:19:28,2026-04-19 10:20:29,FSSC审核岗,1,,应付成本组,自动派单,已派任务少（优先派）,2026-04-19 10:20:29,PC端,AUD02,审核员02,2026-04-19 10:41:29,同意,,审核通过,13分47秒,--,0,,是,1,1,290秒,,0,,,--
财务会计,AP-2026-001546,2026-06-22,应付发票,应付付款单（差旅费）,A16,示例集团·子公司己,MAK06,制单人06,,6,示例集团财务共享中心（本部）,财务共享,应付付款单（差旅费）,通用审批类,2026-01-11 16:47:27,2026-01-11 16:47:43,2026-01-11 16:49:09,FSSC审核岗,1,,应付成本组,自动派单,已派任务少（优先派）,2026-01-11 16:49:09,移动端,AUD02,审核员02,2026-01-11 19:17:09,驳回,特殊原因,审核驳回,35分9秒,31分37秒,0,,是,1,1,131秒,驳回,1,制单人,制单人06,1
费控服务,AP-2026-001547,2026-01-26,应付发票,应付付款单（差旅费）,A07,示例集团·庚公司,MAK13,制单人13,,8,示例集团财务共享中心（本部）,财务共享,应付付款单（差旅费）,通用审批类,2026-03-04 13:55:14,2026-03-04 13:55:58,2026-03-04 13:57:03,FSSC审核岗,1,,应付成本组,自动派单,已派任务少（优先派）,2026-03-04 13:57:03,PC端,AUD06,审核员06,2026-03-04 14:19:03,同意,,审核通过,13分44秒,--,0,,是,1,1,246秒,,0,,,--
财务会计,AP-2026-001548,2026-03-07,付款单,通用报销单（费用报销）,A01,示例集团·甲公司,MAK04,制单人04,,4,示例集团财务共享中心（本部）,财务共享,通用报销单（费用报销）,通用审批类,2026-02-02 15:44:10,2026-02-02 15:45:00,2026-02-02 15:46:47,FSSC审核岗,1,,应付成本组,自动派单,已派任务少（优先派）,2026-02-02 15:46:47,移动端,AUD04,审核员04,2026-02-02 19:04:47,驳回,附件不完整,审核驳回,35分39秒,31分35秒,0,,是,1,1,19秒,驳回,1,制单人,制单人04,1
财务会计,AP-2026-001549,2026-04-19,通用报销单,应付确认单（物料类）,A06,示例集团·己公司,MAK03,制单人03,,6,示例集团财务共享中心（本部）,财务共享,应付确认单（物料类）,通用审批类,2026-02-04 12:25:50,2026-02-04 12:26:03,2026-02-04 12:27:19,FSSC审核岗,1,,应付成本组,自动派单,已派任务少（优先派）,2026-02-04 12:27:19,PC端,AUD06,审核员06,2026-02-04 15:44:19,同意,,审核通过,12分20秒,--,0,,是,1,1,152秒,,0,,,--
财务会计,AP-2026-001550,2026-01-21,付款单,应付付款单（差旅费）,A12,示例集团·子公司乙,MAK12,制单人12,,4,示例集团财务共享中心（本部）,财务共享,应付付款单（差旅费）,通用审批类,2026-01-23 12:22:48,2026-01-23 12:23:14,2026-01-23 12:23:41,FSSC审核岗,1,,应付成本组,自动派单,已派任务少（优先派）,2026-01-23 12:23:41,移动端,AUD07,审核员07,2026-01-23 13:12:41,同意,,审核通过,1分13秒,--,0,,是,1,1,212秒,,0,,,--
财务会计,AP-2026-001551,2026-05-03,付款单,应付付款单（服务费）,A11,示例集团·子公司甲,MAK05,制单人05,,6,示例集团财务共享中心（本部）,财务共享,应付付款单（服务费）,通用审批类,2026-03-21 14:44:58,2026-03-21 14:45:23,2026-03-21 14:46:55,FSSC审核岗,1,,应付成本组,自动派单,已派任务少（优先派）,2026-03-21 14:46:55,PC端,AUD06,审核员06,2026-03-21 16:01:55,同意,,审核通过,29分43秒,--,0,,是,1,1,23秒,,0,,,--
财务会计,AP-2026-001552,2026-04-11,应付发票,其他专项付款单,A04,示例集团·丁公司,MAK15,制单人15,,3,示例集团财务共享中心（本部）,财务共享,其他专项付款单,通用审批类,2026-01-02 09:24:06,2026-01-02 09:24:17,2026-01-02 09:25:02,FSSC审核岗,1,,应付成本组,自动派单,已派任务少（优先派）,2026-01-02 09:25:02,移动端,AUD02,审核员02,2026-01-02 12:43:02,同意,,审核通过,37分38秒,--,0,,是,1,1,149秒,,0,,,--
财务会计,AP-2026-001553,2026-03-07,通用报销单,应付付款单（材料采购）,A09,示例集团·壬公司,MAK01,制单人01,,4,示例集团财务共享中心（本部）,财务共享,应付付款单（材料采购）,通用审批类,2026-01-09 11:30:58,2026-01-09 11:31:41,2026-01-09 11:32:35,FSSC审核岗,1,,应付成本组,自动派单,已派任务少（优先派）,2026-01-09 11:32:35,PC端,AUD06,审核员06,2026-01-09 13:36:35,同意,,审核通过,35分50秒,--,0,,是,1,1,61秒,,0,,,--
费控服务,AP-2026-001554,2026-06-23,通用报销单,其他专项付款单,A03,示例集团·丙公司,MAK14,制单人14,,8,示例集团财务共享中心（本部）,财务共享,其他专项付款单,通用审批类,2026-03-02 09:55:27,2026-03-02 09:55:59,2026-03-02 09:57:16,FSSC审核岗,1,,应付成本组,自动派单,已派任务少（优先派）,2026-03-02 09:57:16,PC端,AUD04,审核员04,2026-03-02 10:53:16,驳回,未关联合同,审核驳回,6分6秒,19分37秒,0,,是,2,1,52秒,驳回,1,制单人,制单人14,2
财务会计,AP-2026-001555,2026-03-06,付款单,通用报销单（费用报销）,A10,示例集团·癸公司,MAK01,制单人01,,1,示例集团财务共享中心（本部）,财务共享,通用报销单（费用报销）,通用审批类,2026-06-18 14:54:26,2026-06-18 14:55:26,2026-06-18 14:55:42,FSSC审核岗,1,,应付成本组,自动派单,已派任务少（优先派）,2026-06-18 14:55:42,移动端,AUD03,审核员03,2026-06-18 16:39:42,同意,,审核通过,40分38秒,--,0,,是,1,1,30秒,,0,,,--
财务会计,AP-2026-001556,2026-06-25,通用报销单,其他专项付款单,A02,示例集团·乙公司,MAK03,制单人03,,3,示例集团财务共享中心（本部）,财务共享,其他专项付款单,通用审批类,2026-06-24 13:19:35,2026-06-24 13:19:52,2026-06-24 13:21:46,FSSC审核岗,1,,应付成本组,自动派单,已派任务少（优先派）,2026-06-24 13:21:46,PC端,AUD07,审核员07,2026-06-24 14:01:46,同意,,审核通过,5分27秒,--,0,,是,1,1,41秒,,0,,,--
财务会计,AP-2026-001557,2026-06-16,付款单,应付确认单（物料类）,A08,示例集团·辛公司,MAK10,制单人10,,1,示例集团财务共享中心（本部）,财务共享,应付确认单（物料类）,通用审批类,2026-01-18 14:03:05,2026-01-18 14:03:26,2026-01-18 14:05:07,FSSC审核岗,1,,应付成本组,自动派单,已派任务少（优先派）,2026-01-18 14:05:07,移动端,AUD05,审核员05,2026-01-18 16:09:07,驳回,附件信息不一致,审核驳回,32分7秒,9分50秒,0,,是,3,1,60秒,驳回,1,制单人,制单人10,3
费控服务,AP-2026-001558,2026-06-01,付款单,应付确认单（物料类）,A06,示例集团·己公司,MAK05,制单人05,,4,示例集团财务共享中心（本部）,财务共享,应付确认单（物料类）,通用审批类,2026-02-15 18:55:00,2026-02-15 18:55:11,2026-02-15 18:57:11,FSSC审核岗,1,,应付成本组,自动派单,已派任务少（优先派）,2026-02-15 18:57:11,移动端,AUD06,审核员06,2026-02-15 21:11:11,同意,,审核通过,6分7秒,--,0,,是,1,1,77秒,,0,,,--
财务会计,AP-2026-001559,2026-01-11,付款单,其他专项付款单,A12,示例集团·子公司乙,MAK08,制单人08,,7,示例集团财务共享中心（本部）,财务共享,其他专项付款单,通用审批类,2026-03-23 09:49:59,2026-03-23 09:50:38,2026-03-23 09:51:06,FSSC审核岗,1,,应付成本组,自动派单,已派任务少（优先派）,2026-03-23 09:51:06,PC端,AUD05,审核员05,2026-03-23 11:43:06,同意,,审核通过,25分18秒,--,0,,是,1,1,229秒,,0,,,--
费控服务,AP-2026-001560,2026-03-03,应付发票,应付付款单（差旅费）,A02,示例集团·乙公司,MAK02,制单人02,,2,示例集团财务共享中心（本部）,财务共享,应付付款单（差旅费）,通用审批类,2026-04-16 12:39:07,2026-04-16 12:39:50,2026-04-16 12:40:39,FSSC审核岗,1,,应付成本组,自动派单,已派任务少（优先派）,2026-04-16 12:40:39,移动端,AUD04,审核员04,2026-04-16 13:12:39,同意,,审核通过,16分41秒,--,0,,是,1,1,87秒,,0,,,--
费控服务,AP-2026-001561,2026-04-23,付款单,应付确认单（物料类）,A01,示例集团·甲公司,MAK05,制单人05,,6,示例集团财务共享中心（本部）,财务共享,应付确认单（物料类）,通用审批类,2026-04-11 11:21:03,2026-04-11 11:21:30,2026-04-11 11:22:47,FSSC审核岗,1,,应付成本组,自动派单,已派任务少（优先派）,2026-04-11 11:22:47,PC端,AUD01,审核员01,2026-04-11 14:12:47,同意,,审核通过,5分26秒,--,0,,是,1,1,290秒,,0,,,--
财务会计,AP-2026-001562,2026-02-11,通用报销单,应付付款单（材料采购）,A02,示例集团·乙公司,MAK06,制单人06,,1,示例集团财务共享中心（本部）,财务共享,应付付款单（材料采购）,通用审批类,2026-01-16 19:19:57,2026-01-16 19:20:02,2026-01-16 19:20:03,FSSC审核岗,1,,应付成本组,自动派单,已派任务少（优先派）,2026-01-16 19:20:03,PC端,AUD02,审核员02,2026-01-16 19:56:03,同意,,审核通过,30分37秒,--,0,,是,1,1,287秒,,0,,,--
财务会计,AP-2026-001563,2026-02-12,通用报销单,其他专项付款单,A06,示例集团·己公司,MAK10,制单人10,,5,示例集团财务共享中心（本部）,财务共享,其他专项付款单,通用审批类,2026-03-10 16:36:38,2026-03-10 16:36:53,2026-03-10 16:37:01,FSSC审核岗,1,,应付成本组,自动派单,已派任务少（优先派）,2026-03-10 16:37:01,PC端,AUD04,审核员04,2026-03-10 16:45:01,同意,,审核通过,28分28秒,--,0,,是,1,1,188秒,,0,,,--
财务会计,AP-2026-001564,2026-03-12,付款单,应付付款单（服务费）,A16,示例集团·子公司己,MAK15,制单人15,,5,示例集团财务共享中心（本部）,财务共享,应付付款单（服务费）,通用审批类,2026-06-05 10:28:40,2026-06-05 10:29:27,2026-06-05 10:29:39,FSSC审核岗,1,,应付成本组,自动派单,已派任务少（优先派）,2026-06-05 10:29:39,PC端,AUD02,审核员02,2026-06-05 12:26:39,同意,,审核通过,26分23秒,--,0,,是,1,1,23秒,,0,,,--
费控服务,AP-2026-001565,2026-04-22,通用报销单,应付付款单（差旅费）,A03,示例集团·丙公司,MAK14,制单人14,,8,示例集团财务共享中心（本部）,财务共享,应付付款单（差旅费）,通用审批类,2026-05-28 18:58:17,2026-05-28 18:58:25,2026-05-28 19:00:13,FSSC审核岗,1,,应付成本组,自动派单,已派任务少（优先派）,2026-05-28 19:00:13,PC端,AUD04,审核员04,2026-05-28 19:57:13,驳回,附件不完整,审核驳回,27分55秒,3分50秒,0,,是,2,1,272秒,驳回,1,制单人,制单人14,2
财务会计,AP-2026-001566,2026-03-01,通用报销单,应付付款单（服务费）,A04,示例集团·丁公司,MAK13,制单人13,,2,示例集团财务共享中心（本部）,财务共享,应付付款单（服务费）,通用审批类,2026-04-14 16:38:03,2026-04-14 16:38:47,2026-04-14 16:39:22,FSSC审核岗,1,,应付成本组,自动派单,已派任务少（优先派）,2026-04-14 16:39:22,PC端,AUD07,审核员07,2026-04-14 19:54:22,同意,,审核通过,1分30秒,--,0,,是,1,1,218秒,,0,,,--
财务会计,AP-2026-001567,2026-05-12,应付发票,应付付款单（服务费）,A02,示例集团·乙公司,MAK09,制单人09,,8,示例集团财务共享中心（本部）,财务共享,应付付款单（服务费）,通用审批类,2026-03-05 11:09:35,2026-03-05 11:09:45,2026-03-05 11:10:09,FSSC审核岗,1,,应付成本组,自动派单,已派任务少（优先派）,2026-03-05 11:10:09,PC端,AUD01,审核员01,2026-03-05 11:55:09,同意,,审核通过,18分30秒,--,0,,是,1,1,177秒,,0,,,--
财务会计,AP-2026-001568,2026-01-20,应付发票,应付确认单（物料类）,A13,示例集团·子公司丙,MAK09,制单人09,,1,示例集团财务共享中心（本部）,财务共享,应付确认单（物料类）,通用审批类,2026-04-02 08:17:05,2026-04-02 08:17:08,2026-04-02 08:18:41,FSSC审核岗,1,,应付成本组,自动派单,已派任务少（优先派）,2026-04-02 08:18:41,PC端,AUD03,审核员03,2026-04-02 11:31:41,同意,,审核通过,15分23秒,--,0,,是,1,1,62秒,,0,,,--
财务会计,AP-2026-001569,2026-01-01,通用报销单,通用报销单（费用报销）,A08,示例集团·辛公司,MAK15,制单人15,,0,示例集团财务共享中心（本部）,财务共享,通用报销单（费用报销）,通用审批类,2026-02-11 20:28:59,2026-02-11 20:29:09,2026-02-11 20:29:31,FSSC审核岗,1,,应付成本组,自动派单,已派任务少（优先派）,2026-02-11 20:29:31,PC端,AUD03,审核员03,2026-02-11 23:46:31,同意,,审核通过,28分18秒,--,0,,是,1,1,70秒,,0,,,--
财务会计,AP-2026-001570,2026-01-16,通用报销单,应付付款单（材料采购）,A07,示例集团·庚公司,MAK15,制单人15,,0,示例集团财务共享中心（本部）,财务共享,应付付款单（材料采购）,通用审批类,2026-03-25 15:33:15,2026-03-25 15:33:17,2026-03-25 15:33:34,FSSC审核岗,1,,应付成本组,自动派单,已派任务少（优先派）,2026-03-25 15:33:34,PC端,AUD03,审核员03,2026-03-25 17:52:34,驳回,未关联合同,审核驳回,20分6秒,22分15秒,0,,是,1,1,164秒,驳回,1,制单人,制单人15,1
费控服务,AP-2026-001571,2026-03-26,应付发票,通用报销单（费用报销）,A01,示例集团·甲公司,MAK06,制单人06,,2,示例集团财务共享中心（本部）,财务共享,通用报销单（费用报销）,通用审批类,2026-02-04 18:16:18,2026-02-04 18:16:49,2026-02-04 18:18:01,FSSC审核岗,1,,应付成本组,自动派单,已派任务少（优先派）,2026-02-04 18:18:01,移动端,AUD06,审核员06,2026-02-04 20:03:01,同意,,审核通过,36分2秒,--,0,,是,1,1,99秒,,0,,,--
费控服务,AP-2026-001572,2026-05-20,通用报销单,应付付款单（材料采购）,A01,示例集团·甲公司,MAK09,制单人09,,3,示例集团财务共享中心（本部）,财务共享,应付付款单（材料采购）,通用审批类,2026-06-08 20:22:31,2026-06-08 20:23:30,2026-06-08 20:24:42,FSSC审核岗,1,,应付成本组,自动派单,已派任务少（优先派）,2026-06-08 20:24:42,移动端,AUD04,审核员04,2026-06-08 23:09:42,同意,特殊原因,审核通过,30分35秒,8分42秒,0,,是,1,1,84秒,,0,,,1
财务会计,AP-2026-001573,2026-03-23,通用报销单,应付确认单（物料类）,A01,示例集团·甲公司,MAK14,制单人14,,5,示例集团财务共享中心（本部）,财务共享,应付确认单（物料类）,通用审批类,2026-05-08 19:25:38,2026-05-08 19:26:15,2026-05-08 19:26:17,FSSC审核岗,1,,应付成本组,自动派单,已派任务少（优先派）,2026-05-08 19:26:17,移动端,AUD05,审核员05,2026-05-08 20:48:17,同意,,审核通过,32分50秒,--,0,,是,1,1,200秒,,0,,,--
费控服务,AP-2026-001574,2026-03-18,应付发票,应付付款单（差旅费）,A06,示例集团·己公司,MAK05,制单人05,,4,示例集团财务共享中心（本部）,财务共享,应付付款单（差旅费）,通用审批类,2026-05-19 19:00:53,2026-05-19 19:01:20,2026-05-19 19:02:38,FSSC审核岗,1,,应付成本组,自动派单,已派任务少（优先派）,2026-05-19 19:02:38,PC端,AUD06,审核员06,2026-05-19 20:53:38,同意,特殊原因,审核通过,23分57秒,39分51秒,0,,是,1,1,288秒,,0,,,1
财务会计,AP-2026-001575,2026-02-13,通用报销单,应付确认单（物料类）,A04,示例集团·丁公司,MAK07,制单人07,,5,示例集团财务共享中心（本部）,财务共享,应付确认单（物料类）,通用审批类,2026-03-08 11:28:48,2026-03-08 11:29:06,2026-03-08 11:29:54,FSSC审核岗,1,,应付成本组,自动派单,已派任务少（优先派）,2026-03-08 11:29:54,移动端,AUD06,审核员06,2026-03-08 13:23:54,同意,,审核通过,10分28秒,--,0,,是,1,1,222秒,,0,,,--
费控服务,AP-2026-001576,2026-02-03,付款单,应付付款单（材料采购）,A01,示例集团·甲公司,MAK04,制单人04,,6,示例集团财务共享中心（本部）,财务共享,应付付款单（材料采购）,通用审批类,2026-02-18 08:08:22,2026-02-18 08:08:37,2026-02-18 08:09:59,FSSC审核岗,1,,应付成本组,自动派单,已派任务少（优先派）,2026-02-18 08:09:59,PC端,AUD05,审核员05,2026-02-18 08:15:59,同意,,审核通过,40分39秒,--,0,,是,1,1,92秒,,0,,,--
财务会计,AP-2026-001577,2026-06-10,付款单,应付付款单（服务费）,A07,示例集团·庚公司,MAK14,制单人14,,3,示例集团财务共享中心（本部）,财务共享,应付付款单（服务费）,通用审批类,2026-03-16 10:20:51,2026-03-16 10:21:48,2026-03-16 10:23:32,FSSC审核岗,1,,应付成本组,自动派单,已派任务少（优先派）,2026-03-16 10:23:32,PC端,AUD03,审核员03,2026-03-16 10:26:32,同意,,审核通过,10分57秒,--,0,,是,1,1,138秒,,0,,,--
财务会计,AP-2026-001578,2026-04-02,应付发票,应付确认单（物料类）,A02,示例集团·乙公司,MAK05,制单人05,,1,示例集团财务共享中心（本部）,财务共享,应付确认单（物料类）,通用审批类,2026-03-23 10:19:07,2026-03-23 10:19:54,2026-03-23 10:20:37,FSSC审核岗,1,,应付成本组,自动派单,已派任务少（优先派）,2026-03-23 10:20:37,PC端,AUD01,审核员01,2026-03-23 11:48:37,同意,,审核通过,21分34秒,--,0,,是,1,1,183秒,,0,,,--
财务会计,AP-2026-001579,2026-01-01,付款单,应付付款单（差旅费）,A03,示例集团·丙公司,MAK05,制单人05,,3,示例集团财务共享中心（本部）,财务共享,应付付款单（差旅费）,通用审批类,2026-01-16 17:51:24,2026-01-16 17:51:25,2026-01-16 17:51:46,FSSC审核岗,1,,应付成本组,自动派单,已派任务少（优先派）,2026-01-16 17:51:46,PC端,AUD07,审核员07,2026-01-16 19:03:46,同意,,审核通过,14分14秒,--,0,,是,1,1,83秒,,0,,,--
财务会计,AP-2026-001580,2026-01-12,付款单,应付付款单（服务费）,A07,示例集团·庚公司,MAK06,制单人06,,4,示例集团财务共享中心（本部）,财务共享,应付付款单（服务费）,通用审批类,2026-05-28 09:20:40,2026-05-28 09:21:15,2026-05-28 09:23:13,FSSC审核岗,1,,应付成本组,自动派单,已派任务少（优先派）,2026-05-28 09:23:13,移动端,AUD05,审核员05,2026-05-28 09:59:13,同意,,审核通过,2分58秒,--,0,,是,1,1,81秒,,0,,,--
财务会计,AP-2026-001581,2026-02-23,通用报销单,应付付款单（差旅费）,A07,示例集团·庚公司,MAK07,制单人07,,4,示例集团财务共享中心（本部）,财务共享,应付付款单（差旅费）,通用审批类,2026-02-15 10:06:31,2026-02-15 10:06:50,2026-02-15 10:07:11,FSSC审核岗,1,,应付成本组,自动派单,已派任务少（优先派）,2026-02-15 10:07:11,PC端,AUD07,审核员07,2026-02-15 12:41:11,同意,,审核通过,6分26秒,--,0,,是,1,1,247秒,,0,,,--
财务会计,AP-2026-001582,2026-03-12,通用报销单,应付确认单（物料类）,A06,示例集团·己公司,MAK13,制单人13,,5,示例集团财务共享中心（本部）,财务共享,应付确认单（物料类）,通用审批类,2026-06-06 14:24:38,2026-06-06 14:24:52,2026-06-06 14:25:53,FSSC审核岗,1,,应付成本组,自动派单,已派任务少（优先派）,2026-06-06 14:25:53,PC端,AUD07,审核员07,2026-06-06 14:27:53,同意,,审核通过,3分13秒,--,0,,是,1,1,72秒,,0,,,--
费控服务,AP-2026-001583,2026-01-10,付款单,应付付款单（材料采购）,A12,示例集团·子公司乙,MAK10,制单人10,,3,示例集团财务共享中心（本部）,财务共享,应付付款单（材料采购）,通用审批类,2026-03-12 08:11:09,2026-03-12 08:11:12,2026-03-12 08:12:06,FSSC审核岗,1,,应付成本组,自动派单,已派任务少（优先派）,2026-03-12 08:12:06,PC端,AUD04,审核员04,2026-03-12 08:37:06,同意,附件不完整,审核通过,16分13秒,15分31秒,0,,是,1,1,259秒,,0,,,1
财务会计,AP-2026-001584,2026-03-01,通用报销单,其他专项付款单,A01,示例集团·甲公司,MAK01,制单人01,,4,示例集团财务共享中心（本部）,财务共享,其他专项付款单,通用审批类,2026-06-21 13:27:06,2026-06-21 13:27:31,2026-06-21 13:27:50,FSSC审核岗,1,,应付成本组,自动派单,已派任务少（优先派）,2026-06-21 13:27:50,PC端,AUD01,审核员01,2026-06-21 14:15:50,同意,,审核通过,32分4秒,--,0,,是,1,1,273秒,,0,,,--
费控服务,AP-2026-001585,2026-05-01,通用报销单,应付付款单（材料采购）,A09,示例集团·壬公司,MAK06,制单人06,,3,示例集团财务共享中心（本部）,财务共享,应付付款单（材料采购）,通用审批类,2026-02-20 20:57:09,2026-02-20 20:57:24,2026-02-20 20:57:25,FSSC审核岗,1,,应付成本组,自动派单,已派任务少（优先派）,2026-02-20 20:57:25,PC端,AUD05,审核员05,2026-02-20 22:11:25,同意,,审核通过,9分47秒,--,0,,是,1,1,129秒,,0,,,--
费控服务,AP-2026-001586,2026-04-15,付款单,应付付款单（服务费）,A01,示例集团·甲公司,MAK07,制单人07,,0,示例集团财务共享中心（本部）,财务共享,应付付款单（服务费）,通用审批类,2026-04-03 12:21:24,2026-04-03 12:21:43,2026-04-03 12:22:40,FSSC审核岗,1,,应付成本组,自动派单,已派任务少（优先派）,2026-04-03 12:22:40,PC端,AUD05,审核员05,2026-04-03 15:30:40,同意,,审核通过,8分39秒,--,0,,是,1,1,161秒,,0,,,--
财务会计,AP-2026-001587,2026-01-23,应付发票,应付付款单（差旅费）,A16,示例集团·子公司己,MAK06,制单人06,,7,示例集团财务共享中心（本部）,财务共享,应付付款单（差旅费）,通用审批类,2026-04-22 15:31:27,2026-04-22 15:31:54,2026-04-22 15:33:26,FSSC审核岗,1,,应付成本组,自动派单,已派任务少（优先派）,2026-04-22 15:33:26,移动端,AUD05,审核员05,2026-04-22 17:23:26,同意,,审核通过,27分4秒,--,0,,是,1,1,74秒,,0,,,--
财务会计,AP-2026-001588,2026-05-27,通用报销单,其他专项付款单,A01,示例集团·甲公司,MAK10,制单人10,,3,示例集团财务共享中心（本部）,财务共享,其他专项付款单,通用审批类,2026-03-16 16:03:26,2026-03-16 16:04:09,2026-03-16 16:04:19,FSSC审核岗,1,,应付成本组,自动派单,已派任务少（优先派）,2026-03-16 16:04:19,PC端,AUD04,审核员04,2026-03-16 19:09:19,同意,,审核通过,5分43秒,--,0,,是,1,1,68秒,,0,,,--
财务会计,AP-2026-001589,2026-01-15,付款单,应付付款单（服务费）,A04,示例集团·丁公司,MAK11,制单人11,,7,示例集团财务共享中心（本部）,财务共享,应付付款单（服务费）,通用审批类,2026-05-27 15:40:27,2026-05-27 15:40:41,2026-05-27 15:41:24,FSSC审核岗,1,,应付成本组,自动派单,已派任务少（优先派）,2026-05-27 15:41:24,PC端,AUD05,审核员05,2026-05-27 16:44:24,同意,,审核通过,8分34秒,--,0,,是,1,1,192秒,,0,,,--
财务会计,AP-2026-001590,2026-04-27,通用报销单,应付付款单（服务费）,A06,示例集团·己公司,MAK02,制单人02,,2,示例集团财务共享中心（本部）,财务共享,应付付款单（服务费）,通用审批类,2026-06-10 18:32:23,2026-06-10 18:32:50,2026-06-10 18:33:19,FSSC审核岗,1,,应付成本组,自动派单,已派任务少（优先派）,2026-06-10 18:33:19,PC端,AUD01,审核员01,2026-06-10 20:41:19,驳回,附件信息不一致,审核驳回,39分19秒,3分1秒,0,,是,2,1,135秒,驳回,1,制单人,制单人02,2
财务会计,AP-2026-001591,2026-03-19,应付发票,应付确认单（物料类）,A05,示例集团·戊公司,MAK06,制单人06,,5,示例集团财务共享中心（本部）,财务共享,应付确认单（物料类）,通用审批类,2026-06-23 10:55:15,2026-06-23 10:56:00,2026-06-23 10:57:30,FSSC审核岗,1,,应付成本组,自动派单,已派任务少（优先派）,2026-06-23 10:57:30,PC端,AUD07,审核员07,2026-06-23 11:16:30,同意,,审核通过,39分42秒,--,0,,是,1,1,267秒,,0,,,--
财务会计,AP-2026-001592,2026-05-16,付款单,通用报销单（费用报销）,A12,示例集团·子公司乙,MAK07,制单人07,,1,示例集团财务共享中心（本部）,财务共享,通用报销单（费用报销）,通用审批类,2026-02-09 09:31:42,2026-02-09 09:32:18,2026-02-09 09:32:44,FSSC审核岗,1,,应付成本组,自动派单,已派任务少（优先派）,2026-02-09 09:32:44,PC端,AUD02,审核员02,2026-02-09 12:27:44,同意,,审核通过,22分57秒,--,0,,是,1,1,117秒,,0,,,--
财务会计,AP-2026-001593,2026-01-25,通用报销单,其他专项付款单,A15,示例集团·子公司戊,MAK03,制单人03,,7,示例集团财务共享中心（本部）,财务共享,其他专项付款单,通用审批类,2026-01-01 14:51:22,2026-01-01 14:51:33,2026-01-01 14:53:03,FSSC审核岗,1,,应付成本组,自动派单,已派任务少（优先派）,2026-01-01 14:53:03,移动端,AUD01,审核员01,2026-01-01 16:43:03,同意,,审核通过,15分55秒,--,0,,是,1,1,198秒,,0,,,--
财务会计,AP-2026-001594,2026-03-09,付款单,应付付款单（差旅费）,A01,示例集团·甲公司,MAK03,制单人03,,7,示例集团财务共享中心（本部）,财务共享,应付付款单（差旅费）,通用审批类,2026-06-26 11:31:53,2026-06-26 11:32:17,2026-06-26 11:33:44,FSSC审核岗,1,,应付成本组,自动派单,已派任务少（优先派）,2026-06-26 11:33:44,移动端,AUD02,审核员02,2026-06-26 13:14:44,同意,,审核通过,27分16秒,--,0,,是,1,1,280秒,,0,,,--
财务会计,AP-2026-001595,2026-03-06,通用报销单,应付付款单（差旅费）,A04,示例集团·丁公司,MAK05,制单人05,,5,示例集团财务共享中心（本部）,财务共享,应付付款单（差旅费）,通用审批类,2026-06-19 12:45:23,2026-06-19 12:46:17,2026-06-19 12:46:33,FSSC审核岗,1,,应付成本组,自动派单,已派任务少（优先派）,2026-06-19 12:46:33,PC端,AUD03,审核员03,2026-06-19 12:52:33,同意,,审核通过,1分26秒,--,0,,是,1,1,76秒,,0,,,--
财务会计,AP-2026-001596,2026-05-11,通用报销单,应付确认单（物料类）,A18,示例集团·子公司辛,MAK07,制单人07,,7,示例集团财务共享中心（本部）,财务共享,应付确认单（物料类）,通用审批类,2026-02-22 08:55:26,2026-02-22 08:56:16,2026-02-22 08:56:33,FSSC审核岗,1,,应付成本组,自动派单,已派任务少（优先派）,2026-02-22 08:56:33,PC端,AUD03,审核员03,2026-02-22 12:09:33,同意,,审核通过,12分38秒,--,0,,是,1,1,128秒,,0,,,--
财务会计,AP-2026-001597,2026-01-19,付款单,应付确认单（物料类）,A09,示例集团·壬公司,MAK12,制单人12,,5,示例集团财务共享中心（本部）,财务共享,应付确认单（物料类）,通用审批类,2026-01-22 12:55:08,2026-01-22 12:55:13,2026-01-22 12:55:30,FSSC审核岗,1,,应付成本组,自动派单,已派任务少（优先派）,2026-01-22 12:55:30,PC端,AUD05,审核员05,2026-01-22 15:23:30,同意,,审核通过,1分11秒,--,0,,是,1,1,85秒,,0,,,--
财务会计,AP-2026-001598,2026-04-18,付款单,其他专项付款单,A10,示例集团·癸公司,MAK05,制单人05,,7,示例集团财务共享中心（本部）,财务共享,其他专项付款单,通用审批类,2026-01-23 18:46:44,2026-01-23 18:46:45,2026-01-23 18:47:22,FSSC审核岗,1,,应付成本组,自动派单,已派任务少（优先派）,2026-01-23 18:47:22,PC端,AUD04,审核员04,2026-01-23 20:16:22,同意,,审核通过,9分23秒,--,0,,是,1,1,69秒,,0,,,--
财务会计,AP-2026-001599,2026-06-15,付款单,应付付款单（材料采购）,A13,示例集团·子公司丙,MAK05,制单人05,,2,示例集团财务共享中心（本部）,财务共享,应付付款单（材料采购）,通用审批类,2026-03-21 17:33:08,2026-03-21 17:33:14,2026-03-21 17:33:52,FSSC审核岗,1,,应付成本组,自动派单,已派任务少（优先派）,2026-03-21 17:33:52,移动端,AUD05,审核员05,2026-03-21 19:29:52,同意,,审核通过,16分12秒,--,0,,是,1,1,237秒,,0,,,--
财务会计,AP-2026-001600,2026-04-19,通用报销单,通用报销单（费用报销）,A07,示例集团·庚公司,MAK15,制单人15,,6,示例集团财务共享中心（本部）,财务共享,通用报销单（费用报销）,通用审批类,2026-03-11 09:45:59,2026-03-11 09:46:25,2026-03-11 09:47:28,FSSC审核岗,1,,应付成本组,自动派单,已派任务少（优先派）,2026-03-11 09:47:28,移动端,AUD05,审核员05,2026-03-11 11:30:28,同意,,审核通过,13分26秒,--,0,,是,1,1,122秒,,0,,,--
费控服务,AP-2026-001601,2026-05-26,通用报销单,其他专项付款单,A08,示例集团·辛公司,MAK14,制单人14,,8,示例集团财务共享中心（本部）,财务共享,其他专项付款单,通用审批类,2026-06-01 09:04:08,2026-06-01 09:05:05,2026-06-01 09:06:47,FSSC审核岗,1,,应付成本组,自动派单,已派任务少（优先派）,2026-06-01 09:06:47,移动端,AUD06,审核员06,2026-06-01 09:45:47,驳回,附件不完整,审核驳回,19分32秒,--,0,,是,1,1,74秒,驳回,1,前端单位,示例集团·辛公司,1
财务会计,AP-2026-001602,2026-01-18,应付发票,应付付款单（差旅费）,A04,示例集团·丁公司,MAK05,制单人05,,2,示例集团财务共享中心（本部）,财务共享,应付付款单（差旅费）,通用审批类,2026-04-07 14:54:28,2026-04-07 14:55:12,2026-04-07 14:56:26,FSSC审核岗,1,,应付成本组,自动派单,已派任务少（优先派）,2026-04-07 14:56:26,移动端,AUD07,审核员07,2026-04-07 16:34:26,驳回,附件不完整,审核驳回,35分38秒,6分44秒,0,,是,3,1,115秒,驳回,1,制单人,制单人05,3
财务会计,AP-2026-001603,2026-02-09,应付发票,应付付款单（服务费）,A04,示例集团·丁公司,MAK14,制单人14,,0,示例集团财务共享中心（本部）,财务共享,应付付款单（服务费）,通用审批类,2026-02-14 17:08:01,2026-02-14 17:08:37,2026-02-14 17:09:25,FSSC审核岗,1,,应付成本组,自动派单,已派任务少（优先派）,2026-02-14 17:09:25,移动端,AUD05,审核员05,2026-02-14 18:57:25,同意,,审核通过,8分55秒,--,0,,是,1,1,106秒,,0,,,--
财务会计,AP-2026-001604,2026-02-03,付款单,应付付款单（材料采购）,A02,示例集团·乙公司,MAK10,制单人10,,4,示例集团财务共享中心（本部）,财务共享,应付付款单（材料采购）,通用审批类,2026-05-12 08:52:41,2026-05-12 08:53:38,2026-05-12 08:55:30,FSSC审核岗,1,,应付成本组,自动派单,已派任务少（优先派）,2026-05-12 08:55:30,PC端,AUD06,审核员06,2026-05-12 08:56:30,驳回,未关联合同,审核驳回,26分7秒,34分45秒,0,,是,2,1,40秒,驳回,1,前端单位,示例集团·乙公司,2
财务会计,AP-2026-001605,2026-06-24,通用报销单,通用报销单（费用报销）,A06,示例集团·己公司,MAK01,制单人01,,0,示例集团财务共享中心（本部）,财务共享,通用报销单（费用报销）,通用审批类,2026-06-25 19:47:02,2026-06-25 19:47:21,2026-06-25 19:47:54,FSSC审核岗,1,,应付成本组,自动派单,已派任务少（优先派）,2026-06-25 19:47:54,移动端,AUD07,审核员07,2026-06-25 22:31:54,驳回,附件信息不一致,审核驳回,18分15秒,26分24秒,0,,是,2,1,270秒,驳回,1,制单人,制单人01,2
财务会计,AP-2026-001606,2026-01-07,付款单,其他专项付款单,A03,示例集团·丙公司,MAK11,制单人11,,0,示例集团财务共享中心（本部）,财务共享,其他专项付款单,通用审批类,2026-06-04 12:32:41,2026-06-04 12:32:55,2026-06-04 12:33:57,FSSC审核岗,1,,应付成本组,自动派单,已派任务少（优先派）,2026-06-04 12:33:57,PC端,AUD06,审核员06,2026-06-04 13:53:57,同意,,审核通过,13分2秒,--,0,,是,1,1,16秒,,0,,,--
费控服务,AP-2026-001607,2026-04-13,通用报销单,应付付款单（差旅费）,A01,示例集团·甲公司,MAK07,制单人07,,1,示例集团财务共享中心（本部）,财务共享,应付付款单（差旅费）,通用审批类,2026-04-16 15:35:16,2026-04-16 15:35:19,2026-04-16 15:35:31,FSSC审核岗,1,,应付成本组,自动派单,已派任务少（优先派）,2026-04-16 15:35:31,PC端,AUD07,审核员07,2026-04-16 18:11:31,驳回,未关联合同,审核驳回,26分57秒,36分41秒,0,,是,2,1,114秒,驳回,1,前端单位,示例集团·甲公司,2
财务会计,AP-2026-001608,2026-01-12,通用报销单,应付付款单（服务费）,A05,示例集团·戊公司,MAK02,制单人02,,6,示例集团财务共享中心（本部）,财务共享,应付付款单（服务费）,通用审批类,2026-01-14 20:33:27,2026-01-14 20:33:35,2026-01-14 20:33:46,FSSC审核岗,1,,应付成本组,自动派单,已派任务少（优先派）,2026-01-14 20:33:46,移动端,AUD01,审核员01,2026-01-14 22:59:46,同意,,审核通过,29分22秒,--,0,,是,1,1,276秒,,0,,,--
财务会计,AP-2026-001609,2026-01-16,应付发票,其他专项付款单,A02,示例集团·乙公司,MAK04,制单人04,,1,示例集团财务共享中心（本部）,财务共享,其他专项付款单,通用审批类,2026-06-28 08:21:34,2026-06-28 08:21:48,2026-06-28 08:22:36,FSSC审核岗,1,,应付成本组,自动派单,已派任务少（优先派）,2026-06-28 08:22:36,移动端,AUD03,审核员03,2026-06-28 09:11:36,同意,,审核通过,38分22秒,--,0,,是,1,1,226秒,,0,,,--
费控服务,AP-2026-001610,2026-01-08,付款单,通用报销单（费用报销）,A03,示例集团·丙公司,MAK12,制单人12,,2,示例集团财务共享中心（本部）,财务共享,通用报销单（费用报销）,通用审批类,2026-04-19 18:37:49,2026-04-19 18:38:38,2026-04-19 18:39:44,FSSC审核岗,1,,应付成本组,自动派单,已派任务少（优先派）,2026-04-19 18:39:44,移动端,AUD04,审核员04,2026-04-19 19:21:44,同意,,审核通过,7分29秒,--,0,,是,1,1,256秒,,0,,,--
财务会计,AP-2026-001611,2026-04-18,通用报销单,应付付款单（材料采购）,A03,示例集团·丙公司,MAK01,制单人01,,0,示例集团财务共享中心（本部）,财务共享,应付付款单（材料采购）,通用审批类,2026-01-14 16:31:38,2026-01-14 16:32:34,2026-01-14 16:33:01,FSSC审核岗,1,,应付成本组,自动派单,已派任务少（优先派）,2026-01-14 16:33:01,PC端,AUD05,审核员05,2026-01-14 16:35:01,同意,,审核通过,10分50秒,--,0,,是,1,1,273秒,,0,,,--
费控服务,AP-2026-001612,2026-02-06,付款单,通用报销单（费用报销）,A03,示例集团·丙公司,MAK03,制单人03,,0,示例集团财务共享中心（本部）,财务共享,通用报销单（费用报销）,通用审批类,2026-01-14 17:35:51,2026-01-14 17:36:33,2026-01-14 17:37:02,FSSC审核岗,1,,应付成本组,自动派单,已派任务少（优先派）,2026-01-14 17:37:02,移动端,AUD06,审核员06,2026-01-14 18:43:02,同意,,审核通过,11分20秒,--,0,,是,1,1,74秒,,0,,,--
财务会计,AP-2026-001613,2026-04-04,付款单,其他专项付款单,A13,示例集团·子公司丙,MAK06,制单人06,,2,示例集团财务共享中心（本部）,财务共享,其他专项付款单,通用审批类,2026-02-18 15:52:12,2026-02-18 15:53:11,2026-02-18 15:53:12,FSSC审核岗,1,,应付成本组,自动派单,已派任务少（优先派）,2026-02-18 15:53:12,移动端,AUD03,审核员03,2026-02-18 18:11:12,同意,,审核通过,1分40秒,--,0,,是,1,1,243秒,,0,,,--
费控服务,AP-2026-001614,2026-02-28,应付发票,应付付款单（材料采购）,A10,示例集团·癸公司,MAK04,制单人04,,4,示例集团财务共享中心（本部）,财务共享,应付付款单（材料采购）,通用审批类,2026-05-16 15:29:58,2026-05-16 15:30:46,2026-05-16 15:32:23,FSSC审核岗,1,,应付成本组,自动派单,已派任务少（优先派）,2026-05-16 15:32:23,PC端,AUD07,审核员07,2026-05-16 16:02:23,同意,,审核通过,9分20秒,--,0,,是,1,1,75秒,,0,,,--
财务会计,AP-2026-001615,2026-06-13,应付发票,应付确认单（物料类）,A08,示例集团·辛公司,MAK08,制单人08,,4,示例集团财务共享中心（本部）,财务共享,应付确认单（物料类）,通用审批类,2026-04-20 08:00:28,2026-04-20 08:01:27,2026-04-20 08:01:38,FSSC审核岗,1,,应付成本组,自动派单,已派任务少（优先派）,2026-04-20 08:01:38,移动端,AUD04,审核员04,2026-04-20 08:39:38,驳回,附件不完整,审核驳回,10分12秒,19分31秒,0,,是,1,1,120秒,驳回,1,前端单位,示例集团·辛公司,1
财务会计,AP-2026-001616,2026-06-22,付款单,其他专项付款单,A14,示例集团·子公司丁,MAK16,制单人16,,6,示例集团财务共享中心（本部）,财务共享,其他专项付款单,通用审批类,2026-01-23 18:28:30,2026-01-23 18:28:37,2026-01-23 18:30:14,FSSC审核岗,1,,应付成本组,自动派单,已派任务少（优先派）,2026-01-23 18:30:14,移动端,AUD03,审核员03,2026-01-23 21:09:14,同意,,审核通过,8分43秒,--,0,,是,1,1,253秒,,0,,,--
财务会计,AP-2026-001617,2026-05-12,应付发票,应付付款单（服务费）,A01,示例集团·甲公司,MAK06,制单人06,,3,示例集团财务共享中心（本部）,财务共享,应付付款单（服务费）,通用审批类,2026-01-25 15:26:18,2026-01-25 15:26:21,2026-01-25 15:27:39,FSSC审核岗,1,,应付成本组,自动派单,已派任务少（优先派）,2026-01-25 15:27:39,移动端,AUD05,审核员05,2026-01-25 18:04:39,同意,,审核通过,13分18秒,--,0,,是,1,1,146秒,,0,,,--
财务会计,AP-2026-001618,2026-05-06,付款单,应付确认单（物料类）,A01,示例集团·甲公司,MAK10,制单人10,,2,示例集团财务共享中心（本部）,财务共享,应付确认单（物料类）,通用审批类,2026-05-13 18:45:23,2026-05-13 18:45:36,2026-05-13 18:47:16,FSSC审核岗,1,,应付成本组,自动派单,已派任务少（优先派）,2026-05-13 18:47:16,PC端,AUD03,审核员03,2026-05-13 20:45:16,同意,,审核通过,9分53秒,--,0,,是,1,1,55秒,,0,,,--
财务会计,AP-2026-001619,2026-04-20,应付发票,其他专项付款单,A06,示例集团·己公司,MAK13,制单人13,,5,示例集团财务共享中心（本部）,财务共享,其他专项付款单,通用审批类,2026-04-01 13:44:18,2026-04-01 13:44:49,2026-04-01 13:46:15,FSSC审核岗,1,,应付成本组,自动派单,已派任务少（优先派）,2026-04-01 13:46:15,移动端,AUD02,审核员02,2026-04-01 14:49:15,同意,,审核通过,32分50秒,--,0,,是,1,1,68秒,,0,,,--
财务会计,AP-2026-001620,2026-04-23,付款单,应付确认单（物料类）,A01,示例集团·甲公司,MAK16,制单人16,,2,示例集团财务共享中心（本部）,财务共享,应付确认单（物料类）,通用审批类,2026-02-13 19:53:58,2026-02-13 19:54:08,2026-02-13 19:55:02,FSSC审核岗,1,,应付成本组,自动派单,已派任务少（优先派）,2026-02-13 19:55:02,PC端,AUD01,审核员01,2026-02-13 19:58:02,驳回,未关联合同,审核驳回,26分22秒,14分42秒,0,,是,1,1,143秒,驳回,1,制单人,制单人16,1
财务会计,AP-2026-001621,2026-05-28,付款单,应付付款单（材料采购）,A12,示例集团·子公司乙,MAK15,制单人15,,1,示例集团财务共享中心（本部）,财务共享,应付付款单（材料采购）,通用审批类,2026-03-07 11:20:18,2026-03-07 11:20:51,2026-03-07 11:21:56,FSSC审核岗,1,,应付成本组,自动派单,已派任务少（优先派）,2026-03-07 11:21:56,移动端,AUD05,审核员05,2026-03-07 14:24:56,同意,,审核通过,39分11秒,--,0,,是,1,1,65秒,,0,,,--
财务会计,AP-2026-001622,2026-06-27,应付发票,其他专项付款单,A03,示例集团·丙公司,MAK07,制单人07,,2,示例集团财务共享中心（本部）,财务共享,其他专项付款单,通用审批类,2026-05-23 16:59:26,2026-05-23 17:00:07,2026-05-23 17:00:57,FSSC审核岗,1,,应付成本组,自动派单,已派任务少（优先派）,2026-05-23 17:00:57,移动端,AUD04,审核员04,2026-05-23 18:13:57,同意,,审核通过,2分56秒,--,0,,是,1,1,116秒,,0,,,--
财务会计,AP-2026-001623,2026-04-05,付款单,应付付款单（差旅费）,A01,示例集团·甲公司,MAK16,制单人16,,2,示例集团财务共享中心（本部）,财务共享,应付付款单（差旅费）,通用审批类,2026-04-12 10:49:33,2026-04-12 10:49:43,2026-04-12 10:50:23,FSSC审核岗,1,,应付成本组,自动派单,已派任务少（优先派）,2026-04-12 10:50:23,PC端,AUD04,审核员04,2026-04-12 12:31:23,同意,,审核通过,32分42秒,--,0,,是,1,1,75秒,,0,,,--
费控服务,AP-2026-001624,2026-02-24,付款单,应付确认单（物料类）,A03,示例集团·丙公司,MAK01,制单人01,,0,示例集团财务共享中心（本部）,财务共享,应付确认单（物料类）,通用审批类,2026-04-01 16:25:42,2026-04-01 16:25:46,2026-04-01 16:25:58,FSSC审核岗,1,,应付成本组,自动派单,已派任务少（优先派）,2026-04-01 16:25:58,PC端,AUD01,审核员01,2026-04-01 17:43:58,同意,,审核通过,21分5秒,--,0,,是,1,1,22秒,,0,,,--
财务会计,AP-2026-001625,2026-04-05,付款单,通用报销单（费用报销）,A06,示例集团·己公司,MAK06,制单人06,,3,示例集团财务共享中心（本部）,财务共享,通用报销单（费用报销）,通用审批类,2026-06-13 18:12:46,2026-06-13 18:12:50,2026-06-13 18:14:43,FSSC审核岗,1,,应付成本组,自动派单,已派任务少（优先派）,2026-06-13 18:14:43,移动端,AUD02,审核员02,2026-06-13 21:00:43,同意,,审核通过,21分57秒,--,0,,是,1,1,225秒,,0,,,--
财务会计,AP-2026-001626,2026-03-23,付款单,应付付款单（材料采购）,A12,示例集团·子公司乙,MAK15,制单人15,,8,示例集团财务共享中心（本部）,财务共享,应付付款单（材料采购）,通用审批类,2026-04-07 20:00:05,2026-04-07 20:01:04,2026-04-07 20:01:12,FSSC审核岗,1,,应付成本组,自动派单,已派任务少（优先派）,2026-04-07 20:01:12,PC端,AUD03,审核员03,2026-04-07 20:16:12,同意,,审核通过,39分37秒,--,0,,是,1,1,130秒,,0,,,--
财务会计,AP-2026-001627,2026-01-01,应付发票,应付付款单（材料采购）,A01,示例集团·甲公司,MAK08,制单人08,,1,示例集团财务共享中心（本部）,财务共享,应付付款单（材料采购）,通用审批类,2026-02-27 16:02:11,2026-02-27 16:02:45,2026-02-27 16:04:08,FSSC审核岗,1,,应付成本组,自动派单,已派任务少（优先派）,2026-02-27 16:04:08,PC端,AUD01,审核员01,2026-02-27 17:04:08,同意,,审核通过,22分34秒,--,0,,是,1,1,102秒,,0,,,--
财务会计,AP-2026-001628,2026-01-02,通用报销单,应付付款单（材料采购）,A07,示例集团·庚公司,MAK01,制单人01,,0,示例集团财务共享中心（本部）,财务共享,应付付款单（材料采购）,通用审批类,2026-04-21 15:26:27,2026-04-21 15:26:33,2026-04-21 15:27:05,FSSC审核岗,1,,应付成本组,自动派单,已派任务少（优先派）,2026-04-21 15:27:05,PC端,AUD06,审核员06,2026-04-21 18:45:05,同意,,审核通过,33分50秒,--,0,,是,1,1,52秒,,0,,,--
费控服务,AP-2026-001629,2026-03-17,应付发票,通用报销单（费用报销）,A02,示例集团·乙公司,MAK03,制单人03,,0,示例集团财务共享中心（本部）,财务共享,通用报销单（费用报销）,通用审批类,2026-03-28 20:36:19,2026-03-28 20:37:09,2026-03-28 20:38:08,FSSC审核岗,1,,应付成本组,自动派单,已派任务少（优先派）,2026-03-28 20:38:08,移动端,AUD05,审核员05,2026-03-28 23:37:08,同意,,审核通过,23分58秒,--,0,,是,1,1,122秒,,0,,,--
财务会计,AP-2026-001630,2026-02-02,应付发票,应付确认单（物料类）,A01,示例集团·甲公司,MAK14,制单人14,,7,示例集团财务共享中心（本部）,财务共享,应付确认单（物料类）,通用审批类,2026-05-07 18:49:47,2026-05-07 18:50:03,2026-05-07 18:50:05,FSSC审核岗,1,,应付成本组,自动派单,已派任务少（优先派）,2026-05-07 18:50:05,PC端,AUD07,审核员07,2026-05-07 21:27:05,同意,,审核通过,40分32秒,--,0,,是,1,1,158秒,,0,,,--
费控服务,AP-2026-001631,2026-05-04,通用报销单,通用报销单（费用报销）,A18,示例集团·子公司辛,MAK02,制单人02,,1,示例集团财务共享中心（本部）,财务共享,通用报销单（费用报销）,通用审批类,2026-01-22 14:38:14,2026-01-22 14:38:45,2026-01-22 14:39:38,FSSC审核岗,1,,应付成本组,自动派单,已派任务少（优先派）,2026-01-22 14:39:38,移动端,AUD05,审核员05,2026-01-22 17:47:38,同意,,审核通过,26分51秒,--,0,,是,1,1,258秒,,0,,,--
费控服务,AP-2026-001632,2026-01-16,付款单,应付付款单（服务费）,A04,示例集团·丁公司,MAK12,制单人12,,8,示例集团财务共享中心（本部）,财务共享,应付付款单（服务费）,通用审批类,2026-02-05 18:33:34,2026-02-05 18:34:26,2026-02-05 18:34:54,FSSC审核岗,1,,应付成本组,自动派单,已派任务少（优先派）,2026-02-05 18:34:54,移动端,AUD01,审核员01,2026-02-05 20:19:54,同意,,审核通过,23分1秒,--,0,,是,1,1,54秒,,0,,,--
财务会计,AP-2026-001633,2026-01-21,付款单,通用报销单（费用报销）,A09,示例集团·壬公司,MAK07,制单人07,,8,示例集团财务共享中心（本部）,财务共享,通用报销单（费用报销）,通用审批类,2026-03-13 10:37:10,2026-03-13 10:37:22,2026-03-13 10:38:17,FSSC审核岗,1,,应付成本组,自动派单,已派任务少（优先派）,2026-03-13 10:38:17,移动端,AUD06,审核员06,2026-03-13 12:29:17,同意,,审核通过,1分36秒,--,0,,是,1,1,109秒,,0,,,--
费控服务,AP-2026-001634,2026-02-27,通用报销单,应付付款单（服务费）,A04,示例集团·丁公司,MAK07,制单人07,,4,示例集团财务共享中心（本部）,财务共享,应付付款单（服务费）,通用审批类,2026-01-18 18:38:43,2026-01-18 18:39:41,2026-01-18 18:41:13,FSSC审核岗,1,,应付成本组,自动派单,已派任务少（优先派）,2026-01-18 18:41:13,移动端,AUD07,审核员07,2026-01-18 20:59:13,同意,业务类型填写错误,审核通过,38分37秒,21分36秒,0,,是,1,1,284秒,,0,,,1
财务会计,AP-2026-001635,2026-06-16,通用报销单,应付确认单（物料类）,A01,示例集团·甲公司,MAK06,制单人06,,8,示例集团财务共享中心（本部）,财务共享,应付确认单（物料类）,通用审批类,2026-05-11 17:53:31,2026-05-11 17:53:56,2026-05-11 17:54:34,FSSC审核岗,1,,应付成本组,自动派单,已派任务少（优先派）,2026-05-11 17:54:34,PC端,AUD05,审核员05,2026-05-11 18:01:34,同意,,审核通过,24分47秒,--,0,,是,1,1,282秒,,0,,,--
财务会计,AP-2026-001636,2026-03-23,应付发票,应付确认单（物料类）,A01,示例集团·甲公司,MAK01,制单人01,,1,示例集团财务共享中心（本部）,财务共享,应付确认单（物料类）,通用审批类,2026-03-15 09:57:49,2026-03-15 09:58:14,2026-03-15 09:58:57,FSSC审核岗,1,,应付成本组,自动派单,已派任务少（优先派）,2026-03-15 09:58:57,PC端,AUD01,审核员01,2026-03-15 12:02:57,同意,,审核通过,9分37秒,--,0,,是,1,1,190秒,,0,,,--
财务会计,AP-2026-001637,2026-02-18,应付发票,应付确认单（物料类）,A13,示例集团·子公司丙,MAK06,制单人06,,2,示例集团财务共享中心（本部）,财务共享,应付确认单（物料类）,通用审批类,2026-06-04 12:33:27,2026-06-04 12:33:30,2026-06-04 12:33:38,FSSC审核岗,1,,应付成本组,自动派单,已派任务少（优先派）,2026-06-04 12:33:38,PC端,AUD01,审核员01,2026-06-04 15:20:38,同意,附件不完整,审核通过,17分17秒,12分33秒,0,,是,1,1,238秒,,0,,,1
财务会计,AP-2026-001638,2026-05-15,应付发票,应付付款单（差旅费）,A06,示例集团·己公司,MAK15,制单人15,,2,示例集团财务共享中心（本部）,财务共享,应付付款单（差旅费）,通用审批类,2026-03-21 08:49:09,2026-03-21 08:49:47,2026-03-21 08:50:13,FSSC审核岗,1,,应付成本组,自动派单,已派任务少（优先派）,2026-03-21 08:50:13,PC端,AUD03,审核员03,2026-03-21 08:55:13,同意,,审核通过,22分40秒,--,0,,是,1,1,16秒,,0,,,--
费控服务,AP-2026-001639,2026-05-02,应付发票,应付确认单（物料类）,A01,示例集团·甲公司,MAK09,制单人09,,2,示例集团财务共享中心（本部）,财务共享,应付确认单（物料类）,通用审批类,2026-05-19 20:01:25,2026-05-19 20:02:08,2026-05-19 20:03:31,FSSC审核岗,1,,应付成本组,自动派单,已派任务少（优先派）,2026-05-19 20:03:31,移动端,AUD06,审核员06,2026-05-19 22:37:31,同意,,审核通过,15分54秒,--,0,,是,1,1,106秒,,0,,,--
财务会计,AP-2026-001640,2026-04-18,付款单,应付确认单（物料类）,A04,示例集团·丁公司,MAK04,制单人04,,2,示例集团财务共享中心（本部）,财务共享,应付确认单（物料类）,通用审批类,2026-06-02 08:50:31,2026-06-02 08:51:12,2026-06-02 08:51:38,FSSC审核岗,1,,应付成本组,自动派单,已派任务少（优先派）,2026-06-02 08:51:38,移动端,AUD01,审核员01,2026-06-02 08:57:38,同意,,审核通过,25分41秒,--,0,,是,1,1,226秒,,0,,,--
财务会计,AP-2026-001641,2026-01-12,通用报销单,通用报销单（费用报销）,A01,示例集团·甲公司,MAK12,制单人12,,1,示例集团财务共享中心（本部）,财务共享,通用报销单（费用报销）,通用审批类,2026-04-24 18:18:01,2026-04-24 18:18:46,2026-04-24 18:20:30,FSSC审核岗,1,,应付成本组,自动派单,已派任务少（优先派）,2026-04-24 18:20:30,移动端,AUD05,审核员05,2026-04-24 19:44:30,同意,,审核通过,18分19秒,--,0,,是,1,1,210秒,,0,,,--
财务会计,AP-2026-001642,2026-01-14,付款单,通用报销单（费用报销）,A16,示例集团·子公司己,MAK16,制单人16,,4,示例集团财务共享中心（本部）,财务共享,通用报销单（费用报销）,通用审批类,2026-06-16 12:03:46,2026-06-16 12:04:11,2026-06-16 12:05:21,FSSC审核岗,1,,应付成本组,自动派单,已派任务少（优先派）,2026-06-16 12:05:21,PC端,AUD03,审核员03,2026-06-16 14:12:21,同意,,审核通过,17分23秒,--,0,,是,1,1,122秒,,0,,,--
财务会计,AP-2026-001643,2026-02-21,应付发票,通用报销单（费用报销）,A02,示例集团·乙公司,MAK12,制单人12,,4,示例集团财务共享中心（本部）,财务共享,通用报销单（费用报销）,通用审批类,2026-05-18 18:52:26,2026-05-18 18:52:49,2026-05-18 18:54:48,FSSC审核岗,1,,应付成本组,自动派单,已派任务少（优先派）,2026-05-18 18:54:48,PC端,AUD02,审核员02,2026-05-18 21:06:48,同意,,审核通过,33分12秒,--,0,,是,1,1,161秒,,0,,,--
财务会计,AP-2026-001644,2026-05-12,付款单,应付付款单（材料采购）,A06,示例集团·己公司,MAK14,制单人14,,4,示例集团财务共享中心（本部）,财务共享,应付付款单（材料采购）,通用审批类,2026-02-21 10:54:26,2026-02-21 10:55:20,2026-02-21 10:56:24,FSSC审核岗,1,,应付成本组,自动派单,已派任务少（优先派）,2026-02-21 10:56:24,移动端,AUD05,审核员05,2026-02-21 11:52:24,同意,,审核通过,34分20秒,--,0,,是,1,1,133秒,,0,,,--
费控服务,AP-2026-001645,2026-02-16,应付发票,应付确认单（物料类）,A02,示例集团·乙公司,MAK14,制单人14,,8,示例集团财务共享中心（本部）,财务共享,应付确认单（物料类）,通用审批类,2026-01-01 16:57:38,2026-01-01 16:57:57,2026-01-01 16:58:29,FSSC审核岗,1,,应付成本组,自动派单,已派任务少（优先派）,2026-01-01 16:58:29,移动端,AUD06,审核员06,2026-01-01 17:39:29,同意,,审核通过,14分42秒,--,0,,是,1,1,138秒,,0,,,--
财务会计,AP-2026-001646,2026-04-20,应付发票,通用报销单（费用报销）,A03,示例集团·丙公司,MAK14,制单人14,,0,示例集团财务共享中心（本部）,财务共享,通用报销单（费用报销）,通用审批类,2026-04-18 08:22:01,2026-04-18 08:22:50,2026-04-18 08:24:23,FSSC审核岗,1,,应付成本组,自动派单,已派任务少（优先派）,2026-04-18 08:24:23,PC端,AUD06,审核员06,2026-04-18 09:43:23,同意,,审核通过,39分11秒,--,0,,是,1,1,282秒,,0,,,--
财务会计,AP-2026-001647,2026-06-01,付款单,其他专项付款单,A03,示例集团·丙公司,MAK08,制单人08,,7,示例集团财务共享中心（本部）,财务共享,其他专项付款单,通用审批类,2026-06-09 10:58:48,2026-06-09 10:59:27,2026-06-09 11:01:05,FSSC审核岗,1,,应付成本组,自动派单,已派任务少（优先派）,2026-06-09 11:01:05,移动端,AUD06,审核员06,2026-06-09 11:52:05,同意,,审核通过,15分58秒,--,0,,是,1,1,260秒,,0,,,--
财务会计,AP-2026-001648,2026-05-09,通用报销单,应付付款单（差旅费）,A14,示例集团·子公司丁,MAK14,制单人14,,2,示例集团财务共享中心（本部）,财务共享,应付付款单（差旅费）,通用审批类,2026-06-12 18:40:43,2026-06-12 18:40:44,2026-06-12 18:41:15,FSSC审核岗,1,,应付成本组,自动派单,已派任务少（优先派）,2026-06-12 18:41:15,PC端,AUD05,审核员05,2026-06-12 21:05:15,同意,,审核通过,22分35秒,--,0,,是,1,1,189秒,,0,,,--
费控服务,AP-2026-001649,2026-05-23,通用报销单,其他专项付款单,A01,示例集团·甲公司,MAK01,制单人01,,1,示例集团财务共享中心（本部）,财务共享,其他专项付款单,通用审批类,2026-04-11 08:42:11,2026-04-11 08:42:47,2026-04-11 08:43:00,FSSC审核岗,1,,应付成本组,自动派单,已派任务少（优先派）,2026-04-11 08:43:00,移动端,AUD01,审核员01,2026-04-11 10:03:00,同意,,审核通过,9分58秒,--,0,,是,1,1,247秒,,0,,,--
财务会计,AP-2026-001650,2026-04-22,应付发票,应付确认单（物料类）,A06,示例集团·己公司,MAK13,制单人13,,1,示例集团财务共享中心（本部）,财务共享,应付确认单（物料类）,通用审批类,2026-03-25 15:39:54,2026-03-25 15:40:48,2026-03-25 15:42:26,FSSC审核岗,1,,应付成本组,自动派单,已派任务少（优先派）,2026-03-25 15:42:26,PC端,AUD05,审核员05,2026-03-25 17:07:26,同意,,审核通过,8分9秒,--,0,,是,1,1,132秒,,0,,,--
费控服务,AP-2026-001651,2026-05-28,付款单,应付付款单（服务费）,A07,示例集团·庚公司,MAK10,制单人10,,2,示例集团财务共享中心（本部）,财务共享,应付付款单（服务费）,通用审批类,2026-03-06 15:52:16,2026-03-06 15:52:26,2026-03-06 15:53:37,FSSC审核岗,1,,应付成本组,自动派单,已派任务少（优先派）,2026-03-06 15:53:37,PC端,AUD02,审核员02,2026-03-06 17:45:37,同意,,审核通过,23分7秒,--,0,,是,1,1,36秒,,0,,,--
财务会计,AP-2026-001652,2026-04-18,通用报销单,应付确认单（物料类）,A05,示例集团·戊公司,MAK08,制单人08,,1,示例集团财务共享中心（本部）,财务共享,应付确认单（物料类）,通用审批类,2026-04-12 12:21:05,2026-04-12 12:21:22,2026-04-12 12:22:43,FSSC审核岗,1,,应付成本组,自动派单,已派任务少（优先派）,2026-04-12 12:22:43,PC端,AUD04,审核员04,2026-04-12 15:36:43,同意,附件信息不一致,审核通过,38分14秒,6分30秒,0,,是,1,1,165秒,,0,,,1
财务会计,AP-2026-001653,2026-04-08,应付发票,应付确认单（物料类）,A03,示例集团·丙公司,MAK06,制单人06,,3,示例集团财务共享中心（本部）,财务共享,应付确认单（物料类）,通用审批类,2026-02-02 20:26:08,2026-02-02 20:26:39,2026-02-02 20:27:03,FSSC审核岗,1,,应付成本组,自动派单,已派任务少（优先派）,2026-02-02 20:27:03,PC端,AUD06,审核员06,2026-02-02 22:47:03,同意,,审核通过,16分28秒,--,0,,是,1,1,138秒,,0,,,--
财务会计,AP-2026-001654,2026-01-03,付款单,应付付款单（服务费）,A04,示例集团·丁公司,MAK16,制单人16,,1,示例集团财务共享中心（本部）,财务共享,应付付款单（服务费）,通用审批类,2026-06-16 13:27:46,2026-06-16 13:28:33,2026-06-16 13:30:11,FSSC审核岗,1,,应付成本组,自动派单,已派任务少（优先派）,2026-06-16 13:30:11,PC端,AUD01,审核员01,2026-06-16 16:42:11,同意,,审核通过,12分48秒,--,0,,是,1,1,227秒,,0,,,--
财务会计,AP-2026-001655,2026-02-26,付款单,应付付款单（差旅费）,A01,示例集团·甲公司,MAK05,制单人05,,6,示例集团财务共享中心（本部）,财务共享,应付付款单（差旅费）,通用审批类,2026-03-06 08:37:39,2026-03-06 08:38:39,2026-03-06 08:38:47,FSSC审核岗,1,,应付成本组,自动派单,已派任务少（优先派）,2026-03-06 08:38:47,PC端,AUD01,审核员01,2026-03-06 10:27:47,同意,,审核通过,16分1秒,--,0,,是,1,1,130秒,,0,,,--
财务会计,AP-2026-001656,2026-03-14,应付发票,通用报销单（费用报销）,A15,示例集团·子公司戊,MAK10,制单人10,,2,示例集团财务共享中心（本部）,财务共享,通用报销单（费用报销）,通用审批类,2026-01-10 13:02:45,2026-01-10 13:03:07,2026-01-10 13:04:40,FSSC审核岗,1,,应付成本组,自动派单,已派任务少（优先派）,2026-01-10 13:04:40,移动端,AUD07,审核员07,2026-01-10 15:42:40,同意,,审核通过,27分28秒,--,0,,是,1,1,126秒,,0,,,--
财务会计,AP-2026-001657,2026-04-25,应付发票,通用报销单（费用报销）,A08,示例集团·辛公司,MAK02,制单人02,,1,示例集团财务共享中心（本部）,财务共享,通用报销单（费用报销）,通用审批类,2026-04-08 20:33:58,2026-04-08 20:34:34,2026-04-08 20:35:42,FSSC审核岗,1,,应付成本组,自动派单,已派任务少（优先派）,2026-04-08 20:35:42,移动端,AUD02,审核员02,2026-04-08 20:45:42,同意,,审核通过,19分41秒,--,0,,是,1,1,87秒,,0,,,--
财务会计,AP-2026-001658,2026-01-13,付款单,应付付款单（差旅费）,A01,示例集团·甲公司,MAK06,制单人06,,2,示例集团财务共享中心（本部）,财务共享,应付付款单（差旅费）,通用审批类,2026-01-28 18:09:35,2026-01-28 18:09:47,2026-01-28 18:11:28,FSSC审核岗,1,,应付成本组,自动派单,已派任务少（优先派）,2026-01-28 18:11:28,PC端,AUD06,审核员06,2026-01-28 21:16:28,同意,,审核通过,31分23秒,--,0,,是,1,1,199秒,,0,,,--
财务会计,AP-2026-001659,2026-06-03,通用报销单,应付付款单（材料采购）,A04,示例集团·丁公司,MAK08,制单人08,,3,示例集团财务共享中心（本部）,财务共享,应付付款单（材料采购）,通用审批类,2026-02-10 17:01:47,2026-02-10 17:02:06,2026-02-10 17:03:27,FSSC审核岗,1,,应付成本组,自动派单,已派任务少（优先派）,2026-02-10 17:03:27,PC端,AUD05,审核员05,2026-02-10 18:10:27,同意,,审核通过,20分15秒,--,0,,是,1,1,233秒,,0,,,--
费控服务,AP-2026-001660,2026-06-03,应付发票,通用报销单（费用报销）,A13,示例集团·子公司丙,MAK06,制单人06,,0,示例集团财务共享中心（本部）,财务共享,通用报销单（费用报销）,通用审批类,2026-05-28 10:42:37,2026-05-28 10:43:08,2026-05-28 10:44:10,FSSC审核岗,1,,应付成本组,自动派单,已派任务少（优先派）,2026-05-28 10:44:10,移动端,AUD07,审核员07,2026-05-28 11:15:10,同意,,审核通过,27分9秒,--,0,,是,1,1,68秒,,0,,,--
财务会计,AP-2026-001661,2026-06-13,通用报销单,通用报销单（费用报销）,A16,示例集团·子公司己,MAK15,制单人15,,1,示例集团财务共享中心（本部）,财务共享,通用报销单（费用报销）,通用审批类,2026-04-03 15:13:54,2026-04-03 15:14:05,2026-04-03 15:15:11,FSSC审核岗,1,,应付成本组,自动派单,已派任务少（优先派）,2026-04-03 15:15:11,移动端,AUD05,审核员05,2026-04-03 15:44:11,同意,,审核通过,4分46秒,--,0,,是,1,1,267秒,,0,,,--
费控服务,AP-2026-001662,2026-06-04,通用报销单,通用报销单（费用报销）,A05,示例集团·戊公司,MAK14,制单人14,,7,示例集团财务共享中心（本部）,财务共享,通用报销单（费用报销）,通用审批类,2026-03-13 17:57:04,2026-03-13 17:57:55,2026-03-13 17:58:37,FSSC审核岗,1,,应付成本组,自动派单,已派任务少（优先派）,2026-03-13 17:58:37,PC端,AUD02,审核员02,2026-03-13 19:52:37,同意,,审核通过,8分49秒,--,0,,是,1,1,23秒,,0,,,--
财务会计,AP-2026-001663,2026-06-16,通用报销单,应付付款单（差旅费）,A04,示例集团·丁公司,MAK10,制单人10,,0,示例集团财务共享中心（本部）,财务共享,应付付款单（差旅费）,通用审批类,2026-02-10 13:54:38,2026-02-10 13:55:26,2026-02-10 13:56:46,FSSC审核岗,1,,应付成本组,自动派单,已派任务少（优先派）,2026-02-10 13:56:46,移动端,AUD05,审核员05,2026-02-10 17:03:46,驳回,附件不完整,审核驳回,17分17秒,1分51秒,0,,是,1,1,100秒,驳回,1,前端单位,示例集团·丁公司,1
财务会计,AP-2026-001664,2026-01-26,应付发票,应付付款单（差旅费）,A01,示例集团·甲公司,MAK13,制单人13,,0,示例集团财务共享中心（本部）,财务共享,应付付款单（差旅费）,通用审批类,2026-02-16 16:39:02,2026-02-16 16:39:59,2026-02-16 16:40:27,FSSC审核岗,1,,应付成本组,自动派单,已派任务少（优先派）,2026-02-16 16:40:27,PC端,AUD03,审核员03,2026-02-16 19:51:27,同意,,审核通过,11分38秒,--,0,,是,1,1,171秒,,0,,,--
费控服务,AP-2026-001665,2026-04-08,付款单,其他专项付款单,A05,示例集团·戊公司,MAK08,制单人08,,7,示例集团财务共享中心（本部）,财务共享,其他专项付款单,通用审批类,2026-03-09 08:38:49,2026-03-09 08:39:36,2026-03-09 08:41:17,FSSC审核岗,1,,应付成本组,自动派单,已派任务少（优先派）,2026-03-09 08:41:17,PC端,AUD03,审核员03,2026-03-09 09:34:17,同意,,审核通过,23分19秒,--,0,,是,1,1,45秒,,0,,,--
财务会计,AP-2026-001666,2026-03-14,通用报销单,通用报销单（费用报销）,A06,示例集团·己公司,MAK12,制单人12,,0,示例集团财务共享中心（本部）,财务共享,通用报销单（费用报销）,通用审批类,2026-03-02 09:56:15,2026-03-02 09:57:09,2026-03-02 09:58:20,FSSC审核岗,1,,应付成本组,自动派单,已派任务少（优先派）,2026-03-02 09:58:20,PC端,AUD02,审核员02,2026-03-02 12:49:20,同意,,审核通过,21分6秒,--,0,,是,1,1,134秒,,0,,,--
财务会计,AP-2026-001667,2026-01-10,付款单,应付付款单（差旅费）,A02,示例集团·乙公司,MAK07,制单人07,,8,示例集团财务共享中心（本部）,财务共享,应付付款单（差旅费）,通用审批类,2026-01-04 11:34:42,2026-01-04 11:35:18,2026-01-04 11:35:40,FSSC审核岗,1,,应付成本组,自动派单,已派任务少（优先派）,2026-01-04 11:35:40,移动端,AUD01,审核员01,2026-01-04 13:08:40,同意,,审核通过,13分43秒,--,0,,是,1,1,49秒,,0,,,--
财务会计,AP-2026-001668,2026-05-24,通用报销单,应付付款单（差旅费）,A13,示例集团·子公司丙,MAK11,制单人11,,7,示例集团财务共享中心（本部）,财务共享,应付付款单（差旅费）,通用审批类,2026-01-08 14:53:00,2026-01-08 14:53:16,2026-01-08 14:54:25,FSSC审核岗,1,,应付成本组,自动派单,已派任务少（优先派）,2026-01-08 14:54:25,移动端,AUD04,审核员04,2026-01-08 17:19:25,同意,,审核通过,16分47秒,--,0,,是,1,1,204秒,,0,,,--
财务会计,AP-2026-001669,2026-03-23,付款单,应付付款单（差旅费）,A07,示例集团·庚公司,MAK08,制单人08,,1,示例集团财务共享中心（本部）,财务共享,应付付款单（差旅费）,通用审批类,2026-01-14 15:11:02,2026-01-14 15:11:05,2026-01-14 15:11:08,FSSC审核岗,1,,应付成本组,自动派单,已派任务少（优先派）,2026-01-14 15:11:08,移动端,AUD04,审核员04,2026-01-14 16:42:08,同意,,审核通过,4分30秒,--,0,,是,1,1,14秒,,0,,,--
财务会计,AP-2026-001670,2026-02-12,付款单,通用报销单（费用报销）,A05,示例集团·戊公司,MAK07,制单人07,,8,示例集团财务共享中心（本部）,财务共享,通用报销单（费用报销）,通用审批类,2026-03-21 18:34:53,2026-03-21 18:35:32,2026-03-21 18:36:14,FSSC审核岗,1,,应付成本组,自动派单,已派任务少（优先派）,2026-03-21 18:36:14,PC端,AUD02,审核员02,2026-03-21 19:03:14,同意,,审核通过,24分5秒,--,0,,是,1,1,66秒,,0,,,--
财务会计,AP-2026-001671,2026-06-09,付款单,其他专项付款单,A13,示例集团·子公司丙,MAK10,制单人10,,5,示例集团财务共享中心（本部）,财务共享,其他专项付款单,通用审批类,2026-03-12 12:59:23,2026-03-12 12:59:50,2026-03-12 13:01:08,FSSC审核岗,1,,应付成本组,自动派单,已派任务少（优先派）,2026-03-12 13:01:08,移动端,AUD01,审核员01,2026-03-12 15:02:08,同意,,审核通过,25分52秒,--,0,,是,1,1,68秒,,0,,,--
费控服务,AP-2026-001672,2026-05-08,应付发票,应付确认单（物料类）,A07,示例集团·庚公司,MAK08,制单人08,,6,示例集团财务共享中心（本部）,财务共享,应付确认单（物料类）,通用审批类,2026-05-22 20:07:44,2026-05-22 20:08:33,2026-05-22 20:10:00,FSSC审核岗,1,,应付成本组,自动派单,已派任务少（优先派）,2026-05-22 20:10:00,PC端,AUD04,审核员04,2026-05-22 22:19:00,同意,,审核通过,16分37秒,--,0,,是,1,1,191秒,,0,,,--
费控服务,AP-2026-001673,2026-05-27,应付发票,其他专项付款单,A04,示例集团·丁公司,MAK03,制单人03,,8,示例集团财务共享中心（本部）,财务共享,其他专项付款单,通用审批类,2026-03-15 16:14:01,2026-03-15 16:14:25,2026-03-15 16:15:12,FSSC审核岗,1,,应付成本组,自动派单,已派任务少（优先派）,2026-03-15 16:15:12,PC端,AUD03,审核员03,2026-03-15 18:22:12,同意,,审核通过,34分30秒,--,0,,是,1,1,156秒,,0,,,--
财务会计,AP-2026-001674,2026-02-07,应付发票,应付付款单（材料采购）,A11,示例集团·子公司甲,MAK01,制单人01,,6,示例集团财务共享中心（本部）,财务共享,应付付款单（材料采购）,通用审批类,2026-02-23 20:18:42,2026-02-23 20:19:07,2026-02-23 20:19:16,FSSC审核岗,1,,应付成本组,自动派单,已派任务少（优先派）,2026-02-23 20:19:16,PC端,AUD06,审核员06,2026-02-23 21:37:16,同意,,审核通过,12分31秒,--,0,,是,1,1,227秒,,0,,,--
财务会计,AP-2026-001675,2026-05-22,付款单,应付付款单（服务费）,A02,示例集团·乙公司,MAK04,制单人04,,2,示例集团财务共享中心（本部）,财务共享,应付付款单（服务费）,通用审批类,2026-02-15 14:49:06,2026-02-15 14:49:50,2026-02-15 14:50:29,FSSC审核岗,1,,应付成本组,自动派单,已派任务少（优先派）,2026-02-15 14:50:29,PC端,AUD03,审核员03,2026-02-15 15:35:29,同意,,审核通过,19分32秒,--,0,,是,1,1,126秒,,0,,,--
费控服务,AP-2026-001676,2026-01-14,付款单,通用报销单（费用报销）,A01,示例集团·甲公司,MAK07,制单人07,,6,示例集团财务共享中心（本部）,财务共享,通用报销单（费用报销）,通用审批类,2026-01-14 12:30:01,2026-01-14 12:30:55,2026-01-14 12:31:28,FSSC审核岗,1,,应付成本组,自动派单,已派任务少（优先派）,2026-01-14 12:31:28,PC端,AUD04,审核员04,2026-01-14 14:11:28,同意,,审核通过,38分32秒,--,0,,是,1,1,257秒,,0,,,--
费控服务,AP-2026-001677,2026-06-25,付款单,其他专项付款单,A15,示例集团·子公司戊,MAK04,制单人04,,1,示例集团财务共享中心（本部）,财务共享,其他专项付款单,通用审批类,2026-06-09 16:14:31,2026-06-09 16:15:15,2026-06-09 16:16:33,FSSC审核岗,1,,应付成本组,自动派单,已派任务少（优先派）,2026-06-09 16:16:33,移动端,AUD04,审核员04,2026-06-09 19:01:33,同意,,审核通过,23分36秒,--,0,,是,1,1,102秒,,0,,,--
财务会计,AP-2026-001678,2026-02-20,应付发票,应付付款单（服务费）,A09,示例集团·壬公司,MAK03,制单人03,,4,示例集团财务共享中心（本部）,财务共享,应付付款单（服务费）,通用审批类,2026-03-06 15:59:03,2026-03-06 15:59:28,2026-03-06 16:00:11,FSSC审核岗,1,,应付成本组,自动派单,已派任务少（优先派）,2026-03-06 16:00:11,PC端,AUD07,审核员07,2026-03-06 18:34:11,同意,,审核通过,4分24秒,--,0,,是,1,1,84秒,,0,,,--
财务会计,AP-2026-001679,2026-04-05,应付发票,应付确认单（物料类）,A06,示例集团·己公司,MAK02,制单人02,,6,示例集团财务共享中心（本部）,财务共享,应付确认单（物料类）,通用审批类,2026-04-16 09:33:12,2026-04-16 09:33:14,2026-04-16 09:33:26,FSSC审核岗,1,,应付成本组,自动派单,已派任务少（优先派）,2026-04-16 09:33:26,PC端,AUD04,审核员04,2026-04-16 11:51:26,同意,,审核通过,4分54秒,--,0,,是,1,1,255秒,,0,,,--
财务会计,AP-2026-001680,2026-02-26,付款单,通用报销单（费用报销）,A03,示例集团·丙公司,MAK08,制单人08,,5,示例集团财务共享中心（本部）,财务共享,通用报销单（费用报销）,通用审批类,2026-03-09 17:30:57,2026-03-09 17:31:16,2026-03-09 17:32:31,FSSC审核岗,1,,应付成本组,自动派单,已派任务少（优先派）,2026-03-09 17:32:31,移动端,AUD05,审核员05,2026-03-09 20:10:31,同意,,审核通过,11分59秒,--,0,,是,1,1,79秒,,0,,,--
财务会计,AP-2026-001681,2026-01-28,通用报销单,应付确认单（物料类）,A01,示例集团·甲公司,MAK02,制单人02,,0,示例集团财务共享中心（本部）,财务共享,应付确认单（物料类）,通用审批类,2026-02-14 13:33:47,2026-02-14 13:33:54,2026-02-14 13:35:05,FSSC审核岗,1,,应付成本组,自动派单,已派任务少（优先派）,2026-02-14 13:35:05,移动端,AUD02,审核员02,2026-02-14 16:14:05,同意,,审核通过,28分4秒,--,0,,是,1,1,262秒,,0,,,--
财务会计,AP-2026-001682,2026-02-28,付款单,应付付款单（差旅费）,A02,示例集团·乙公司,MAK13,制单人13,,5,示例集团财务共享中心（本部）,财务共享,应付付款单（差旅费）,通用审批类,2026-05-28 11:06:26,2026-05-28 11:06:39,2026-05-28 11:08:26,FSSC审核岗,1,,应付成本组,自动派单,已派任务少（优先派）,2026-05-28 11:08:26,PC端,AUD06,审核员06,2026-05-28 11:33:26,同意,,审核通过,23分28秒,--,0,,是,1,1,101秒,,0,,,--
财务会计,AP-2026-001683,2026-05-20,应付发票,应付确认单（物料类）,A09,示例集团·壬公司,MAK13,制单人13,,8,示例集团财务共享中心（本部）,财务共享,应付确认单（物料类）,通用审批类,2026-02-07 15:58:35,2026-02-07 15:59:08,2026-02-07 15:59:18,FSSC审核岗,1,,应付成本组,自动派单,已派任务少（优先派）,2026-02-07 15:59:18,移动端,AUD01,审核员01,2026-02-07 16:22:18,同意,,审核通过,38分41秒,--,0,,是,1,1,37秒,,0,,,--
费控服务,AP-2026-001684,2026-06-02,应付发票,应付付款单（服务费）,A04,示例集团·丁公司,MAK16,制单人16,,2,示例集团财务共享中心（本部）,财务共享,应付付款单（服务费）,通用审批类,2026-04-21 08:31:04,2026-04-21 08:31:32,2026-04-21 08:32:36,FSSC审核岗,1,,应付成本组,自动派单,已派任务少（优先派）,2026-04-21 08:32:36,PC端,AUD02,审核员02,2026-04-21 10:02:36,同意,,审核通过,8分24秒,--,0,,是,1,1,123秒,,0,,,--
财务会计,AP-2026-001685,2026-06-04,通用报销单,应付付款单（材料采购）,A11,示例集团·子公司甲,MAK12,制单人12,,0,示例集团财务共享中心（本部）,财务共享,应付付款单（材料采购）,通用审批类,2026-01-03 15:39:55,2026-01-03 15:40:29,2026-01-03 15:41:12,FSSC审核岗,1,,应付成本组,自动派单,已派任务少（优先派）,2026-01-03 15:41:12,移动端,AUD03,审核员03,2026-01-03 16:50:12,同意,,审核通过,20分44秒,--,0,,是,1,1,38秒,,0,,,--
财务会计,AP-2026-001686,2026-03-24,应付发票,应付付款单（材料采购）,A02,示例集团·乙公司,MAK11,制单人11,,3,示例集团财务共享中心（本部）,财务共享,应付付款单（材料采购）,通用审批类,2026-01-25 13:32:14,2026-01-25 13:32:36,2026-01-25 13:34:05,FSSC审核岗,1,,应付成本组,自动派单,已派任务少（优先派）,2026-01-25 13:34:05,PC端,AUD05,审核员05,2026-01-25 15:22:05,同意,,审核通过,39分58秒,--,0,,是,1,1,290秒,,0,,,--
费控服务,AP-2026-001687,2026-04-09,付款单,通用报销单（费用报销）,A10,示例集团·癸公司,MAK02,制单人02,,1,示例集团财务共享中心（本部）,财务共享,通用报销单（费用报销）,通用审批类,2026-05-21 10:09:58,2026-05-21 10:10:19,2026-05-21 10:11:59,FSSC审核岗,1,,应付成本组,自动派单,已派任务少（优先派）,2026-05-21 10:11:59,PC端,AUD04,审核员04,2026-05-21 11:39:59,同意,,审核通过,39分44秒,--,0,,是,1,1,104秒,,0,,,--
财务会计,AP-2026-001688,2026-03-24,付款单,应付付款单（差旅费）,A03,示例集团·丙公司,MAK15,制单人15,,3,示例集团财务共享中心（本部）,财务共享,应付付款单（差旅费）,通用审批类,2026-03-28 14:57:11,2026-03-28 14:58:09,2026-03-28 15:00:09,FSSC审核岗,1,,应付成本组,自动派单,已派任务少（优先派）,2026-03-28 15:00:09,PC端,AUD01,审核员01,2026-03-28 15:28:09,同意,,审核通过,26分51秒,--,0,,是,1,1,29秒,,0,,,--
财务会计,AP-2026-001689,2026-04-20,付款单,应付付款单（材料采购）,A01,示例集团·甲公司,MAK09,制单人09,,3,示例集团财务共享中心（本部）,财务共享,应付付款单（材料采购）,通用审批类,2026-06-04 11:46:49,2026-06-04 11:47:25,2026-06-04 11:47:58,FSSC审核岗,1,,应付成本组,自动派单,已派任务少（优先派）,2026-06-04 11:47:58,PC端,AUD02,审核员02,2026-06-04 13:09:58,同意,,审核通过,4分38秒,--,0,,是,1,1,134秒,,0,,,--
财务会计,AP-2026-001690,2026-01-13,通用报销单,应付付款单（材料采购）,A01,示例集团·甲公司,MAK13,制单人13,,8,示例集团财务共享中心（本部）,财务共享,应付付款单（材料采购）,通用审批类,2026-05-11 20:39:02,2026-05-11 20:39:44,2026-05-11 20:41:00,FSSC审核岗,1,,应付成本组,自动派单,已派任务少（优先派）,2026-05-11 20:41:00,移动端,AUD04,审核员04,2026-05-11 22:31:00,同意,,审核通过,30分8秒,--,0,,是,1,1,152秒,,0,,,--
财务会计,AP-2026-001691,2026-01-20,付款单,应付付款单（服务费）,A15,示例集团·子公司戊,MAK01,制单人01,,1,示例集团财务共享中心（本部）,财务共享,应付付款单（服务费）,通用审批类,2026-01-23 09:29:30,2026-01-23 09:30:11,2026-01-23 09:31:51,FSSC审核岗,1,,应付成本组,自动派单,已派任务少（优先派）,2026-01-23 09:31:51,PC端,AUD07,审核员07,2026-01-23 10:20:51,同意,,审核通过,27分25秒,--,0,,是,1,1,270秒,,0,,,--
财务会计,AP-2026-001692,2026-05-20,应付发票,通用报销单（费用报销）,A01,示例集团·甲公司,MAK15,制单人15,,4,示例集团财务共享中心（本部）,财务共享,通用报销单（费用报销）,通用审批类,2026-05-14 15:01:30,2026-05-14 15:02:15,2026-05-14 15:02:33,FSSC审核岗,1,,应付成本组,自动派单,已派任务少（优先派）,2026-05-14 15:02:33,PC端,AUD02,审核员02,2026-05-14 15:33:33,同意,,审核通过,1分45秒,--,0,,是,1,1,102秒,,0,,,--
财务会计,AP-2026-001693,2026-01-24,应付发票,通用报销单（费用报销）,A03,示例集团·丙公司,MAK11,制单人11,,3,示例集团财务共享中心（本部）,财务共享,通用报销单（费用报销）,通用审批类,2026-01-20 16:56:50,2026-01-20 16:57:44,2026-01-20 16:59:17,FSSC审核岗,1,,应付成本组,自动派单,已派任务少（优先派）,2026-01-20 16:59:17,移动端,AUD05,审核员05,2026-01-20 17:58:17,同意,,审核通过,12分46秒,--,0,,是,1,1,130秒,,0,,,--
财务会计,AP-2026-001694,2026-04-18,应付发票,应付付款单（服务费）,A04,示例集团·丁公司,MAK05,制单人05,,0,示例集团财务共享中心（本部）,财务共享,应付付款单（服务费）,通用审批类,2026-06-10 12:17:10,2026-06-10 12:17:29,2026-06-10 12:19:07,FSSC审核岗,1,,应付成本组,自动派单,已派任务少（优先派）,2026-06-10 12:19:07,PC端,AUD01,审核员01,2026-06-10 14:41:07,同意,,审核通过,11分44秒,--,0,,是,1,1,153秒,,0,,,--
财务会计,AP-2026-001695,2026-06-23,应付发票,应付付款单（差旅费）,A02,示例集团·乙公司,MAK14,制单人14,,1,示例集团财务共享中心（本部）,财务共享,应付付款单（差旅费）,通用审批类,2026-05-14 13:44:57,2026-05-14 13:45:03,2026-05-14 13:45:19,FSSC审核岗,1,,应付成本组,自动派单,已派任务少（优先派）,2026-05-14 13:45:19,移动端,AUD03,审核员03,2026-05-14 16:37:19,同意,,审核通过,22分26秒,--,0,,是,1,1,150秒,,0,,,--
财务会计,AP-2026-001696,2026-03-10,付款单,应付付款单（差旅费）,A01,示例集团·甲公司,MAK13,制单人13,,2,示例集团财务共享中心（本部）,财务共享,应付付款单（差旅费）,通用审批类,2026-04-20 16:39:45,2026-04-20 16:39:50,2026-04-20 16:41:45,FSSC审核岗,1,,应付成本组,自动派单,已派任务少（优先派）,2026-04-20 16:41:45,移动端,AUD02,审核员02,2026-04-20 17:31:45,同意,,审核通过,20分53秒,--,0,,是,1,1,176秒,,0,,,--
费控服务,AP-2026-001697,2026-04-17,应付发票,应付付款单（材料采购）,A19,示例集团·子公司壬,MAK11,制单人11,,5,示例集团财务共享中心（本部）,财务共享,应付付款单（材料采购）,通用审批类,2026-02-03 18:57:52,2026-02-03 18:58:42,2026-02-03 18:58:52,FSSC审核岗,1,,应付成本组,自动派单,已派任务少（优先派）,2026-02-03 18:58:52,移动端,AUD05,审核员05,2026-02-03 19:05:52,同意,,审核通过,40分17秒,--,0,,是,1,1,102秒,,0,,,--
财务会计,AP-2026-001698,2026-01-21,应付发票,通用报销单（费用报销）,A09,示例集团·壬公司,MAK10,制单人10,,5,示例集团财务共享中心（本部）,财务共享,通用报销单（费用报销）,通用审批类,2026-04-13 19:24:27,2026-04-13 19:25:05,2026-04-13 19:26:30,FSSC审核岗,1,,应付成本组,自动派单,已派任务少（优先派）,2026-04-13 19:26:30,PC端,AUD02,审核员02,2026-04-13 21:15:30,同意,,审核通过,15分14秒,--,0,,是,1,1,285秒,,0,,,--
财务会计,AP-2026-001699,2026-01-03,应付发票,应付付款单（材料采购）,A04,示例集团·丁公司,MAK10,制单人10,,4,示例集团财务共享中心（本部）,财务共享,应付付款单（材料采购）,通用审批类,2026-03-26 20:12:38,2026-03-26 20:13:22,2026-03-26 20:13:25,FSSC审核岗,1,,应付成本组,自动派单,已派任务少（优先派）,2026-03-26 20:13:25,PC端,AUD01,审核员01,2026-03-26 22:53:25,同意,,审核通过,9分17秒,--,0,,是,1,1,86秒,,0,,,--
财务会计,AP-2026-001700,2026-03-17,应付发票,应付确认单（物料类）,A03,示例集团·丙公司,MAK07,制单人07,,3,示例集团财务共享中心（本部）,财务共享,应付确认单（物料类）,通用审批类,2026-01-14 11:12:51,2026-01-14 11:13:11,2026-01-14 11:14:38,FSSC审核岗,1,,应付成本组,自动派单,已派任务少（优先派）,2026-01-14 11:14:38,移动端,AUD05,审核员05,2026-01-14 13:27:38,同意,,审核通过,17分13秒,--,0,,是,1,1,251秒,,0,,,--
费控服务,AP-2026-001701,2026-03-13,应付发票,应付付款单（服务费）,A04,示例集团·丁公司,MAK16,制单人16,,3,示例集团财务共享中心（本部）,财务共享,应付付款单（服务费）,通用审批类,2026-01-09 19:02:32,2026-01-09 19:03:00,2026-01-09 19:04:40,FSSC审核岗,1,,应付成本组,自动派单,已派任务少（优先派）,2026-01-09 19:04:40,移动端,AUD06,审核员06,2026-01-09 20:37:40,同意,,审核通过,36分11秒,--,0,,是,1,1,206秒,,0,,,--
财务会计,AP-2026-001702,2026-03-11,通用报销单,其他专项付款单,A16,示例集团·子公司己,MAK16,制单人16,,8,示例集团财务共享中心（本部）,财务共享,其他专项付款单,通用审批类,2026-06-07 13:52:53,2026-06-07 13:52:55,2026-06-07 13:54:09,FSSC审核岗,1,,应付成本组,自动派单,已派任务少（优先派）,2026-06-07 13:54:09,PC端,AUD04,审核员04,2026-06-07 15:23:09,同意,,审核通过,34分51秒,--,0,,是,1,1,201秒,,0,,,--
财务会计,AP-2026-001703,2026-06-27,付款单,应付付款单（材料采购）,A07,示例集团·庚公司,MAK15,制单人15,,1,示例集团财务共享中心（本部）,财务共享,应付付款单（材料采购）,通用审批类,2026-05-08 17:27:51,2026-05-08 17:28:49,2026-05-08 17:30:07,FSSC审核岗,1,,应付成本组,自动派单,已派任务少（优先派）,2026-05-08 17:30:07,PC端,AUD07,审核员07,2026-05-08 19:19:07,同意,,审核通过,31分25秒,--,0,,是,1,1,178秒,,0,,,--
费控服务,AP-2026-001704,2026-02-17,通用报销单,应付付款单（服务费）,A01,示例集团·甲公司,MAK08,制单人08,,3,示例集团财务共享中心（本部）,财务共享,应付付款单（服务费）,通用审批类,2026-06-25 17:51:37,2026-06-25 17:51:59,2026-06-25 17:52:35,FSSC审核岗,1,,应付成本组,自动派单,已派任务少（优先派）,2026-06-25 17:52:35,PC端,AUD06,审核员06,2026-06-25 18:27:35,同意,,审核通过,18分18秒,--,0,,是,1,1,215秒,,0,,,--
财务会计,AP-2026-001705,2026-02-15,付款单,其他专项付款单,A08,示例集团·辛公司,MAK09,制单人09,,0,示例集团财务共享中心（本部）,财务共享,其他专项付款单,通用审批类,2026-04-19 12:29:01,2026-04-19 12:29:28,2026-04-19 12:30:58,FSSC审核岗,1,,应付成本组,自动派单,已派任务少（优先派）,2026-04-19 12:30:58,移动端,AUD04,审核员04,2026-04-19 12:58:58,同意,,审核通过,28分37秒,--,0,,是,1,1,36秒,,0,,,--
财务会计,AP-2026-001706,2026-03-03,通用报销单,其他专项付款单,A01,示例集团·甲公司,MAK05,制单人05,,5,示例集团财务共享中心（本部）,财务共享,其他专项付款单,通用审批类,2026-05-07 20:33:16,2026-05-07 20:34:07,2026-05-07 20:35:39,FSSC审核岗,1,,应付成本组,自动派单,已派任务少（优先派）,2026-05-07 20:35:39,PC端,AUD04,审核员04,2026-05-07 22:30:39,同意,,审核通过,27分27秒,--,0,,是,1,1,176秒,,0,,,--
费控服务,AP-2026-001707,2026-04-17,应付发票,应付确认单（物料类）,A01,示例集团·甲公司,MAK06,制单人06,,3,示例集团财务共享中心（本部）,财务共享,应付确认单（物料类）,通用审批类,2026-04-04 14:31:42,2026-04-04 14:32:01,2026-04-04 14:32:35,FSSC审核岗,1,,应付成本组,自动派单,已派任务少（优先派）,2026-04-04 14:32:35,PC端,AUD04,审核员04,2026-04-04 16:57:35,同意,,审核通过,19分44秒,--,0,,是,1,1,116秒,,0,,,--
财务会计,AP-2026-001708,2026-01-14,通用报销单,应付付款单（材料采购）,A18,示例集团·子公司辛,MAK06,制单人06,,3,示例集团财务共享中心（本部）,财务共享,应付付款单（材料采购）,通用审批类,2026-01-01 12:20:48,2026-01-01 12:21:47,2026-01-01 12:21:50,FSSC审核岗,1,,应付成本组,自动派单,已派任务少（优先派）,2026-01-01 12:21:50,移动端,AUD07,审核员07,2026-01-01 15:07:50,同意,,审核通过,32分21秒,--,0,,是,1,1,169秒,,0,,,--
财务会计,AP-2026-001709,2026-06-09,应付发票,应付付款单（材料采购）,A01,示例集团·甲公司,MAK14,制单人14,,7,示例集团财务共享中心（本部）,财务共享,应付付款单（材料采购）,通用审批类,2026-04-14 09:30:53,2026-04-14 09:31:38,2026-04-14 09:32:47,FSSC审核岗,1,,应付成本组,自动派单,已派任务少（优先派）,2026-04-14 09:32:47,PC端,AUD06,审核员06,2026-04-14 12:03:47,同意,,审核通过,8分19秒,--,0,,是,1,1,27秒,,0,,,--
财务会计,AP-2026-001710,2026-03-22,付款单,应付确认单（物料类）,A12,示例集团·子公司乙,MAK06,制单人06,,8,示例集团财务共享中心（本部）,财务共享,应付确认单（物料类）,通用审批类,2026-03-28 19:31:27,2026-03-28 19:32:15,2026-03-28 19:32:38,FSSC审核岗,1,,应付成本组,自动派单,已派任务少（优先派）,2026-03-28 19:32:38,PC端,AUD07,审核员07,2026-03-28 22:46:38,同意,,审核通过,5分40秒,--,0,,是,1,1,220秒,,0,,,--
财务会计,AP-2026-001711,2026-03-19,付款单,应付确认单（物料类）,A10,示例集团·癸公司,MAK04,制单人04,,0,示例集团财务共享中心（本部）,财务共享,应付确认单（物料类）,通用审批类,2026-02-14 16:55:03,2026-02-14 16:55:46,2026-02-14 16:56:36,FSSC审核岗,1,,应付成本组,自动派单,已派任务少（优先派）,2026-02-14 16:56:36,PC端,AUD05,审核员05,2026-02-14 17:47:36,同意,,审核通过,6分1秒,--,0,,是,1,1,50秒,,0,,,--
财务会计,AP-2026-001712,2026-02-13,付款单,其他专项付款单,A12,示例集团·子公司乙,MAK03,制单人03,,5,示例集团财务共享中心（本部）,财务共享,其他专项付款单,通用审批类,2026-06-26 17:41:13,2026-06-26 17:41:14,2026-06-26 17:42:52,FSSC审核岗,1,,应付成本组,自动派单,已派任务少（优先派）,2026-06-26 17:42:52,移动端,AUD04,审核员04,2026-06-26 18:58:52,同意,,审核通过,10分58秒,--,0,,是,1,1,260秒,,0,,,--
费控服务,AP-2026-001713,2026-02-02,付款单,应付付款单（差旅费）,A05,示例集团·戊公司,MAK09,制单人09,,3,示例集团财务共享中心（本部）,财务共享,应付付款单（差旅费）,通用审批类,2026-01-14 10:03:12,2026-01-14 10:04:00,2026-01-14 10:04:55,FSSC审核岗,1,,应付成本组,自动派单,已派任务少（优先派）,2026-01-14 10:04:55,PC端,AUD06,审核员06,2026-01-14 11:00:55,同意,,审核通过,39分16秒,--,0,,是,1,1,216秒,,0,,,--
财务会计,AP-2026-001714,2026-05-23,付款单,应付付款单（服务费）,A05,示例集团·戊公司,MAK10,制单人10,,7,示例集团财务共享中心（本部）,财务共享,应付付款单（服务费）,通用审批类,2026-06-18 09:43:09,2026-06-18 09:43:22,2026-06-18 09:43:51,FSSC审核岗,1,,应付成本组,自动派单,已派任务少（优先派）,2026-06-18 09:43:51,移动端,AUD06,审核员06,2026-06-18 11:18:51,同意,,审核通过,4分28秒,--,0,,是,1,1,122秒,,0,,,--
财务会计,AP-2026-001715,2026-02-28,付款单,通用报销单（费用报销）,A12,示例集团·子公司乙,MAK15,制单人15,,8,示例集团财务共享中心（本部）,财务共享,通用报销单（费用报销）,通用审批类,2026-03-14 10:43:26,2026-03-14 10:44:23,2026-03-14 10:44:41,FSSC审核岗,1,,应付成本组,自动派单,已派任务少（优先派）,2026-03-14 10:44:41,PC端,AUD03,审核员03,2026-03-14 12:24:41,同意,,审核通过,21分44秒,--,0,,是,1,1,31秒,,0,,,--
财务会计,AP-2026-001716,2026-04-20,应付发票,其他专项付款单,A05,示例集团·戊公司,MAK15,制单人15,,3,示例集团财务共享中心（本部）,财务共享,其他专项付款单,通用审批类,2026-04-09 20:31:49,2026-04-09 20:32:44,2026-04-09 20:33:32,FSSC审核岗,1,,应付成本组,自动派单,已派任务少（优先派）,2026-04-09 20:33:32,PC端,AUD04,审核员04,2026-04-09 23:10:32,同意,,审核通过,19分53秒,--,0,,是,1,1,267秒,,0,,,--
财务会计,AP-2026-001717,2026-04-07,付款单,其他专项付款单,A09,示例集团·壬公司,MAK03,制单人03,,7,示例集团财务共享中心（本部）,财务共享,其他专项付款单,通用审批类,2026-01-26 12:56:52,2026-01-26 12:57:48,2026-01-26 12:57:52,FSSC审核岗,1,,应付成本组,自动派单,已派任务少（优先派）,2026-01-26 12:57:52,移动端,AUD03,审核员03,2026-01-26 16:10:52,同意,,审核通过,27分35秒,--,0,,是,1,1,253秒,,0,,,--
费控服务,AP-2026-001718,2026-06-28,付款单,应付付款单（材料采购）,A03,示例集团·丙公司,MAK05,制单人05,,7,示例集团财务共享中心（本部）,财务共享,应付付款单（材料采购）,通用审批类,2026-01-12 09:19:38,2026-01-12 09:20:07,2026-01-12 09:20:52,FSSC审核岗,1,,应付成本组,自动派单,已派任务少（优先派）,2026-01-12 09:20:52,PC端,AUD02,审核员02,2026-01-12 10:12:52,同意,,审核通过,14分41秒,--,0,,是,1,1,116秒,,0,,,--
财务会计,AP-2026-001719,2026-01-21,付款单,应付付款单（差旅费）,A01,示例集团·甲公司,MAK10,制单人10,,2,示例集团财务共享中心（本部）,财务共享,应付付款单（差旅费）,通用审批类,2026-06-28 12:47:02,2026-06-28 12:47:53,2026-06-28 12:48:46,FSSC审核岗,1,,应付成本组,自动派单,已派任务少（优先派）,2026-06-28 12:48:46,PC端,AUD06,审核员06,2026-06-28 14:24:46,同意,,审核通过,16分47秒,--,0,,是,1,1,158秒,,0,,,--
财务会计,AP-2026-001720,2026-02-26,付款单,应付付款单（材料采购）,A09,示例集团·壬公司,MAK06,制单人06,,6,示例集团财务共享中心（本部）,财务共享,应付付款单（材料采购）,通用审批类,2026-02-14 13:15:21,2026-02-14 13:15:33,2026-02-14 13:17:30,FSSC审核岗,1,,应付成本组,自动派单,已派任务少（优先派）,2026-02-14 13:17:30,移动端,AUD04,审核员04,2026-02-14 14:09:30,同意,,审核通过,28分2秒,--,0,,是,1,1,16秒,,0,,,--
财务会计,AP-2026-001721,2026-02-28,通用报销单,其他专项付款单,A13,示例集团·子公司丙,MAK01,制单人01,,6,示例集团财务共享中心（本部）,财务共享,其他专项付款单,通用审批类,2026-03-03 08:47:15,2026-03-03 08:48:08,2026-03-03 08:48:48,FSSC审核岗,1,,应付成本组,自动派单,已派任务少（优先派）,2026-03-03 08:48:48,移动端,AUD04,审核员04,2026-03-03 11:18:48,同意,,审核通过,5分5秒,--,0,,是,1,1,266秒,,0,,,--
费控服务,AP-2026-001722,2026-02-03,付款单,其他专项付款单,A06,示例集团·己公司,MAK12,制单人12,,4,示例集团财务共享中心（本部）,财务共享,其他专项付款单,通用审批类,2026-03-22 13:32:13,2026-03-22 13:33:01,2026-03-22 13:33:59,FSSC审核岗,1,,应付成本组,自动派单,已派任务少（优先派）,2026-03-22 13:33:59,移动端,AUD06,审核员06,2026-03-22 14:44:59,同意,,审核通过,31分28秒,--,0,,是,1,1,227秒,,0,,,--
财务会计,AP-2026-001723,2026-05-14,付款单,应付付款单（材料采购）,A15,示例集团·子公司戊,MAK09,制单人09,,6,示例集团财务共享中心（本部）,财务共享,应付付款单（材料采购）,通用审批类,2026-06-01 12:46:29,2026-06-01 12:47:16,2026-06-01 12:48:31,FSSC审核岗,1,,应付成本组,自动派单,已派任务少（优先派）,2026-06-01 12:48:31,PC端,AUD06,审核员06,2026-06-01 14:34:31,同意,,审核通过,36分56秒,--,0,,是,1,1,85秒,,0,,,--
财务会计,AP-2026-001724,2026-03-05,付款单,应付付款单（差旅费）,A09,示例集团·壬公司,MAK01,制单人01,,2,示例集团财务共享中心（本部）,财务共享,应付付款单（差旅费）,通用审批类,2026-04-20 17:23:01,2026-04-20 17:23:35,2026-04-20 17:24:58,FSSC审核岗,1,,应付成本组,自动派单,已派任务少（优先派）,2026-04-20 17:24:58,PC端,AUD03,审核员03,2026-04-20 20:03:58,驳回,业务类型填写错误,审核驳回,15分44秒,12分36秒,0,,是,3,1,105秒,驳回,1,制单人,制单人01,3
财务会计,AP-2026-001725,2026-02-11,应付发票,通用报销单（费用报销）,A05,示例集团·戊公司,MAK15,制单人15,,5,示例集团财务共享中心（本部）,财务共享,通用报销单（费用报销）,通用审批类,2026-03-22 11:39:34,2026-03-22 11:40:02,2026-03-22 11:40:25,FSSC审核岗,1,,应付成本组,自动派单,已派任务少（优先派）,2026-03-22 11:40:25,PC端,AUD06,审核员06,2026-03-22 12:20:25,驳回,附件不完整,审核驳回,5分13秒,--,0,,是,1,1,282秒,驳回,1,制单人,制单人15,1
财务会计,AP-2026-001726,2026-06-15,通用报销单,应付付款单（服务费）,A04,示例集团·丁公司,MAK01,制单人01,,4,示例集团财务共享中心（本部）,财务共享,应付付款单（服务费）,通用审批类,2026-01-19 09:16:29,2026-01-19 09:17:16,2026-01-19 09:18:51,FSSC审核岗,1,,应付成本组,自动派单,已派任务少（优先派）,2026-01-19 09:18:51,移动端,AUD04,审核员04,2026-01-19 11:27:51,同意,,审核通过,20分52秒,--,0,,是,1,1,75秒,,0,,,--
财务会计,AP-2026-001727,2026-06-04,通用报销单,应付付款单（服务费）,A01,示例集团·甲公司,MAK06,制单人06,,5,示例集团财务共享中心（本部）,财务共享,应付付款单（服务费）,通用审批类,2026-02-24 18:10:58,2026-02-24 18:11:45,2026-02-24 18:12:14,FSSC审核岗,1,,应付成本组,自动派单,已派任务少（优先派）,2026-02-24 18:12:14,移动端,AUD02,审核员02,2026-02-24 20:22:14,同意,,审核通过,6分34秒,--,0,,是,1,1,218秒,,0,,,--
财务会计,AP-2026-001728,2026-05-16,付款单,应付付款单（服务费）,A04,示例集团·丁公司,MAK15,制单人15,,8,示例集团财务共享中心（本部）,财务共享,应付付款单（服务费）,通用审批类,2026-06-03 11:58:23,2026-06-03 11:58:28,2026-06-03 11:59:33,FSSC审核岗,1,,应付成本组,自动派单,已派任务少（优先派）,2026-06-03 11:59:33,移动端,AUD07,审核员07,2026-06-03 14:52:33,同意,,审核通过,24分12秒,--,0,,是,1,1,146秒,,0,,,--
财务会计,AP-2026-001729,2026-04-18,付款单,通用报销单（费用报销）,A14,示例集团·子公司丁,MAK16,制单人16,,5,示例集团财务共享中心（本部）,财务共享,通用报销单（费用报销）,通用审批类,2026-05-20 16:49:34,2026-05-20 16:49:58,2026-05-20 16:51:20,FSSC审核岗,1,,应付成本组,自动派单,已派任务少（优先派）,2026-05-20 16:51:20,PC端,AUD06,审核员06,2026-05-20 17:34:20,同意,,审核通过,22分56秒,--,0,,是,1,1,39秒,,0,,,--
财务会计,AP-2026-001730,2026-06-22,付款单,通用报销单（费用报销）,A11,示例集团·子公司甲,MAK09,制单人09,,1,示例集团财务共享中心（本部）,财务共享,通用报销单（费用报销）,通用审批类,2026-03-06 16:24:21,2026-03-06 16:24:45,2026-03-06 16:26:29,FSSC审核岗,1,,应付成本组,自动派单,已派任务少（优先派）,2026-03-06 16:26:29,PC端,AUD05,审核员05,2026-03-06 18:39:29,同意,,审核通过,25分29秒,--,0,,是,1,1,186秒,,0,,,--
财务会计,AP-2026-001731,2026-02-28,通用报销单,通用报销单（费用报销）,A10,示例集团·癸公司,MAK03,制单人03,,3,示例集团财务共享中心（本部）,财务共享,通用报销单（费用报销）,通用审批类,2026-05-10 16:48:36,2026-05-10 16:48:42,2026-05-10 16:49:53,FSSC审核岗,1,,应付成本组,自动派单,已派任务少（优先派）,2026-05-10 16:49:53,移动端,AUD04,审核员04,2026-05-10 19:53:53,同意,,审核通过,35分4秒,--,0,,是,1,1,142秒,,0,,,--
财务会计,AP-2026-001732,2026-02-20,通用报销单,应付付款单（服务费）,A13,示例集团·子公司丙,MAK04,制单人04,,0,示例集团财务共享中心（本部）,财务共享,应付付款单（服务费）,通用审批类,2026-04-06 09:44:38,2026-04-06 09:45:35,2026-04-06 09:46:23,FSSC审核岗,1,,应付成本组,自动派单,已派任务少（优先派）,2026-04-06 09:46:23,PC端,AUD01,审核员01,2026-04-06 12:14:23,同意,,审核通过,38分47秒,--,0,,是,1,1,62秒,,0,,,--
财务会计,AP-2026-001733,2026-05-07,通用报销单,应付付款单（服务费）,A02,示例集团·乙公司,MAK09,制单人09,,5,示例集团财务共享中心（本部）,财务共享,应付付款单（服务费）,通用审批类,2026-01-10 19:25:05,2026-01-10 19:25:18,2026-01-10 19:25:50,FSSC审核岗,1,,应付成本组,自动派单,已派任务少（优先派）,2026-01-10 19:25:50,PC端,AUD02,审核员02,2026-01-10 19:47:50,同意,,审核通过,13分54秒,--,0,,是,1,1,37秒,,0,,,--
财务会计,AP-2026-001734,2026-03-02,通用报销单,应付确认单（物料类）,A17,示例集团·子公司庚,MAK06,制单人06,,6,示例集团财务共享中心（本部）,财务共享,应付确认单（物料类）,通用审批类,2026-02-01 15:28:34,2026-02-01 15:28:40,2026-02-01 15:30:06,FSSC审核岗,1,,应付成本组,自动派单,已派任务少（优先派）,2026-02-01 15:30:06,PC端,AUD01,审核员01,2026-02-01 18:33:06,驳回,未关联合同,审核驳回,24分39秒,21分20秒,0,,是,1,1,243秒,驳回,1,前端单位,示例集团·子公司庚,1
财务会计,AP-2026-001735,2026-02-24,付款单,应付付款单（服务费）,A04,示例集团·丁公司,MAK14,制单人14,,4,示例集团财务共享中心（本部）,财务共享,应付付款单（服务费）,通用审批类,2026-02-10 09:50:35,2026-02-10 09:51:23,2026-02-10 09:51:47,FSSC审核岗,1,,应付成本组,自动派单,已派任务少（优先派）,2026-02-10 09:51:47,PC端,AUD04,审核员04,2026-02-10 12:24:47,同意,,审核通过,22分9秒,--,0,,是,1,1,38秒,,0,,,--
财务会计,AP-2026-001736,2026-01-24,通用报销单,应付确认单（物料类）,A04,示例集团·丁公司,MAK11,制单人11,,0,示例集团财务共享中心（本部）,财务共享,应付确认单（物料类）,通用审批类,2026-04-14 09:58:44,2026-04-14 09:59:32,2026-04-14 10:00:21,FSSC审核岗,1,,应付成本组,自动派单,已派任务少（优先派）,2026-04-14 10:00:21,移动端,AUD07,审核员07,2026-04-14 12:45:21,同意,,审核通过,4分57秒,--,0,,是,1,1,279秒,,0,,,--
费控服务,AP-2026-001737,2026-01-26,通用报销单,应付付款单（差旅费）,A07,示例集团·庚公司,MAK03,制单人03,,7,示例集团财务共享中心（本部）,财务共享,应付付款单（差旅费）,通用审批类,2026-06-18 10:26:52,2026-06-18 10:27:25,2026-06-18 10:29:24,FSSC审核岗,1,,应付成本组,自动派单,已派任务少（优先派）,2026-06-18 10:29:24,PC端,AUD02,审核员02,2026-06-18 11:02:24,同意,,审核通过,23分59秒,--,0,,是,1,1,215秒,,0,,,--
财务会计,AP-2026-001738,2026-06-19,应付发票,应付付款单（差旅费）,A02,示例集团·乙公司,MAK13,制单人13,,0,示例集团财务共享中心（本部）,财务共享,应付付款单（差旅费）,通用审批类,2026-06-01 16:12:40,2026-06-01 16:12:58,2026-06-01 16:14:02,FSSC审核岗,1,,应付成本组,自动派单,已派任务少（优先派）,2026-06-01 16:14:02,移动端,AUD06,审核员06,2026-06-01 18:41:02,同意,,审核通过,1分22秒,--,0,,是,1,1,127秒,,0,,,--
费控服务,AP-2026-001739,2026-03-21,应付发票,应付付款单（材料采购）,A01,示例集团·甲公司,MAK13,制单人13,,0,示例集团财务共享中心（本部）,财务共享,应付付款单（材料采购）,通用审批类,2026-02-25 10:35:40,2026-02-25 10:36:10,2026-02-25 10:36:17,FSSC审核岗,1,,应付成本组,自动派单,已派任务少（优先派）,2026-02-25 10:36:17,PC端,AUD05,审核员05,2026-02-25 13:37:17,同意,,审核通过,30分58秒,--,0,,是,1,1,146秒,,0,,,--
费控服务,AP-2026-001740,2026-04-09,应付发票,应付确认单（物料类）,A06,示例集团·己公司,MAK10,制单人10,,0,示例集团财务共享中心（本部）,财务共享,应付确认单（物料类）,通用审批类,2026-05-15 09:09:39,2026-05-15 09:10:02,2026-05-15 09:10:14,FSSC审核岗,1,,应付成本组,自动派单,已派任务少（优先派）,2026-05-15 09:10:14,PC端,AUD06,审核员06,2026-05-15 10:26:14,同意,,审核通过,22分43秒,--,0,,是,1,1,272秒,,0,,,--
财务会计,AP-2026-001741,2026-06-05,付款单,通用报销单（费用报销）,A14,示例集团·子公司丁,MAK13,制单人13,,2,示例集团财务共享中心（本部）,财务共享,通用报销单（费用报销）,通用审批类,2026-06-01 20:24:02,2026-06-01 20:24:21,2026-06-01 20:25:32,FSSC审核岗,1,,应付成本组,自动派单,已派任务少（优先派）,2026-06-01 20:25:32,移动端,AUD01,审核员01,2026-06-01 20:33:32,同意,,审核通过,17分0秒,--,0,,是,1,1,224秒,,0,,,--
财务会计,AP-2026-001742,2026-02-09,应付发票,应付确认单（物料类）,A10,示例集团·癸公司,MAK14,制单人14,,8,示例集团财务共享中心（本部）,财务共享,应付确认单（物料类）,通用审批类,2026-05-23 17:21:02,2026-05-23 17:21:48,2026-05-23 17:23:03,FSSC审核岗,1,,应付成本组,自动派单,已派任务少（优先派）,2026-05-23 17:23:03,移动端,AUD07,审核员07,2026-05-23 17:29:03,同意,,审核通过,38分32秒,--,0,,是,1,1,179秒,,0,,,--
财务会计,AP-2026-001743,2026-03-02,应付发票,应付付款单（服务费）,A04,示例集团·丁公司,MAK16,制单人16,,8,示例集团财务共享中心（本部）,财务共享,应付付款单（服务费）,通用审批类,2026-03-11 18:53:22,2026-03-11 18:53:50,2026-03-11 18:55:34,FSSC审核岗,1,,应付成本组,自动派单,已派任务少（优先派）,2026-03-11 18:55:34,PC端,AUD02,审核员02,2026-03-11 19:30:34,同意,,审核通过,33分59秒,--,0,,是,1,1,271秒,,0,,,--
财务会计,AP-2026-001744,2026-04-23,通用报销单,其他专项付款单,A04,示例集团·丁公司,MAK15,制单人15,,2,示例集团财务共享中心（本部）,财务共享,其他专项付款单,通用审批类,2026-05-08 09:13:24,2026-05-08 09:14:07,2026-05-08 09:14:14,FSSC审核岗,1,,应付成本组,自动派单,已派任务少（优先派）,2026-05-08 09:14:14,PC端,AUD03,审核员03,2026-05-08 11:01:14,同意,,审核通过,38分1秒,--,0,,是,1,1,55秒,,0,,,--
财务会计,AP-2026-001745,2026-02-18,付款单,应付确认单（物料类）,A20,示例集团·子公司癸,MAK13,制单人13,,0,示例集团财务共享中心（本部）,财务共享,应付确认单（物料类）,通用审批类,2026-01-09 15:53:37,2026-01-09 15:53:55,2026-01-09 15:55:21,FSSC审核岗,1,,应付成本组,自动派单,已派任务少（优先派）,2026-01-09 15:55:21,PC端,AUD07,审核员07,2026-01-09 19:08:21,同意,,审核通过,14分32秒,--,0,,是,1,1,18秒,,0,,,--
财务会计,AP-2026-001746,2026-02-09,通用报销单,应付确认单（物料类）,A02,示例集团·乙公司,MAK02,制单人02,,1,示例集团财务共享中心（本部）,财务共享,应付确认单（物料类）,通用审批类,2026-06-25 13:46:15,2026-06-25 13:46:51,2026-06-25 13:47:13,FSSC审核岗,1,,应付成本组,自动派单,已派任务少（优先派）,2026-06-25 13:47:13,移动端,AUD06,审核员06,2026-06-25 16:51:13,同意,,审核通过,17分29秒,--,0,,是,1,1,298秒,,0,,,--
费控服务,AP-2026-001747,2026-03-15,付款单,其他专项付款单,A09,示例集团·壬公司,MAK16,制单人16,,5,示例集团财务共享中心（本部）,财务共享,其他专项付款单,通用审批类,2026-06-19 13:56:05,2026-06-19 13:56:53,2026-06-19 13:57:46,FSSC审核岗,1,,应付成本组,自动派单,已派任务少（优先派）,2026-06-19 13:57:46,PC端,AUD02,审核员02,2026-06-19 15:59:46,同意,,审核通过,15分8秒,--,0,,是,1,1,211秒,,0,,,--
财务会计,AP-2026-001748,2026-01-17,通用报销单,应付付款单（材料采购）,A05,示例集团·戊公司,MAK13,制单人13,,2,示例集团财务共享中心（本部）,财务共享,应付付款单（材料采购）,通用审批类,2026-03-27 18:33:47,2026-03-27 18:34:37,2026-03-27 18:35:30,FSSC审核岗,1,,应付成本组,自动派单,已派任务少（优先派）,2026-03-27 18:35:30,移动端,AUD02,审核员02,2026-03-27 20:00:30,同意,,审核通过,24分49秒,--,0,,是,1,1,283秒,,0,,,--
财务会计,AP-2026-001749,2026-03-06,应付发票,应付付款单（差旅费）,A08,示例集团·辛公司,MAK14,制单人14,,6,示例集团财务共享中心（本部）,财务共享,应付付款单（差旅费）,通用审批类,2026-04-01 20:48:07,2026-04-01 20:48:41,2026-04-01 20:49:09,FSSC审核岗,1,,应付成本组,自动派单,已派任务少（优先派）,2026-04-01 20:49:09,移动端,AUD02,审核员02,2026-04-01 21:29:09,同意,,审核通过,33分32秒,--,0,,是,1,1,185秒,,0,,,--
财务会计,AP-2026-001750,2026-06-27,通用报销单,通用报销单（费用报销）,A04,示例集团·丁公司,MAK12,制单人12,,3,示例集团财务共享中心（本部）,财务共享,通用报销单（费用报销）,通用审批类,2026-01-14 18:31:32,2026-01-14 18:31:34,2026-01-14 18:32:53,FSSC审核岗,1,,应付成本组,自动派单,已派任务少（优先派）,2026-01-14 18:32:53,PC端,AUD05,审核员05,2026-01-14 20:15:53,同意,,审核通过,31分17秒,--,0,,是,1,1,153秒,,0,,,--
财务会计,AP-2026-001751,2026-01-05,付款单,应付确认单（物料类）,A06,示例集团·己公司,MAK14,制单人14,,2,示例集团财务共享中心（本部）,财务共享,应付确认单（物料类）,通用审批类,2026-06-21 11:05:30,2026-06-21 11:05:51,2026-06-21 11:07:46,FSSC审核岗,1,,应付成本组,自动派单,已派任务少（优先派）,2026-06-21 11:07:46,PC端,AUD04,审核员04,2026-06-21 12:36:46,同意,,审核通过,33分44秒,--,0,,是,1,1,260秒,,0,,,--
费控服务,AP-2026-001752,2026-03-03,通用报销单,应付付款单（服务费）,A03,示例集团·丙公司,MAK12,制单人12,,1,示例集团财务共享中心（本部）,财务共享,应付付款单（服务费）,通用审批类,2026-02-21 12:33:24,2026-02-21 12:34:08,2026-02-21 12:36:02,FSSC审核岗,1,,应付成本组,自动派单,已派任务少（优先派）,2026-02-21 12:36:02,PC端,AUD07,审核员07,2026-02-21 13:17:02,同意,,审核通过,8分50秒,--,0,,是,1,1,262秒,,0,,,--
财务会计,AP-2026-001753,2026-04-14,通用报销单,应付付款单（差旅费）,A04,示例集团·丁公司,MAK06,制单人06,,7,示例集团财务共享中心（本部）,财务共享,应付付款单（差旅费）,通用审批类,2026-02-03 20:22:49,2026-02-03 20:23:31,2026-02-03 20:24:27,FSSC审核岗,1,,应付成本组,自动派单,已派任务少（优先派）,2026-02-03 20:24:27,移动端,AUD02,审核员02,2026-02-03 21:44:27,同意,,审核通过,34分38秒,--,0,,是,1,1,228秒,,0,,,--
财务会计,AP-2026-001754,2026-03-02,应付发票,应付付款单（差旅费）,A02,示例集团·乙公司,MAK12,制单人12,,0,示例集团财务共享中心（本部）,财务共享,应付付款单（差旅费）,通用审批类,2026-05-24 16:52:11,2026-05-24 16:52:15,2026-05-24 16:54:02,FSSC审核岗,1,,应付成本组,自动派单,已派任务少（优先派）,2026-05-24 16:54:02,移动端,AUD07,审核员07,2026-05-24 17:23:02,同意,,审核通过,6分48秒,--,0,,是,1,1,177秒,,0,,,--
财务会计,AP-2026-001755,2026-06-09,应付发票,通用报销单（费用报销）,A06,示例集团·己公司,MAK11,制单人11,,7,示例集团财务共享中心（本部）,财务共享,通用报销单（费用报销）,通用审批类,2026-03-09 20:34:50,2026-03-09 20:35:38,2026-03-09 20:36:06,FSSC审核岗,1,,应付成本组,自动派单,已派任务少（优先派）,2026-03-09 20:36:06,移动端,AUD02,审核员02,2026-03-09 21:55:06,同意,,审核通过,25分26秒,--,0,,是,1,1,293秒,,0,,,--
费控服务,AP-2026-001756,2026-03-14,通用报销单,其他专项付款单,A01,示例集团·甲公司,MAK11,制单人11,,3,示例集团财务共享中心（本部）,财务共享,其他专项付款单,通用审批类,2026-01-03 20:40:55,2026-01-03 20:41:28,2026-01-03 20:41:33,FSSC审核岗,1,,应付成本组,自动派单,已派任务少（优先派）,2026-01-03 20:41:33,PC端,AUD06,审核员06,2026-01-03 21:52:33,驳回,附件不完整,审核驳回,20分35秒,22分55秒,0,,是,1,1,122秒,驳回,1,制单人,制单人11,1
财务会计,AP-2026-001757,2026-03-17,通用报销单,应付确认单（物料类）,A04,示例集团·丁公司,MAK04,制单人04,,3,示例集团财务共享中心（本部）,财务共享,应付确认单（物料类）,通用审批类,2026-02-16 09:59:22,2026-02-16 09:59:43,2026-02-16 10:00:17,FSSC审核岗,1,,应付成本组,自动派单,已派任务少（优先派）,2026-02-16 10:00:17,PC端,AUD06,审核员06,2026-02-16 11:10:17,同意,附件不完整,审核通过,38分9秒,--,0,,是,1,1,30秒,,0,,,1
财务会计,AP-2026-001758,2026-03-24,付款单,其他专项付款单,A07,示例集团·庚公司,MAK07,制单人07,,4,示例集团财务共享中心（本部）,财务共享,其他专项付款单,通用审批类,2026-05-05 15:08:03,2026-05-05 15:08:44,2026-05-05 15:09:27,FSSC审核岗,1,,应付成本组,自动派单,已派任务少（优先派）,2026-05-05 15:09:27,移动端,AUD06,审核员06,2026-05-05 18:21:27,同意,,审核通过,40分36秒,--,0,,是,1,1,42秒,,0,,,--
财务会计,AP-2026-001759,2026-04-27,付款单,应付付款单（服务费）,A01,示例集团·甲公司,MAK12,制单人12,,1,示例集团财务共享中心（本部）,财务共享,应付付款单（服务费）,通用审批类,2026-01-24 18:59:43,2026-01-24 18:59:53,2026-01-24 19:01:36,FSSC审核岗,1,,应付成本组,自动派单,已派任务少（优先派）,2026-01-24 19:01:36,PC端,AUD05,审核员05,2026-01-24 21:10:36,同意,附件信息不一致,审核通过,23分20秒,14分35秒,0,,是,1,1,135秒,,0,,,1
费控服务,AP-2026-001760,2026-05-28,付款单,其他专项付款单,A13,示例集团·子公司丙,MAK11,制单人11,,7,示例集团财务共享中心（本部）,财务共享,其他专项付款单,通用审批类,2026-04-03 10:24:11,2026-04-03 10:24:38,2026-04-03 10:25:12,FSSC审核岗,1,,应付成本组,自动派单,已派任务少（优先派）,2026-04-03 10:25:12,移动端,AUD04,审核员04,2026-04-03 11:21:12,同意,,审核通过,33分17秒,--,0,,是,1,1,157秒,,0,,,--
财务会计,AP-2026-001761,2026-05-25,通用报销单,应付付款单（差旅费）,A09,示例集团·壬公司,MAK01,制单人01,,8,示例集团财务共享中心（本部）,财务共享,应付付款单（差旅费）,通用审批类,2026-03-27 13:05:42,2026-03-27 13:06:33,2026-03-27 13:08:28,FSSC审核岗,1,,应付成本组,自动派单,已派任务少（优先派）,2026-03-27 13:08:28,PC端,AUD04,审核员04,2026-03-27 15:33:28,同意,,审核通过,5分29秒,--,0,,是,1,1,257秒,,0,,,--
财务会计,AP-2026-001762,2026-04-23,应付发票,应付确认单（物料类）,A04,示例集团·丁公司,MAK02,制单人02,,4,示例集团财务共享中心（本部）,财务共享,应付确认单（物料类）,通用审批类,2026-05-26 12:38:49,2026-05-26 12:39:00,2026-05-26 12:39:44,FSSC审核岗,1,,应付成本组,自动派单,已派任务少（优先派）,2026-05-26 12:39:44,PC端,AUD05,审核员05,2026-05-26 13:32:44,同意,,审核通过,40分34秒,--,0,,是,1,1,101秒,,0,,,--
财务会计,AP-2026-001763,2026-04-25,付款单,通用报销单（费用报销）,A05,示例集团·戊公司,MAK11,制单人11,,0,示例集团财务共享中心（本部）,财务共享,通用报销单（费用报销）,通用审批类,2026-02-19 15:17:28,2026-02-19 15:17:57,2026-02-19 15:18:53,FSSC审核岗,1,,应付成本组,自动派单,已派任务少（优先派）,2026-02-19 15:18:53,移动端,AUD02,审核员02,2026-02-19 16:48:53,同意,,审核通过,31分1秒,--,0,,是,1,1,195秒,,0,,,--
财务会计,AP-2026-001764,2026-02-26,应付发票,其他专项付款单,A03,示例集团·丙公司,MAK12,制单人12,,6,示例集团财务共享中心（本部）,财务共享,其他专项付款单,通用审批类,2026-06-27 12:14:49,2026-06-27 12:15:17,2026-06-27 12:16:26,FSSC审核岗,1,,应付成本组,自动派单,已派任务少（优先派）,2026-06-27 12:16:26,PC端,AUD02,审核员02,2026-06-27 14:17:26,同意,,审核通过,37分11秒,--,0,,是,1,1,82秒,,0,,,--
财务会计,AP-2026-001765,2026-01-20,应付发票,应付付款单（材料采购）,A09,示例集团·壬公司,MAK14,制单人14,,1,示例集团财务共享中心（本部）,财务共享,应付付款单（材料采购）,通用审批类,2026-06-23 11:19:55,2026-06-23 11:20:03,2026-06-23 11:20:48,FSSC审核岗,1,,应付成本组,自动派单,已派任务少（优先派）,2026-06-23 11:20:48,移动端,AUD02,审核员02,2026-06-23 12:14:48,同意,,审核通过,4分42秒,--,0,,是,1,1,34秒,,0,,,--
费控服务,AP-2026-001766,2026-01-15,应付发票,应付付款单（差旅费）,A01,示例集团·甲公司,MAK16,制单人16,,8,示例集团财务共享中心（本部）,财务共享,应付付款单（差旅费）,通用审批类,2026-05-25 12:39:16,2026-05-25 12:39:32,2026-05-25 12:40:57,FSSC审核岗,1,,应付成本组,自动派单,已派任务少（优先派）,2026-05-25 12:40:57,PC端,AUD05,审核员05,2026-05-25 12:59:57,同意,,审核通过,31分8秒,--,0,,是,1,1,98秒,,0,,,--
财务会计,AP-2026-001767,2026-02-11,应付发票,应付付款单（材料采购）,A03,示例集团·丙公司,MAK06,制单人06,,5,示例集团财务共享中心（本部）,财务共享,应付付款单（材料采购）,通用审批类,2026-01-08 13:17:41,2026-01-08 13:18:28,2026-01-08 13:19:50,FSSC审核岗,1,,应付成本组,自动派单,已派任务少（优先派）,2026-01-08 13:19:50,移动端,AUD07,审核员07,2026-01-08 15:24:50,同意,,审核通过,24分29秒,--,0,,是,1,1,119秒,,0,,,--
财务会计,AP-2026-001768,2026-06-05,通用报销单,应付付款单（服务费）,A07,示例集团·庚公司,MAK06,制单人06,,5,示例集团财务共享中心（本部）,财务共享,应付付款单（服务费）,通用审批类,2026-03-12 16:01:53,2026-03-12 16:02:43,2026-03-12 16:04:10,FSSC审核岗,1,,应付成本组,自动派单,已派任务少（优先派）,2026-03-12 16:04:10,移动端,AUD02,审核员02,2026-03-12 19:16:10,同意,,审核通过,32分47秒,--,0,,是,1,1,164秒,,0,,,--
财务会计,AP-2026-001769,2026-05-21,付款单,通用报销单（费用报销）,A12,示例集团·子公司乙,MAK06,制单人06,,3,示例集团财务共享中心（本部）,财务共享,通用报销单（费用报销）,通用审批类,2026-06-05 20:57:58,2026-06-05 20:58:32,2026-06-05 21:00:11,FSSC审核岗,1,,应付成本组,自动派单,已派任务少（优先派）,2026-06-05 21:00:11,PC端,AUD04,审核员04,2026-06-05 22:08:11,同意,,审核通过,27分10秒,--,0,,是,1,1,132秒,,0,,,--
费控服务,AP-2026-001770,2026-02-21,付款单,通用报销单（费用报销）,A02,示例集团·乙公司,MAK12,制单人12,,1,示例集团财务共享中心（本部）,财务共享,通用报销单（费用报销）,通用审批类,2026-03-10 08:29:06,2026-03-10 08:29:23,2026-03-10 08:30:15,FSSC审核岗,1,,应付成本组,自动派单,已派任务少（优先派）,2026-03-10 08:30:15,PC端,AUD06,审核员06,2026-03-10 11:02:15,同意,,审核通过,17分46秒,--,0,,是,1,1,262秒,,0,,,--
财务会计,AP-2026-001771,2026-01-27,通用报销单,应付确认单（物料类）,A08,示例集团·辛公司,MAK08,制单人08,,3,示例集团财务共享中心（本部）,财务共享,应付确认单（物料类）,通用审批类,2026-03-04 16:22:45,2026-03-04 16:23:06,2026-03-04 16:24:20,FSSC审核岗,1,,应付成本组,自动派单,已派任务少（优先派）,2026-03-04 16:24:20,移动端,AUD06,审核员06,2026-03-04 17:52:20,同意,,审核通过,32分18秒,--,0,,是,1,1,200秒,,0,,,--
费控服务,AP-2026-001772,2026-02-01,付款单,通用报销单（费用报销）,A09,示例集团·壬公司,MAK07,制单人07,,0,示例集团财务共享中心（本部）,财务共享,通用报销单（费用报销）,通用审批类,2026-01-13 09:01:04,2026-01-13 09:01:34,2026-01-13 09:02:19,FSSC审核岗,1,,应付成本组,自动派单,已派任务少（优先派）,2026-01-13 09:02:19,PC端,AUD01,审核员01,2026-01-13 11:40:19,同意,,审核通过,7分28秒,--,0,,是,1,1,28秒,,0,,,--
费控服务,AP-2026-001773,2026-04-09,通用报销单,通用报销单（费用报销）,A16,示例集团·子公司己,MAK08,制单人08,,2,示例集团财务共享中心（本部）,财务共享,通用报销单（费用报销）,通用审批类,2026-04-18 14:44:38,2026-04-18 14:44:50,2026-04-18 14:45:58,FSSC审核岗,1,,应付成本组,自动派单,已派任务少（优先派）,2026-04-18 14:45:58,移动端,AUD06,审核员06,2026-04-18 16:06:58,同意,,审核通过,8分47秒,--,0,,是,1,1,196秒,,0,,,--
费控服务,AP-2026-001774,2026-06-25,付款单,应付付款单（服务费）,A06,示例集团·己公司,MAK13,制单人13,,3,示例集团财务共享中心（本部）,财务共享,应付付款单（服务费）,通用审批类,2026-03-14 15:25:43,2026-03-14 15:25:59,2026-03-14 15:26:45,FSSC审核岗,1,,应付成本组,自动派单,已派任务少（优先派）,2026-03-14 15:26:45,PC端,AUD05,审核员05,2026-03-14 16:17:45,同意,,审核通过,24分56秒,--,0,,是,1,1,192秒,,0,,,--
费控服务,AP-2026-001775,2026-06-02,通用报销单,应付付款单（差旅费）,A08,示例集团·辛公司,MAK10,制单人10,,1,示例集团财务共享中心（本部）,财务共享,应付付款单（差旅费）,通用审批类,2026-05-18 16:13:17,2026-05-18 16:14:07,2026-05-18 16:14:18,FSSC审核岗,1,,应付成本组,自动派单,已派任务少（优先派）,2026-05-18 16:14:18,PC端,AUD01,审核员01,2026-05-18 17:09:18,同意,,审核通过,13分39秒,--,0,,是,1,1,13秒,,0,,,--
财务会计,AP-2026-001776,2026-04-28,应付发票,应付付款单（服务费）,A01,示例集团·甲公司,MAK04,制单人04,,6,示例集团财务共享中心（本部）,财务共享,应付付款单（服务费）,通用审批类,2026-05-21 12:39:14,2026-05-21 12:39:42,2026-05-21 12:40:34,FSSC审核岗,1,,应付成本组,自动派单,已派任务少（优先派）,2026-05-21 12:40:34,移动端,AUD05,审核员05,2026-05-21 15:33:34,同意,,审核通过,29分49秒,--,0,,是,1,1,42秒,,0,,,--
财务会计,AP-2026-001777,2026-05-07,付款单,应付付款单（差旅费）,A17,示例集团·子公司庚,MAK05,制单人05,,6,示例集团财务共享中心（本部）,财务共享,应付付款单（差旅费）,通用审批类,2026-03-22 08:42:03,2026-03-22 08:43:02,2026-03-22 08:44:01,FSSC审核岗,1,,应付成本组,自动派单,已派任务少（优先派）,2026-03-22 08:44:01,PC端,AUD07,审核员07,2026-03-22 11:37:01,同意,,审核通过,24分35秒,--,0,,是,1,1,88秒,,0,,,--
费控服务,AP-2026-001778,2026-06-28,应付发票,应付付款单（服务费）,A04,示例集团·丁公司,MAK01,制单人01,,1,示例集团财务共享中心（本部）,财务共享,应付付款单（服务费）,通用审批类,2026-01-14 11:57:46,2026-01-14 11:58:17,2026-01-14 12:00:01,FSSC审核岗,1,,应付成本组,自动派单,已派任务少（优先派）,2026-01-14 12:00:01,移动端,AUD02,审核员02,2026-01-14 14:32:01,同意,,审核通过,10分56秒,--,0,,是,1,1,269秒,,0,,,--
财务会计,AP-2026-001779,2026-06-19,付款单,其他专项付款单,A13,示例集团·子公司丙,MAK09,制单人09,,2,示例集团财务共享中心（本部）,财务共享,其他专项付款单,通用审批类,2026-02-05 18:08:12,2026-02-05 18:09:03,2026-02-05 18:10:46,FSSC审核岗,1,,应付成本组,自动派单,已派任务少（优先派）,2026-02-05 18:10:46,移动端,AUD04,审核员04,2026-02-05 18:53:46,驳回,未关联合同,审核驳回,21分55秒,25分5秒,0,,是,3,1,65秒,驳回,1,前端单位,示例集团·子公司丙,3
费控服务,AP-2026-001780,2026-05-26,通用报销单,其他专项付款单,A06,示例集团·己公司,MAK13,制单人13,,4,示例集团财务共享中心（本部）,财务共享,其他专项付款单,通用审批类,2026-01-26 17:55:19,2026-01-26 17:55:45,2026-01-26 17:57:23,FSSC审核岗,1,,应付成本组,自动派单,已派任务少（优先派）,2026-01-26 17:57:23,PC端,AUD04,审核员04,2026-01-26 21:12:23,同意,,审核通过,25分58秒,--,0,,是,1,1,200秒,,0,,,--
费控服务,AP-2026-001781,2026-03-11,付款单,应付付款单（差旅费）,A08,示例集团·辛公司,MAK03,制单人03,,5,示例集团财务共享中心（本部）,财务共享,应付付款单（差旅费）,通用审批类,2026-04-03 09:33:06,2026-04-03 09:33:58,2026-04-03 09:35:37,FSSC审核岗,1,,应付成本组,自动派单,已派任务少（优先派）,2026-04-03 09:35:37,移动端,AUD05,审核员05,2026-04-03 12:32:37,同意,,审核通过,6分13秒,--,0,,是,1,1,205秒,,0,,,--
财务会计,AP-2026-001782,2026-06-22,应付发票,其他专项付款单,A15,示例集团·子公司戊,MAK04,制单人04,,6,示例集团财务共享中心（本部）,财务共享,其他专项付款单,通用审批类,2026-06-07 16:52:41,2026-06-07 16:53:23,2026-06-07 16:54:33,FSSC审核岗,1,,应付成本组,自动派单,已派任务少（优先派）,2026-06-07 16:54:33,PC端,AUD07,审核员07,2026-06-07 17:20:33,同意,,审核通过,33分19秒,--,0,,是,1,1,61秒,,0,,,--
财务会计,AP-2026-001783,2026-06-03,付款单,其他专项付款单,A06,示例集团·己公司,MAK15,制单人15,,4,示例集团财务共享中心（本部）,财务共享,其他专项付款单,通用审批类,2026-03-05 10:01:04,2026-03-05 10:01:21,2026-03-05 10:02:46,FSSC审核岗,1,,应付成本组,自动派单,已派任务少（优先派）,2026-03-05 10:02:46,移动端,AUD07,审核员07,2026-03-05 12:16:46,同意,,审核通过,4分57秒,--,0,,是,1,1,59秒,,0,,,--
费控服务,AP-2026-001784,2026-01-13,应付发票,其他专项付款单,A01,示例集团·甲公司,MAK08,制单人08,,0,示例集团财务共享中心（本部）,财务共享,其他专项付款单,通用审批类,2026-03-17 15:56:49,2026-03-17 15:57:15,2026-03-17 15:59:13,FSSC审核岗,1,,应付成本组,自动派单,已派任务少（优先派）,2026-03-17 15:59:13,PC端,AUD04,审核员04,2026-03-17 17:14:13,同意,,审核通过,27分42秒,--,0,,是,1,1,257秒,,0,,,--
费控服务,AP-2026-001785,2026-03-15,通用报销单,应付付款单（差旅费）,A04,示例集团·丁公司,MAK16,制单人16,,6,示例集团财务共享中心（本部）,财务共享,应付付款单（差旅费）,通用审批类,2026-02-20 13:00:30,2026-02-20 13:00:57,2026-02-20 13:02:21,FSSC审核岗,1,,应付成本组,自动派单,已派任务少（优先派）,2026-02-20 13:02:21,PC端,AUD02,审核员02,2026-02-20 15:06:21,同意,,审核通过,12分6秒,--,0,,是,1,1,265秒,,0,,,--
财务会计,AP-2026-001786,2026-01-17,应付发票,应付确认单（物料类）,A02,示例集团·乙公司,MAK05,制单人05,,2,示例集团财务共享中心（本部）,财务共享,应付确认单（物料类）,通用审批类,2026-02-22 12:06:32,2026-02-22 12:06:57,2026-02-22 12:08:42,FSSC审核岗,1,,应付成本组,自动派单,已派任务少（优先派）,2026-02-22 12:08:42,移动端,AUD04,审核员04,2026-02-22 14:36:42,同意,,审核通过,25分54秒,--,0,,是,1,1,162秒,,0,,,--
财务会计,AP-2026-001787,2026-04-14,通用报销单,应付付款单（材料采购）,A07,示例集团·庚公司,MAK13,制单人13,,0,示例集团财务共享中心（本部）,财务共享,应付付款单（材料采购）,通用审批类,2026-06-19 17:05:25,2026-06-19 17:05:28,2026-06-19 17:06:10,FSSC审核岗,1,,应付成本组,自动派单,已派任务少（优先派）,2026-06-19 17:06:10,PC端,AUD02,审核员02,2026-06-19 20:10:10,同意,,审核通过,25分50秒,--,0,,是,1,1,138秒,,0,,,--
财务会计,AP-2026-001788,2026-02-24,通用报销单,应付确认单（物料类）,A11,示例集团·子公司甲,MAK10,制单人10,,7,示例集团财务共享中心（本部）,财务共享,应付确认单（物料类）,通用审批类,2026-01-21 08:14:19,2026-01-21 08:14:28,2026-01-21 08:15:12,FSSC审核岗,1,,应付成本组,自动派单,已派任务少（优先派）,2026-01-21 08:15:12,移动端,AUD07,审核员07,2026-01-21 11:05:12,同意,,审核通过,4分7秒,--,0,,是,1,1,292秒,,0,,,--
财务会计,AP-2026-001789,2026-06-04,通用报销单,通用报销单（费用报销）,A01,示例集团·甲公司,MAK14,制单人14,,3,示例集团财务共享中心（本部）,财务共享,通用报销单（费用报销）,通用审批类,2026-05-05 17:25:29,2026-05-05 17:25:30,2026-05-05 17:26:30,FSSC审核岗,1,,应付成本组,自动派单,已派任务少（优先派）,2026-05-05 17:26:30,移动端,AUD04,审核员04,2026-05-05 18:37:30,同意,,审核通过,5分38秒,--,0,,是,1,1,137秒,,0,,,--
费控服务,AP-2026-001790,2026-04-28,通用报销单,应付确认单（物料类）,A07,示例集团·庚公司,MAK07,制单人07,,8,示例集团财务共享中心（本部）,财务共享,应付确认单（物料类）,通用审批类,2026-02-26 08:08:11,2026-02-26 08:08:19,2026-02-26 08:09:14,FSSC审核岗,1,,应付成本组,自动派单,已派任务少（优先派）,2026-02-26 08:09:14,移动端,AUD01,审核员01,2026-02-26 10:36:14,同意,,审核通过,33分29秒,--,0,,是,1,1,197秒,,0,,,--
费控服务,AP-2026-001791,2026-03-27,应付发票,应付付款单（材料采购）,A11,示例集团·子公司甲,MAK09,制单人09,,1,示例集团财务共享中心（本部）,财务共享,应付付款单（材料采购）,通用审批类,2026-03-25 13:34:14,2026-03-25 13:35:03,2026-03-25 13:36:08,FSSC审核岗,1,,应付成本组,自动派单,已派任务少（优先派）,2026-03-25 13:36:08,移动端,AUD01,审核员01,2026-03-25 14:53:08,同意,,审核通过,1分26秒,--,0,,是,1,1,195秒,,0,,,--
财务会计,AP-2026-001792,2026-06-03,通用报销单,应付付款单（差旅费）,A05,示例集团·戊公司,MAK15,制单人15,,2,示例集团财务共享中心（本部）,财务共享,应付付款单（差旅费）,通用审批类,2026-04-09 14:36:13,2026-04-09 14:37:03,2026-04-09 14:38:32,FSSC审核岗,1,,应付成本组,自动派单,已派任务少（优先派）,2026-04-09 14:38:32,PC端,AUD03,审核员03,2026-04-09 17:39:32,同意,附件信息不一致,审核通过,6分19秒,6分9秒,0,,是,1,1,288秒,,0,,,1
财务会计,AP-2026-001793,2026-03-17,应付发票,其他专项付款单,A02,示例集团·乙公司,MAK02,制单人02,,7,示例集团财务共享中心（本部）,财务共享,其他专项付款单,通用审批类,2026-01-16 17:37:00,2026-01-16 17:38:00,2026-01-16 17:38:29,FSSC审核岗,1,,应付成本组,自动派单,已派任务少（优先派）,2026-01-16 17:38:29,PC端,AUD03,审核员03,2026-01-16 19:05:29,同意,,审核通过,7分31秒,--,0,,是,1,1,262秒,,0,,,--
费控服务,AP-2026-001794,2026-06-02,应付发票,通用报销单（费用报销）,A01,示例集团·甲公司,MAK08,制单人08,,6,示例集团财务共享中心（本部）,财务共享,通用报销单（费用报销）,通用审批类,2026-02-15 08:57:36,2026-02-15 08:57:56,2026-02-15 08:58:06,FSSC审核岗,1,,应付成本组,自动派单,已派任务少（优先派）,2026-02-15 08:58:06,PC端,AUD01,审核员01,2026-02-15 09:32:06,同意,,审核通过,1分21秒,--,0,,是,1,1,57秒,,0,,,--
财务会计,AP-2026-001795,2026-04-25,付款单,应付付款单（材料采购）,A17,示例集团·子公司庚,MAK05,制单人05,,7,示例集团财务共享中心（本部）,财务共享,应付付款单（材料采购）,通用审批类,2026-02-19 13:13:15,2026-02-19 13:13:44,2026-02-19 13:14:34,FSSC审核岗,1,,应付成本组,自动派单,已派任务少（优先派）,2026-02-19 13:14:34,移动端,AUD06,审核员06,2026-02-19 15:38:34,同意,,审核通过,26分29秒,--,0,,是,1,1,247秒,,0,,,--
财务会计,AP-2026-001796,2026-05-13,付款单,应付付款单（材料采购）,A13,示例集团·子公司丙,MAK07,制单人07,,3,示例集团财务共享中心（本部）,财务共享,应付付款单（材料采购）,通用审批类,2026-02-11 18:53:45,2026-02-11 18:54:45,2026-02-11 18:56:01,FSSC审核岗,1,,应付成本组,自动派单,已派任务少（优先派）,2026-02-11 18:56:01,移动端,AUD01,审核员01,2026-02-11 22:00:01,同意,,审核通过,6分40秒,--,0,,是,1,1,251秒,,0,,,--
费控服务,AP-2026-001797,2026-06-09,应付发票,应付付款单（服务费）,A10,示例集团·癸公司,MAK01,制单人01,,4,示例集团财务共享中心（本部）,财务共享,应付付款单（服务费）,通用审批类,2026-03-24 19:46:28,2026-03-24 19:46:50,2026-03-24 19:48:47,FSSC审核岗,1,,应付成本组,自动派单,已派任务少（优先派）,2026-03-24 19:48:47,移动端,AUD02,审核员02,2026-03-24 23:02:47,同意,,审核通过,22分7秒,--,0,,是,1,1,10秒,,0,,,--
财务会计,AP-2026-001798,2026-06-02,通用报销单,应付确认单（物料类）,A03,示例集团·丙公司,MAK05,制单人05,,6,示例集团财务共享中心（本部）,财务共享,应付确认单（物料类）,通用审批类,2026-01-28 15:46:51,2026-01-28 15:47:05,2026-01-28 15:48:53,FSSC审核岗,1,,应付成本组,自动派单,已派任务少（优先派）,2026-01-28 15:48:53,PC端,AUD04,审核员04,2026-01-28 16:18:53,同意,,审核通过,2分54秒,--,0,,是,1,1,184秒,,0,,,--
财务会计,AP-2026-001799,2026-03-20,应付发票,通用报销单（费用报销）,A12,示例集团·子公司乙,MAK03,制单人03,,1,示例集团财务共享中心（本部）,财务共享,通用报销单（费用报销）,通用审批类,2026-01-12 17:45:56,2026-01-12 17:46:16,2026-01-12 17:47:59,FSSC审核岗,1,,应付成本组,自动派单,已派任务少（优先派）,2026-01-12 17:47:59,移动端,AUD01,审核员01,2026-01-12 19:50:59,同意,,审核通过,4分30秒,--,0,,是,1,1,252秒,,0,,,--
财务会计,AP-2026-001800,2026-06-22,应付发票,应付付款单（材料采购）,A04,示例集团·丁公司,MAK15,制单人15,,3,示例集团财务共享中心（本部）,财务共享,应付付款单（材料采购）,通用审批类,2026-03-11 15:09:32,2026-03-11 15:10:09,2026-03-11 15:11:51,FSSC审核岗,1,,应付成本组,自动派单,已派任务少（优先派）,2026-03-11 15:11:51,PC端,AUD03,审核员03,2026-03-11 17:08:51,同意,,审核通过,19分32秒,--,0,,是,1,1,182秒,,0,,,--
费控服务,AP-2026-001801,2026-05-07,应付发票,通用报销单（费用报销）,A03,示例集团·丙公司,MAK16,制单人16,,6,示例集团财务共享中心（本部）,财务共享,通用报销单（费用报销）,通用审批类,2026-05-17 12:43:24,2026-05-17 12:43:58,2026-05-17 12:45:48,FSSC审核岗,1,,应付成本组,自动派单,已派任务少（优先派）,2026-05-17 12:45:48,PC端,AUD01,审核员01,2026-05-17 14:15:48,同意,未关联合同,审核通过,25分46秒,39分11秒,0,,是,1,1,218秒,,0,,,1
财务会计,AP-2026-001802,2026-03-26,应付发票,应付付款单（材料采购）,A01,示例集团·甲公司,MAK09,制单人09,,0,示例集团财务共享中心（本部）,财务共享,应付付款单（材料采购）,通用审批类,2026-04-20 20:55:28,2026-04-20 20:56:25,2026-04-20 20:57:22,FSSC审核岗,1,,应付成本组,自动派单,已派任务少（优先派）,2026-04-20 20:57:22,PC端,AUD07,审核员07,2026-04-20 22:54:22,同意,,审核通过,14分36秒,--,0,,是,1,1,299秒,,0,,,--
财务会计,AP-2026-001803,2026-01-16,通用报销单,应付确认单（物料类）,A14,示例集团·子公司丁,MAK07,制单人07,,7,示例集团财务共享中心（本部）,财务共享,应付确认单（物料类）,通用审批类,2026-05-24 20:48:59,2026-05-24 20:49:28,2026-05-24 20:49:37,FSSC审核岗,1,,应付成本组,自动派单,已派任务少（优先派）,2026-05-24 20:49:37,PC端,AUD03,审核员03,2026-05-24 23:41:37,同意,,审核通过,16分22秒,--,0,,是,1,1,73秒,,0,,,--
财务会计,AP-2026-001804,2026-06-22,应付发票,应付付款单（差旅费）,A01,示例集团·甲公司,MAK10,制单人10,,3,示例集团财务共享中心（本部）,财务共享,应付付款单（差旅费）,通用审批类,2026-01-18 18:58:10,2026-01-18 18:58:29,2026-01-18 18:58:55,FSSC审核岗,1,,应付成本组,自动派单,已派任务少（优先派）,2026-01-18 18:58:55,PC端,AUD02,审核员02,2026-01-18 19:40:55,同意,,审核通过,4分50秒,--,0,,是,1,1,83秒,,0,,,--
财务会计,AP-2026-001805,2026-06-09,通用报销单,应付付款单（差旅费）,A02,示例集团·乙公司,MAK10,制单人10,,3,示例集团财务共享中心（本部）,财务共享,应付付款单（差旅费）,通用审批类,2026-06-13 19:56:01,2026-06-13 19:56:55,2026-06-13 19:58:44,FSSC审核岗,1,,应付成本组,自动派单,已派任务少（优先派）,2026-06-13 19:58:44,移动端,AUD02,审核员02,2026-06-13 21:35:44,同意,,审核通过,1分25秒,--,0,,是,1,1,186秒,,0,,,--
财务会计,AP-2026-001806,2026-02-13,应付发票,通用报销单（费用报销）,A07,示例集团·庚公司,MAK04,制单人04,,0,示例集团财务共享中心（本部）,财务共享,通用报销单（费用报销）,通用审批类,2026-06-20 12:05:08,2026-06-20 12:05:41,2026-06-20 12:06:25,FSSC审核岗,1,,应付成本组,自动派单,已派任务少（优先派）,2026-06-20 12:06:25,移动端,AUD04,审核员04,2026-06-20 13:09:25,同意,,审核通过,25分55秒,--,0,,是,1,1,145秒,,0,,,--
财务会计,AP-2026-001807,2026-01-10,应付发票,其他专项付款单,A02,示例集团·乙公司,MAK15,制单人15,,0,示例集团财务共享中心（本部）,财务共享,其他专项付款单,通用审批类,2026-05-11 11:06:07,2026-05-11 11:06:45,2026-05-11 11:08:06,FSSC审核岗,1,,应付成本组,自动派单,已派任务少（优先派）,2026-05-11 11:08:06,PC端,AUD04,审核员04,2026-05-11 14:21:06,同意,,审核通过,17分10秒,--,0,,是,1,1,195秒,,0,,,--
财务会计,AP-2026-001808,2026-05-26,应付发票,应付付款单（服务费）,A03,示例集团·丙公司,MAK05,制单人05,,6,示例集团财务共享中心（本部）,财务共享,应付付款单（服务费）,通用审批类,2026-01-15 14:48:19,2026-01-15 14:48:28,2026-01-15 14:49:15,FSSC审核岗,1,,应付成本组,自动派单,已派任务少（优先派）,2026-01-15 14:49:15,移动端,AUD02,审核员02,2026-01-15 16:15:15,同意,,审核通过,36分33秒,--,0,,是,1,1,238秒,,0,,,--
费控服务,AP-2026-001809,2026-03-08,付款单,应付付款单（服务费）,A06,示例集团·己公司,MAK01,制单人01,,5,示例集团财务共享中心（本部）,财务共享,应付付款单（服务费）,通用审批类,2026-02-06 09:15:56,2026-02-06 09:16:01,2026-02-06 09:17:59,FSSC审核岗,1,,应付成本组,自动派单,已派任务少（优先派）,2026-02-06 09:17:59,PC端,AUD02,审核员02,2026-02-06 11:21:59,驳回,附件不完整,审核驳回,36分25秒,--,0,,是,1,1,116秒,驳回,1,前端单位,示例集团·己公司,1
费控服务,AP-2026-001810,2026-06-18,应付发票,应付付款单（差旅费）,A17,示例集团·子公司庚,MAK13,制单人13,,1,示例集团财务共享中心（本部）,财务共享,应付付款单（差旅费）,通用审批类,2026-02-17 20:30:10,2026-02-17 20:31:09,2026-02-17 20:33:03,FSSC审核岗,1,,应付成本组,自动派单,已派任务少（优先派）,2026-02-17 20:33:03,移动端,AUD05,审核员05,2026-02-17 22:46:03,同意,,审核通过,17分51秒,--,0,,是,1,1,90秒,,0,,,--
财务会计,AP-2026-001811,2026-06-06,付款单,通用报销单（费用报销）,A11,示例集团·子公司甲,MAK10,制单人10,,2,示例集团财务共享中心（本部）,财务共享,通用报销单（费用报销）,通用审批类,2026-05-16 18:36:25,2026-05-16 18:36:45,2026-05-16 18:37:24,FSSC审核岗,1,,应付成本组,自动派单,已派任务少（优先派）,2026-05-16 18:37:24,移动端,AUD06,审核员06,2026-05-16 19:07:24,同意,,审核通过,35分35秒,--,0,,是,1,1,269秒,,0,,,--
财务会计,AP-2026-001812,2026-01-23,应付发票,应付付款单（差旅费）,A01,示例集团·甲公司,MAK01,制单人01,,0,示例集团财务共享中心（本部）,财务共享,应付付款单（差旅费）,通用审批类,2026-01-16 12:21:43,2026-01-16 12:21:49,2026-01-16 12:22:09,FSSC审核岗,1,,应付成本组,自动派单,已派任务少（优先派）,2026-01-16 12:22:09,PC端,AUD03,审核员03,2026-01-16 12:28:09,同意,,审核通过,6分46秒,--,0,,是,1,1,260秒,,0,,,--
财务会计,AP-2026-001813,2026-01-13,通用报销单,其他专项付款单,A04,示例集团·丁公司,MAK06,制单人06,,6,示例集团财务共享中心（本部）,财务共享,其他专项付款单,通用审批类,2026-01-20 10:42:55,2026-01-20 10:43:40,2026-01-20 10:43:49,FSSC审核岗,1,,应付成本组,自动派单,已派任务少（优先派）,2026-01-20 10:43:49,移动端,AUD02,审核员02,2026-01-20 10:58:49,同意,,审核通过,9分55秒,--,0,,是,1,1,248秒,,0,,,--
财务会计,AP-2026-001814,2026-01-12,应付发票,应付付款单（服务费）,A03,示例集团·丙公司,MAK12,制单人12,,0,示例集团财务共享中心（本部）,财务共享,应付付款单（服务费）,通用审批类,2026-06-22 17:28:16,2026-06-22 17:28:34,2026-06-22 17:28:56,FSSC审核岗,1,,应付成本组,自动派单,已派任务少（优先派）,2026-06-22 17:28:56,移动端,AUD06,审核员06,2026-06-22 17:42:56,同意,,审核通过,31分34秒,--,0,,是,1,1,184秒,,0,,,--
财务会计,AP-2026-001815,2026-03-07,付款单,其他专项付款单,A03,示例集团·丙公司,MAK09,制单人09,,0,示例集团财务共享中心（本部）,财务共享,其他专项付款单,通用审批类,2026-06-12 16:31:09,2026-06-12 16:32:07,2026-06-12 16:32:38,FSSC审核岗,1,,应付成本组,自动派单,已派任务少（优先派）,2026-06-12 16:32:38,移动端,AUD07,审核员07,2026-06-12 19:29:38,同意,,审核通过,28分3秒,--,0,,是,1,1,55秒,,0,,,--
费控服务,AP-2026-001816,2026-06-05,应付发票,应付付款单（服务费）,A13,示例集团·子公司丙,MAK06,制单人06,,7,示例集团财务共享中心（本部）,财务共享,应付付款单（服务费）,通用审批类,2026-02-16 09:17:47,2026-02-16 09:18:30,2026-02-16 09:19:39,FSSC审核岗,1,,应付成本组,自动派单,已派任务少（优先派）,2026-02-16 09:19:39,移动端,AUD07,审核员07,2026-02-16 10:47:39,同意,,审核通过,1分6秒,--,0,,是,1,1,196秒,,0,,,--
财务会计,AP-2026-001817,2026-01-20,付款单,应付确认单（物料类）,A01,示例集团·甲公司,MAK02,制单人02,,2,示例集团财务共享中心（本部）,财务共享,应付确认单（物料类）,通用审批类,2026-02-01 17:08:22,2026-02-01 17:08:27,2026-02-01 17:09:41,FSSC审核岗,1,,应付成本组,自动派单,已派任务少（优先派）,2026-02-01 17:09:41,PC端,AUD04,审核员04,2026-02-01 17:43:41,驳回,附件信息不一致,审核驳回,36分46秒,9分15秒,0,,是,3,1,126秒,驳回,1,前端单位,示例集团·甲公司,3
财务会计,AP-2026-001818,2026-01-01,应付发票,应付确认单（物料类）,A08,示例集团·辛公司,MAK16,制单人16,,5,示例集团财务共享中心（本部）,财务共享,应付确认单（物料类）,通用审批类,2026-04-28 11:48:30,2026-04-28 11:49:08,2026-04-28 11:49:52,FSSC审核岗,1,,应付成本组,自动派单,已派任务少（优先派）,2026-04-28 11:49:52,移动端,AUD04,审核员04,2026-04-28 13:59:52,同意,,审核通过,35分40秒,--,0,,是,1,1,200秒,,0,,,--
费控服务,AP-2026-001819,2026-03-27,付款单,应付付款单（差旅费）,A15,示例集团·子公司戊,MAK13,制单人13,,7,示例集团财务共享中心（本部）,财务共享,应付付款单（差旅费）,通用审批类,2026-03-21 15:05:18,2026-03-21 15:05:57,2026-03-21 15:06:19,FSSC审核岗,1,,应付成本组,自动派单,已派任务少（优先派）,2026-03-21 15:06:19,PC端,AUD01,审核员01,2026-03-21 15:11:19,同意,,审核通过,20分44秒,--,0,,是,1,1,66秒,,0,,,--
财务会计,AP-2026-001820,2026-03-10,通用报销单,其他专项付款单,A20,示例集团·子公司癸,MAK16,制单人16,,8,示例集团财务共享中心（本部）,财务共享,其他专项付款单,通用审批类,2026-02-27 11:37:26,2026-02-27 11:37:37,2026-02-27 11:38:27,FSSC审核岗,1,,应付成本组,自动派单,已派任务少（优先派）,2026-02-27 11:38:27,PC端,AUD07,审核员07,2026-02-27 12:12:27,同意,,审核通过,16分44秒,--,0,,是,1,1,45秒,,0,,,--
财务会计,AP-2026-001821,2026-02-26,通用报销单,应付确认单（物料类）,A02,示例集团·乙公司,MAK11,制单人11,,4,示例集团财务共享中心（本部）,财务共享,应付确认单（物料类）,通用审批类,2026-01-08 20:59:41,2026-01-08 21:00:09,2026-01-08 21:01:40,FSSC审核岗,1,,应付成本组,自动派单,已派任务少（优先派）,2026-01-08 21:01:40,移动端,AUD07,审核员07,2026-01-08 23:00:40,同意,,审核通过,20分12秒,--,0,,是,1,1,166秒,,0,,,--
财务会计,AP-2026-001822,2026-06-20,通用报销单,应付确认单（物料类）,A02,示例集团·乙公司,MAK15,制单人15,,4,示例集团财务共享中心（本部）,财务共享,应付确认单（物料类）,通用审批类,2026-05-06 17:55:24,2026-05-06 17:55:48,2026-05-06 17:56:49,FSSC审核岗,1,,应付成本组,自动派单,已派任务少（优先派）,2026-05-06 17:56:49,移动端,AUD07,审核员07,2026-05-06 18:25:49,同意,,审核通过,15分57秒,--,0,,是,1,1,275秒,,0,,,--
财务会计,AP-2026-001823,2026-02-20,通用报销单,其他专项付款单,A13,示例集团·子公司丙,MAK11,制单人11,,7,示例集团财务共享中心（本部）,财务共享,其他专项付款单,通用审批类,2026-01-26 11:17:59,2026-01-26 11:18:34,2026-01-26 11:19:57,FSSC审核岗,1,,应付成本组,自动派单,已派任务少（优先派）,2026-01-26 11:19:57,PC端,AUD06,审核员06,2026-01-26 11:24:57,同意,,审核通过,38分55秒,--,0,,是,1,1,224秒,,0,,,--
财务会计,AP-2026-001824,2026-06-19,应付发票,应付付款单（差旅费）,A17,示例集团·子公司庚,MAK11,制单人11,,2,示例集团财务共享中心（本部）,财务共享,应付付款单（差旅费）,通用审批类,2026-04-03 14:44:22,2026-04-03 14:44:53,2026-04-03 14:45:23,FSSC审核岗,1,,应付成本组,自动派单,已派任务少（优先派）,2026-04-03 14:45:23,移动端,AUD06,审核员06,2026-04-03 16:48:23,同意,,审核通过,26分24秒,--,0,,是,1,1,80秒,,0,,,--
财务会计,AP-2026-001825,2026-04-02,通用报销单,其他专项付款单,A01,示例集团·甲公司,MAK05,制单人05,,0,示例集团财务共享中心（本部）,财务共享,其他专项付款单,通用审批类,2026-05-20 11:03:38,2026-05-20 11:04:27,2026-05-20 11:04:38,FSSC审核岗,1,,应付成本组,自动派单,已派任务少（优先派）,2026-05-20 11:04:38,PC端,AUD02,审核员02,2026-05-20 14:08:38,同意,,审核通过,7分43秒,--,0,,是,1,1,180秒,,0,,,--
费控服务,AP-2026-001826,2026-01-04,应付发票,应付付款单（材料采购）,A02,示例集团·乙公司,MAK04,制单人04,,6,示例集团财务共享中心（本部）,财务共享,应付付款单（材料采购）,通用审批类,2026-02-27 10:25:19,2026-02-27 10:26:18,2026-02-27 10:26:27,FSSC审核岗,1,,应付成本组,自动派单,已派任务少（优先派）,2026-02-27 10:26:27,移动端,AUD07,审核员07,2026-02-27 11:33:27,同意,,审核通过,37分50秒,--,0,,是,1,1,16秒,,0,,,--
费控服务,AP-2026-001827,2026-04-05,应付发票,应付付款单（材料采购）,A13,示例集团·子公司丙,MAK11,制单人11,,8,示例集团财务共享中心（本部）,财务共享,应付付款单（材料采购）,通用审批类,2026-05-07 13:39:33,2026-05-07 13:40:21,2026-05-07 13:40:56,FSSC审核岗,1,,应付成本组,自动派单,已派任务少（优先派）,2026-05-07 13:40:56,PC端,AUD04,审核员04,2026-05-07 15:35:56,同意,,审核通过,16分53秒,--,0,,是,1,1,175秒,,0,,,--
财务会计,AP-2026-001828,2026-04-16,应付发票,通用报销单（费用报销）,A07,示例集团·庚公司,MAK11,制单人11,,2,示例集团财务共享中心（本部）,财务共享,通用报销单（费用报销）,通用审批类,2026-06-03 13:15:55,2026-06-03 13:16:34,2026-06-03 13:16:37,FSSC审核岗,1,,应付成本组,自动派单,已派任务少（优先派）,2026-06-03 13:16:37,PC端,AUD07,审核员07,2026-06-03 14:00:37,同意,,审核通过,20分29秒,--,0,,是,1,1,130秒,,0,,,--
财务会计,AP-2026-001829,2026-02-05,应付发票,其他专项付款单,A04,示例集团·丁公司,MAK01,制单人01,,4,示例集团财务共享中心（本部）,财务共享,其他专项付款单,通用审批类,2026-03-19 08:45:40,2026-03-19 08:45:44,2026-03-19 08:46:40,FSSC审核岗,1,,应付成本组,自动派单,已派任务少（优先派）,2026-03-19 08:46:40,PC端,AUD06,审核员06,2026-03-19 10:03:40,同意,,审核通过,20分9秒,--,0,,是,1,1,241秒,,0,,,--
财务会计,AP-2026-001830,2026-01-11,付款单,应付付款单（材料采购）,A05,示例集团·戊公司,MAK04,制单人04,,2,示例集团财务共享中心（本部）,财务共享,应付付款单（材料采购）,通用审批类,2026-05-02 19:58:18,2026-05-02 19:58:30,2026-05-02 19:59:53,FSSC审核岗,1,,应付成本组,自动派单,已派任务少（优先派）,2026-05-02 19:59:53,PC端,AUD06,审核员06,2026-05-02 21:03:53,同意,,审核通过,4分47秒,--,0,,是,1,1,231秒,,0,,,--
财务会计,AP-2026-001831,2026-05-19,通用报销单,应付付款单（材料采购）,A04,示例集团·丁公司,MAK06,制单人06,,2,示例集团财务共享中心（本部）,财务共享,应付付款单（材料采购）,通用审批类,2026-06-10 11:43:36,2026-06-10 11:44:02,2026-06-10 11:45:18,FSSC审核岗,1,,应付成本组,自动派单,已派任务少（优先派）,2026-06-10 11:45:18,移动端,AUD07,审核员07,2026-06-10 11:50:18,同意,,审核通过,23分11秒,--,0,,是,1,1,272秒,,0,,,--
财务会计,AP-2026-001832,2026-04-07,付款单,应付付款单（服务费）,A05,示例集团·戊公司,MAK12,制单人12,,5,示例集团财务共享中心（本部）,财务共享,应付付款单（服务费）,通用审批类,2026-04-27 16:06:57,2026-04-27 16:07:12,2026-04-27 16:07:44,FSSC审核岗,1,,应付成本组,自动派单,已派任务少（优先派）,2026-04-27 16:07:44,PC端,AUD03,审核员03,2026-04-27 16:13:44,同意,,审核通过,16分40秒,--,0,,是,1,1,116秒,,0,,,--
费控服务,AP-2026-001833,2026-06-04,通用报销单,其他专项付款单,A01,示例集团·甲公司,MAK16,制单人16,,7,示例集团财务共享中心（本部）,财务共享,其他专项付款单,通用审批类,2026-04-25 15:59:16,2026-04-25 15:59:18,2026-04-25 16:00:40,FSSC审核岗,1,,应付成本组,自动派单,已派任务少（优先派）,2026-04-25 16:00:40,移动端,AUD03,审核员03,2026-04-25 18:26:40,同意,,审核通过,11分3秒,--,0,,是,1,1,133秒,,0,,,--
费控服务,AP-2026-001834,2026-03-13,应付发票,应付付款单（材料采购）,A02,示例集团·乙公司,MAK01,制单人01,,5,示例集团财务共享中心（本部）,财务共享,应付付款单（材料采购）,通用审批类,2026-01-27 10:20:06,2026-01-27 10:20:59,2026-01-27 10:21:03,FSSC审核岗,1,,应付成本组,自动派单,已派任务少（优先派）,2026-01-27 10:21:03,PC端,AUD07,审核员07,2026-01-27 12:26:03,同意,,审核通过,21分34秒,--,0,,是,1,1,265秒,,0,,,--
财务会计,AP-2026-001835,2026-04-21,通用报销单,通用报销单（费用报销）,A01,示例集团·甲公司,MAK10,制单人10,,4,示例集团财务共享中心（本部）,财务共享,通用报销单（费用报销）,通用审批类,2026-04-05 10:57:41,2026-04-05 10:58:34,2026-04-05 11:00:02,FSSC审核岗,1,,应付成本组,自动派单,已派任务少（优先派）,2026-04-05 11:00:02,PC端,AUD07,审核员07,2026-04-05 13:53:02,同意,,审核通过,5分5秒,--,0,,是,1,1,90秒,,0,,,--
财务会计,AP-2026-001836,2026-04-11,付款单,应付确认单（物料类）,A04,示例集团·丁公司,MAK06,制单人06,,5,示例集团财务共享中心（本部）,财务共享,应付确认单（物料类）,通用审批类,2026-05-27 08:31:49,2026-05-27 08:32:23,2026-05-27 08:32:33,FSSC审核岗,1,,应付成本组,自动派单,已派任务少（优先派）,2026-05-27 08:32:33,移动端,AUD01,审核员01,2026-05-27 11:03:33,驳回,业务类型填写错误,审核驳回,2分22秒,15分46秒,0,,是,1,1,168秒,驳回,1,制单人,制单人06,1
费控服务,AP-2026-001837,2026-01-03,通用报销单,应付确认单（物料类）,A07,示例集团·庚公司,MAK05,制单人05,,1,示例集团财务共享中心（本部）,财务共享,应付确认单（物料类）,通用审批类,2026-03-16 09:21:44,2026-03-16 09:22:16,2026-03-16 09:24:06,FSSC审核岗,1,,应付成本组,自动派单,已派任务少（优先派）,2026-03-16 09:24:06,PC端,AUD06,审核员06,2026-03-16 12:38:06,同意,,审核通过,26分27秒,--,0,,是,1,1,128秒,,0,,,--
财务会计,AP-2026-001838,2026-02-09,付款单,通用报销单（费用报销）,A02,示例集团·乙公司,MAK09,制单人09,,8,示例集团财务共享中心（本部）,财务共享,通用报销单（费用报销）,通用审批类,2026-02-27 20:27:07,2026-02-27 20:27:55,2026-02-27 20:28:48,FSSC审核岗,1,,应付成本组,自动派单,已派任务少（优先派）,2026-02-27 20:28:48,PC端,AUD05,审核员05,2026-02-27 21:03:48,同意,,审核通过,24分57秒,--,0,,是,1,1,231秒,,0,,,--
财务会计,AP-2026-001839,2026-04-01,付款单,应付付款单（差旅费）,A02,示例集团·乙公司,MAK03,制单人03,,5,示例集团财务共享中心（本部）,财务共享,应付付款单（差旅费）,通用审批类,2026-03-11 08:18:09,2026-03-11 08:18:13,2026-03-11 08:18:54,FSSC审核岗,1,,应付成本组,自动派单,已派任务少（优先派）,2026-03-11 08:18:54,PC端,AUD07,审核员07,2026-03-11 10:54:54,同意,,审核通过,27分38秒,--,0,,是,1,1,238秒,,0,,,--
费控服务,AP-2026-001840,2026-02-07,应付发票,应付付款单（材料采购）,A05,示例集团·戊公司,MAK02,制单人02,,6,示例集团财务共享中心（本部）,财务共享,应付付款单（材料采购）,通用审批类,2026-03-17 08:47:48,2026-03-17 08:48:26,2026-03-17 08:48:31,FSSC审核岗,1,,应付成本组,自动派单,已派任务少（优先派）,2026-03-17 08:48:31,PC端,AUD02,审核员02,2026-03-17 09:16:31,驳回,附件信息不一致,审核驳回,7分54秒,14分38秒,0,,是,2,1,86秒,驳回,1,前端单位,示例集团·戊公司,2
财务会计,AP-2026-001841,2026-03-04,通用报销单,应付确认单（物料类）,A05,示例集团·戊公司,MAK09,制单人09,,8,示例集团财务共享中心（本部）,财务共享,应付确认单（物料类）,通用审批类,2026-06-02 12:51:57,2026-06-02 12:52:23,2026-06-02 12:53:48,FSSC审核岗,1,,应付成本组,自动派单,已派任务少（优先派）,2026-06-02 12:53:48,PC端,AUD04,审核员04,2026-06-02 13:23:48,同意,,审核通过,8分26秒,--,0,,是,1,1,270秒,,0,,,--
财务会计,AP-2026-001842,2026-05-17,通用报销单,应付付款单（差旅费）,A05,示例集团·戊公司,MAK09,制单人09,,6,示例集团财务共享中心（本部）,财务共享,应付付款单（差旅费）,通用审批类,2026-04-14 17:02:22,2026-04-14 17:03:03,2026-04-14 17:03:08,FSSC审核岗,1,,应付成本组,自动派单,已派任务少（优先派）,2026-04-14 17:03:08,PC端,AUD03,审核员03,2026-04-14 19:53:08,同意,,审核通过,36分34秒,--,0,,是,1,1,92秒,,0,,,--
财务会计,AP-2026-001843,2026-03-16,应付发票,其他专项付款单,A04,示例集团·丁公司,MAK03,制单人03,,7,示例集团财务共享中心（本部）,财务共享,其他专项付款单,通用审批类,2026-06-06 08:46:40,2026-06-06 08:47:16,2026-06-06 08:47:31,FSSC审核岗,1,,应付成本组,自动派单,已派任务少（优先派）,2026-06-06 08:47:31,移动端,AUD01,审核员01,2026-06-06 11:40:31,同意,,审核通过,10分40秒,--,0,,是,1,1,108秒,,0,,,--
财务会计,AP-2026-001844,2026-04-15,付款单,应付付款单（材料采购）,A05,示例集团·戊公司,MAK06,制单人06,,8,示例集团财务共享中心（本部）,财务共享,应付付款单（材料采购）,通用审批类,2026-02-24 19:49:01,2026-02-24 19:49:36,2026-02-24 19:50:05,FSSC审核岗,1,,应付成本组,自动派单,已派任务少（优先派）,2026-02-24 19:50:05,PC端,AUD02,审核员02,2026-02-24 20:03:05,同意,,审核通过,39分37秒,--,0,,是,1,1,200秒,,0,,,--
费控服务,AP-2026-001845,2026-05-20,应付发票,应付确认单（物料类）,A01,示例集团·甲公司,MAK05,制单人05,,6,示例集团财务共享中心（本部）,财务共享,应付确认单（物料类）,通用审批类,2026-06-15 09:16:24,2026-06-15 09:16:55,2026-06-15 09:17:29,FSSC审核岗,1,,应付成本组,自动派单,已派任务少（优先派）,2026-06-15 09:17:29,PC端,AUD07,审核员07,2026-06-15 11:42:29,驳回,未关联合同,审核驳回,34分32秒,29分23秒,0,,是,2,1,45秒,驳回,1,制单人,制单人05,2
财务会计,AP-2026-001846,2026-02-04,应付发票,应付付款单（差旅费）,A13,示例集团·子公司丙,MAK06,制单人06,,4,示例集团财务共享中心（本部）,财务共享,应付付款单（差旅费）,通用审批类,2026-01-12 14:02:22,2026-01-12 14:03:05,2026-01-12 14:04:23,FSSC审核岗,1,,应付成本组,自动派单,已派任务少（优先派）,2026-01-12 14:04:23,PC端,AUD04,审核员04,2026-01-12 15:38:23,同意,,审核通过,16分59秒,--,0,,是,1,1,55秒,,0,,,--
费控服务,AP-2026-001847,2026-03-07,付款单,应付确认单（物料类）,A05,示例集团·戊公司,MAK15,制单人15,,3,示例集团财务共享中心（本部）,财务共享,应付确认单（物料类）,通用审批类,2026-06-01 19:02:08,2026-06-01 19:02:31,2026-06-01 19:03:39,FSSC审核岗,1,,应付成本组,自动派单,已派任务少（优先派）,2026-06-01 19:03:39,移动端,AUD05,审核员05,2026-06-01 20:32:39,同意,,审核通过,16分49秒,--,0,,是,1,1,250秒,,0,,,--
费控服务,AP-2026-001848,2026-06-22,付款单,其他专项付款单,A08,示例集团·辛公司,MAK08,制单人08,,4,示例集团财务共享中心（本部）,财务共享,其他专项付款单,通用审批类,2026-05-16 19:35:30,2026-05-16 19:35:37,2026-05-16 19:36:53,FSSC审核岗,1,,应付成本组,自动派单,已派任务少（优先派）,2026-05-16 19:36:53,PC端,AUD02,审核员02,2026-05-16 20:18:53,同意,,审核通过,36分30秒,--,0,,是,1,1,88秒,,0,,,--
财务会计,AP-2026-001849,2026-02-02,通用报销单,应付确认单（物料类）,A01,示例集团·甲公司,MAK02,制单人02,,8,示例集团财务共享中心（本部）,财务共享,应付确认单（物料类）,通用审批类,2026-02-10 13:20:01,2026-02-10 13:20:44,2026-02-10 13:20:52,FSSC审核岗,1,,应付成本组,自动派单,已派任务少（优先派）,2026-02-10 13:20:52,PC端,AUD02,审核员02,2026-02-10 14:48:52,同意,,审核通过,3分42秒,--,0,,是,1,1,298秒,,0,,,--
费控服务,AP-2026-001850,2026-04-28,付款单,其他专项付款单,A06,示例集团·己公司,MAK09,制单人09,,0,示例集团财务共享中心（本部）,财务共享,其他专项付款单,通用审批类,2026-05-15 11:33:32,2026-05-15 11:34:03,2026-05-15 11:34:21,FSSC审核岗,1,,应付成本组,自动派单,已派任务少（优先派）,2026-05-15 11:34:21,移动端,AUD02,审核员02,2026-05-15 12:54:21,同意,,审核通过,13分51秒,--,0,,是,1,1,154秒,,0,,,--
财务会计,AP-2026-001851,2026-02-01,付款单,通用报销单（费用报销）,A02,示例集团·乙公司,MAK04,制单人04,,7,示例集团财务共享中心（本部）,财务共享,通用报销单（费用报销）,通用审批类,2026-06-10 11:20:10,2026-06-10 11:20:50,2026-06-10 11:21:30,FSSC审核岗,1,,应付成本组,自动派单,已派任务少（优先派）,2026-06-10 11:21:30,PC端,AUD05,审核员05,2026-06-10 14:00:30,同意,,审核通过,18分6秒,--,0,,是,1,1,234秒,,0,,,--
费控服务,AP-2026-001852,2026-02-11,应付发票,应付确认单（物料类）,A20,示例集团·子公司癸,MAK10,制单人10,,6,示例集团财务共享中心（本部）,财务共享,应付确认单（物料类）,通用审批类,2026-03-13 10:32:39,2026-03-13 10:33:11,2026-03-13 10:34:40,FSSC审核岗,1,,应付成本组,自动派单,已派任务少（优先派）,2026-03-13 10:34:40,PC端,AUD05,审核员05,2026-03-13 11:24:40,同意,,审核通过,11分9秒,--,0,,是,1,1,182秒,,0,,,--
财务会计,AP-2026-001853,2026-03-02,付款单,应付付款单（服务费）,A02,示例集团·乙公司,MAK13,制单人13,,7,示例集团财务共享中心（本部）,财务共享,应付付款单（服务费）,通用审批类,2026-02-08 08:08:14,2026-02-08 08:09:12,2026-02-08 08:09:49,FSSC审核岗,1,,应付成本组,自动派单,已派任务少（优先派）,2026-02-08 08:09:49,移动端,AUD05,审核员05,2026-02-08 08:19:49,同意,,审核通过,7分11秒,--,0,,是,1,1,194秒,,0,,,--
财务会计,AP-2026-001854,2026-05-02,通用报销单,应付付款单（材料采购）,A01,示例集团·甲公司,MAK06,制单人06,,6,示例集团财务共享中心（本部）,财务共享,应付付款单（材料采购）,通用审批类,2026-06-17 18:10:49,2026-06-17 18:11:45,2026-06-17 18:12:50,FSSC审核岗,1,,应付成本组,自动派单,已派任务少（优先派）,2026-06-17 18:12:50,PC端,AUD04,审核员04,2026-06-17 18:16:50,同意,,审核通过,3分45秒,--,0,,是,1,1,287秒,,0,,,--
财务会计,AP-2026-001855,2026-05-05,付款单,应付付款单（材料采购）,A11,示例集团·子公司甲,MAK14,制单人14,,3,示例集团财务共享中心（本部）,财务共享,应付付款单（材料采购）,通用审批类,2026-06-10 20:17:31,2026-06-10 20:18:12,2026-06-10 20:19:31,FSSC审核岗,1,,应付成本组,自动派单,已派任务少（优先派）,2026-06-10 20:19:31,移动端,AUD02,审核员02,2026-06-10 20:28:31,同意,,审核通过,27分5秒,--,0,,是,1,1,177秒,,0,,,--
财务会计,AP-2026-001856,2026-01-18,通用报销单,其他专项付款单,A02,示例集团·乙公司,MAK07,制单人07,,8,示例集团财务共享中心（本部）,财务共享,其他专项付款单,通用审批类,2026-02-28 12:19:19,2026-02-28 12:19:29,2026-02-28 12:19:31,FSSC审核岗,1,,应付成本组,自动派单,已派任务少（优先派）,2026-02-28 12:19:31,PC端,AUD03,审核员03,2026-02-28 12:57:31,同意,,审核通过,10分16秒,--,0,,是,1,1,284秒,,0,,,--
财务会计,AP-2026-001857,2026-06-08,付款单,应付付款单（材料采购）,A06,示例集团·己公司,MAK07,制单人07,,2,示例集团财务共享中心（本部）,财务共享,应付付款单（材料采购）,通用审批类,2026-06-03 12:23:02,2026-06-03 12:23:17,2026-06-03 12:23:27,FSSC审核岗,1,,应付成本组,自动派单,已派任务少（优先派）,2026-06-03 12:23:27,PC端,AUD06,审核员06,2026-06-03 12:52:27,同意,附件不完整,审核通过,25分43秒,38分51秒,0,,是,1,1,72秒,,0,,,1
财务会计,AP-2026-001858,2026-05-08,通用报销单,应付付款单（服务费）,A15,示例集团·子公司戊,MAK13,制单人13,,1,示例集团财务共享中心（本部）,财务共享,应付付款单（服务费）,通用审批类,2026-04-01 14:05:01,2026-04-01 14:05:18,2026-04-01 14:06:17,FSSC审核岗,1,,应付成本组,自动派单,已派任务少（优先派）,2026-04-01 14:06:17,移动端,AUD05,审核员05,2026-04-01 14:30:17,同意,,审核通过,7分52秒,--,0,,是,1,1,74秒,,0,,,--
财务会计,AP-2026-001859,2026-01-22,应付发票,应付付款单（材料采购）,A09,示例集团·壬公司,MAK14,制单人14,,0,示例集团财务共享中心（本部）,财务共享,应付付款单（材料采购）,通用审批类,2026-04-10 19:31:26,2026-04-10 19:32:02,2026-04-10 19:33:13,FSSC审核岗,1,,应付成本组,自动派单,已派任务少（优先派）,2026-04-10 19:33:13,PC端,AUD03,审核员03,2026-04-10 22:25:13,同意,,审核通过,15分16秒,--,0,,是,1,1,50秒,,0,,,--
财务会计,AP-2026-001860,2026-06-04,通用报销单,其他专项付款单,A03,示例集团·丙公司,MAK04,制单人04,,5,示例集团财务共享中心（本部）,财务共享,其他专项付款单,通用审批类,2026-03-18 18:06:19,2026-03-18 18:06:20,2026-03-18 18:07:04,FSSC审核岗,1,,应付成本组,自动派单,已派任务少（优先派）,2026-03-18 18:07:04,移动端,AUD01,审核员01,2026-03-18 18:29:04,同意,,审核通过,8分28秒,--,0,,是,1,1,11秒,,0,,,--
财务会计,AP-2026-001861,2026-05-14,付款单,应付付款单（材料采购）,A03,示例集团·丙公司,MAK08,制单人08,,8,示例集团财务共享中心（本部）,财务共享,应付付款单（材料采购）,通用审批类,2026-01-09 20:03:51,2026-01-09 20:04:49,2026-01-09 20:05:39,FSSC审核岗,1,,应付成本组,自动派单,已派任务少（优先派）,2026-01-09 20:05:39,移动端,AUD04,审核员04,2026-01-09 22:02:39,同意,,审核通过,30分33秒,--,0,,是,1,1,118秒,,0,,,--
财务会计,AP-2026-001862,2026-01-26,应付发票,应付付款单（差旅费）,A01,示例集团·甲公司,MAK04,制单人04,,7,示例集团财务共享中心（本部）,财务共享,应付付款单（差旅费）,通用审批类,2026-02-13 12:20:30,2026-02-13 12:20:39,2026-02-13 12:22:17,FSSC审核岗,1,,应付成本组,自动派单,已派任务少（优先派）,2026-02-13 12:22:17,移动端,AUD02,审核员02,2026-02-13 13:02:17,同意,,审核通过,39分17秒,--,0,,是,1,1,37秒,,0,,,--
财务会计,AP-2026-001863,2026-06-28,应付发票,应付付款单（差旅费）,A05,示例集团·戊公司,MAK05,制单人05,,3,示例集团财务共享中心（本部）,财务共享,应付付款单（差旅费）,通用审批类,2026-02-20 18:37:39,2026-02-20 18:38:38,2026-02-20 18:39:46,FSSC审核岗,1,,应付成本组,自动派单,已派任务少（优先派）,2026-02-20 18:39:46,移动端,AUD02,审核员02,2026-02-20 20:35:46,驳回,附件不完整,审核驳回,39分6秒,26分47秒,0,,是,1,1,157秒,驳回,1,制单人,制单人05,1
费控服务,AP-2026-001864,2026-06-10,通用报销单,应付付款单（差旅费）,A01,示例集团·甲公司,MAK14,制单人14,,8,示例集团财务共享中心（本部）,财务共享,应付付款单（差旅费）,通用审批类,2026-02-13 08:14:10,2026-02-13 08:14:38,2026-02-13 08:16:16,FSSC审核岗,1,,应付成本组,自动派单,已派任务少（优先派）,2026-02-13 08:16:16,移动端,AUD03,审核员03,2026-02-13 10:12:16,同意,,审核通过,3分22秒,--,0,,是,1,1,260秒,,0,,,--
费控服务,AP-2026-001865,2026-06-27,应付发票,通用报销单（费用报销）,A15,示例集团·子公司戊,MAK07,制单人07,,3,示例集团财务共享中心（本部）,财务共享,通用报销单（费用报销）,通用审批类,2026-02-18 17:25:41,2026-02-18 17:26:03,2026-02-18 17:26:41,FSSC审核岗,1,,应付成本组,自动派单,已派任务少（优先派）,2026-02-18 17:26:41,移动端,AUD01,审核员01,2026-02-18 19:11:41,同意,,审核通过,26分2秒,--,0,,是,1,1,208秒,,0,,,--
财务会计,AP-2026-001866,2026-03-10,付款单,应付确认单（物料类）,A16,示例集团·子公司己,MAK01,制单人01,,4,示例集团财务共享中心（本部）,财务共享,应付确认单（物料类）,通用审批类,2026-06-20 12:56:35,2026-06-20 12:57:00,2026-06-20 12:58:40,FSSC审核岗,1,,应付成本组,自动派单,已派任务少（优先派）,2026-06-20 12:58:40,PC端,AUD02,审核员02,2026-06-20 15:41:40,同意,,审核通过,33分16秒,--,0,,是,1,1,274秒,,0,,,--
财务会计,AP-2026-001867,2026-05-13,应付发票,应付确认单（物料类）,A01,示例集团·甲公司,MAK01,制单人01,,3,示例集团财务共享中心（本部）,财务共享,应付确认单（物料类）,通用审批类,2026-03-02 15:51:29,2026-03-02 15:51:30,2026-03-02 15:53:07,FSSC审核岗,1,,应付成本组,自动派单,已派任务少（优先派）,2026-03-02 15:53:07,移动端,AUD05,审核员05,2026-03-02 16:12:07,同意,,审核通过,31分20秒,--,0,,是,1,1,168秒,,0,,,--
财务会计,AP-2026-001868,2026-01-02,通用报销单,应付付款单（材料采购）,A06,示例集团·己公司,MAK13,制单人13,,0,示例集团财务共享中心（本部）,财务共享,应付付款单（材料采购）,通用审批类,2026-02-04 09:28:06,2026-02-04 09:28:43,2026-02-04 09:30:14,FSSC审核岗,1,,应付成本组,自动派单,已派任务少（优先派）,2026-02-04 09:30:14,PC端,AUD06,审核员06,2026-02-04 12:45:14,同意,附件信息不一致,审核通过,18分39秒,6分17秒,0,,是,1,1,156秒,,0,,,1
财务会计,AP-2026-001869,2026-05-11,通用报销单,应付确认单（物料类）,A03,示例集团·丙公司,MAK16,制单人16,,6,示例集团财务共享中心（本部）,财务共享,应付确认单（物料类）,通用审批类,2026-04-09 11:14:14,2026-04-09 11:14:57,2026-04-09 11:16:22,FSSC审核岗,1,,应付成本组,自动派单,已派任务少（优先派）,2026-04-09 11:16:22,PC端,AUD06,审核员06,2026-04-09 13:29:22,同意,,审核通过,22分23秒,--,0,,是,1,1,92秒,,0,,,--
财务会计,AP-2026-001870,2026-06-22,应付发票,通用报销单（费用报销）,A02,示例集团·乙公司,MAK16,制单人16,,2,示例集团财务共享中心（本部）,财务共享,通用报销单（费用报销）,通用审批类,2026-06-24 11:23:15,2026-06-24 11:24:14,2026-06-24 11:24:15,FSSC审核岗,1,,应付成本组,自动派单,已派任务少（优先派）,2026-06-24 11:24:15,移动端,AUD04,审核员04,2026-06-24 14:38:15,驳回,业务类型填写错误,审核驳回,25分40秒,23分13秒,0,,是,3,1,207秒,驳回,1,制单人,制单人16,3
财务会计,AP-2026-001871,2026-01-21,付款单,其他专项付款单,A09,示例集团·壬公司,MAK16,制单人16,,8,示例集团财务共享中心（本部）,财务共享,其他专项付款单,通用审批类,2026-05-15 11:36:55,2026-05-15 11:37:15,2026-05-15 11:38:53,FSSC审核岗,1,,应付成本组,自动派单,已派任务少（优先派）,2026-05-15 11:38:53,移动端,AUD05,审核员05,2026-05-15 13:28:53,同意,,审核通过,32分45秒,--,0,,是,1,1,87秒,,0,,,--
财务会计,AP-2026-001872,2026-01-18,通用报销单,其他专项付款单,A15,示例集团·子公司戊,MAK04,制单人04,,6,示例集团财务共享中心（本部）,财务共享,其他专项付款单,通用审批类,2026-03-13 13:42:15,2026-03-13 13:43:09,2026-03-13 13:44:29,FSSC审核岗,1,,应付成本组,自动派单,已派任务少（优先派）,2026-03-13 13:44:29,PC端,AUD06,审核员06,2026-03-13 14:24:29,同意,,审核通过,36分29秒,--,0,,是,1,1,57秒,,0,,,--
财务会计,AP-2026-001873,2026-05-08,应付发票,通用报销单（费用报销）,A03,示例集团·丙公司,MAK02,制单人02,,6,示例集团财务共享中心（本部）,财务共享,通用报销单（费用报销）,通用审批类,2026-03-26 09:57:48,2026-03-26 09:58:19,2026-03-26 10:00:17,FSSC审核岗,1,,应付成本组,自动派单,已派任务少（优先派）,2026-03-26 10:00:17,PC端,AUD07,审核员07,2026-03-26 12:36:17,同意,,审核通过,1分23秒,--,0,,是,1,1,196秒,,0,,,--
财务会计,AP-2026-001874,2026-05-27,通用报销单,其他专项付款单,A06,示例集团·己公司,MAK02,制单人02,,8,示例集团财务共享中心（本部）,财务共享,其他专项付款单,通用审批类,2026-01-05 09:56:45,2026-01-05 09:56:53,2026-01-05 09:57:43,FSSC审核岗,1,,应付成本组,自动派单,已派任务少（优先派）,2026-01-05 09:57:43,移动端,AUD07,审核员07,2026-01-05 10:32:43,同意,,审核通过,40分12秒,--,0,,是,1,1,199秒,,0,,,--
财务会计,AP-2026-001875,2026-05-27,应付发票,应付付款单（差旅费）,A09,示例集团·壬公司,MAK07,制单人07,,0,示例集团财务共享中心（本部）,财务共享,应付付款单（差旅费）,通用审批类,2026-03-20 15:00:06,2026-03-20 15:00:25,2026-03-20 15:01:50,FSSC审核岗,1,,应付成本组,自动派单,已派任务少（优先派）,2026-03-20 15:01:50,PC端,AUD03,审核员03,2026-03-20 17:42:50,同意,,审核通过,15分38秒,--,0,,是,1,1,131秒,,0,,,--
财务会计,AP-2026-001876,2026-02-04,通用报销单,通用报销单（费用报销）,A02,示例集团·乙公司,MAK03,制单人03,,0,示例集团财务共享中心（本部）,财务共享,通用报销单（费用报销）,通用审批类,2026-05-13 19:37:09,2026-05-13 19:37:33,2026-05-13 19:38:15,FSSC审核岗,1,,应付成本组,自动派单,已派任务少（优先派）,2026-05-13 19:38:15,PC端,AUD05,审核员05,2026-05-13 20:11:15,同意,,审核通过,22分1秒,--,0,,是,1,1,98秒,,0,,,--
费控服务,AP-2026-001877,2026-01-03,付款单,其他专项付款单,A04,示例集团·丁公司,MAK01,制单人01,,7,示例集团财务共享中心（本部）,财务共享,其他专项付款单,通用审批类,2026-01-04 18:49:47,2026-01-04 18:49:51,2026-01-04 18:50:02,FSSC审核岗,1,,应付成本组,自动派单,已派任务少（优先派）,2026-01-04 18:50:02,移动端,AUD01,审核员01,2026-01-04 20:14:02,同意,,审核通过,13分35秒,--,0,,是,1,1,142秒,,0,,,--
财务会计,AP-2026-001878,2026-02-21,付款单,应付付款单（服务费）,A10,示例集团·癸公司,MAK16,制单人16,,3,示例集团财务共享中心（本部）,财务共享,应付付款单（服务费）,通用审批类,2026-05-03 11:00:03,2026-05-03 11:00:47,2026-05-03 11:02:22,FSSC审核岗,1,,应付成本组,自动派单,已派任务少（优先派）,2026-05-03 11:02:22,PC端,AUD06,审核员06,2026-05-03 13:25:22,同意,,审核通过,34分54秒,--,0,,是,1,1,165秒,,0,,,--
费控服务,AP-2026-001879,2026-06-02,通用报销单,应付付款单（服务费）,A08,示例集团·辛公司,MAK07,制单人07,,0,示例集团财务共享中心（本部）,财务共享,应付付款单（服务费）,通用审批类,2026-06-23 16:54:25,2026-06-23 16:54:56,2026-06-23 16:55:13,FSSC审核岗,1,,应付成本组,自动派单,已派任务少（优先派）,2026-06-23 16:55:13,PC端,AUD05,审核员05,2026-06-23 17:46:13,同意,,审核通过,17分42秒,--,0,,是,1,1,144秒,,0,,,--
财务会计,AP-2026-001880,2026-06-15,付款单,应付确认单（物料类）,A06,示例集团·己公司,MAK08,制单人08,,8,示例集团财务共享中心（本部）,财务共享,应付确认单（物料类）,通用审批类,2026-06-14 13:20:46,2026-06-14 13:21:13,2026-06-14 13:21:22,FSSC审核岗,1,,应付成本组,自动派单,已派任务少（优先派）,2026-06-14 13:21:22,移动端,AUD07,审核员07,2026-06-14 15:57:22,同意,,审核通过,36分8秒,--,0,,是,1,1,81秒,,0,,,--
财务会计,AP-2026-001881,2026-04-24,付款单,应付付款单（服务费）,A01,示例集团·甲公司,MAK04,制单人04,,0,示例集团财务共享中心（本部）,财务共享,应付付款单（服务费）,通用审批类,2026-01-04 15:24:04,2026-01-04 15:24:45,2026-01-04 15:26:06,FSSC审核岗,1,,应付成本组,自动派单,已派任务少（优先派）,2026-01-04 15:26:06,移动端,AUD01,审核员01,2026-01-04 18:07:06,同意,,审核通过,10分12秒,--,0,,是,1,1,221秒,,0,,,--
财务会计,AP-2026-001882,2026-02-20,通用报销单,应付付款单（材料采购）,A03,示例集团·丙公司,MAK02,制单人02,,4,示例集团财务共享中心（本部）,财务共享,应付付款单（材料采购）,通用审批类,2026-01-07 13:58:40,2026-01-07 13:59:20,2026-01-07 14:00:36,FSSC审核岗,1,,应付成本组,自动派单,已派任务少（优先派）,2026-01-07 14:00:36,PC端,AUD05,审核员05,2026-01-07 14:17:36,同意,,审核通过,1分53秒,--,0,,是,1,1,134秒,,0,,,--
费控服务,AP-2026-001883,2026-04-23,应付发票,应付付款单（服务费）,A02,示例集团·乙公司,MAK13,制单人13,,6,示例集团财务共享中心（本部）,财务共享,应付付款单（服务费）,通用审批类,2026-01-22 10:21:08,2026-01-22 10:21:59,2026-01-22 10:23:55,FSSC审核岗,1,,应付成本组,自动派单,已派任务少（优先派）,2026-01-22 10:23:55,PC端,AUD05,审核员05,2026-01-22 12:40:55,同意,,审核通过,30分58秒,--,0,,是,1,1,62秒,,0,,,--
费控服务,AP-2026-001884,2026-02-19,付款单,通用报销单（费用报销）,A02,示例集团·乙公司,MAK15,制单人15,,6,示例集团财务共享中心（本部）,财务共享,通用报销单（费用报销）,通用审批类,2026-02-20 17:20:54,2026-02-20 17:21:50,2026-02-20 17:22:12,FSSC审核岗,1,,应付成本组,自动派单,已派任务少（优先派）,2026-02-20 17:22:12,移动端,AUD02,审核员02,2026-02-20 18:10:12,同意,,审核通过,17分16秒,--,0,,是,1,1,164秒,,0,,,--
费控服务,AP-2026-001885,2026-01-26,通用报销单,应付付款单（服务费）,A08,示例集团·辛公司,MAK05,制单人05,,1,示例集团财务共享中心（本部）,财务共享,应付付款单（服务费）,通用审批类,2026-04-25 19:46:34,2026-04-25 19:47:02,2026-04-25 19:48:07,FSSC审核岗,1,,应付成本组,自动派单,已派任务少（优先派）,2026-04-25 19:48:07,PC端,AUD07,审核员07,2026-04-25 20:17:07,同意,,审核通过,20分50秒,--,0,,是,1,1,123秒,,0,,,--
财务会计,AP-2026-001886,2026-02-23,通用报销单,应付付款单（差旅费）,A02,示例集团·乙公司,MAK07,制单人07,,0,示例集团财务共享中心（本部）,财务共享,应付付款单（差旅费）,通用审批类,2026-05-18 15:30:05,2026-05-18 15:30:59,2026-05-18 15:31:42,FSSC审核岗,1,,应付成本组,自动派单,已派任务少（优先派）,2026-05-18 15:31:42,移动端,AUD01,审核员01,2026-05-18 16:53:42,同意,,审核通过,25分44秒,--,0,,是,1,1,95秒,,0,,,--
财务会计,AP-2026-001887,2026-01-02,应付发票,应付付款单（差旅费）,A10,示例集团·癸公司,MAK09,制单人09,,3,示例集团财务共享中心（本部）,财务共享,应付付款单（差旅费）,通用审批类,2026-06-19 09:44:09,2026-06-19 09:44:11,2026-06-19 09:45:43,FSSC审核岗,1,,应付成本组,自动派单,已派任务少（优先派）,2026-06-19 09:45:43,PC端,AUD07,审核员07,2026-06-19 12:52:43,同意,,审核通过,30分10秒,--,0,,是,1,1,69秒,,0,,,--
财务会计,AP-2026-001888,2026-03-13,通用报销单,应付付款单（材料采购）,A04,示例集团·丁公司,MAK15,制单人15,,5,示例集团财务共享中心（本部）,财务共享,应付付款单（材料采购）,通用审批类,2026-06-05 11:20:32,2026-06-05 11:20:52,2026-06-05 11:21:02,FSSC审核岗,1,,应付成本组,自动派单,已派任务少（优先派）,2026-06-05 11:21:02,PC端,AUD07,审核员07,2026-06-05 13:39:02,同意,,审核通过,23分42秒,--,0,,是,1,1,300秒,,0,,,--
财务会计,AP-2026-001889,2026-01-15,应付发票,应付付款单（服务费）,A17,示例集团·子公司庚,MAK08,制单人08,,2,示例集团财务共享中心（本部）,财务共享,应付付款单（服务费）,通用审批类,2026-06-20 13:31:54,2026-06-20 13:32:32,2026-06-20 13:33:13,FSSC审核岗,1,,应付成本组,自动派单,已派任务少（优先派）,2026-06-20 13:33:13,移动端,AUD02,审核员02,2026-06-20 16:49:13,同意,,审核通过,17分46秒,--,0,,是,1,1,241秒,,0,,,--
财务会计,AP-2026-001890,2026-01-22,通用报销单,其他专项付款单,A03,示例集团·丙公司,MAK02,制单人02,,7,示例集团财务共享中心（本部）,财务共享,其他专项付款单,通用审批类,2026-02-15 08:13:45,2026-02-15 08:14:19,2026-02-15 08:15:14,FSSC审核岗,1,,应付成本组,自动派单,已派任务少（优先派）,2026-02-15 08:15:14,PC端,AUD01,审核员01,2026-02-15 08:53:14,同意,,审核通过,28分6秒,--,0,,是,1,1,62秒,,0,,,--
财务会计,AP-2026-001891,2026-01-28,付款单,其他专项付款单,A02,示例集团·乙公司,MAK16,制单人16,,8,示例集团财务共享中心（本部）,财务共享,其他专项付款单,通用审批类,2026-01-01 20:00:34,2026-01-01 20:00:37,2026-01-01 20:01:24,FSSC审核岗,1,,应付成本组,自动派单,已派任务少（优先派）,2026-01-01 20:01:24,PC端,AUD03,审核员03,2026-01-01 21:43:24,同意,未关联合同,审核通过,10分36秒,--,0,,是,1,1,139秒,,0,,,1
费控服务,AP-2026-001892,2026-02-08,通用报销单,应付付款单（服务费）,A20,示例集团·子公司癸,MAK09,制单人09,,7,示例集团财务共享中心（本部）,财务共享,应付付款单（服务费）,通用审批类,2026-02-02 15:43:45,2026-02-02 15:44:19,2026-02-02 15:45:27,FSSC审核岗,1,,应付成本组,自动派单,已派任务少（优先派）,2026-02-02 15:45:27,PC端,AUD04,审核员04,2026-02-02 16:37:27,驳回,附件不完整,审核驳回,15分45秒,23分48秒,0,,是,3,1,158秒,驳回,1,前端单位,示例集团·子公司癸,3
财务会计,AP-2026-001893,2026-03-05,付款单,应付确认单（物料类）,A06,示例集团·己公司,MAK03,制单人03,,6,示例集团财务共享中心（本部）,财务共享,应付确认单（物料类）,通用审批类,2026-06-15 08:35:18,2026-06-15 08:35:27,2026-06-15 08:36:37,FSSC审核岗,1,,应付成本组,自动派单,已派任务少（优先派）,2026-06-15 08:36:37,移动端,AUD01,审核员01,2026-06-15 10:37:37,同意,,审核通过,11分31秒,--,0,,是,1,1,230秒,,0,,,--
财务会计,AP-2026-001894,2026-01-03,应付发票,应付付款单（材料采购）,A10,示例集团·癸公司,MAK04,制单人04,,1,示例集团财务共享中心（本部）,财务共享,应付付款单（材料采购）,通用审批类,2026-03-24 13:22:21,2026-03-24 13:22:27,2026-03-24 13:23:55,FSSC审核岗,1,,应付成本组,自动派单,已派任务少（优先派）,2026-03-24 13:23:55,移动端,AUD03,审核员03,2026-03-24 16:25:55,驳回,未关联合同,审核驳回,3分32秒,20分44秒,0,,是,2,1,285秒,驳回,1,前端单位,示例集团·癸公司,2
财务会计,AP-2026-001895,2026-03-06,通用报销单,应付付款单（差旅费）,A10,示例集团·癸公司,MAK12,制单人12,,8,示例集团财务共享中心（本部）,财务共享,应付付款单（差旅费）,通用审批类,2026-02-01 11:26:00,2026-02-01 11:26:29,2026-02-01 11:26:47,FSSC审核岗,1,,应付成本组,自动派单,已派任务少（优先派）,2026-02-01 11:26:47,PC端,AUD01,审核员01,2026-02-01 12:00:47,同意,附件不完整,审核通过,15分0秒,13分42秒,0,,是,1,1,149秒,,0,,,1
财务会计,AP-2026-001896,2026-05-07,付款单,应付付款单（差旅费）,A08,示例集团·辛公司,MAK15,制单人15,,1,示例集团财务共享中心（本部）,财务共享,应付付款单（差旅费）,通用审批类,2026-05-07 17:07:27,2026-05-07 17:08:17,2026-05-07 17:09:31,FSSC审核岗,1,,应付成本组,自动派单,已派任务少（优先派）,2026-05-07 17:09:31,PC端,AUD05,审核员05,2026-05-07 17:46:31,同意,,审核通过,27分45秒,--,0,,是,1,1,212秒,,0,,,--
财务会计,AP-2026-001897,2026-06-14,通用报销单,应付付款单（差旅费）,A02,示例集团·乙公司,MAK07,制单人07,,5,示例集团财务共享中心（本部）,财务共享,应付付款单（差旅费）,通用审批类,2026-05-18 15:46:43,2026-05-18 15:47:03,2026-05-18 15:47:05,FSSC审核岗,1,,应付成本组,自动派单,已派任务少（优先派）,2026-05-18 15:47:05,PC端,AUD07,审核员07,2026-05-18 16:51:05,同意,附件信息不一致,审核通过,18分58秒,2分24秒,0,,是,1,1,60秒,,0,,,1
财务会计,AP-2026-001898,2026-05-01,付款单,应付付款单（材料采购）,A04,示例集团·丁公司,MAK05,制单人05,,7,示例集团财务共享中心（本部）,财务共享,应付付款单（材料采购）,通用审批类,2026-02-10 20:47:21,2026-02-10 20:47:57,2026-02-10 20:48:01,FSSC审核岗,1,,应付成本组,自动派单,已派任务少（优先派）,2026-02-10 20:48:01,PC端,AUD04,审核员04,2026-02-10 21:14:01,同意,,审核通过,27分19秒,--,0,,是,1,1,83秒,,0,,,--
费控服务,AP-2026-001899,2026-01-17,应付发票,其他专项付款单,A06,示例集团·己公司,MAK07,制单人07,,6,示例集团财务共享中心（本部）,财务共享,其他专项付款单,通用审批类,2026-01-10 09:07:22,2026-01-10 09:07:23,2026-01-10 09:08:04,FSSC审核岗,1,,应付成本组,自动派单,已派任务少（优先派）,2026-01-10 09:08:04,PC端,AUD05,审核员05,2026-01-10 09:13:04,同意,,审核通过,40分36秒,--,0,,是,1,1,222秒,,0,,,--
费控服务,AP-2026-001900,2026-03-11,付款单,通用报销单（费用报销）,A01,示例集团·甲公司,MAK12,制单人12,,0,示例集团财务共享中心（本部）,财务共享,通用报销单（费用报销）,通用审批类,2026-03-12 10:44:15,2026-03-12 10:45:00,2026-03-12 10:45:21,FSSC审核岗,1,,应付成本组,自动派单,已派任务少（优先派）,2026-03-12 10:45:21,PC端,AUD02,审核员02,2026-03-12 11:20:21,同意,,审核通过,21分32秒,--,0,,是,1,1,290秒,,0,,,--
财务会计,AP-2026-001901,2026-01-10,通用报销单,应付付款单（材料采购）,A02,示例集团·乙公司,MAK08,制单人08,,5,示例集团财务共享中心（本部）,财务共享,应付付款单（材料采购）,通用审批类,2026-05-09 19:03:44,2026-05-09 19:04:39,2026-05-09 19:06:11,FSSC审核岗,1,,应付成本组,自动派单,已派任务少（优先派）,2026-05-09 19:06:11,移动端,AUD04,审核员04,2026-05-09 20:25:11,同意,,审核通过,13分38秒,--,0,,是,1,1,196秒,,0,,,--
财务会计,AP-2026-001902,2026-04-11,付款单,应付确认单（物料类）,A01,示例集团·甲公司,MAK02,制单人02,,8,示例集团财务共享中心（本部）,财务共享,应付确认单（物料类）,通用审批类,2026-05-11 13:32:43,2026-05-11 13:33:11,2026-05-11 13:34:58,FSSC审核岗,1,,应付成本组,自动派单,已派任务少（优先派）,2026-05-11 13:34:58,移动端,AUD01,审核员01,2026-05-11 14:21:58,同意,,审核通过,35分11秒,--,0,,是,1,1,215秒,,0,,,--
财务会计,AP-2026-001903,2026-06-18,应付发票,其他专项付款单,A01,示例集团·甲公司,MAK02,制单人02,,7,示例集团财务共享中心（本部）,财务共享,其他专项付款单,通用审批类,2026-03-01 12:58:22,2026-03-01 12:59:14,2026-03-01 13:01:10,FSSC审核岗,1,,应付成本组,自动派单,已派任务少（优先派）,2026-03-01 13:01:10,PC端,AUD04,审核员04,2026-03-01 15:18:10,同意,,审核通过,8分53秒,--,0,,是,1,1,288秒,,0,,,--
费控服务,AP-2026-001904,2026-01-10,通用报销单,应付付款单（差旅费）,A04,示例集团·丁公司,MAK13,制单人13,,2,示例集团财务共享中心（本部）,财务共享,应付付款单（差旅费）,通用审批类,2026-06-08 13:44:21,2026-06-08 13:45:06,2026-06-08 13:46:45,FSSC审核岗,1,,应付成本组,自动派单,已派任务少（优先派）,2026-06-08 13:46:45,PC端,AUD06,审核员06,2026-06-08 15:02:45,同意,,审核通过,3分20秒,--,0,,是,1,1,190秒,,0,,,--
费控服务,AP-2026-001905,2026-03-20,应付发票,其他专项付款单,A06,示例集团·己公司,MAK08,制单人08,,5,示例集团财务共享中心（本部）,财务共享,其他专项付款单,通用审批类,2026-02-04 18:12:50,2026-02-04 18:13:19,2026-02-04 18:14:35,FSSC审核岗,1,,应付成本组,自动派单,已派任务少（优先派）,2026-02-04 18:14:35,移动端,AUD04,审核员04,2026-02-04 20:35:35,同意,,审核通过,30分26秒,--,0,,是,1,1,83秒,,0,,,--
财务会计,AP-2026-001906,2026-06-22,应付发票,应付付款单（材料采购）,A04,示例集团·丁公司,MAK05,制单人05,,0,示例集团财务共享中心（本部）,财务共享,应付付款单（材料采购）,通用审批类,2026-04-01 16:36:57,2026-04-01 16:37:52,2026-04-01 16:38:38,FSSC审核岗,1,,应付成本组,自动派单,已派任务少（优先派）,2026-04-01 16:38:38,移动端,AUD06,审核员06,2026-04-01 18:54:38,同意,,审核通过,7分56秒,--,0,,是,1,1,188秒,,0,,,--
费控服务,AP-2026-001907,2026-05-25,付款单,通用报销单（费用报销）,A08,示例集团·辛公司,MAK16,制单人16,,7,示例集团财务共享中心（本部）,财务共享,通用报销单（费用报销）,通用审批类,2026-06-23 16:38:49,2026-06-23 16:39:14,2026-06-23 16:39:22,FSSC审核岗,1,,应付成本组,自动派单,已派任务少（优先派）,2026-06-23 16:39:22,PC端,AUD02,审核员02,2026-06-23 16:41:22,同意,,审核通过,28分43秒,--,0,,是,1,1,46秒,,0,,,--
费控服务,AP-2026-001908,2026-02-17,通用报销单,应付付款单（材料采购）,A01,示例集团·甲公司,MAK09,制单人09,,3,示例集团财务共享中心（本部）,财务共享,应付付款单（材料采购）,通用审批类,2026-03-08 08:43:58,2026-03-08 08:44:30,2026-03-08 08:45:06,FSSC审核岗,1,,应付成本组,自动派单,已派任务少（优先派）,2026-03-08 08:45:06,PC端,AUD05,审核员05,2026-03-08 10:25:06,同意,,审核通过,37分38秒,--,0,,是,1,1,255秒,,0,,,--
财务会计,AP-2026-001909,2026-05-15,应付发票,应付付款单（差旅费）,A06,示例集团·己公司,MAK14,制单人14,,8,示例集团财务共享中心（本部）,财务共享,应付付款单（差旅费）,通用审批类,2026-03-11 19:25:59,2026-03-11 19:26:03,2026-03-11 19:28:00,FSSC审核岗,1,,应付成本组,自动派单,已派任务少（优先派）,2026-03-11 19:28:00,PC端,AUD05,审核员05,2026-03-11 20:25:00,同意,,审核通过,34分43秒,--,0,,是,1,1,190秒,,0,,,--
费控服务,AP-2026-001910,2026-06-21,应付发票,通用报销单（费用报销）,A13,示例集团·子公司丙,MAK03,制单人03,,7,示例集团财务共享中心（本部）,财务共享,通用报销单（费用报销）,通用审批类,2026-01-17 14:32:41,2026-01-17 14:32:48,2026-01-17 14:33:58,FSSC审核岗,1,,应付成本组,自动派单,已派任务少（优先派）,2026-01-17 14:33:58,移动端,AUD03,审核员03,2026-01-17 17:51:58,同意,,审核通过,26分44秒,--,0,,是,1,1,134秒,,0,,,--
财务会计,AP-2026-001911,2026-01-21,通用报销单,其他专项付款单,A01,示例集团·甲公司,MAK15,制单人15,,4,示例集团财务共享中心（本部）,财务共享,其他专项付款单,通用审批类,2026-05-16 17:18:39,2026-05-16 17:19:17,2026-05-16 17:20:36,FSSC审核岗,1,,应付成本组,自动派单,已派任务少（优先派）,2026-05-16 17:20:36,移动端,AUD04,审核员04,2026-05-16 20:27:36,同意,,审核通过,21分29秒,--,0,,是,1,1,139秒,,0,,,--
财务会计,AP-2026-001912,2026-02-02,通用报销单,其他专项付款单,A13,示例集团·子公司丙,MAK05,制单人05,,3,示例集团财务共享中心（本部）,财务共享,其他专项付款单,通用审批类,2026-03-27 10:47:27,2026-03-27 10:47:36,2026-03-27 10:48:26,FSSC审核岗,1,,应付成本组,自动派单,已派任务少（优先派）,2026-03-27 10:48:26,PC端,AUD01,审核员01,2026-03-27 13:32:26,同意,,审核通过,20分49秒,--,0,,是,1,1,241秒,,0,,,--
财务会计,AP-2026-001913,2026-06-13,应付发票,其他专项付款单,A12,示例集团·子公司乙,MAK16,制单人16,,5,示例集团财务共享中心（本部）,财务共享,其他专项付款单,通用审批类,2026-06-24 12:15:21,2026-06-24 12:15:59,2026-06-24 12:17:23,FSSC审核岗,1,,应付成本组,自动派单,已派任务少（优先派）,2026-06-24 12:17:23,PC端,AUD01,审核员01,2026-06-24 14:29:23,同意,,审核通过,37分47秒,--,0,,是,1,1,37秒,,0,,,--
费控服务,AP-2026-001914,2026-06-14,应付发票,应付付款单（材料采购）,A05,示例集团·戊公司,MAK10,制单人10,,8,示例集团财务共享中心（本部）,财务共享,应付付款单（材料采购）,通用审批类,2026-01-11 15:32:48,2026-01-11 15:33:03,2026-01-11 15:35:02,FSSC审核岗,1,,应付成本组,自动派单,已派任务少（优先派）,2026-01-11 15:35:02,移动端,AUD06,审核员06,2026-01-11 18:28:02,同意,,审核通过,5分24秒,--,0,,是,1,1,254秒,,0,,,--
财务会计,AP-2026-001915,2026-02-10,付款单,通用报销单（费用报销）,A05,示例集团·戊公司,MAK16,制单人16,,7,示例集团财务共享中心（本部）,财务共享,通用报销单（费用报销）,通用审批类,2026-02-27 19:13:03,2026-02-27 19:13:32,2026-02-27 19:14:56,FSSC审核岗,1,,应付成本组,自动派单,已派任务少（优先派）,2026-02-27 19:14:56,移动端,AUD02,审核员02,2026-02-27 22:06:56,驳回,特殊原因,审核驳回,30分24秒,13分20秒,0,,是,3,1,23秒,驳回,1,前端单位,示例集团·戊公司,3
财务会计,AP-2026-001916,2026-02-07,通用报销单,应付付款单（差旅费）,A07,示例集团·庚公司,MAK01,制单人01,,3,示例集团财务共享中心（本部）,财务共享,应付付款单（差旅费）,通用审批类,2026-06-05 11:12:45,2026-06-05 11:13:31,2026-06-05 11:14:36,FSSC审核岗,1,,应付成本组,自动派单,已派任务少（优先派）,2026-06-05 11:14:36,移动端,AUD04,审核员04,2026-06-05 12:37:36,同意,,审核通过,27分37秒,--,0,,是,1,1,184秒,,0,,,--
财务会计,AP-2026-001917,2026-01-02,通用报销单,通用报销单（费用报销）,A01,示例集团·甲公司,MAK09,制单人09,,3,示例集团财务共享中心（本部）,财务共享,通用报销单（费用报销）,通用审批类,2026-04-03 20:08:59,2026-04-03 20:09:52,2026-04-03 20:11:20,FSSC审核岗,1,,应付成本组,自动派单,已派任务少（优先派）,2026-04-03 20:11:20,PC端,AUD05,审核员05,2026-04-03 21:52:20,同意,,审核通过,21分44秒,--,0,,是,1,1,179秒,,0,,,--
费控服务,AP-2026-001918,2026-02-09,付款单,应付付款单（材料采购）,A11,示例集团·子公司甲,MAK05,制单人05,,5,示例集团财务共享中心（本部）,财务共享,应付付款单（材料采购）,通用审批类,2026-06-07 10:08:15,2026-06-07 10:08:33,2026-06-07 10:09:35,FSSC审核岗,1,,应付成本组,自动派单,已派任务少（优先派）,2026-06-07 10:09:35,移动端,AUD04,审核员04,2026-06-07 12:14:35,驳回,附件信息不一致,审核驳回,3分37秒,23分20秒,0,,是,2,1,198秒,驳回,1,制单人,制单人05,2
费控服务,AP-2026-001919,2026-05-05,应付发票,应付确认单（物料类）,A03,示例集团·丙公司,MAK08,制单人08,,5,示例集团财务共享中心（本部）,财务共享,应付确认单（物料类）,通用审批类,2026-01-04 15:16:04,2026-01-04 15:16:17,2026-01-04 15:17:11,FSSC审核岗,1,,应付成本组,自动派单,已派任务少（优先派）,2026-01-04 15:17:11,PC端,AUD07,审核员07,2026-01-04 16:37:11,同意,,审核通过,37分17秒,--,0,,是,1,1,250秒,,0,,,--
财务会计,AP-2026-001920,2026-06-18,付款单,通用报销单（费用报销）,A11,示例集团·子公司甲,MAK02,制单人02,,6,示例集团财务共享中心（本部）,财务共享,通用报销单（费用报销）,通用审批类,2026-06-22 17:05:40,2026-06-22 17:05:50,2026-06-22 17:06:52,FSSC审核岗,1,,应付成本组,自动派单,已派任务少（优先派）,2026-06-22 17:06:52,PC端,AUD02,审核员02,2026-06-22 20:00:52,同意,,审核通过,21分1秒,--,0,,是,1,1,234秒,,0,,,--
财务会计,AP-2026-001921,2026-02-28,通用报销单,通用报销单（费用报销）,A09,示例集团·壬公司,MAK02,制单人02,,8,示例集团财务共享中心（本部）,财务共享,通用报销单（费用报销）,通用审批类,2026-04-21 11:41:45,2026-04-21 11:42:26,2026-04-21 11:42:30,FSSC审核岗,1,,应付成本组,自动派单,已派任务少（优先派）,2026-04-21 11:42:30,移动端,AUD02,审核员02,2026-04-21 13:16:30,同意,,审核通过,23分15秒,--,0,,是,1,1,12秒,,0,,,--
费控服务,AP-2026-001922,2026-06-11,付款单,应付付款单（服务费）,A16,示例集团·子公司己,MAK06,制单人06,,8,示例集团财务共享中心（本部）,财务共享,应付付款单（服务费）,通用审批类,2026-03-05 14:13:45,2026-03-05 14:14:07,2026-03-05 14:15:02,FSSC审核岗,1,,应付成本组,自动派单,已派任务少（优先派）,2026-03-05 14:15:02,PC端,AUD03,审核员03,2026-03-05 14:17:02,同意,,审核通过,39分51秒,--,0,,是,1,1,169秒,,0,,,--
财务会计,AP-2026-001923,2026-05-16,应付发票,其他专项付款单,A15,示例集团·子公司戊,MAK04,制单人04,,2,示例集团财务共享中心（本部）,财务共享,其他专项付款单,通用审批类,2026-02-19 19:38:03,2026-02-19 19:38:20,2026-02-19 19:39:47,FSSC审核岗,1,,应付成本组,自动派单,已派任务少（优先派）,2026-02-19 19:39:47,移动端,AUD05,审核员05,2026-02-19 21:25:47,驳回,附件不完整,审核驳回,16分25秒,10分27秒,0,,是,3,1,298秒,驳回,1,前端单位,示例集团·子公司戊,3
财务会计,AP-2026-001924,2026-05-02,应付发票,其他专项付款单,A01,示例集团·甲公司,MAK16,制单人16,,7,示例集团财务共享中心（本部）,财务共享,其他专项付款单,通用审批类,2026-05-11 18:01:25,2026-05-11 18:01:32,2026-05-11 18:02:31,FSSC审核岗,1,,应付成本组,自动派单,已派任务少（优先派）,2026-05-11 18:02:31,PC端,AUD02,审核员02,2026-05-11 21:20:31,同意,,审核通过,2分58秒,--,0,,是,1,1,44秒,,0,,,--
财务会计,AP-2026-001925,2026-06-02,付款单,应付付款单（材料采购）,A17,示例集团·子公司庚,MAK11,制单人11,,1,示例集团财务共享中心（本部）,财务共享,应付付款单（材料采购）,通用审批类,2026-02-07 12:19:39,2026-02-07 12:19:42,2026-02-07 12:20:41,FSSC审核岗,1,,应付成本组,自动派单,已派任务少（优先派）,2026-02-07 12:20:41,PC端,AUD02,审核员02,2026-02-07 14:12:41,同意,,审核通过,25分11秒,--,0,,是,1,1,47秒,,0,,,--
费控服务,AP-2026-001926,2026-06-22,付款单,应付付款单（差旅费）,A06,示例集团·己公司,MAK04,制单人04,,1,示例集团财务共享中心（本部）,财务共享,应付付款单（差旅费）,通用审批类,2026-04-21 09:47:38,2026-04-21 09:47:49,2026-04-21 09:49:03,FSSC审核岗,1,,应付成本组,自动派单,已派任务少（优先派）,2026-04-21 09:49:03,移动端,AUD02,审核员02,2026-04-21 11:26:03,同意,,审核通过,1分54秒,--,0,,是,1,1,182秒,,0,,,--
费控服务,AP-2026-001927,2026-03-14,应付发票,应付付款单（材料采购）,A02,示例集团·乙公司,MAK08,制单人08,,2,示例集团财务共享中心（本部）,财务共享,应付付款单（材料采购）,通用审批类,2026-04-18 10:56:09,2026-04-18 10:56:42,2026-04-18 10:57:12,FSSC审核岗,1,,应付成本组,自动派单,已派任务少（优先派）,2026-04-18 10:57:12,PC端,AUD02,审核员02,2026-04-18 13:45:12,同意,,审核通过,30分49秒,--,0,,是,1,1,37秒,,0,,,--
财务会计,AP-2026-001928,2026-04-24,付款单,应付付款单（服务费）,A03,示例集团·丙公司,MAK10,制单人10,,2,示例集团财务共享中心（本部）,财务共享,应付付款单（服务费）,通用审批类,2026-03-15 20:10:57,2026-03-15 20:11:33,2026-03-15 20:13:33,FSSC审核岗,1,,应付成本组,自动派单,已派任务少（优先派）,2026-03-15 20:13:33,PC端,AUD03,审核员03,2026-03-15 20:51:33,驳回,附件不完整,审核驳回,11分44秒,2分5秒,0,,是,1,1,95秒,驳回,1,制单人,制单人10,1
财务会计,AP-2026-001929,2026-04-10,付款单,应付付款单（差旅费）,A04,示例集团·丁公司,MAK10,制单人10,,0,示例集团财务共享中心（本部）,财务共享,应付付款单（差旅费）,通用审批类,2026-02-14 13:32:37,2026-02-14 13:32:58,2026-02-14 13:33:16,FSSC审核岗,1,,应付成本组,自动派单,已派任务少（优先派）,2026-02-14 13:33:16,PC端,AUD01,审核员01,2026-02-14 16:43:16,同意,,审核通过,37分26秒,--,0,,是,1,1,19秒,,0,,,--
财务会计,AP-2026-001930,2026-05-15,应付发票,应付付款单（材料采购）,A07,示例集团·庚公司,MAK15,制单人15,,7,示例集团财务共享中心（本部）,财务共享,应付付款单（材料采购）,通用审批类,2026-01-09 13:11:23,2026-01-09 13:11:53,2026-01-09 13:12:21,FSSC审核岗,1,,应付成本组,自动派单,已派任务少（优先派）,2026-01-09 13:12:21,PC端,AUD07,审核员07,2026-01-09 15:08:21,同意,,审核通过,32分35秒,--,0,,是,1,1,284秒,,0,,,--
费控服务,AP-2026-001931,2026-05-23,应付发票,通用报销单（费用报销）,A03,示例集团·丙公司,MAK08,制单人08,,8,示例集团财务共享中心（本部）,财务共享,通用报销单（费用报销）,通用审批类,2026-04-11 15:29:29,2026-04-11 15:30:19,2026-04-11 15:32:11,FSSC审核岗,1,,应付成本组,自动派单,已派任务少（优先派）,2026-04-11 15:32:11,移动端,AUD06,审核员06,2026-04-11 15:46:11,同意,,审核通过,33分38秒,--,0,,是,1,1,242秒,,0,,,--
财务会计,AP-2026-001932,2026-02-13,应付发票,应付付款单（材料采购）,A17,示例集团·子公司庚,MAK03,制单人03,,6,示例集团财务共享中心（本部）,财务共享,应付付款单（材料采购）,通用审批类,2026-01-20 10:32:50,2026-01-20 10:33:00,2026-01-20 10:34:55,FSSC审核岗,1,,应付成本组,自动派单,已派任务少（优先派）,2026-01-20 10:34:55,移动端,AUD03,审核员03,2026-01-20 12:17:55,同意,,审核通过,17分7秒,--,0,,是,1,1,234秒,,0,,,--
财务会计,AP-2026-001933,2026-02-03,通用报销单,应付付款单（服务费）,A01,示例集团·甲公司,MAK06,制单人06,,1,示例集团财务共享中心（本部）,财务共享,应付付款单（服务费）,通用审批类,2026-06-02 13:24:46,2026-06-02 13:25:32,2026-06-02 13:26:23,FSSC审核岗,1,,应付成本组,自动派单,已派任务少（优先派）,2026-06-02 13:26:23,PC端,AUD07,审核员07,2026-06-02 15:45:23,同意,,审核通过,26分24秒,--,0,,是,1,1,166秒,,0,,,--
费控服务,AP-2026-001934,2026-01-12,通用报销单,通用报销单（费用报销）,A20,示例集团·子公司癸,MAK16,制单人16,,2,示例集团财务共享中心（本部）,财务共享,通用报销单（费用报销）,通用审批类,2026-02-15 17:33:12,2026-02-15 17:34:10,2026-02-15 17:34:26,FSSC审核岗,1,,应付成本组,自动派单,已派任务少（优先派）,2026-02-15 17:34:26,移动端,AUD05,审核员05,2026-02-15 18:19:26,同意,,审核通过,36分43秒,--,0,,是,1,1,194秒,,0,,,--
费控服务,AP-2026-001935,2026-05-03,应付发票,通用报销单（费用报销）,A02,示例集团·乙公司,MAK06,制单人06,,7,示例集团财务共享中心（本部）,财务共享,通用报销单（费用报销）,通用审批类,2026-02-03 17:38:05,2026-02-03 17:38:45,2026-02-03 17:39:57,FSSC审核岗,1,,应付成本组,自动派单,已派任务少（优先派）,2026-02-03 17:39:57,PC端,AUD05,审核员05,2026-02-03 20:34:57,同意,附件不完整,审核通过,1分59秒,31分0秒,0,,是,1,1,273秒,,0,,,1
财务会计,AP-2026-001936,2026-04-04,通用报销单,其他专项付款单,A10,示例集团·癸公司,MAK11,制单人11,,3,示例集团财务共享中心（本部）,财务共享,其他专项付款单,通用审批类,2026-04-16 15:41:06,2026-04-16 15:41:53,2026-04-16 15:42:01,FSSC审核岗,1,,应付成本组,自动派单,已派任务少（优先派）,2026-04-16 15:42:01,PC端,AUD04,审核员04,2026-04-16 17:43:01,同意,,审核通过,15分27秒,--,0,,是,1,1,290秒,,0,,,--
财务会计,AP-2026-001937,2026-02-15,应付发票,应付付款单（服务费）,A06,示例集团·己公司,MAK12,制单人12,,0,示例集团财务共享中心（本部）,财务共享,应付付款单（服务费）,通用审批类,2026-05-10 14:05:42,2026-05-10 14:05:46,2026-05-10 14:06:28,FSSC审核岗,1,,应付成本组,自动派单,已派任务少（优先派）,2026-05-10 14:06:28,移动端,AUD05,审核员05,2026-05-10 14:24:28,驳回,附件不完整,审核驳回,4分43秒,7分31秒,0,,是,3,1,294秒,驳回,1,制单人,制单人12,3
财务会计,AP-2026-001938,2026-01-12,付款单,其他专项付款单,A09,示例集团·壬公司,MAK01,制单人01,,2,示例集团财务共享中心（本部）,财务共享,其他专项付款单,通用审批类,2026-01-22 12:36:30,2026-01-22 12:36:41,2026-01-22 12:38:09,FSSC审核岗,1,,应付成本组,自动派单,已派任务少（优先派）,2026-01-22 12:38:09,PC端,AUD02,审核员02,2026-01-22 15:54:09,同意,,审核通过,3分5秒,--,0,,是,1,1,16秒,,0,,,--
财务会计,AP-2026-001939,2026-03-16,通用报销单,应付付款单（材料采购）,A19,示例集团·子公司壬,MAK03,制单人03,,5,示例集团财务共享中心（本部）,财务共享,应付付款单（材料采购）,通用审批类,2026-06-26 17:30:17,2026-06-26 17:30:59,2026-06-26 17:31:58,FSSC审核岗,1,,应付成本组,自动派单,已派任务少（优先派）,2026-06-26 17:31:58,移动端,AUD07,审核员07,2026-06-26 20:24:58,同意,,审核通过,15分55秒,--,0,,是,1,1,226秒,,0,,,--
财务会计,AP-2026-001940,2026-03-24,应付发票,通用报销单（费用报销）,A03,示例集团·丙公司,MAK14,制单人14,,4,示例集团财务共享中心（本部）,财务共享,通用报销单（费用报销）,通用审批类,2026-01-25 10:22:09,2026-01-25 10:22:34,2026-01-25 10:23:59,FSSC审核岗,1,,应付成本组,自动派单,已派任务少（优先派）,2026-01-25 10:23:59,移动端,AUD07,审核员07,2026-01-25 13:17:59,同意,,审核通过,11分3秒,--,0,,是,1,1,154秒,,0,,,--
财务会计,AP-2026-001941,2026-05-24,通用报销单,应付确认单（物料类）,A01,示例集团·甲公司,MAK05,制单人05,,3,示例集团财务共享中心（本部）,财务共享,应付确认单（物料类）,通用审批类,2026-04-02 20:50:43,2026-04-02 20:51:38,2026-04-02 20:52:25,FSSC审核岗,1,,应付成本组,自动派单,已派任务少（优先派）,2026-04-02 20:52:25,PC端,AUD03,审核员03,2026-04-02 21:16:25,同意,,审核通过,30分59秒,--,0,,是,1,1,127秒,,0,,,--
财务会计,AP-2026-001942,2026-03-13,应付发票,应付付款单（差旅费）,A13,示例集团·子公司丙,MAK13,制单人13,,0,示例集团财务共享中心（本部）,财务共享,应付付款单（差旅费）,通用审批类,2026-03-26 18:38:28,2026-03-26 18:38:53,2026-03-26 18:40:02,FSSC审核岗,1,,应付成本组,自动派单,已派任务少（优先派）,2026-03-26 18:40:02,移动端,AUD06,审核员06,2026-03-26 19:10:02,同意,,审核通过,34分20秒,--,0,,是,1,1,185秒,,0,,,--
财务会计,AP-2026-001943,2026-01-10,应付发票,应付确认单（物料类）,A05,示例集团·戊公司,MAK02,制单人02,,4,示例集团财务共享中心（本部）,财务共享,应付确认单（物料类）,通用审批类,2026-06-26 13:33:19,2026-06-26 13:33:59,2026-06-26 13:35:32,FSSC审核岗,1,,应付成本组,自动派单,已派任务少（优先派）,2026-06-26 13:35:32,PC端,AUD06,审核员06,2026-06-26 15:16:32,同意,,审核通过,38分39秒,--,0,,是,1,1,27秒,,0,,,--
财务会计,AP-2026-001944,2026-04-11,通用报销单,其他专项付款单,A05,示例集团·戊公司,MAK04,制单人04,,8,示例集团财务共享中心（本部）,财务共享,其他专项付款单,通用审批类,2026-04-10 19:02:43,2026-04-10 19:03:06,2026-04-10 19:04:03,FSSC审核岗,1,,应付成本组,自动派单,已派任务少（优先派）,2026-04-10 19:04:03,PC端,AUD06,审核员06,2026-04-10 20:10:03,同意,未关联合同,审核通过,28分13秒,24分48秒,0,,是,1,1,134秒,,0,,,1
财务会计,AP-2026-001945,2026-05-04,付款单,应付确认单（物料类）,A03,示例集团·丙公司,MAK16,制单人16,,8,示例集团财务共享中心（本部）,财务共享,应付确认单（物料类）,通用审批类,2026-02-03 19:03:58,2026-02-03 19:04:43,2026-02-03 19:05:50,FSSC审核岗,1,,应付成本组,自动派单,已派任务少（优先派）,2026-02-03 19:05:50,移动端,AUD06,审核员06,2026-02-03 20:41:50,同意,,审核通过,17分26秒,--,0,,是,1,1,227秒,,0,,,--
财务会计,AP-2026-001946,2026-05-24,付款单,应付确认单（物料类）,A14,示例集团·子公司丁,MAK10,制单人10,,3,示例集团财务共享中心（本部）,财务共享,应付确认单（物料类）,通用审批类,2026-02-27 10:04:15,2026-02-27 10:04:38,2026-02-27 10:06:24,FSSC审核岗,1,,应付成本组,自动派单,已派任务少（优先派）,2026-02-27 10:06:24,移动端,AUD05,审核员05,2026-02-27 12:34:24,同意,,审核通过,4分52秒,--,0,,是,1,1,242秒,,0,,,--
财务会计,AP-2026-001947,2026-02-28,付款单,应付付款单（材料采购）,A09,示例集团·壬公司,MAK04,制单人04,,7,示例集团财务共享中心（本部）,财务共享,应付付款单（材料采购）,通用审批类,2026-03-25 08:56:09,2026-03-25 08:56:19,2026-03-25 08:57:44,FSSC审核岗,1,,应付成本组,自动派单,已派任务少（优先派）,2026-03-25 08:57:44,移动端,AUD02,审核员02,2026-03-25 10:45:44,同意,,审核通过,9分0秒,--,0,,是,1,1,181秒,,0,,,--
财务会计,AP-2026-001948,2026-03-27,付款单,其他专项付款单,A12,示例集团·子公司乙,MAK05,制单人05,,4,示例集团财务共享中心（本部）,财务共享,其他专项付款单,通用审批类,2026-02-16 20:35:55,2026-02-16 20:36:02,2026-02-16 20:37:34,FSSC审核岗,1,,应付成本组,自动派单,已派任务少（优先派）,2026-02-16 20:37:34,PC端,AUD06,审核员06,2026-02-16 23:14:34,同意,,审核通过,31分43秒,--,0,,是,1,1,140秒,,0,,,--
财务会计,AP-2026-001949,2026-03-13,付款单,应付确认单（物料类）,A07,示例集团·庚公司,MAK09,制单人09,,7,示例集团财务共享中心（本部）,财务共享,应付确认单（物料类）,通用审批类,2026-03-19 11:59:29,2026-03-19 11:59:36,2026-03-19 12:00:38,FSSC审核岗,1,,应付成本组,自动派单,已派任务少（优先派）,2026-03-19 12:00:38,PC端,AUD04,审核员04,2026-03-19 15:05:38,同意,,审核通过,12分5秒,--,0,,是,1,1,144秒,,0,,,--
财务会计,AP-2026-001950,2026-02-18,应付发票,应付付款单（材料采购）,A04,示例集团·丁公司,MAK08,制单人08,,6,示例集团财务共享中心（本部）,财务共享,应付付款单（材料采购）,通用审批类,2026-04-12 20:09:39,2026-04-12 20:10:33,2026-04-12 20:12:28,FSSC审核岗,1,,应付成本组,自动派单,已派任务少（优先派）,2026-04-12 20:12:28,移动端,AUD04,审核员04,2026-04-12 20:59:28,同意,,审核通过,40分58秒,--,0,,是,1,1,267秒,,0,,,--
财务会计,AP-2026-001951,2026-06-18,付款单,应付付款单（差旅费）,A05,示例集团·戊公司,MAK10,制单人10,,3,示例集团财务共享中心（本部）,财务共享,应付付款单（差旅费）,通用审批类,2026-03-11 12:17:21,2026-03-11 12:17:54,2026-03-11 12:18:28,FSSC审核岗,1,,应付成本组,自动派单,已派任务少（优先派）,2026-03-11 12:18:28,PC端,AUD05,审核员05,2026-03-11 14:14:28,同意,,审核通过,18分0秒,--,0,,是,1,1,69秒,,0,,,--
财务会计,AP-2026-001952,2026-01-19,付款单,应付付款单（差旅费）,A15,示例集团·子公司戊,MAK15,制单人15,,1,示例集团财务共享中心（本部）,财务共享,应付付款单（差旅费）,通用审批类,2026-02-01 19:21:38,2026-02-01 19:22:06,2026-02-01 19:22:30,FSSC审核岗,1,,应付成本组,自动派单,已派任务少（优先派）,2026-02-01 19:22:30,PC端,AUD01,审核员01,2026-02-01 22:21:30,同意,,审核通过,38分13秒,--,0,,是,1,1,138秒,,0,,,--
财务会计,AP-2026-001953,2026-01-04,付款单,其他专项付款单,A04,示例集团·丁公司,MAK04,制单人04,,5,示例集团财务共享中心（本部）,财务共享,其他专项付款单,通用审批类,2026-02-27 16:18:50,2026-02-27 16:19:09,2026-02-27 16:20:11,FSSC审核岗,1,,应付成本组,自动派单,已派任务少（优先派）,2026-02-27 16:20:11,移动端,AUD05,审核员05,2026-02-27 18:55:11,同意,,审核通过,27分7秒,--,0,,是,1,1,45秒,,0,,,--
财务会计,AP-2026-001954,2026-06-05,应付发票,应付付款单（服务费）,A19,示例集团·子公司壬,MAK07,制单人07,,0,示例集团财务共享中心（本部）,财务共享,应付付款单（服务费）,通用审批类,2026-01-08 08:51:29,2026-01-08 08:51:31,2026-01-08 08:52:56,FSSC审核岗,1,,应付成本组,自动派单,已派任务少（优先派）,2026-01-08 08:52:56,PC端,AUD06,审核员06,2026-01-08 10:40:56,同意,,审核通过,21分14秒,--,0,,是,1,1,62秒,,0,,,--
财务会计,AP-2026-001955,2026-04-21,应付发票,其他专项付款单,A04,示例集团·丁公司,MAK03,制单人03,,1,示例集团财务共享中心（本部）,财务共享,其他专项付款单,通用审批类,2026-04-02 11:53:28,2026-04-02 11:54:12,2026-04-02 11:54:35,FSSC审核岗,1,,应付成本组,自动派单,已派任务少（优先派）,2026-04-02 11:54:35,移动端,AUD01,审核员01,2026-04-02 14:41:35,同意,,审核通过,35分26秒,--,0,,是,1,1,92秒,,0,,,--
财务会计,AP-2026-001956,2026-05-14,付款单,其他专项付款单,A03,示例集团·丙公司,MAK08,制单人08,,8,示例集团财务共享中心（本部）,财务共享,其他专项付款单,通用审批类,2026-04-26 20:06:08,2026-04-26 20:06:49,2026-04-26 20:06:59,FSSC审核岗,1,,应付成本组,自动派单,已派任务少（优先派）,2026-04-26 20:06:59,移动端,AUD07,审核员07,2026-04-26 21:00:59,同意,特殊原因,审核通过,12分35秒,--,0,,是,1,1,286秒,,0,,,1
财务会计,AP-2026-001957,2026-03-03,通用报销单,通用报销单（费用报销）,A10,示例集团·癸公司,MAK01,制单人01,,6,示例集团财务共享中心（本部）,财务共享,通用报销单（费用报销）,通用审批类,2026-01-10 13:39:55,2026-01-10 13:40:28,2026-01-10 13:41:11,FSSC审核岗,1,,应付成本组,自动派单,已派任务少（优先派）,2026-01-10 13:41:11,移动端,AUD03,审核员03,2026-01-10 15:53:11,同意,,审核通过,21分45秒,--,0,,是,1,1,161秒,,0,,,--
财务会计,AP-2026-001958,2026-03-28,通用报销单,应付付款单（服务费）,A01,示例集团·甲公司,MAK15,制单人15,,6,示例集团财务共享中心（本部）,财务共享,应付付款单（服务费）,通用审批类,2026-02-06 13:08:04,2026-02-06 13:08:15,2026-02-06 13:10:13,FSSC审核岗,1,,应付成本组,自动派单,已派任务少（优先派）,2026-02-06 13:10:13,PC端,AUD02,审核员02,2026-02-06 16:00:13,同意,,审核通过,38分2秒,--,0,,是,1,1,171秒,,0,,,--
财务会计,AP-2026-001959,2026-01-23,通用报销单,应付付款单（差旅费）,A12,示例集团·子公司乙,MAK10,制单人10,,7,示例集团财务共享中心（本部）,财务共享,应付付款单（差旅费）,通用审批类,2026-01-10 10:34:32,2026-01-10 10:35:29,2026-01-10 10:35:50,FSSC审核岗,1,,应付成本组,自动派单,已派任务少（优先派）,2026-01-10 10:35:50,移动端,AUD03,审核员03,2026-01-10 13:33:50,同意,,审核通过,3分21秒,--,0,,是,1,1,88秒,,0,,,--
财务会计,AP-2026-001960,2026-04-22,付款单,其他专项付款单,A01,示例集团·甲公司,MAK02,制单人02,,2,示例集团财务共享中心（本部）,财务共享,其他专项付款单,通用审批类,2026-06-18 16:55:57,2026-06-18 16:56:27,2026-06-18 16:56:39,FSSC审核岗,1,,应付成本组,自动派单,已派任务少（优先派）,2026-06-18 16:56:39,移动端,AUD02,审核员02,2026-06-18 20:04:39,同意,,审核通过,2分13秒,--,0,,是,1,1,231秒,,0,,,--
财务会计,AP-2026-001961,2026-05-05,付款单,应付付款单（服务费）,A16,示例集团·子公司己,MAK09,制单人09,,5,示例集团财务共享中心（本部）,财务共享,应付付款单（服务费）,通用审批类,2026-03-28 19:30:34,2026-03-28 19:30:59,2026-03-28 19:31:17,FSSC审核岗,1,,应付成本组,自动派单,已派任务少（优先派）,2026-03-28 19:31:17,移动端,AUD07,审核员07,2026-03-28 21:21:17,同意,,审核通过,12分30秒,--,0,,是,1,1,83秒,,0,,,--
财务会计,AP-2026-001962,2026-06-24,通用报销单,应付付款单（服务费）,A06,示例集团·己公司,MAK12,制单人12,,0,示例集团财务共享中心（本部）,财务共享,应付付款单（服务费）,通用审批类,2026-01-17 15:28:35,2026-01-17 15:28:50,2026-01-17 15:30:37,FSSC审核岗,1,,应付成本组,自动派单,已派任务少（优先派）,2026-01-17 15:30:37,PC端,AUD07,审核员07,2026-01-17 16:39:37,同意,,审核通过,27分11秒,--,0,,是,1,1,284秒,,0,,,--
财务会计,AP-2026-001963,2026-05-12,应付发票,应付确认单（物料类）,A02,示例集团·乙公司,MAK04,制单人04,,2,示例集团财务共享中心（本部）,财务共享,应付确认单（物料类）,通用审批类,2026-02-23 13:30:15,2026-02-23 13:30:37,2026-02-23 13:32:32,FSSC审核岗,1,,应付成本组,自动派单,已派任务少（优先派）,2026-02-23 13:32:32,移动端,AUD05,审核员05,2026-02-23 15:21:32,同意,,审核通过,29分31秒,--,0,,是,1,1,28秒,,0,,,--
财务会计,AP-2026-001964,2026-04-12,应付发票,通用报销单（费用报销）,A01,示例集团·甲公司,MAK06,制单人06,,2,示例集团财务共享中心（本部）,财务共享,通用报销单（费用报销）,通用审批类,2026-03-07 08:08:49,2026-03-07 08:09:19,2026-03-07 08:09:48,FSSC审核岗,1,,应付成本组,自动派单,已派任务少（优先派）,2026-03-07 08:09:48,PC端,AUD03,审核员03,2026-03-07 11:20:48,同意,,审核通过,36分22秒,--,0,,是,1,1,239秒,,0,,,--
财务会计,AP-2026-001965,2026-01-26,通用报销单,应付付款单（材料采购）,A15,示例集团·子公司戊,MAK01,制单人01,,3,示例集团财务共享中心（本部）,财务共享,应付付款单（材料采购）,通用审批类,2026-06-24 10:21:21,2026-06-24 10:21:43,2026-06-24 10:22:21,FSSC审核岗,1,,应付成本组,自动派单,已派任务少（优先派）,2026-06-24 10:22:21,PC端,AUD05,审核员05,2026-06-24 12:08:21,同意,,审核通过,38分50秒,--,0,,是,1,1,240秒,,0,,,--
费控服务,AP-2026-001966,2026-01-10,通用报销单,其他专项付款单,A14,示例集团·子公司丁,MAK16,制单人16,,4,示例集团财务共享中心（本部）,财务共享,其他专项付款单,通用审批类,2026-04-16 16:34:54,2026-04-16 16:34:59,2026-04-16 16:35:46,FSSC审核岗,1,,应付成本组,自动派单,已派任务少（优先派）,2026-04-16 16:35:46,移动端,AUD05,审核员05,2026-04-16 19:05:46,同意,,审核通过,26分55秒,--,0,,是,1,1,245秒,,0,,,--
财务会计,AP-2026-001967,2026-02-28,付款单,应付付款单（服务费）,A02,示例集团·乙公司,MAK07,制单人07,,3,示例集团财务共享中心（本部）,财务共享,应付付款单（服务费）,通用审批类,2026-03-01 12:17:32,2026-03-01 12:18:15,2026-03-01 12:20:14,FSSC审核岗,1,,应付成本组,自动派单,已派任务少（优先派）,2026-03-01 12:20:14,PC端,AUD06,审核员06,2026-03-01 13:28:14,同意,,审核通过,14分11秒,--,0,,是,1,1,101秒,,0,,,--
财务会计,AP-2026-001968,2026-02-10,付款单,通用报销单（费用报销）,A07,示例集团·庚公司,MAK02,制单人02,,2,示例集团财务共享中心（本部）,财务共享,通用报销单（费用报销）,通用审批类,2026-01-12 16:29:58,2026-01-12 16:30:43,2026-01-12 16:31:40,FSSC审核岗,1,,应付成本组,自动派单,已派任务少（优先派）,2026-01-12 16:31:40,PC端,AUD05,审核员05,2026-01-12 16:39:40,驳回,附件信息不一致,审核驳回,16分43秒,21分37秒,0,,是,2,1,152秒,驳回,1,前端单位,示例集团·庚公司,2
财务会计,AP-2026-001969,2026-04-14,应付发票,应付付款单（差旅费）,A17,示例集团·子公司庚,MAK07,制单人07,,8,示例集团财务共享中心（本部）,财务共享,应付付款单（差旅费）,通用审批类,2026-02-20 13:13:03,2026-02-20 13:13:09,2026-02-20 13:13:26,FSSC审核岗,1,,应付成本组,自动派单,已派任务少（优先派）,2026-02-20 13:13:26,移动端,AUD01,审核员01,2026-02-20 16:17:26,驳回,未关联合同,审核驳回,2分44秒,33分31秒,0,,是,1,1,56秒,驳回,1,前端单位,示例集团·子公司庚,1
财务会计,AP-2026-001970,2026-02-08,应付发票,其他专项付款单,A13,示例集团·子公司丙,MAK07,制单人07,,0,示例集团财务共享中心（本部）,财务共享,其他专项付款单,通用审批类,2026-04-20 08:20:57,2026-04-20 08:21:54,2026-04-20 08:23:05,FSSC审核岗,1,,应付成本组,自动派单,已派任务少（优先派）,2026-04-20 08:23:05,PC端,AUD04,审核员04,2026-04-20 11:42:05,同意,附件不完整,审核通过,8分23秒,--,0,,是,1,1,115秒,,0,,,1
财务会计,AP-2026-001971,2026-02-13,应付发票,应付付款单（差旅费）,A05,示例集团·戊公司,MAK14,制单人14,,6,示例集团财务共享中心（本部）,财务共享,应付付款单（差旅费）,通用审批类,2026-03-21 18:28:31,2026-03-21 18:28:42,2026-03-21 18:29:48,FSSC审核岗,1,,应付成本组,自动派单,已派任务少（优先派）,2026-03-21 18:29:48,移动端,AUD02,审核员02,2026-03-21 21:46:48,同意,,审核通过,24分38秒,--,0,,是,1,1,230秒,,0,,,--
费控服务,AP-2026-001972,2026-02-19,通用报销单,通用报销单（费用报销）,A08,示例集团·辛公司,MAK06,制单人06,,5,示例集团财务共享中心（本部）,财务共享,通用报销单（费用报销）,通用审批类,2026-01-12 15:21:36,2026-01-12 15:21:58,2026-01-12 15:23:17,FSSC审核岗,1,,应付成本组,自动派单,已派任务少（优先派）,2026-01-12 15:23:17,移动端,AUD05,审核员05,2026-01-12 17:49:17,同意,,审核通过,21分57秒,--,0,,是,1,1,132秒,,0,,,--
费控服务,AP-2026-001973,2026-01-21,应付发票,应付确认单（物料类）,A08,示例集团·辛公司,MAK07,制单人07,,5,示例集团财务共享中心（本部）,财务共享,应付确认单（物料类）,通用审批类,2026-03-10 16:23:56,2026-03-10 16:24:53,2026-03-10 16:26:41,FSSC审核岗,1,,应付成本组,自动派单,已派任务少（优先派）,2026-03-10 16:26:41,移动端,AUD04,审核员04,2026-03-10 17:40:41,同意,,审核通过,11分44秒,--,0,,是,1,1,170秒,,0,,,--
财务会计,AP-2026-001974,2026-04-05,通用报销单,其他专项付款单,A01,示例集团·甲公司,MAK14,制单人14,,5,示例集团财务共享中心（本部）,财务共享,其他专项付款单,通用审批类,2026-03-15 18:49:33,2026-03-15 18:50:15,2026-03-15 18:51:20,FSSC审核岗,1,,应付成本组,自动派单,已派任务少（优先派）,2026-03-15 18:51:20,PC端,AUD07,审核员07,2026-03-15 19:33:20,同意,,审核通过,7分55秒,--,0,,是,1,1,44秒,,0,,,--
财务会计,AP-2026-001975,2026-03-27,通用报销单,通用报销单（费用报销）,A07,示例集团·庚公司,MAK12,制单人12,,2,示例集团财务共享中心（本部）,财务共享,通用报销单（费用报销）,通用审批类,2026-06-23 12:20:09,2026-06-23 12:20:13,2026-06-23 12:21:56,FSSC审核岗,1,,应付成本组,自动派单,已派任务少（优先派）,2026-06-23 12:21:56,PC端,AUD01,审核员01,2026-06-23 13:14:56,驳回,未关联合同,审核驳回,31分40秒,40分56秒,0,,是,3,1,144秒,驳回,1,制单人,制单人12,3
费控服务,AP-2026-001976,2026-06-18,通用报销单,应付付款单（材料采购）,A05,示例集团·戊公司,MAK01,制单人01,,2,示例集团财务共享中心（本部）,财务共享,应付付款单（材料采购）,通用审批类,2026-03-07 19:23:43,2026-03-07 19:24:38,2026-03-07 19:25:09,FSSC审核岗,1,,应付成本组,自动派单,已派任务少（优先派）,2026-03-07 19:25:09,移动端,AUD06,审核员06,2026-03-07 20:10:09,同意,,审核通过,19分56秒,--,0,,是,1,1,156秒,,0,,,--
费控服务,AP-2026-001977,2026-02-25,应付发票,应付确认单（物料类）,A01,示例集团·甲公司,MAK12,制单人12,,8,示例集团财务共享中心（本部）,财务共享,应付确认单（物料类）,通用审批类,2026-04-21 20:50:01,2026-04-21 20:50:38,2026-04-21 20:51:11,FSSC审核岗,1,,应付成本组,自动派单,已派任务少（优先派）,2026-04-21 20:51:11,PC端,AUD05,审核员05,2026-04-21 21:15:11,同意,,审核通过,3分23秒,--,0,,是,1,1,94秒,,0,,,--
费控服务,AP-2026-001978,2026-04-02,付款单,应付付款单（服务费）,A03,示例集团·丙公司,MAK10,制单人10,,2,示例集团财务共享中心（本部）,财务共享,应付付款单（服务费）,通用审批类,2026-06-27 15:38:58,2026-06-27 15:39:15,2026-06-27 15:39:27,FSSC审核岗,1,,应付成本组,自动派单,已派任务少（优先派）,2026-06-27 15:39:27,PC端,AUD05,审核员05,2026-06-27 16:14:27,同意,,审核通过,21分19秒,--,0,,是,1,1,218秒,,0,,,--
财务会计,AP-2026-001979,2026-02-26,通用报销单,应付确认单（物料类）,A01,示例集团·甲公司,MAK09,制单人09,,3,示例集团财务共享中心（本部）,财务共享,应付确认单（物料类）,通用审批类,2026-06-10 19:46:14,2026-06-10 19:46:31,2026-06-10 19:48:14,FSSC审核岗,1,,应付成本组,自动派单,已派任务少（优先派）,2026-06-10 19:48:14,移动端,AUD05,审核员05,2026-06-10 21:57:14,同意,,审核通过,14分38秒,--,0,,是,1,1,231秒,,0,,,--
费控服务,AP-2026-001980,2026-02-14,通用报销单,应付付款单（差旅费）,A08,示例集团·辛公司,MAK15,制单人15,,1,示例集团财务共享中心（本部）,财务共享,应付付款单（差旅费）,通用审批类,2026-06-08 12:52:08,2026-06-08 12:52:16,2026-06-08 12:53:55,FSSC审核岗,1,,应付成本组,自动派单,已派任务少（优先派）,2026-06-08 12:53:55,移动端,AUD03,审核员03,2026-06-08 13:23:55,同意,,审核通过,14分32秒,--,0,,是,1,1,52秒,,0,,,--
财务会计,AP-2026-001981,2026-01-28,付款单,其他专项付款单,A20,示例集团·子公司癸,MAK01,制单人01,,6,示例集团财务共享中心（本部）,财务共享,其他专项付款单,通用审批类,2026-01-06 17:33:38,2026-01-06 17:33:42,2026-01-06 17:34:54,FSSC审核岗,1,,应付成本组,自动派单,已派任务少（优先派）,2026-01-06 17:34:54,移动端,AUD03,审核员03,2026-01-06 19:54:54,同意,,审核通过,27分19秒,--,0,,是,1,1,194秒,,0,,,--
费控服务,AP-2026-001982,2026-03-22,通用报销单,应付确认单（物料类）,A02,示例集团·乙公司,MAK02,制单人02,,3,示例集团财务共享中心（本部）,财务共享,应付确认单（物料类）,通用审批类,2026-06-02 16:09:04,2026-06-02 16:09:47,2026-06-02 16:10:15,FSSC审核岗,1,,应付成本组,自动派单,已派任务少（优先派）,2026-06-02 16:10:15,移动端,AUD05,审核员05,2026-06-02 17:00:15,同意,,审核通过,7分28秒,--,0,,是,1,1,87秒,,0,,,--
财务会计,AP-2026-001983,2026-02-13,通用报销单,应付确认单（物料类）,A02,示例集团·乙公司,MAK07,制单人07,,8,示例集团财务共享中心（本部）,财务共享,应付确认单（物料类）,通用审批类,2026-06-23 19:04:58,2026-06-23 19:05:29,2026-06-23 19:05:40,FSSC审核岗,1,,应付成本组,自动派单,已派任务少（优先派）,2026-06-23 19:05:40,PC端,AUD07,审核员07,2026-06-23 19:08:40,同意,,审核通过,37分5秒,--,0,,是,1,1,68秒,,0,,,--
财务会计,AP-2026-001984,2026-04-02,通用报销单,其他专项付款单,A14,示例集团·子公司丁,MAK13,制单人13,,4,示例集团财务共享中心（本部）,财务共享,其他专项付款单,通用审批类,2026-01-01 09:15:46,2026-01-01 09:16:00,2026-01-01 09:17:41,FSSC审核岗,1,,应付成本组,自动派单,已派任务少（优先派）,2026-01-01 09:17:41,PC端,AUD04,审核员04,2026-01-01 09:58:41,驳回,附件信息不一致,审核驳回,17分37秒,2分31秒,0,,是,1,1,49秒,驳回,1,前端单位,示例集团·子公司丁,1
财务会计,AP-2026-001985,2026-03-12,通用报销单,通用报销单（费用报销）,A02,示例集团·乙公司,MAK09,制单人09,,2,示例集团财务共享中心（本部）,财务共享,通用报销单（费用报销）,通用审批类,2026-06-16 15:22:48,2026-06-16 15:23:34,2026-06-16 15:23:54,FSSC审核岗,1,,应付成本组,自动派单,已派任务少（优先派）,2026-06-16 15:23:54,移动端,AUD06,审核员06,2026-06-16 16:55:54,同意,,审核通过,15分4秒,--,0,,是,1,1,203秒,,0,,,--
财务会计,AP-2026-001986,2026-05-27,通用报销单,应付付款单（服务费）,A10,示例集团·癸公司,MAK04,制单人04,,5,示例集团财务共享中心（本部）,财务共享,应付付款单（服务费）,通用审批类,2026-04-21 16:46:04,2026-04-21 16:46:10,2026-04-21 16:47:34,FSSC审核岗,1,,应付成本组,自动派单,已派任务少（优先派）,2026-04-21 16:47:34,PC端,AUD03,审核员03,2026-04-21 19:39:34,同意,,审核通过,29分54秒,--,0,,是,1,1,25秒,,0,,,--
财务会计,AP-2026-001987,2026-01-13,应付发票,通用报销单（费用报销）,A17,示例集团·子公司庚,MAK13,制单人13,,6,示例集团财务共享中心（本部）,财务共享,通用报销单（费用报销）,通用审批类,2026-06-14 14:55:29,2026-06-14 14:55:31,2026-06-14 14:55:33,FSSC审核岗,1,,应付成本组,自动派单,已派任务少（优先派）,2026-06-14 14:55:33,移动端,AUD05,审核员05,2026-06-14 16:24:33,同意,,审核通过,26分43秒,--,0,,是,1,1,135秒,,0,,,--
财务会计,AP-2026-001988,2026-01-07,付款单,应付付款单（差旅费）,A13,示例集团·子公司丙,MAK03,制单人03,,7,示例集团财务共享中心（本部）,财务共享,应付付款单（差旅费）,通用审批类,2026-04-01 15:06:47,2026-04-01 15:07:31,2026-04-01 15:08:12,FSSC审核岗,1,,应付成本组,自动派单,已派任务少（优先派）,2026-04-01 15:08:12,移动端,AUD06,审核员06,2026-04-01 17:22:12,同意,,审核通过,5分17秒,--,0,,是,1,1,34秒,,0,,,--
费控服务,AP-2026-001989,2026-03-10,应付发票,应付付款单（差旅费）,A06,示例集团·己公司,MAK04,制单人04,,8,示例集团财务共享中心（本部）,财务共享,应付付款单（差旅费）,通用审批类,2026-06-26 20:25:21,2026-06-26 20:26:18,2026-06-26 20:27:27,FSSC审核岗,1,,应付成本组,自动派单,已派任务少（优先派）,2026-06-26 20:27:27,移动端,AUD02,审核员02,2026-06-26 23:47:27,同意,,审核通过,34分35秒,--,0,,是,1,1,108秒,,0,,,--
费控服务,AP-2026-001990,2026-03-11,通用报销单,应付付款单（材料采购）,A07,示例集团·庚公司,MAK11,制单人11,,2,示例集团财务共享中心（本部）,财务共享,应付付款单（材料采购）,通用审批类,2026-02-27 17:31:11,2026-02-27 17:31:21,2026-02-27 17:32:29,FSSC审核岗,1,,应付成本组,自动派单,已派任务少（优先派）,2026-02-27 17:32:29,PC端,AUD02,审核员02,2026-02-27 18:56:29,同意,,审核通过,24分35秒,--,0,,是,1,1,182秒,,0,,,--
财务会计,AP-2026-001991,2026-04-04,通用报销单,应付付款单（差旅费）,A09,示例集团·壬公司,MAK06,制单人06,,3,示例集团财务共享中心（本部）,财务共享,应付付款单（差旅费）,通用审批类,2026-02-04 17:26:50,2026-02-04 17:26:52,2026-02-04 17:27:20,FSSC审核岗,1,,应付成本组,自动派单,已派任务少（优先派）,2026-02-04 17:27:20,PC端,AUD07,审核员07,2026-02-04 18:47:20,同意,,审核通过,28分31秒,--,0,,是,1,1,287秒,,0,,,--
财务会计,AP-2026-001992,2026-02-07,付款单,应付付款单（服务费）,A06,示例集团·己公司,MAK04,制单人04,,3,示例集团财务共享中心（本部）,财务共享,应付付款单（服务费）,通用审批类,2026-06-27 18:12:09,2026-06-27 18:12:25,2026-06-27 18:13:34,FSSC审核岗,1,,应付成本组,自动派单,已派任务少（优先派）,2026-06-27 18:13:34,PC端,AUD05,审核员05,2026-06-27 18:18:34,驳回,特殊原因,审核驳回,27分16秒,34分19秒,0,,是,3,1,221秒,驳回,1,前端单位,示例集团·己公司,3
费控服务,AP-2026-001993,2026-06-24,应付发票,应付确认单（物料类）,A04,示例集团·丁公司,MAK13,制单人13,,1,示例集团财务共享中心（本部）,财务共享,应付确认单（物料类）,通用审批类,2026-01-04 14:14:31,2026-01-04 14:15:21,2026-01-04 14:15:33,FSSC审核岗,1,,应付成本组,自动派单,已派任务少（优先派）,2026-01-04 14:15:33,PC端,AUD04,审核员04,2026-01-04 14:49:33,驳回,未关联合同,审核驳回,30分21秒,11分36秒,0,,是,1,1,236秒,驳回,1,制单人,制单人13,1
财务会计,AP-2026-001994,2026-03-17,付款单,应付付款单（服务费）,A05,示例集团·戊公司,MAK01,制单人01,,1,示例集团财务共享中心（本部）,财务共享,应付付款单（服务费）,通用审批类,2026-01-04 09:47:49,2026-01-04 09:48:07,2026-01-04 09:48:40,FSSC审核岗,1,,应付成本组,自动派单,已派任务少（优先派）,2026-01-04 09:48:40,移动端,AUD02,审核员02,2026-01-04 10:09:40,同意,,审核通过,20分45秒,--,0,,是,1,1,119秒,,0,,,--
财务会计,AP-2026-001995,2026-01-18,应付发票,应付付款单（材料采购）,A08,示例集团·辛公司,MAK15,制单人15,,2,示例集团财务共享中心（本部）,财务共享,应付付款单（材料采购）,通用审批类,2026-03-10 14:58:01,2026-03-10 14:58:57,2026-03-10 14:59:23,FSSC审核岗,1,,应付成本组,自动派单,已派任务少（优先派）,2026-03-10 14:59:23,移动端,AUD01,审核员01,2026-03-10 16:36:23,驳回,附件不完整,审核驳回,26分47秒,22分21秒,0,,是,3,1,183秒,驳回,1,制单人,制单人15,3
财务会计,AP-2026-001996,2026-06-09,应付发票,通用报销单（费用报销）,A09,示例集团·壬公司,MAK05,制单人05,,7,示例集团财务共享中心（本部）,财务共享,通用报销单（费用报销）,通用审批类,2026-06-17 11:24:32,2026-06-17 11:25:21,2026-06-17 11:25:54,FSSC审核岗,1,,应付成本组,自动派单,已派任务少（优先派）,2026-06-17 11:25:54,PC端,AUD07,审核员07,2026-06-17 14:45:54,同意,,审核通过,29分5秒,--,0,,是,1,1,146秒,,0,,,--
财务会计,AP-2026-001997,2026-03-22,通用报销单,应付付款单（材料采购）,A11,示例集团·子公司甲,MAK04,制单人04,,0,示例集团财务共享中心（本部）,财务共享,应付付款单（材料采购）,通用审批类,2026-02-11 12:21:54,2026-02-11 12:22:31,2026-02-11 12:23:17,FSSC审核岗,1,,应付成本组,自动派单,已派任务少（优先派）,2026-02-11 12:23:17,PC端,AUD07,审核员07,2026-02-11 15:16:17,同意,,审核通过,15分0秒,--,0,,是,1,1,54秒,,0,,,--
费控服务,AP-2026-001998,2026-05-05,通用报销单,应付付款单（材料采购）,A01,示例集团·甲公司,MAK16,制单人16,,1,示例集团财务共享中心（本部）,财务共享,应付付款单（材料采购）,通用审批类,2026-03-05 11:33:24,2026-03-05 11:34:16,2026-03-05 11:35:32,FSSC审核岗,1,,应付成本组,自动派单,已派任务少（优先派）,2026-03-05 11:35:32,移动端,AUD05,审核员05,2026-03-05 13:36:32,同意,,审核通过,29分47秒,--,0,,是,1,1,116秒,,0,,,--
财务会计,AP-2026-001999,2026-03-22,通用报销单,应付付款单（服务费）,A04,示例集团·丁公司,MAK09,制单人09,,4,示例集团财务共享中心（本部）,财务共享,应付付款单（服务费）,通用审批类,2026-03-19 13:53:43,2026-03-19 13:54:24,2026-03-19 13:55:22,FSSC审核岗,1,,应付成本组,自动派单,已派任务少（优先派）,2026-03-19 13:55:22,PC端,AUD04,审核员04,2026-03-19 14:01:22,同意,,审核通过,2分49秒,--,0,,是,1,1,53秒,,0,,,--
财务会计,AP-2026-002000,2026-02-18,应付发票,应付付款单（材料采购）,A04,示例集团·丁公司,MAK15,制单人15,,4,示例集团财务共享中心（本部）,财务共享,应付付款单（材料采购）,通用审批类,2026-02-14 20:44:50,2026-02-14 20:45:07,2026-02-14 20:46:57,FSSC审核岗,1,,应付成本组,自动派单,已派任务少（优先派）,2026-02-14 20:46:57,PC端,AUD03,审核员03,2026-02-14 23:59:57,同意,未关联合同,审核通过,34分40秒,18分12秒,0,,是,1,1,252秒,,0,,,1
