委托单位编码,委托单位名称,单据编号,单据类型,交易类型,币种,金额,优先级,超期状态,单据日期,任务类型,工作组,处理人,作业状态,入池时间,入组时间,提取时间,通过时间,是否全电发票,收单状态,实物状态,共享中心,服务目录,自动审批状态,任务量
A07,示例集团·庚公司,AP-2026-000001,应付发票,应付确认单（物料类）,人民币,11367.97,,--,2026-05-08,FSSC审核岗,应付成本组,审核员02,审核驳回,2026-04-22 19:57:40,2026-04-22 19:58:56,2026-04-22 19:58:05,--,,--,,示例集团财务共享中心（本部）,应付确认单（物料类）,非自动审批,1
A04,示例集团·丁公司,AP-2026-000002,应付发票,应付确认单（物料类）,人民币,147513.52,,--,2026-01-28,FSSC审核岗,应付成本组,审核员02,审核通过,2026-06-06 19:27:39,2026-06-06 19:27:59,2026-06-06 19:36:07,2026-06-06 22:22:59,,--,,示例集团财务共享中心（本部）,应付确认单（物料类）,非自动审批,1
A12,示例集团·子公司乙,AP-2026-000003,付款单,通用报销单（费用报销）,人民币,42909.94,,--,2026-04-24,FSSC审核岗,应付成本组,审核员06,审核通过,2026-04-13 09:36:12,2026-04-13 09:37:33,2026-04-13 09:46:12,2026-04-13 12:59:33,,--,,示例集团财务共享中心（本部）,通用报销单（费用报销）,非自动审批,1
A12,示例集团·子公司乙,AP-2026-000003,付款单,通用报销单（费用报销）,人民币,29753.0,,--,2026-04-24,FSSC审核岗,应付成本组,审核员06,审核通过,2026-04-13 09:36:12,2026-04-13 09:37:33,2026-04-13 09:38:29,2026-04-13 12:56:33,,--,,示例集团财务共享中心（本部）,通用报销单（费用报销）,非自动审批,1
A12,示例集团·子公司乙,AP-2026-000003,付款单,通用报销单（费用报销）,人民币,88890.42,,--,2026-04-24,FSSC审核岗,应付成本组,审核员06,审核通过,2026-04-13 09:36:12,2026-04-13 09:37:33,2026-04-13 09:39:27,2026-04-13 13:33:33,,--,,示例集团财务共享中心（本部）,通用报销单（费用报销）,非自动审批,1
A10,示例集团·癸公司,AP-2026-000004,应付发票,应付付款单（差旅费）,人民币,7387.25,,--,2026-03-28,FSSC审核岗,应付成本组,审核员06,审核通过,2026-01-15 18:53:34,2026-01-15 18:54:22,2026-01-15 18:58:35,2026-01-15 21:44:22,,--,,示例集团财务共享中心（本部）,应付付款单（差旅费）,非自动审批,1
A10,示例集团·癸公司,AP-2026-000004,应付发票,应付付款单（差旅费）,人民币,91942.77,,--,2026-03-28,FSSC审核岗,应付成本组,审核员06,审核通过,2026-01-15 18:53:34,2026-01-15 18:54:22,2026-01-15 19:00:20,2026-01-15 21:20:22,,--,,示例集团财务共享中心（本部）,应付付款单（差旅费）,非自动审批,1
A06,示例集团·己公司,AP-2026-000005,应付发票,其他专项付款单,人民币,52508.11,,--,2026-04-09,FSSC审核岗,应付成本组,审核员04,审核通过,2026-03-08 18:21:43,2026-03-08 18:23:23,2026-03-08 18:24:14,2026-03-08 20:25:23,,--,,示例集团财务共享中心（本部）,其他专项付款单,非自动审批,1
A06,示例集团·己公司,AP-2026-000005,应付发票,其他专项付款单,人民币,54816.53,,--,2026-04-09,FSSC审核岗,应付成本组,审核员04,审核通过,2026-03-08 18:21:43,2026-03-08 18:23:23,2026-03-08 18:23:19,2026-03-08 20:13:23,,--,,示例集团财务共享中心（本部）,其他专项付款单,非自动审批,1
A02,示例集团·乙公司,AP-2026-000006,付款单,应付确认单（物料类）,人民币,123850.87,,--,2026-01-21,FSSC审核岗,应付成本组,审核员07,审核通过,2026-06-05 11:48:10,2026-06-05 11:48:44,2026-06-05 11:54:22,2026-06-05 16:49:44,,--,,示例集团财务共享中心（本部）,应付确认单（物料类）,非自动审批,1
A02,示例集团·乙公司,AP-2026-000006,付款单,应付确认单（物料类）,人民币,597753.42,,--,2026-01-21,FSSC审核岗,应付成本组,审核员07,审核通过,2026-06-05 11:48:10,2026-06-05 11:48:44,2026-06-05 11:55:45,2026-06-05 15:17:44,,--,,示例集团财务共享中心（本部）,应付确认单（物料类）,非自动审批,1
A05,示例集团·戊公司,AP-2026-000007,通用报销单,应付付款单（材料采购）,人民币,94104.83,,--,2026-01-04,FSSC审核岗,应付成本组,审核员01,审核通过,2026-04-26 18:27:43,2026-04-26 18:28:33,2026-04-26 18:36:25,2026-04-26 20:07:33,,--,,示例集团财务共享中心（本部）,应付付款单（材料采购）,非自动审批,1
A08,示例集团·辛公司,AP-2026-000008,应付发票,应付确认单（物料类）,人民币,45259.85,,--,2026-01-25,FSSC审核岗,应付成本组,审核员07,审核通过,2026-03-11 09:18:38,2026-03-11 09:19:37,2026-03-11 09:25:52,2026-03-11 11:20:37,,--,,示例集团财务共享中心（本部）,应付确认单（物料类）,非自动审批,1
A05,示例集团·戊公司,AP-2026-000009,通用报销单,其他专项付款单,人民币,11433.44,,--,2026-02-27,FSSC审核岗,应付成本组,审核员05,审核通过,2026-04-07 10:23:59,2026-04-07 10:25:09,2026-04-07 10:25:17,2026-04-07 15:08:09,,--,,示例集团财务共享中心（本部）,其他专项付款单,非自动审批,1
A05,示例集团·戊公司,AP-2026-000009,通用报销单,其他专项付款单,人民币,2106.65,,--,2026-02-27,FSSC审核岗,应付成本组,审核员05,审核通过,2026-04-07 10:23:59,2026-04-07 10:25:09,2026-04-07 10:31:46,2026-04-07 14:12:09,,--,,示例集团财务共享中心（本部）,其他专项付款单,非自动审批,1
A05,示例集团·戊公司,AP-2026-000009,通用报销单,其他专项付款单,人民币,71613.42,,--,2026-02-27,FSSC审核岗,应付成本组,审核员05,审核通过,2026-04-07 10:23:59,2026-04-07 10:25:09,2026-04-07 10:28:46,2026-04-07 14:25:09,,--,,示例集团财务共享中心（本部）,其他专项付款单,非自动审批,1
A15,示例集团·子公司戊,AP-2026-000010,通用报销单,通用报销单（费用报销）,人民币,10265.18,,--,2026-03-10,FSSC审核岗,应付成本组,审核员06,审核通过,2026-06-19 09:06:18,2026-06-19 09:08:03,2026-06-19 09:11:19,2026-06-19 10:56:03,,--,,示例集团财务共享中心（本部）,通用报销单（费用报销）,非自动审批,1
A15,示例集团·子公司戊,AP-2026-000010,通用报销单,通用报销单（费用报销）,人民币,1708.94,,--,2026-03-10,FSSC审核岗,应付成本组,审核员06,审核通过,2026-06-19 09:06:18,2026-06-19 09:08:03,2026-06-19 09:11:54,2026-06-19 10:41:03,,--,,示例集团财务共享中心（本部）,通用报销单（费用报销）,非自动审批,1
A15,示例集团·子公司戊,AP-2026-000010,通用报销单,通用报销单（费用报销）,人民币,36635.81,,--,2026-03-10,FSSC审核岗,应付成本组,审核员06,审核通过,2026-06-19 09:06:18,2026-06-19 09:08:03,2026-06-19 09:09:36,2026-06-19 09:56:03,,--,,示例集团财务共享中心（本部）,通用报销单（费用报销）,非自动审批,1
A16,示例集团·子公司己,AP-2026-000011,应付发票,其他专项付款单,人民币,83723.45,,--,2026-03-20,FSSC审核岗,应付成本组,审核员04,审核通过,2026-06-18 20:46:57,2026-06-18 20:48:29,2026-06-18 20:54:06,2026-06-18 23:40:29,,--,,示例集团财务共享中心（本部）,其他专项付款单,非自动审批,1
A05,示例集团·戊公司,AP-2026-000012,通用报销单,应付确认单（物料类）,人民币,169740.38,,--,2026-06-01,FSSC审核岗,应付成本组,审核员01,审核通过,2026-04-19 11:00:50,2026-04-19 11:02:11,2026-04-19 11:03:46,2026-04-19 12:13:11,,--,,示例集团财务共享中心（本部）,应付确认单（物料类）,非自动审批,1
A03,示例集团·丙公司,AP-2026-000013,付款单,应付确认单（物料类）,人民币,264540.86,,--,2026-01-24,FSSC审核岗,应付成本组,审核员04,审核驳回,2026-03-08 20:31:18,2026-03-08 20:31:43,2026-03-08 20:40:14,--,,--,,示例集团财务共享中心（本部）,应付确认单（物料类）,非自动审批,1
A03,示例集团·丙公司,AP-2026-000013,付款单,应付确认单（物料类）,人民币,204024.84,,--,2026-01-24,FSSC审核岗,应付成本组,审核员04,审核驳回,2026-03-08 20:31:18,2026-03-08 20:31:43,2026-03-08 20:39:46,--,,--,,示例集团财务共享中心（本部）,应付确认单（物料类）,非自动审批,1
A03,示例集团·丙公司,AP-2026-000013,付款单,应付确认单（物料类）,人民币,211843.92,,--,2026-01-24,FSSC审核岗,应付成本组,审核员04,审核驳回,2026-03-08 20:31:18,2026-03-08 20:31:43,2026-03-08 20:33:01,--,,--,,示例集团财务共享中心（本部）,应付确认单（物料类）,非自动审批,1
A01,示例集团·甲公司,AP-2026-000014,应付发票,应付付款单（材料采购）,人民币,7667.16,,--,2026-05-04,FSSC审核岗,应付成本组,审核员06,审核通过,2026-04-18 15:08:39,2026-04-18 15:09:15,2026-04-18 15:09:36,2026-04-18 17:15:15,,--,,示例集团财务共享中心（本部）,应付付款单（材料采购）,非自动审批,1
A01,示例集团·甲公司,AP-2026-000014,应付发票,应付付款单（材料采购）,人民币,48560.52,,--,2026-05-04,FSSC审核岗,应付成本组,审核员06,审核通过,2026-04-18 15:08:39,2026-04-18 15:09:15,2026-04-18 15:10:21,2026-04-18 18:05:15,,--,,示例集团财务共享中心（本部）,应付付款单（材料采购）,非自动审批,1
A01,示例集团·甲公司,AP-2026-000014,应付发票,应付付款单（材料采购）,人民币,134829.97,,--,2026-05-04,FSSC审核岗,应付成本组,审核员06,审核通过,2026-04-18 15:08:39,2026-04-18 15:09:15,2026-04-18 15:09:02,2026-04-18 18:08:15,,--,,示例集团财务共享中心（本部）,应付付款单（材料采购）,非自动审批,1
A07,示例集团·庚公司,AP-2026-000015,应付发票,通用报销单（费用报销）,人民币,63890.4,,--,2026-06-03,FSSC审核岗,应付成本组,审核员01,审核通过,2026-03-06 14:31:44,2026-03-06 14:33:35,2026-03-06 14:34:02,2026-03-06 17:44:35,,--,,示例集团财务共享中心（本部）,通用报销单（费用报销）,非自动审批,1
A03,示例集团·丙公司,AP-2026-000016,付款单,其他专项付款单,人民币,48184.42,,--,2026-05-26,FSSC审核岗,应付成本组,审核员06,审核通过,2026-04-16 10:12:32,2026-04-16 10:12:40,2026-04-16 10:18:27,2026-04-16 13:39:40,,--,,示例集团财务共享中心（本部）,其他专项付款单,非自动审批,1
A03,示例集团·丙公司,AP-2026-000016,付款单,其他专项付款单,人民币,62275.67,,--,2026-05-26,FSSC审核岗,应付成本组,审核员06,审核通过,2026-04-16 10:12:32,2026-04-16 10:12:40,2026-04-16 10:19:36,2026-04-16 12:51:40,,--,,示例集团财务共享中心（本部）,其他专项付款单,非自动审批,1
A05,示例集团·戊公司,AP-2026-000017,应付发票,应付确认单（物料类）,人民币,84435.87,,--,2026-05-17,FSSC审核岗,应付成本组,审核员02,审核通过,2026-05-03 17:05:39,2026-05-03 17:06:10,2026-05-03 17:06:30,2026-05-03 20:40:10,,--,,示例集团财务共享中心（本部）,应付确认单（物料类）,非自动审批,1
A07,示例集团·庚公司,AP-2026-000018,付款单,应付付款单（差旅费）,人民币,53763.43,,--,2026-05-17,FSSC审核岗,应付成本组,审核员05,审核通过,2026-01-07 18:45:36,2026-01-07 18:46:10,2026-01-07 18:50:54,2026-01-07 21:40:10,,--,,示例集团财务共享中心（本部）,应付付款单（差旅费）,非自动审批,1
A07,示例集团·庚公司,AP-2026-000018,付款单,应付付款单（差旅费）,人民币,18310.11,,--,2026-05-17,FSSC审核岗,应付成本组,审核员05,审核通过,2026-01-07 18:45:36,2026-01-07 18:46:10,2026-01-07 18:50:34,2026-01-07 20:40:10,,--,,示例集团财务共享中心（本部）,应付付款单（差旅费）,非自动审批,1
A07,示例集团·庚公司,AP-2026-000018,付款单,应付付款单（差旅费）,人民币,5519.52,,--,2026-05-17,FSSC审核岗,应付成本组,审核员05,审核通过,2026-01-07 18:45:36,2026-01-07 18:46:10,2026-01-07 18:50:41,2026-01-07 20:51:10,,--,,示例集团财务共享中心（本部）,应付付款单（差旅费）,非自动审批,1
A01,示例集团·甲公司,AP-2026-000019,付款单,应付付款单（材料采购）,人民币,44997.49,,--,2026-03-04,FSSC审核岗,应付成本组,审核员04,审核通过,2026-06-17 12:09:22,2026-06-17 12:11:15,2026-06-17 12:13:43,2026-06-17 13:10:15,,--,,示例集团财务共享中心（本部）,应付付款单（材料采购）,非自动审批,1
A01,示例集团·甲公司,AP-2026-000019,付款单,应付付款单（材料采购）,人民币,64891.76,,--,2026-03-04,FSSC审核岗,应付成本组,审核员04,审核通过,2026-06-17 12:09:22,2026-06-17 12:11:15,2026-06-17 12:15:31,2026-06-17 14:09:15,,--,,示例集团财务共享中心（本部）,应付付款单（材料采购）,非自动审批,1
A01,示例集团·甲公司,AP-2026-000019,付款单,应付付款单（材料采购）,人民币,63908.74,,--,2026-03-04,FSSC审核岗,应付成本组,审核员04,审核通过,2026-06-17 12:09:22,2026-06-17 12:11:15,2026-06-17 12:12:05,2026-06-17 14:10:15,,--,,示例集团财务共享中心（本部）,应付付款单（材料采购）,非自动审批,1
A08,示例集团·辛公司,AP-2026-000020,付款单,应付付款单（差旅费）,人民币,227314.43,,--,2026-02-21,FSSC审核岗,应付成本组,审核员07,审核通过,2026-01-27 16:20:42,2026-01-27 16:20:56,2026-01-27 16:24:18,2026-01-27 18:17:56,,--,,示例集团财务共享中心（本部）,应付付款单（差旅费）,非自动审批,1
A08,示例集团·辛公司,AP-2026-000020,付款单,应付付款单（差旅费）,人民币,291515.61,,--,2026-02-21,FSSC审核岗,应付成本组,审核员07,审核通过,2026-01-27 16:20:42,2026-01-27 16:20:56,2026-01-27 16:24:30,2026-01-27 17:57:56,,--,,示例集团财务共享中心（本部）,应付付款单（差旅费）,非自动审批,1
A08,示例集团·辛公司,AP-2026-000020,付款单,应付付款单（差旅费）,人民币,51759.75,,--,2026-02-21,FSSC审核岗,应付成本组,审核员07,审核通过,2026-01-27 16:20:42,2026-01-27 16:20:56,2026-01-27 16:23:45,2026-01-27 18:22:56,,--,,示例集团财务共享中心（本部）,应付付款单（差旅费）,非自动审批,1
A07,示例集团·庚公司,AP-2026-000021,通用报销单,应付付款单（服务费）,人民币,52281.05,,--,2026-05-21,FSSC审核岗,应付成本组,审核员02,审核驳回,2026-04-09 08:06:08,2026-04-09 08:07:55,2026-04-09 08:12:25,--,,--,,示例集团财务共享中心（本部）,应付付款单（服务费）,非自动审批,1
A07,示例集团·庚公司,AP-2026-000021,通用报销单,应付付款单（服务费）,人民币,133569.88,,--,2026-05-21,FSSC审核岗,应付成本组,审核员02,审核驳回,2026-04-09 08:06:08,2026-04-09 08:07:55,2026-04-09 08:13:13,--,,--,,示例集团财务共享中心（本部）,应付付款单（服务费）,非自动审批,1
A06,示例集团·己公司,AP-2026-000022,应付发票,其他专项付款单,人民币,108789.24,,--,2026-02-23,FSSC审核岗,应付成本组,审核员07,审核驳回,2026-01-27 13:37:45,2026-01-27 13:38:41,2026-01-27 13:47:23,--,,--,,示例集团财务共享中心（本部）,其他专项付款单,非自动审批,1
A06,示例集团·己公司,AP-2026-000022,应付发票,其他专项付款单,人民币,32222.44,,--,2026-02-23,FSSC审核岗,应付成本组,审核员07,审核驳回,2026-01-27 13:37:45,2026-01-27 13:38:41,2026-01-27 13:40:02,--,,--,,示例集团财务共享中心（本部）,其他专项付款单,非自动审批,1
A06,示例集团·己公司,AP-2026-000022,应付发票,其他专项付款单,人民币,150635.66,,--,2026-02-23,FSSC审核岗,应付成本组,审核员07,审核驳回,2026-01-27 13:37:45,2026-01-27 13:38:41,2026-01-27 13:41:28,--,,--,,示例集团财务共享中心（本部）,其他专项付款单,非自动审批,1
A18,示例集团·子公司辛,AP-2026-000025,付款单,其他专项付款单,人民币,48780.01,,--,2026-03-13,FSSC审核岗,应付成本组,审核员05,审核通过,2026-01-11 08:08:13,2026-01-11 08:08:36,2026-01-11 08:13:03,2026-01-11 11:59:36,,--,,示例集团财务共享中心（本部）,其他专项付款单,非自动审批,1
A18,示例集团·子公司辛,AP-2026-000025,付款单,其他专项付款单,人民币,50253.98,,--,2026-03-13,FSSC审核岗,应付成本组,审核员05,审核通过,2026-01-11 08:08:13,2026-01-11 08:08:36,2026-01-11 08:16:10,2026-01-11 12:09:36,,--,,示例集团财务共享中心（本部）,其他专项付款单,非自动审批,1
A09,示例集团·壬公司,AP-2026-000026,应付发票,应付付款单（服务费）,人民币,109870.68,,--,2026-02-17,FSSC审核岗,应付成本组,审核员05,审核通过,2026-02-19 11:16:48,2026-02-19 11:17:44,2026-02-19 11:22:47,2026-02-19 12:25:44,,--,,示例集团财务共享中心（本部）,应付付款单（服务费）,非自动审批,1
A16,示例集团·子公司己,AP-2026-000027,通用报销单,应付付款单（服务费）,人民币,39275.91,,--,2026-01-22,FSSC审核岗,应付成本组,审核员05,审核通过,2026-02-10 16:20:09,2026-02-10 16:20:51,2026-02-10 16:21:25,2026-02-10 19:51:51,,--,,示例集团财务共享中心（本部）,应付付款单（服务费）,非自动审批,1
A16,示例集团·子公司己,AP-2026-000027,通用报销单,应付付款单（服务费）,人民币,68359.89,,--,2026-01-22,FSSC审核岗,应付成本组,审核员05,审核通过,2026-02-10 16:20:09,2026-02-10 16:20:51,2026-02-10 16:29:16,2026-02-10 19:55:51,,--,,示例集团财务共享中心（本部）,应付付款单（服务费）,非自动审批,1
A16,示例集团·子公司己,AP-2026-000027,通用报销单,应付付款单（服务费）,人民币,90813.39,,--,2026-01-22,FSSC审核岗,应付成本组,审核员05,审核通过,2026-02-10 16:20:09,2026-02-10 16:20:51,2026-02-10 16:28:18,2026-02-10 18:09:51,,--,,示例集团财务共享中心（本部）,应付付款单（服务费）,非自动审批,1
A08,示例集团·辛公司,AP-2026-000028,通用报销单,应付确认单（物料类）,人民币,187972.32,,--,2026-06-10,FSSC审核岗,应付成本组,审核员05,审核通过,2026-02-01 12:18:41,2026-02-01 12:20:22,2026-02-01 12:23:35,2026-02-01 14:59:22,,--,,示例集团财务共享中心（本部）,应付确认单（物料类）,非自动审批,1
A08,示例集团·辛公司,AP-2026-000028,通用报销单,应付确认单（物料类）,人民币,170654.58,,--,2026-06-10,FSSC审核岗,应付成本组,审核员05,审核通过,2026-02-01 12:18:41,2026-02-01 12:20:22,2026-02-01 12:18:53,2026-02-01 15:52:22,,--,,示例集团财务共享中心（本部）,应付确认单（物料类）,非自动审批,1
A08,示例集团·辛公司,AP-2026-000028,通用报销单,应付确认单（物料类）,人民币,87017.3,,--,2026-06-10,FSSC审核岗,应付成本组,审核员05,审核通过,2026-02-01 12:18:41,2026-02-01 12:20:22,2026-02-01 12:28:41,2026-02-01 15:05:22,,--,,示例集团财务共享中心（本部）,应付确认单（物料类）,非自动审批,1
A02,示例集团·乙公司,AP-2026-000030,应付发票,应付付款单（差旅费）,人民币,1552.66,,--,2026-01-20,FSSC审核岗,应付成本组,审核员07,审核通过,2026-06-14 18:36:58,2026-06-14 18:38:28,2026-06-14 18:42:15,2026-06-14 22:17:28,,--,,示例集团财务共享中心（本部）,应付付款单（差旅费）,非自动审批,1
A02,示例集团·乙公司,AP-2026-000031,应付发票,应付确认单（物料类）,人民币,84178.19,,--,2026-04-15,FSSC审核岗,应付成本组,审核员05,审核通过,2026-04-28 09:30:00,2026-04-28 09:31:00,2026-04-28 09:36:40,2026-04-28 13:54:00,,--,,示例集团财务共享中心（本部）,应付确认单（物料类）,非自动审批,1
A02,示例集团·乙公司,AP-2026-000031,应付发票,应付确认单（物料类）,人民币,104510.24,,--,2026-04-15,FSSC审核岗,应付成本组,审核员05,审核通过,2026-04-28 09:30:00,2026-04-28 09:31:00,2026-04-28 09:31:33,2026-04-28 12:36:00,,--,,示例集团财务共享中心（本部）,应付确认单（物料类）,非自动审批,1
A04,示例集团·丁公司,AP-2026-000032,应付发票,应付付款单（差旅费）,人民币,138870.95,,--,2026-01-06,FSSC审核岗,应付成本组,审核员04,审核通过,2026-05-15 12:49:09,2026-05-15 12:50:31,2026-05-15 12:53:25,2026-05-15 14:09:31,,--,,示例集团财务共享中心（本部）,应付付款单（差旅费）,非自动审批,1
A04,示例集团·丁公司,AP-2026-000032,应付发票,应付付款单（差旅费）,人民币,15702.34,,--,2026-01-06,FSSC审核岗,应付成本组,审核员04,审核通过,2026-05-15 12:49:09,2026-05-15 12:50:31,2026-05-15 12:59:09,2026-05-15 15:00:31,,--,,示例集团财务共享中心（本部）,应付付款单（差旅费）,非自动审批,1
A04,示例集团·丁公司,AP-2026-000032,应付发票,应付付款单（差旅费）,人民币,3068.96,,--,2026-01-06,FSSC审核岗,应付成本组,审核员04,审核通过,2026-05-15 12:49:09,2026-05-15 12:50:31,2026-05-15 12:55:30,2026-05-15 15:44:31,,--,,示例集团财务共享中心（本部）,应付付款单（差旅费）,非自动审批,1
A09,示例集团·壬公司,AP-2026-000033,应付发票,应付付款单（材料采购）,人民币,185097.5,,--,2026-02-18,FSSC审核岗,应付成本组,审核员03,审核通过,2026-01-08 14:44:55,2026-01-08 14:45:23,2026-01-08 14:50:14,2026-01-08 16:54:23,,--,,示例集团财务共享中心（本部）,应付付款单（材料采购）,非自动审批,1
A09,示例集团·壬公司,AP-2026-000033,应付发票,应付付款单（材料采购）,人民币,10782.32,,--,2026-02-18,FSSC审核岗,应付成本组,审核员03,审核通过,2026-01-08 14:44:55,2026-01-08 14:45:23,2026-01-08 14:53:26,2026-01-08 15:30:23,,--,,示例集团财务共享中心（本部）,应付付款单（材料采购）,非自动审批,1
A09,示例集团·壬公司,AP-2026-000033,应付发票,应付付款单（材料采购）,人民币,331385.41,,--,2026-02-18,FSSC审核岗,应付成本组,审核员03,审核通过,2026-01-08 14:44:55,2026-01-08 14:45:23,2026-01-08 14:53:53,2026-01-08 17:00:23,,--,,示例集团财务共享中心（本部）,应付付款单（材料采购）,非自动审批,1
A12,示例集团·子公司乙,AP-2026-000034,应付发票,应付付款单（差旅费）,人民币,26632.49,,--,2026-04-23,FSSC审核岗,应付成本组,审核员06,审核通过,2026-05-25 17:24:31,2026-05-25 17:25:17,2026-05-25 17:30:25,2026-05-25 20:13:17,,--,,示例集团财务共享中心（本部）,应付付款单（差旅费）,非自动审批,1
A12,示例集团·子公司乙,AP-2026-000034,应付发票,应付付款单（差旅费）,人民币,14213.65,,--,2026-04-23,FSSC审核岗,应付成本组,审核员06,审核通过,2026-05-25 17:24:31,2026-05-25 17:25:17,2026-05-25 17:27:50,2026-05-25 19:13:17,,--,,示例集团财务共享中心（本部）,应付付款单（差旅费）,非自动审批,1
A12,示例集团·子公司乙,AP-2026-000034,应付发票,应付付款单（差旅费）,人民币,97681.82,,--,2026-04-23,FSSC审核岗,应付成本组,审核员06,审核通过,2026-05-25 17:24:31,2026-05-25 17:25:17,2026-05-25 17:33:09,2026-05-25 20:15:17,,--,,示例集团财务共享中心（本部）,应付付款单（差旅费）,非自动审批,1
A11,示例集团·子公司甲,AP-2026-000035,付款单,应付付款单（服务费）,人民币,141867.18,,--,2026-01-09,FSSC审核岗,应付成本组,审核员04,审核通过,2026-06-13 13:43:35,2026-06-13 13:44:27,2026-06-13 13:53:17,2026-06-13 18:17:27,,--,,示例集团财务共享中心（本部）,应付付款单（服务费）,非自动审批,1
A11,示例集团·子公司甲,AP-2026-000035,付款单,应付付款单（服务费）,人民币,130510.54,,--,2026-01-09,FSSC审核岗,应付成本组,审核员04,审核通过,2026-06-13 13:43:35,2026-06-13 13:44:27,2026-06-13 13:52:12,2026-06-13 17:49:27,,--,,示例集团财务共享中心（本部）,应付付款单（服务费）,非自动审批,1
A02,示例集团·乙公司,AP-2026-000037,应付发票,应付付款单（材料采购）,人民币,120843.86,,--,2026-06-18,FSSC审核岗,应付成本组,审核员01,审核通过,2026-05-21 09:49:44,2026-05-21 09:51:21,2026-05-21 09:51:57,2026-05-21 11:20:21,,--,,示例集团财务共享中心（本部）,应付付款单（材料采购）,非自动审批,1
A02,示例集团·乙公司,AP-2026-000037,应付发票,应付付款单（材料采购）,人民币,22227.68,,--,2026-06-18,FSSC审核岗,应付成本组,审核员01,审核通过,2026-05-21 09:49:44,2026-05-21 09:51:21,2026-05-21 09:52:24,2026-05-21 10:43:21,,--,,示例集团财务共享中心（本部）,应付付款单（材料采购）,非自动审批,1
A02,示例集团·乙公司,AP-2026-000037,应付发票,应付付款单（材料采购）,人民币,7060.89,,--,2026-06-18,FSSC审核岗,应付成本组,审核员01,审核通过,2026-05-21 09:49:44,2026-05-21 09:51:21,2026-05-21 09:54:02,2026-05-21 10:22:21,,--,,示例集团财务共享中心（本部）,应付付款单（材料采购）,非自动审批,1
A01,示例集团·甲公司,AP-2026-000038,付款单,其他专项付款单,人民币,34699.13,,--,2026-04-07,FSSC审核岗,应付成本组,审核员04,审核通过,2026-01-25 13:11:17,2026-01-25 13:12:53,2026-01-25 13:14:07,2026-01-25 16:28:53,,--,,示例集团财务共享中心（本部）,其他专项付款单,非自动审批,1
A15,示例集团·子公司戊,AP-2026-000039,应付发票,其他专项付款单,人民币,12040.23,,--,2026-04-13,FSSC审核岗,应付成本组,审核员07,审核通过,2026-02-03 17:45:34,2026-02-03 17:46:06,2026-02-03 17:55:12,2026-02-03 20:00:06,,--,,示例集团财务共享中心（本部）,其他专项付款单,非自动审批,1
A15,示例集团·子公司戊,AP-2026-000039,应付发票,其他专项付款单,人民币,109706.97,,--,2026-04-13,FSSC审核岗,应付成本组,审核员07,审核通过,2026-02-03 17:45:34,2026-02-03 17:46:06,2026-02-03 17:46:15,2026-02-03 19:24:06,,--,,示例集团财务共享中心（本部）,其他专项付款单,非自动审批,1
A15,示例集团·子公司戊,AP-2026-000039,应付发票,其他专项付款单,人民币,203607.0,,--,2026-04-13,FSSC审核岗,应付成本组,审核员07,审核通过,2026-02-03 17:45:34,2026-02-03 17:46:06,2026-02-03 17:48:31,2026-02-03 19:50:06,,--,,示例集团财务共享中心（本部）,其他专项付款单,非自动审批,1
A03,示例集团·丙公司,AP-2026-000040,应付发票,应付确认单（物料类）,人民币,76250.2,,--,2026-05-17,FSSC审核岗,应付成本组,审核员03,审核通过,2026-02-28 14:52:38,2026-02-28 14:53:34,2026-02-28 15:02:33,2026-02-28 17:41:34,,--,,示例集团财务共享中心（本部）,应付确认单（物料类）,非自动审批,1
A03,示例集团·丙公司,AP-2026-000040,应付发票,应付确认单（物料类）,人民币,59795.0,,--,2026-05-17,FSSC审核岗,应付成本组,审核员03,审核通过,2026-02-28 14:52:38,2026-02-28 14:53:34,2026-02-28 14:53:49,2026-02-28 17:45:34,,--,,示例集团财务共享中心（本部）,应付确认单（物料类）,非自动审批,1
A17,示例集团·子公司庚,AP-2026-000041,应付发票,其他专项付款单,人民币,38769.7,,--,2026-02-18,FSSC审核岗,应付成本组,审核员06,审核通过,2026-04-14 19:37:38,2026-04-14 19:39:28,2026-04-14 19:44:49,2026-04-14 22:16:28,,--,,示例集团财务共享中心（本部）,其他专项付款单,非自动审批,1
A17,示例集团·子公司庚,AP-2026-000041,应付发票,其他专项付款单,人民币,236212.94,,--,2026-02-18,FSSC审核岗,应付成本组,审核员06,审核通过,2026-04-14 19:37:38,2026-04-14 19:39:28,2026-04-14 19:38:07,2026-04-14 21:01:28,,--,,示例集团财务共享中心（本部）,其他专项付款单,非自动审批,1
A06,示例集团·己公司,AP-2026-000042,应付发票,应付付款单（差旅费）,人民币,4616.28,,--,2026-05-16,FSSC审核岗,应付成本组,审核员03,审核通过,2026-03-07 13:51:38,2026-03-07 13:52:14,2026-03-07 13:55:16,2026-03-07 17:36:14,,--,,示例集团财务共享中心（本部）,应付付款单（差旅费）,非自动审批,1
A06,示例集团·己公司,AP-2026-000042,应付发票,应付付款单（差旅费）,人民币,11063.3,,--,2026-05-16,FSSC审核岗,应付成本组,审核员03,审核通过,2026-03-07 13:51:38,2026-03-07 13:52:14,2026-03-07 13:55:28,2026-03-07 18:12:14,,--,,示例集团财务共享中心（本部）,应付付款单（差旅费）,非自动审批,1
A02,示例集团·乙公司,AP-2026-000043,付款单,应付确认单（物料类）,人民币,772530.39,,--,2026-03-08,FSSC审核岗,应付成本组,审核员04,审核通过,2026-04-23 15:28:52,2026-04-23 15:29:04,2026-04-23 15:36:52,2026-04-23 16:54:04,,--,,示例集团财务共享中心（本部）,应付确认单（物料类）,非自动审批,1
A02,示例集团·乙公司,AP-2026-000043,付款单,应付确认单（物料类）,人民币,10332.58,,--,2026-03-08,FSSC审核岗,应付成本组,审核员04,审核通过,2026-04-23 15:28:52,2026-04-23 15:29:04,2026-04-23 15:36:01,2026-04-23 17:25:04,,--,,示例集团财务共享中心（本部）,应付确认单（物料类）,非自动审批,1
A06,示例集团·己公司,AP-2026-000044,通用报销单,通用报销单（费用报销）,人民币,125926.23,,--,2026-06-18,FSSC审核岗,应付成本组,审核员07,审核通过,2026-06-15 12:19:31,2026-06-15 12:19:47,2026-06-15 12:28:43,2026-06-15 15:42:47,,--,,示例集团财务共享中心（本部）,通用报销单（费用报销）,非自动审批,1
A06,示例集团·己公司,AP-2026-000044,通用报销单,通用报销单（费用报销）,人民币,167964.2,,--,2026-06-18,FSSC审核岗,应付成本组,审核员07,审核通过,2026-06-15 12:19:31,2026-06-15 12:19:47,2026-06-15 12:21:32,2026-06-15 17:03:47,,--,,示例集团财务共享中心（本部）,通用报销单（费用报销）,非自动审批,1
A06,示例集团·己公司,AP-2026-000044,通用报销单,通用报销单（费用报销）,人民币,4036.97,,--,2026-06-18,FSSC审核岗,应付成本组,审核员07,审核通过,2026-06-15 12:19:31,2026-06-15 12:19:47,2026-06-15 12:19:42,2026-06-15 17:11:47,,--,,示例集团财务共享中心（本部）,通用报销单（费用报销）,非自动审批,1
A03,示例集团·丙公司,AP-2026-000046,应付发票,应付付款单（材料采购）,人民币,5281.59,,--,2026-01-25,FSSC审核岗,应付成本组,审核员05,审核通过,2026-04-01 17:19:01,2026-04-01 17:19:58,2026-04-01 17:27:14,2026-04-01 18:49:58,,--,,示例集团财务共享中心（本部）,应付付款单（材料采购）,非自动审批,1
A03,示例集团·丙公司,AP-2026-000046,应付发票,应付付款单（材料采购）,人民币,351723.3,,--,2026-01-25,FSSC审核岗,应付成本组,审核员05,审核通过,2026-04-01 17:19:01,2026-04-01 17:19:58,2026-04-01 17:19:32,2026-04-01 19:45:58,,--,,示例集团财务共享中心（本部）,应付付款单（材料采购）,非自动审批,1
A03,示例集团·丙公司,AP-2026-000046,应付发票,应付付款单（材料采购）,人民币,15334.78,,--,2026-01-25,FSSC审核岗,应付成本组,审核员05,审核通过,2026-04-01 17:19:01,2026-04-01 17:19:58,2026-04-01 17:19:58,2026-04-01 20:31:58,,--,,示例集团财务共享中心（本部）,应付付款单（材料采购）,非自动审批,1
A02,示例集团·乙公司,AP-2026-000047,应付发票,应付付款单（服务费）,人民币,15932.49,,--,2026-06-03,FSSC审核岗,应付成本组,审核员07,审核通过,2026-01-25 14:39:29,2026-01-25 14:40:49,2026-01-25 14:40:41,2026-01-25 16:46:49,,--,,示例集团财务共享中心（本部）,应付付款单（服务费）,非自动审批,1
A02,示例集团·乙公司,AP-2026-000047,应付发票,应付付款单（服务费）,人民币,28876.21,,--,2026-06-03,FSSC审核岗,应付成本组,审核员07,审核通过,2026-01-25 14:39:29,2026-01-25 14:40:49,2026-01-25 14:48:23,2026-01-25 17:15:49,,--,,示例集团财务共享中心（本部）,应付付款单（服务费）,非自动审批,1
A02,示例集团·乙公司,AP-2026-000047,应付发票,应付付款单（服务费）,人民币,15387.72,,--,2026-06-03,FSSC审核岗,应付成本组,审核员07,审核通过,2026-01-25 14:39:29,2026-01-25 14:40:49,2026-01-25 14:46:45,2026-01-25 17:36:49,,--,,示例集团财务共享中心（本部）,应付付款单（服务费）,非自动审批,1
A03,示例集团·丙公司,AP-2026-000048,付款单,应付付款单（材料采购）,人民币,125088.25,,--,2026-01-24,FSSC审核岗,应付成本组,审核员05,审核通过,2026-05-21 11:16:48,2026-05-21 11:17:09,2026-05-21 11:20:48,2026-05-21 12:41:09,,--,,示例集团财务共享中心（本部）,应付付款单（材料采购）,非自动审批,1
A03,示例集团·丙公司,AP-2026-000048,付款单,应付付款单（材料采购）,人民币,11443.16,,--,2026-01-24,FSSC审核岗,应付成本组,审核员05,审核通过,2026-05-21 11:16:48,2026-05-21 11:17:09,2026-05-21 11:17:35,2026-05-21 13:23:09,,--,,示例集团财务共享中心（本部）,应付付款单（材料采购）,非自动审批,1
A03,示例集团·丙公司,AP-2026-000049,应付发票,应付付款单（服务费）,人民币,3819.73,,--,2026-02-23,FSSC审核岗,应付成本组,审核员05,审核通过,2026-04-08 12:51:31,2026-04-08 12:52:47,2026-04-08 12:52:16,2026-04-08 16:56:47,,--,,示例集团财务共享中心（本部）,应付付款单（服务费）,非自动审批,1
A03,示例集团·丙公司,AP-2026-000049,应付发票,应付付款单（服务费）,人民币,302216.56,,--,2026-02-23,FSSC审核岗,应付成本组,审核员05,审核通过,2026-04-08 12:51:31,2026-04-08 12:52:47,2026-04-08 13:00:28,2026-04-08 16:13:47,,--,,示例集团财务共享中心（本部）,应付付款单（服务费）,非自动审批,1
A03,示例集团·丙公司,AP-2026-000049,应付发票,应付付款单（服务费）,人民币,12257.89,,--,2026-02-23,FSSC审核岗,应付成本组,审核员05,审核通过,2026-04-08 12:51:31,2026-04-08 12:52:47,2026-04-08 12:56:20,2026-04-08 16:47:47,,--,,示例集团财务共享中心（本部）,应付付款单（服务费）,非自动审批,1
A15,示例集团·子公司戊,AP-2026-000050,付款单,通用报销单（费用报销）,人民币,20893.09,,--,2026-01-06,FSSC审核岗,应付成本组,审核员01,审核通过,2026-01-24 17:58:47,2026-01-24 17:59:03,2026-01-24 18:06:22,2026-01-24 21:02:03,,--,,示例集团财务共享中心（本部）,通用报销单（费用报销）,非自动审批,1
A04,示例集团·丁公司,AP-2026-000051,应付发票,应付付款单（差旅费）,人民币,191338.83,,--,2026-01-24,FSSC审核岗,应付成本组,审核员07,审核通过,2026-04-01 09:15:37,2026-04-01 09:17:28,2026-04-01 09:23:17,2026-04-01 13:36:28,,--,,示例集团财务共享中心（本部）,应付付款单（差旅费）,非自动审批,1
A04,示例集团·丁公司,AP-2026-000051,应付发票,应付付款单（差旅费）,人民币,66061.5,,--,2026-01-24,FSSC审核岗,应付成本组,审核员07,审核通过,2026-04-01 09:15:37,2026-04-01 09:17:28,2026-04-01 09:22:46,2026-04-01 13:45:28,,--,,示例集团财务共享中心（本部）,应付付款单（差旅费）,非自动审批,1
A04,示例集团·丁公司,AP-2026-000051,应付发票,应付付款单（差旅费）,人民币,284155.74,,--,2026-01-24,FSSC审核岗,应付成本组,审核员07,审核通过,2026-04-01 09:15:37,2026-04-01 09:17:28,2026-04-01 09:18:47,2026-04-01 13:04:28,,--,,示例集团财务共享中心（本部）,应付付款单（差旅费）,非自动审批,1
A07,示例集团·庚公司,AP-2026-000052,应付发票,应付付款单（服务费）,人民币,195477.18,,--,2026-06-19,FSSC审核岗,应付成本组,审核员02,审核通过,2026-06-16 09:30:49,2026-06-16 09:31:32,2026-06-16 09:39:05,2026-06-16 12:37:32,,--,,示例集团财务共享中心（本部）,应付付款单（服务费）,非自动审批,1
A03,示例集团·丙公司,AP-2026-000053,通用报销单,应付付款单（服务费）,人民币,31735.69,,--,2026-02-18,FSSC审核岗,应付成本组,审核员06,审核通过,2026-03-11 12:20:57,2026-03-11 12:21:49,2026-03-11 12:26:55,2026-03-11 15:24:49,,--,,示例集团财务共享中心（本部）,应付付款单（服务费）,非自动审批,1
A03,示例集团·丙公司,AP-2026-000053,通用报销单,应付付款单（服务费）,人民币,250368.18,,--,2026-02-18,FSSC审核岗,应付成本组,审核员06,审核通过,2026-03-11 12:20:57,2026-03-11 12:21:49,2026-03-11 12:26:31,2026-03-11 15:30:49,,--,,示例集团财务共享中心（本部）,应付付款单（服务费）,非自动审批,1
A04,示例集团·丁公司,AP-2026-000055,应付发票,应付付款单（差旅费）,人民币,75726.42,,--,2026-01-04,FSSC审核岗,应付成本组,审核员06,审核通过,2026-01-27 10:32:45,2026-01-27 10:33:23,2026-01-27 10:37:37,2026-01-27 12:56:23,,--,,示例集团财务共享中心（本部）,应付付款单（差旅费）,非自动审批,1
A04,示例集团·丁公司,AP-2026-000055,应付发票,应付付款单（差旅费）,人民币,25906.7,,--,2026-01-04,FSSC审核岗,应付成本组,审核员06,审核通过,2026-01-27 10:32:45,2026-01-27 10:33:23,2026-01-27 10:41:37,2026-01-27 13:05:23,,--,,示例集团财务共享中心（本部）,应付付款单（差旅费）,非自动审批,1
A06,示例集团·己公司,AP-2026-000056,付款单,应付付款单（差旅费）,人民币,89909.8,,--,2026-03-17,FSSC审核岗,应付成本组,审核员07,审核通过,2026-03-28 09:18:40,2026-03-28 09:20:30,2026-03-28 09:23:27,2026-03-28 12:11:30,,--,,示例集团财务共享中心（本部）,应付付款单（差旅费）,非自动审批,1
A06,示例集团·己公司,AP-2026-000056,付款单,应付付款单（差旅费）,人民币,9573.48,,--,2026-03-17,FSSC审核岗,应付成本组,审核员07,审核通过,2026-03-28 09:18:40,2026-03-28 09:20:30,2026-03-28 09:26:58,2026-03-28 12:21:30,,--,,示例集团财务共享中心（本部）,应付付款单（差旅费）,非自动审批,1
A12,示例集团·子公司乙,AP-2026-000057,付款单,应付付款单（服务费）,人民币,192410.58,,--,2026-01-28,FSSC审核岗,应付成本组,审核员05,审核通过,2026-03-16 13:22:24,2026-03-16 13:23:34,2026-03-16 13:25:52,2026-03-16 15:40:34,,--,,示例集团财务共享中心（本部）,应付付款单（服务费）,非自动审批,1
A02,示例集团·乙公司,AP-2026-000058,付款单,应付付款单（服务费）,人民币,160454.6,,--,2026-03-24,FSSC审核岗,应付成本组,审核员01,审核通过,2026-02-26 14:25:33,2026-02-26 14:27:19,2026-02-26 14:28:15,2026-02-26 17:22:19,,--,,示例集团财务共享中心（本部）,应付付款单（服务费）,非自动审批,1
A13,示例集团·子公司丙,AP-2026-000059,付款单,应付确认单（物料类）,人民币,70862.87,,--,2026-04-17,FSSC审核岗,应付成本组,审核员04,审核通过,2026-03-05 14:55:51,2026-03-05 14:56:01,2026-03-05 15:02:47,2026-03-05 18:16:01,,--,,示例集团财务共享中心（本部）,应付确认单（物料类）,非自动审批,1
A12,示例集团·子公司乙,AP-2026-000060,应付发票,应付确认单（物料类）,人民币,4082.31,,--,2026-01-11,FSSC审核岗,应付成本组,审核员03,审核通过,2026-04-25 15:55:37,2026-04-25 15:56:57,2026-04-25 15:56:46,2026-04-25 16:42:57,,--,,示例集团财务共享中心（本部）,应付确认单（物料类）,非自动审批,1
A06,示例集团·己公司,AP-2026-000062,通用报销单,应付确认单（物料类）,人民币,301391.9,,--,2026-05-03,FSSC审核岗,应付成本组,审核员02,审核通过,2026-05-20 18:16:30,2026-05-20 18:17:45,2026-05-20 18:21:01,2026-05-20 19:39:45,,--,,示例集团财务共享中心（本部）,应付确认单（物料类）,非自动审批,1
A06,示例集团·己公司,AP-2026-000062,通用报销单,应付确认单（物料类）,人民币,110407.1,,--,2026-05-03,FSSC审核岗,应付成本组,审核员02,审核通过,2026-05-20 18:16:30,2026-05-20 18:17:45,2026-05-20 18:19:35,2026-05-20 20:53:45,,--,,示例集团财务共享中心（本部）,应付确认单（物料类）,非自动审批,1
A06,示例集团·己公司,AP-2026-000062,通用报销单,应付确认单（物料类）,人民币,57980.28,,--,2026-05-03,FSSC审核岗,应付成本组,审核员02,审核通过,2026-05-20 18:16:30,2026-05-20 18:17:45,2026-05-20 18:23:00,2026-05-20 19:51:45,,--,,示例集团财务共享中心（本部）,应付确认单（物料类）,非自动审批,1
A14,示例集团·子公司丁,AP-2026-000063,应付发票,应付确认单（物料类）,人民币,46493.46,,--,2026-01-18,FSSC审核岗,应付成本组,审核员03,审核通过,2026-06-12 17:20:08,2026-06-12 17:21:37,2026-06-12 17:20:51,2026-06-12 19:26:37,,--,,示例集团财务共享中心（本部）,应付确认单（物料类）,非自动审批,1
A04,示例集团·丁公司,AP-2026-000064,通用报销单,应付付款单（服务费）,人民币,28242.78,,--,2026-06-23,FSSC审核岗,应付成本组,审核员03,审核通过,2026-03-22 14:17:37,2026-03-22 14:19:28,2026-03-22 14:18:27,2026-03-22 18:49:28,,--,,示例集团财务共享中心（本部）,应付付款单（服务费）,非自动审批,1
A04,示例集团·丁公司,AP-2026-000064,通用报销单,应付付款单（服务费）,人民币,36965.52,,--,2026-06-23,FSSC审核岗,应付成本组,审核员03,审核通过,2026-03-22 14:17:37,2026-03-22 14:19:28,2026-03-22 14:24:17,2026-03-22 17:45:28,,--,,示例集团财务共享中心（本部）,应付付款单（服务费）,非自动审批,1
A07,示例集团·庚公司,AP-2026-000065,付款单,应付付款单（服务费）,人民币,175765.04,,--,2026-06-20,FSSC审核岗,应付成本组,审核员05,审核驳回,2026-04-24 20:43:37,2026-04-24 20:43:55,2026-04-24 20:52:34,--,,--,,示例集团财务共享中心（本部）,应付付款单（服务费）,非自动审批,1
A07,示例集团·庚公司,AP-2026-000065,付款单,应付付款单（服务费）,人民币,29044.47,,--,2026-06-20,FSSC审核岗,应付成本组,审核员05,审核驳回,2026-04-24 20:43:37,2026-04-24 20:43:55,2026-04-24 20:49:38,--,,--,,示例集团财务共享中心（本部）,应付付款单（服务费）,非自动审批,1
A06,示例集团·己公司,AP-2026-000068,通用报销单,应付付款单（材料采购）,人民币,40781.22,,--,2026-02-04,FSSC审核岗,应付成本组,审核员07,审核通过,2026-06-01 17:56:56,2026-06-01 17:58:54,2026-06-01 18:05:16,2026-06-01 21:23:54,,--,,示例集团财务共享中心（本部）,应付付款单（材料采购）,非自动审批,1
A06,示例集团·己公司,AP-2026-000068,通用报销单,应付付款单（材料采购）,人民币,50079.62,,--,2026-02-04,FSSC审核岗,应付成本组,审核员07,审核通过,2026-06-01 17:56:56,2026-06-01 17:58:54,2026-06-01 17:59:11,2026-06-01 20:52:54,,--,,示例集团财务共享中心（本部）,应付付款单（材料采购）,非自动审批,1
A06,示例集团·己公司,AP-2026-000068,通用报销单,应付付款单（材料采购）,人民币,52037.71,,--,2026-02-04,FSSC审核岗,应付成本组,审核员07,审核通过,2026-06-01 17:56:56,2026-06-01 17:58:54,2026-06-01 18:02:56,2026-06-01 22:06:54,,--,,示例集团财务共享中心（本部）,应付付款单（材料采购）,非自动审批,1
A01,示例集团·甲公司,AP-2026-000069,应付发票,应付付款单（材料采购）,人民币,25211.7,,--,2026-01-16,FSSC审核岗,应付成本组,审核员01,审核通过,2026-05-18 10:24:53,2026-05-18 10:26:19,2026-05-18 10:34:51,2026-05-18 14:53:19,,--,,示例集团财务共享中心（本部）,应付付款单（材料采购）,非自动审批,1
A01,示例集团·甲公司,AP-2026-000069,应付发票,应付付款单（材料采购）,人民币,47179.78,,--,2026-01-16,FSSC审核岗,应付成本组,审核员01,审核通过,2026-05-18 10:24:53,2026-05-18 10:26:19,2026-05-18 10:25:28,2026-05-18 13:45:19,,--,,示例集团财务共享中心（本部）,应付付款单（材料采购）,非自动审批,1
A12,示例集团·子公司乙,AP-2026-000070,付款单,通用报销单（费用报销）,人民币,96822.97,,--,2026-05-09,FSSC审核岗,应付成本组,审核员07,审核通过,2026-02-07 15:29:10,2026-02-07 15:29:57,2026-02-07 15:32:54,2026-02-07 16:47:57,,--,,示例集团财务共享中心（本部）,通用报销单（费用报销）,非自动审批,1
A12,示例集团·子公司乙,AP-2026-000070,付款单,通用报销单（费用报销）,人民币,16869.69,,--,2026-05-09,FSSC审核岗,应付成本组,审核员07,审核通过,2026-02-07 15:29:10,2026-02-07 15:29:57,2026-02-07 15:36:17,2026-02-07 17:12:57,,--,,示例集团财务共享中心（本部）,通用报销单（费用报销）,非自动审批,1
A02,示例集团·乙公司,AP-2026-000071,付款单,应付付款单（差旅费）,人民币,47486.52,,--,2026-05-15,FSSC审核岗,应付成本组,审核员06,审核通过,2026-01-21 18:38:05,2026-01-21 18:39:46,2026-01-21 18:40:34,2026-01-21 21:09:46,,--,,示例集团财务共享中心（本部）,应付付款单（差旅费）,非自动审批,1
A02,示例集团·乙公司,AP-2026-000072,付款单,其他专项付款单,人民币,893925.65,,--,2026-02-11,FSSC审核岗,应付成本组,审核员07,审核通过,2026-04-20 08:18:04,2026-04-20 08:18:21,2026-04-20 08:22:38,2026-04-20 10:54:21,,--,,示例集团财务共享中心（本部）,其他专项付款单,非自动审批,1
A16,示例集团·子公司己,AP-2026-000074,付款单,应付付款单（差旅费）,人民币,54808.35,,--,2026-01-28,FSSC审核岗,应付成本组,审核员06,审核通过,2026-06-15 18:01:34,2026-06-15 18:03:23,2026-06-15 18:08:33,2026-06-15 20:07:23,,--,,示例集团财务共享中心（本部）,应付付款单（差旅费）,非自动审批,1
A16,示例集团·子公司己,AP-2026-000074,付款单,应付付款单（差旅费）,人民币,16275.36,,--,2026-01-28,FSSC审核岗,应付成本组,审核员06,审核通过,2026-06-15 18:01:34,2026-06-15 18:03:23,2026-06-15 18:10:36,2026-06-15 20:16:23,,--,,示例集团财务共享中心（本部）,应付付款单（差旅费）,非自动审批,1
A16,示例集团·子公司己,AP-2026-000074,付款单,应付付款单（差旅费）,人民币,13816.56,,--,2026-01-28,FSSC审核岗,应付成本组,审核员06,审核通过,2026-06-15 18:01:34,2026-06-15 18:03:23,2026-06-15 18:09:40,2026-06-15 20:04:23,,--,,示例集团财务共享中心（本部）,应付付款单（差旅费）,非自动审批,1
A03,示例集团·丙公司,AP-2026-000075,通用报销单,通用报销单（费用报销）,人民币,10185.57,,--,2026-04-20,FSSC审核岗,应付成本组,审核员01,审核通过,2026-03-23 13:25:12,2026-03-23 13:25:50,2026-03-23 13:33:51,2026-03-23 16:49:50,,--,,示例集团财务共享中心（本部）,通用报销单（费用报销）,非自动审批,1
A04,示例集团·丁公司,AP-2026-000076,应付发票,应付确认单（物料类）,人民币,584179.27,,--,2026-04-27,FSSC审核岗,应付成本组,审核员03,审核通过,2026-04-24 09:20:48,2026-04-24 09:22:14,2026-04-24 09:24:30,2026-04-24 10:42:14,,--,,示例集团财务共享中心（本部）,应付确认单（物料类）,非自动审批,1
A04,示例集团·丁公司,AP-2026-000076,应付发票,应付确认单（物料类）,人民币,245543.98,,--,2026-04-27,FSSC审核岗,应付成本组,审核员03,审核通过,2026-04-24 09:20:48,2026-04-24 09:22:14,2026-04-24 09:21:34,2026-04-24 10:58:14,,--,,示例集团财务共享中心（本部）,应付确认单（物料类）,非自动审批,1
A01,示例集团·甲公司,AP-2026-000077,应付发票,应付付款单（材料采购）,人民币,9843.09,,--,2026-01-26,FSSC审核岗,应付成本组,审核员06,审核通过,2026-03-19 16:36:04,2026-03-19 16:36:20,2026-03-19 16:44:16,2026-03-19 20:08:20,,--,,示例集团财务共享中心（本部）,应付付款单（材料采购）,非自动审批,1
A01,示例集团·甲公司,AP-2026-000077,应付发票,应付付款单（材料采购）,人民币,80756.1,,--,2026-01-26,FSSC审核岗,应付成本组,审核员06,审核通过,2026-03-19 16:36:04,2026-03-19 16:36:20,2026-03-19 16:37:08,2026-03-19 18:23:20,,--,,示例集团财务共享中心（本部）,应付付款单（材料采购）,非自动审批,1
A01,示例集团·甲公司,AP-2026-000077,应付发票,应付付款单（材料采购）,人民币,332624.83,,--,2026-01-26,FSSC审核岗,应付成本组,审核员06,审核通过,2026-03-19 16:36:04,2026-03-19 16:36:20,2026-03-19 16:45:30,2026-03-19 19:51:20,,--,,示例集团财务共享中心（本部）,应付付款单（材料采购）,非自动审批,1
A03,示例集团·丙公司,AP-2026-000078,应付发票,应付确认单（物料类）,人民币,56576.25,,--,2026-06-22,FSSC审核岗,应付成本组,审核员02,审核通过,2026-02-04 13:54:59,2026-02-04 13:55:14,2026-02-04 13:58:41,2026-02-04 17:44:14,,--,,示例集团财务共享中心（本部）,应付确认单（物料类）,非自动审批,1
A01,示例集团·甲公司,AP-2026-000079,通用报销单,应付付款单（服务费）,人民币,30083.75,,--,2026-04-09,FSSC审核岗,应付成本组,审核员06,审核通过,2026-01-23 20:20:20,2026-01-23 20:21:05,2026-01-23 20:23:59,2026-01-23 21:59:05,,--,,示例集团财务共享中心（本部）,应付付款单（服务费）,非自动审批,1
A01,示例集团·甲公司,AP-2026-000080,付款单,应付付款单（服务费）,人民币,1379538.4,,--,2026-06-15,FSSC审核岗,应付成本组,审核员03,审核通过,2026-05-10 19:21:26,2026-05-10 19:22:43,2026-05-10 19:24:58,2026-05-10 20:09:43,,--,,示例集团财务共享中心（本部）,应付付款单（服务费）,非自动审批,1
A01,示例集团·甲公司,AP-2026-000080,付款单,应付付款单（服务费）,人民币,4156.87,,--,2026-06-15,FSSC审核岗,应付成本组,审核员03,审核通过,2026-05-10 19:21:26,2026-05-10 19:22:43,2026-05-10 19:25:34,2026-05-10 21:38:43,,--,,示例集团财务共享中心（本部）,应付付款单（服务费）,非自动审批,1
A08,示例集团·辛公司,AP-2026-000081,付款单,应付付款单（差旅费）,人民币,2387155.58,,--,2026-02-09,FSSC审核岗,应付成本组,审核员04,审核通过,2026-05-04 13:27:26,2026-05-04 13:28:53,2026-05-04 13:29:42,2026-05-04 17:43:53,,--,,示例集团财务共享中心（本部）,应付付款单（差旅费）,非自动审批,1
A08,示例集团·辛公司,AP-2026-000081,付款单,应付付款单（差旅费）,人民币,65120.77,,--,2026-02-09,FSSC审核岗,应付成本组,审核员04,审核通过,2026-05-04 13:27:26,2026-05-04 13:28:53,2026-05-04 13:36:46,2026-05-04 18:16:53,,--,,示例集团财务共享中心（本部）,应付付款单（差旅费）,非自动审批,1
A08,示例集团·辛公司,AP-2026-000081,付款单,应付付款单（差旅费）,人民币,364616.79,,--,2026-02-09,FSSC审核岗,应付成本组,审核员04,审核通过,2026-05-04 13:27:26,2026-05-04 13:28:53,2026-05-04 13:36:22,2026-05-04 16:49:53,,--,,示例集团财务共享中心（本部）,应付付款单（差旅费）,非自动审批,1
A19,示例集团·子公司壬,AP-2026-000082,通用报销单,通用报销单（费用报销）,人民币,11149.41,,--,2026-05-07,FSSC审核岗,应付成本组,审核员02,审核通过,2026-03-09 12:20:08,2026-03-09 12:21:12,2026-03-09 12:27:06,2026-03-09 16:55:12,,--,,示例集团财务共享中心（本部）,通用报销单（费用报销）,非自动审批,1
A19,示例集团·子公司壬,AP-2026-000082,通用报销单,通用报销单（费用报销）,人民币,21680.79,,--,2026-05-07,FSSC审核岗,应付成本组,审核员02,审核通过,2026-03-09 12:20:08,2026-03-09 12:21:12,2026-03-09 12:21:42,2026-03-09 15:50:12,,--,,示例集团财务共享中心（本部）,通用报销单（费用报销）,非自动审批,1
A12,示例集团·子公司乙,AP-2026-000083,通用报销单,应付付款单（服务费）,人民币,13201.17,,--,2026-02-28,FSSC审核岗,应付成本组,审核员01,审核通过,2026-03-01 15:59:00,2026-03-01 15:59:41,2026-03-01 16:08:30,2026-03-01 19:48:41,,--,,示例集团财务共享中心（本部）,应付付款单（服务费）,非自动审批,1
A12,示例集团·子公司乙,AP-2026-000083,通用报销单,应付付款单（服务费）,人民币,51976.99,,--,2026-02-28,FSSC审核岗,应付成本组,审核员01,审核通过,2026-03-01 15:59:00,2026-03-01 15:59:41,2026-03-01 15:59:22,2026-03-01 19:02:41,,--,,示例集团财务共享中心（本部）,应付付款单（服务费）,非自动审批,1
A01,示例集团·甲公司,AP-2026-000084,通用报销单,其他专项付款单,人民币,92117.17,,--,2026-05-20,FSSC审核岗,应付成本组,审核员06,审核通过,2026-05-12 09:28:01,2026-05-12 09:28:33,2026-05-12 09:29:54,2026-05-12 12:36:33,,--,,示例集团财务共享中心（本部）,其他专项付款单,非自动审批,1
A01,示例集团·甲公司,AP-2026-000084,通用报销单,其他专项付款单,人民币,266604.83,,--,2026-05-20,FSSC审核岗,应付成本组,审核员06,审核通过,2026-05-12 09:28:01,2026-05-12 09:28:33,2026-05-12 09:37:07,2026-05-12 13:03:33,,--,,示例集团财务共享中心（本部）,其他专项付款单,非自动审批,1
A02,示例集团·乙公司,AP-2026-000085,付款单,应付付款单（差旅费）,人民币,5453.22,,--,2026-02-21,FSSC审核岗,应付成本组,审核员01,审核通过,2026-03-07 20:23:09,2026-03-07 20:24:54,2026-03-07 20:29:39,2026-03-08 00:47:54,,--,,示例集团财务共享中心（本部）,应付付款单（差旅费）,非自动审批,1
A02,示例集团·乙公司,AP-2026-000085,付款单,应付付款单（差旅费）,人民币,74580.74,,--,2026-02-21,FSSC审核岗,应付成本组,审核员01,审核通过,2026-03-07 20:23:09,2026-03-07 20:24:54,2026-03-07 20:25:15,2026-03-08 00:12:54,,--,,示例集团财务共享中心（本部）,应付付款单（差旅费）,非自动审批,1
A02,示例集团·乙公司,AP-2026-000085,付款单,应付付款单（差旅费）,人民币,209582.43,,--,2026-02-21,FSSC审核岗,应付成本组,审核员01,审核通过,2026-03-07 20:23:09,2026-03-07 20:24:54,2026-03-07 20:30:30,2026-03-08 00:24:54,,--,,示例集团财务共享中心（本部）,应付付款单（差旅费）,非自动审批,1
A07,示例集团·庚公司,AP-2026-000086,通用报销单,应付付款单（材料采购）,人民币,272409.13,,--,2026-03-06,FSSC审核岗,应付成本组,审核员05,审核通过,2026-05-15 20:37:26,2026-05-15 20:38:24,2026-05-15 20:37:52,2026-05-16 01:28:24,,--,,示例集团财务共享中心（本部）,应付付款单（材料采购）,非自动审批,1
A07,示例集团·庚公司,AP-2026-000086,通用报销单,应付付款单（材料采购）,人民币,32314.55,,--,2026-03-06,FSSC审核岗,应付成本组,审核员05,审核通过,2026-05-15 20:37:26,2026-05-15 20:38:24,2026-05-15 20:44:11,2026-05-16 00:11:24,,--,,示例集团财务共享中心（本部）,应付付款单（材料采购）,非自动审批,1
A07,示例集团·庚公司,AP-2026-000086,通用报销单,应付付款单（材料采购）,人民币,32882.42,,--,2026-03-06,FSSC审核岗,应付成本组,审核员05,审核通过,2026-05-15 20:37:26,2026-05-15 20:38:24,2026-05-15 20:43:54,2026-05-16 01:22:24,,--,,示例集团财务共享中心（本部）,应付付款单（材料采购）,非自动审批,1
A01,示例集团·甲公司,AP-2026-000087,通用报销单,应付确认单（物料类）,人民币,52636.53,,--,2026-06-09,FSSC审核岗,应付成本组,审核员03,审核通过,2026-06-17 09:19:58,2026-06-17 09:20:03,2026-06-17 09:25:17,2026-06-17 11:09:03,,--,,示例集团财务共享中心（本部）,应付确认单（物料类）,非自动审批,1
A01,示例集团·甲公司,AP-2026-000087,通用报销单,应付确认单（物料类）,人民币,77689.38,,--,2026-06-09,FSSC审核岗,应付成本组,审核员03,审核通过,2026-06-17 09:19:58,2026-06-17 09:20:03,2026-06-17 09:22:35,2026-06-17 09:48:03,,--,,示例集团财务共享中心（本部）,应付确认单（物料类）,非自动审批,1
A04,示例集团·丁公司,AP-2026-000088,通用报销单,应付付款单（材料采购）,人民币,370881.15,,--,2026-01-24,FSSC审核岗,应付成本组,审核员07,审核通过,2026-02-26 17:41:33,2026-02-26 17:42:51,2026-02-26 17:50:55,2026-02-26 21:26:51,,--,,示例集团财务共享中心（本部）,应付付款单（材料采购）,非自动审批,1
A04,示例集团·丁公司,AP-2026-000088,通用报销单,应付付款单（材料采购）,人民币,11002.37,,--,2026-01-24,FSSC审核岗,应付成本组,审核员07,审核通过,2026-02-26 17:41:33,2026-02-26 17:42:51,2026-02-26 17:45:30,2026-02-26 20:44:51,,--,,示例集团财务共享中心（本部）,应付付款单（材料采购）,非自动审批,1
A04,示例集团·丁公司,AP-2026-000088,通用报销单,应付付款单（材料采购）,人民币,19915.32,,--,2026-01-24,FSSC审核岗,应付成本组,审核员07,审核通过,2026-02-26 17:41:33,2026-02-26 17:42:51,2026-02-26 17:44:24,2026-02-26 20:40:51,,--,,示例集团财务共享中心（本部）,应付付款单（材料采购）,非自动审批,1
A19,示例集团·子公司壬,AP-2026-000089,通用报销单,其他专项付款单,人民币,9283.78,,--,2026-03-02,FSSC审核岗,应付成本组,审核员05,审核通过,2026-05-15 16:33:50,2026-05-15 16:34:37,2026-05-15 16:37:31,2026-05-15 19:42:37,,--,,示例集团财务共享中心（本部）,其他专项付款单,非自动审批,1
A19,示例集团·子公司壬,AP-2026-000089,通用报销单,其他专项付款单,人民币,108973.03,,--,2026-03-02,FSSC审核岗,应付成本组,审核员05,审核通过,2026-05-15 16:33:50,2026-05-15 16:34:37,2026-05-15 16:36:28,2026-05-15 19:31:37,,--,,示例集团财务共享中心（本部）,其他专项付款单,非自动审批,1
A01,示例集团·甲公司,AP-2026-000090,付款单,其他专项付款单,人民币,279823.82,,--,2026-02-10,FSSC审核岗,应付成本组,审核员05,审核通过,2026-01-22 17:55:31,2026-01-22 17:55:42,2026-01-22 18:02:59,2026-01-22 21:32:42,,--,,示例集团财务共享中心（本部）,其他专项付款单,非自动审批,1
A03,示例集团·丙公司,AP-2026-000091,付款单,应付付款单（服务费）,人民币,8189.81,,--,2026-06-27,FSSC审核岗,应付成本组,审核员06,审核通过,2026-06-27 19:44:32,2026-06-27 19:44:44,2026-06-27 19:48:11,2026-06-27 23:04:44,,--,,示例集团财务共享中心（本部）,应付付款单（服务费）,非自动审批,1
A03,示例集团·丙公司,AP-2026-000091,付款单,应付付款单（服务费）,人民币,67790.99,,--,2026-06-27,FSSC审核岗,应付成本组,审核员06,审核通过,2026-06-27 19:44:32,2026-06-27 19:44:44,2026-06-27 19:46:57,2026-06-27 23:38:44,,--,,示例集团财务共享中心（本部）,应付付款单（服务费）,非自动审批,1
A03,示例集团·丙公司,AP-2026-000091,付款单,应付付款单（服务费）,人民币,252863.36,,--,2026-06-27,FSSC审核岗,应付成本组,审核员06,审核通过,2026-06-27 19:44:32,2026-06-27 19:44:44,2026-06-27 19:54:11,2026-06-27 22:58:44,,--,,示例集团财务共享中心（本部）,应付付款单（服务费）,非自动审批,1
A17,示例集团·子公司庚,AP-2026-000092,付款单,应付付款单（材料采购）,人民币,179578.11,,--,2026-05-07,FSSC审核岗,应付成本组,审核员06,审核通过,2026-04-03 12:54:57,2026-04-03 12:56:02,2026-04-03 12:55:45,2026-04-03 16:43:02,,--,,示例集团财务共享中心（本部）,应付付款单（材料采购）,非自动审批,1
A17,示例集团·子公司庚,AP-2026-000092,付款单,应付付款单（材料采购）,人民币,176637.59,,--,2026-05-07,FSSC审核岗,应付成本组,审核员06,审核通过,2026-04-03 12:54:57,2026-04-03 12:56:02,2026-04-03 13:02:54,2026-04-03 17:33:02,,--,,示例集团财务共享中心（本部）,应付付款单（材料采购）,非自动审批,1
A17,示例集团·子公司庚,AP-2026-000092,付款单,应付付款单（材料采购）,人民币,11318.28,,--,2026-05-07,FSSC审核岗,应付成本组,审核员06,审核通过,2026-04-03 12:54:57,2026-04-03 12:56:02,2026-04-03 13:03:06,2026-04-03 18:11:02,,--,,示例集团财务共享中心（本部）,应付付款单（材料采购）,非自动审批,1
A13,示例集团·子公司丙,AP-2026-000093,通用报销单,应付确认单（物料类）,人民币,175818.62,,--,2026-06-05,FSSC审核岗,应付成本组,审核员05,审核通过,2026-05-23 20:40:49,2026-05-23 20:41:11,2026-05-23 20:49:49,2026-05-24 01:37:11,,--,,示例集团财务共享中心（本部）,应付确认单（物料类）,非自动审批,1
A13,示例集团·子公司丙,AP-2026-000093,通用报销单,应付确认单（物料类）,人民币,46152.4,,--,2026-06-05,FSSC审核岗,应付成本组,审核员05,审核通过,2026-05-23 20:40:49,2026-05-23 20:41:11,2026-05-23 20:44:41,2026-05-24 01:13:11,,--,,示例集团财务共享中心（本部）,应付确认单（物料类）,非自动审批,1
A13,示例集团·子公司丙,AP-2026-000093,通用报销单,应付确认单（物料类）,人民币,267861.82,,--,2026-06-05,FSSC审核岗,应付成本组,审核员05,审核通过,2026-05-23 20:40:49,2026-05-23 20:41:11,2026-05-23 20:44:35,2026-05-23 23:57:11,,--,,示例集团财务共享中心（本部）,应付确认单（物料类）,非自动审批,1
A10,示例集团·癸公司,AP-2026-000094,通用报销单,其他专项付款单,人民币,112289.22,,--,2026-04-08,FSSC审核岗,应付成本组,审核员02,审核通过,2026-01-16 11:24:20,2026-01-16 11:25:17,2026-01-16 11:28:33,2026-01-16 13:46:17,,--,,示例集团财务共享中心（本部）,其他专项付款单,非自动审批,1
A02,示例集团·乙公司,AP-2026-000096,付款单,应付付款单（差旅费）,人民币,19116.34,,--,2026-06-08,FSSC审核岗,应付成本组,审核员07,审核通过,2026-03-01 14:03:58,2026-03-01 14:04:46,2026-03-01 14:11:18,2026-03-01 15:50:46,,--,,示例集团财务共享中心（本部）,应付付款单（差旅费）,非自动审批,1
A02,示例集团·乙公司,AP-2026-000096,付款单,应付付款单（差旅费）,人民币,88462.74,,--,2026-06-08,FSSC审核岗,应付成本组,审核员07,审核通过,2026-03-01 14:03:58,2026-03-01 14:04:46,2026-03-01 14:10:19,2026-03-01 16:45:46,,--,,示例集团财务共享中心（本部）,应付付款单（差旅费）,非自动审批,1
A02,示例集团·乙公司,AP-2026-000096,付款单,应付付款单（差旅费）,人民币,188324.63,,--,2026-06-08,FSSC审核岗,应付成本组,审核员07,审核通过,2026-03-01 14:03:58,2026-03-01 14:04:46,2026-03-01 14:05:30,2026-03-01 16:33:46,,--,,示例集团财务共享中心（本部）,应付付款单（差旅费）,非自动审批,1
A12,示例集团·子公司乙,AP-2026-000097,付款单,其他专项付款单,人民币,29468.89,,--,2026-03-05,FSSC审核岗,应付成本组,审核员06,审核通过,2026-05-27 15:45:02,2026-05-27 15:46:40,2026-05-27 15:47:22,2026-05-27 19:30:40,,--,,示例集团财务共享中心（本部）,其他专项付款单,非自动审批,1
A06,示例集团·己公司,AP-2026-000099,应付发票,应付付款单（材料采购）,人民币,71705.5,,--,2026-02-08,FSSC审核岗,应付成本组,审核员04,审核通过,2026-02-14 08:39:38,2026-02-14 08:40:52,2026-02-14 08:48:44,2026-02-14 11:19:52,,--,,示例集团财务共享中心（本部）,应付付款单（材料采购）,非自动审批,1
A06,示例集团·己公司,AP-2026-000099,应付发票,应付付款单（材料采购）,人民币,9216.46,,--,2026-02-08,FSSC审核岗,应付成本组,审核员04,审核通过,2026-02-14 08:39:38,2026-02-14 08:40:52,2026-02-14 08:40:25,2026-02-14 11:19:52,,--,,示例集团财务共享中心（本部）,应付付款单（材料采购）,非自动审批,1
A06,示例集团·己公司,AP-2026-000099,应付发票,应付付款单（材料采购）,人民币,129139.01,,--,2026-02-08,FSSC审核岗,应付成本组,审核员04,审核通过,2026-02-14 08:39:38,2026-02-14 08:40:52,2026-02-14 08:47:36,2026-02-14 10:56:52,,--,,示例集团财务共享中心（本部）,应付付款单（材料采购）,非自动审批,1
A06,示例集团·己公司,AP-2026-000100,应付发票,应付付款单（服务费）,人民币,55338.87,,--,2026-01-01,FSSC审核岗,应付成本组,审核员04,审核通过,2026-04-02 18:24:40,2026-04-02 18:26:16,2026-04-02 18:31:57,2026-04-02 19:32:16,,--,,示例集团财务共享中心（本部）,应付付款单（服务费）,非自动审批,1
A06,示例集团·己公司,AP-2026-000100,应付发票,应付付款单（服务费）,人民币,215285.63,,--,2026-01-01,FSSC审核岗,应付成本组,审核员04,审核通过,2026-04-02 18:24:40,2026-04-02 18:26:16,2026-04-02 18:26:25,2026-04-02 20:23:16,,--,,示例集团财务共享中心（本部）,应付付款单（服务费）,非自动审批,1
A01,示例集团·甲公司,AP-2026-000101,通用报销单,应付付款单（差旅费）,人民币,124145.99,,--,2026-06-21,FSSC审核岗,应付成本组,审核员03,审核驳回,2026-04-22 15:45:11,2026-04-22 15:45:35,2026-04-22 15:55:11,--,,--,,示例集团财务共享中心（本部）,应付付款单（差旅费）,非自动审批,1
A01,示例集团·甲公司,AP-2026-000101,通用报销单,应付付款单（差旅费）,人民币,33858.91,,--,2026-06-21,FSSC审核岗,应付成本组,审核员03,审核驳回,2026-04-22 15:45:11,2026-04-22 15:45:35,2026-04-22 15:54:25,--,,--,,示例集团财务共享中心（本部）,应付付款单（差旅费）,非自动审批,1
A01,示例集团·甲公司,AP-2026-000101,通用报销单,应付付款单（差旅费）,人民币,18307.82,,--,2026-06-21,FSSC审核岗,应付成本组,审核员03,审核驳回,2026-04-22 15:45:11,2026-04-22 15:45:35,2026-04-22 15:52:39,--,,--,,示例集团财务共享中心（本部）,应付付款单（差旅费）,非自动审批,1
A03,示例集团·丙公司,AP-2026-000102,付款单,应付确认单（物料类）,人民币,13267.06,,--,2026-04-27,FSSC审核岗,应付成本组,审核员03,审核驳回,2026-05-02 20:41:31,2026-05-02 20:42:17,2026-05-02 20:47:47,--,,--,,示例集团财务共享中心（本部）,应付确认单（物料类）,非自动审批,1
A03,示例集团·丙公司,AP-2026-000102,付款单,应付确认单（物料类）,人民币,29425.27,,--,2026-04-27,FSSC审核岗,应付成本组,审核员03,审核驳回,2026-05-02 20:41:31,2026-05-02 20:42:17,2026-05-02 20:43:12,--,,--,,示例集团财务共享中心（本部）,应付确认单（物料类）,非自动审批,1
A03,示例集团·丙公司,AP-2026-000102,付款单,应付确认单（物料类）,人民币,207302.71,,--,2026-04-27,FSSC审核岗,应付成本组,审核员03,审核驳回,2026-05-02 20:41:31,2026-05-02 20:42:17,2026-05-02 20:41:41,--,,--,,示例集团财务共享中心（本部）,应付确认单（物料类）,非自动审批,1
A09,示例集团·壬公司,AP-2026-000103,通用报销单,应付付款单（服务费）,人民币,5121.62,,--,2026-03-06,FSSC审核岗,应付成本组,审核员03,审核通过,2026-03-12 20:34:09,2026-03-12 20:34:20,2026-03-12 20:37:28,2026-03-13 00:21:20,,--,,示例集团财务共享中心（本部）,应付付款单（服务费）,非自动审批,1
A09,示例集团·壬公司,AP-2026-000103,通用报销单,应付付款单（服务费）,人民币,14044.49,,--,2026-03-06,FSSC审核岗,应付成本组,审核员03,审核通过,2026-03-12 20:34:09,2026-03-12 20:34:20,2026-03-12 20:36:49,2026-03-13 01:31:20,,--,,示例集团财务共享中心（本部）,应付付款单（服务费）,非自动审批,1
A01,示例集团·甲公司,AP-2026-000104,付款单,其他专项付款单,人民币,199306.52,,--,2026-05-15,FSSC审核岗,应付成本组,审核员03,审核通过,2026-03-06 19:28:51,2026-03-06 19:28:57,2026-03-06 19:31:37,2026-03-06 22:49:57,,--,,示例集团财务共享中心（本部）,其他专项付款单,非自动审批,1
A01,示例集团·甲公司,AP-2026-000105,付款单,应付确认单（物料类）,人民币,384820.85,,--,2026-01-26,FSSC审核岗,应付成本组,审核员03,审核驳回,2026-06-01 10:55:22,2026-06-01 10:57:03,2026-06-01 11:02:22,--,,--,,示例集团财务共享中心（本部）,应付确认单（物料类）,非自动审批,1
A01,示例集团·甲公司,AP-2026-000105,付款单,应付确认单（物料类）,人民币,15117.04,,--,2026-01-26,FSSC审核岗,应付成本组,审核员03,审核驳回,2026-06-01 10:55:22,2026-06-01 10:57:03,2026-06-01 10:59:39,--,,--,,示例集团财务共享中心（本部）,应付确认单（物料类）,非自动审批,1
A01,示例集团·甲公司,AP-2026-000105,付款单,应付确认单（物料类）,人民币,13828.23,,--,2026-01-26,FSSC审核岗,应付成本组,审核员03,审核驳回,2026-06-01 10:55:22,2026-06-01 10:57:03,2026-06-01 11:03:04,--,,--,,示例集团财务共享中心（本部）,应付确认单（物料类）,非自动审批,1
A08,示例集团·辛公司,AP-2026-000106,付款单,其他专项付款单,人民币,429348.55,,--,2026-02-25,FSSC审核岗,应付成本组,审核员03,审核通过,2026-02-17 13:26:02,2026-02-17 13:26:38,2026-02-17 13:33:16,2026-02-17 15:00:38,,--,,示例集团财务共享中心（本部）,其他专项付款单,非自动审批,1
A08,示例集团·辛公司,AP-2026-000106,付款单,其他专项付款单,人民币,50360.77,,--,2026-02-25,FSSC审核岗,应付成本组,审核员03,审核通过,2026-02-17 13:26:02,2026-02-17 13:26:38,2026-02-17 13:30:35,2026-02-17 15:49:38,,--,,示例集团财务共享中心（本部）,其他专项付款单,非自动审批,1
A08,示例集团·辛公司,AP-2026-000106,付款单,其他专项付款单,人民币,17113.8,,--,2026-02-25,FSSC审核岗,应付成本组,审核员03,审核通过,2026-02-17 13:26:02,2026-02-17 13:26:38,2026-02-17 13:31:56,2026-02-17 16:28:38,,--,,示例集团财务共享中心（本部）,其他专项付款单,非自动审批,1
A10,示例集团·癸公司,AP-2026-000107,通用报销单,应付付款单（差旅费）,人民币,258451.94,,--,2026-05-20,FSSC审核岗,应付成本组,审核员02,审核通过,2026-01-16 11:08:03,2026-01-16 11:08:13,2026-01-16 11:11:38,2026-01-16 14:16:13,,--,,示例集团财务共享中心（本部）,应付付款单（差旅费）,非自动审批,1
A09,示例集团·壬公司,AP-2026-000108,应付发票,应付付款单（差旅费）,人民币,121160.71,,--,2026-04-10,FSSC审核岗,应付成本组,审核员03,审核通过,2026-01-23 18:12:14,2026-01-23 18:13:20,2026-01-23 18:17:16,2026-01-23 20:05:20,,--,,示例集团财务共享中心（本部）,应付付款单（差旅费）,非自动审批,1
A09,示例集团·壬公司,AP-2026-000108,应付发票,应付付款单（差旅费）,人民币,167932.21,,--,2026-04-10,FSSC审核岗,应付成本组,审核员03,审核通过,2026-01-23 18:12:14,2026-01-23 18:13:20,2026-01-23 18:18:34,2026-01-23 20:07:20,,--,,示例集团财务共享中心（本部）,应付付款单（差旅费）,非自动审批,1
A01,示例集团·甲公司,AP-2026-000109,通用报销单,应付确认单（物料类）,人民币,18408.81,,--,2026-02-26,FSSC审核岗,应付成本组,审核员03,审核通过,2026-01-03 09:20:11,2026-01-03 09:21:44,2026-01-03 09:26:37,2026-01-03 11:50:44,,--,,示例集团财务共享中心（本部）,应付确认单（物料类）,非自动审批,1
A01,示例集团·甲公司,AP-2026-000109,通用报销单,应付确认单（物料类）,人民币,101190.03,,--,2026-02-26,FSSC审核岗,应付成本组,审核员03,审核通过,2026-01-03 09:20:11,2026-01-03 09:21:44,2026-01-03 09:21:37,2026-01-03 12:25:44,,--,,示例集团财务共享中心（本部）,应付确认单（物料类）,非自动审批,1
A01,示例集团·甲公司,AP-2026-000109,通用报销单,应付确认单（物料类）,人民币,342765.09,,--,2026-02-26,FSSC审核岗,应付成本组,审核员03,审核通过,2026-01-03 09:20:11,2026-01-03 09:21:44,2026-01-03 09:21:20,2026-01-03 12:30:44,,--,,示例集团财务共享中心（本部）,应付确认单（物料类）,非自动审批,1
A05,示例集团·戊公司,AP-2026-000110,通用报销单,应付付款单（材料采购）,人民币,146841.95,,--,2026-06-27,FSSC审核岗,应付成本组,审核员03,审核通过,2026-01-19 10:49:36,2026-01-19 10:50:41,2026-01-19 10:50:40,2026-01-19 11:25:41,,--,,示例集团财务共享中心（本部）,应付付款单（材料采购）,非自动审批,1
A16,示例集团·子公司己,AP-2026-000111,付款单,应付付款单（服务费）,人民币,217035.86,,--,2026-03-17,FSSC审核岗,应付成本组,审核员07,审核通过,2026-04-09 11:40:53,2026-04-09 11:41:10,2026-04-09 11:41:19,2026-04-09 15:47:10,,--,,示例集团财务共享中心（本部）,应付付款单（服务费）,非自动审批,1
A05,示例集团·戊公司,AP-2026-000113,通用报销单,其他专项付款单,人民币,426940.34,,--,2026-04-10,FSSC审核岗,应付成本组,审核员03,审核驳回,2026-02-26 18:25:49,2026-02-26 18:25:59,2026-02-26 18:29:27,--,,--,,示例集团财务共享中心（本部）,其他专项付款单,非自动审批,1
A05,示例集团·戊公司,AP-2026-000113,通用报销单,其他专项付款单,人民币,108960.16,,--,2026-04-10,FSSC审核岗,应付成本组,审核员03,审核驳回,2026-02-26 18:25:49,2026-02-26 18:25:59,2026-02-26 18:32:28,--,,--,,示例集团财务共享中心（本部）,其他专项付款单,非自动审批,1
A13,示例集团·子公司丙,AP-2026-000114,应付发票,应付付款单（差旅费）,人民币,27141.81,,--,2026-04-12,FSSC审核岗,应付成本组,审核员07,审核通过,2026-06-12 16:35:27,2026-06-12 16:35:58,2026-06-12 16:38:28,2026-06-12 19:20:58,,--,,示例集团财务共享中心（本部）,应付付款单（差旅费）,非自动审批,1
A16,示例集团·子公司己,AP-2026-000115,通用报销单,应付付款单（服务费）,人民币,204424.83,,--,2026-02-28,FSSC审核岗,应付成本组,审核员03,审核通过,2026-03-19 19:21:01,2026-03-19 19:21:22,2026-03-19 19:29:03,2026-03-19 21:56:22,,--,,示例集团财务共享中心（本部）,应付付款单（服务费）,非自动审批,1
A16,示例集团·子公司己,AP-2026-000115,通用报销单,应付付款单（服务费）,人民币,12733.77,,--,2026-02-28,FSSC审核岗,应付成本组,审核员03,审核通过,2026-03-19 19:21:01,2026-03-19 19:21:22,2026-03-19 19:24:21,2026-03-19 21:51:22,,--,,示例集团财务共享中心（本部）,应付付款单（服务费）,非自动审批,1
A16,示例集团·子公司己,AP-2026-000115,通用报销单,应付付款单（服务费）,人民币,43859.77,,--,2026-02-28,FSSC审核岗,应付成本组,审核员03,审核通过,2026-03-19 19:21:01,2026-03-19 19:21:22,2026-03-19 19:24:40,2026-03-19 22:06:22,,--,,示例集团财务共享中心（本部）,应付付款单（服务费）,非自动审批,1
A16,示例集团·子公司己,AP-2026-000116,通用报销单,通用报销单（费用报销）,人民币,136395.08,,--,2026-04-07,FSSC审核岗,应付成本组,审核员07,审核通过,2026-06-02 12:32:35,2026-06-02 12:34:23,2026-06-02 12:37:19,2026-06-02 16:35:23,,--,,示例集团财务共享中心（本部）,通用报销单（费用报销）,非自动审批,1
A16,示例集团·子公司己,AP-2026-000116,通用报销单,通用报销单（费用报销）,人民币,662.27,,--,2026-04-07,FSSC审核岗,应付成本组,审核员07,审核通过,2026-06-02 12:32:35,2026-06-02 12:34:23,2026-06-02 12:36:23,2026-06-02 16:39:23,,--,,示例集团财务共享中心（本部）,通用报销单（费用报销）,非自动审批,1
A13,示例集团·子公司丙,AP-2026-000117,付款单,应付付款单（材料采购）,人民币,85258.98,,--,2026-02-12,FSSC审核岗,应付成本组,审核员06,审核通过,2026-03-19 16:12:59,2026-03-19 16:13:36,2026-03-19 16:19:49,2026-03-19 16:33:36,,--,,示例集团财务共享中心（本部）,应付付款单（材料采购）,非自动审批,1
A13,示例集团·子公司丙,AP-2026-000117,付款单,应付付款单（材料采购）,人民币,91078.45,,--,2026-02-12,FSSC审核岗,应付成本组,审核员06,审核通过,2026-03-19 16:12:59,2026-03-19 16:13:36,2026-03-19 16:14:47,2026-03-19 17:47:36,,--,,示例集团财务共享中心（本部）,应付付款单（材料采购）,非自动审批,1
A02,示例集团·乙公司,AP-2026-000119,付款单,应付付款单（材料采购）,人民币,12206.1,,--,2026-02-13,FSSC审核岗,应付成本组,审核员03,审核通过,2026-04-10 17:22:26,2026-04-10 17:23:32,2026-04-10 17:31:57,2026-04-10 20:47:32,,--,,示例集团财务共享中心（本部）,应付付款单（材料采购）,非自动审批,1
A02,示例集团·乙公司,AP-2026-000119,付款单,应付付款单（材料采购）,人民币,94485.8,,--,2026-02-13,FSSC审核岗,应付成本组,审核员03,审核通过,2026-04-10 17:22:26,2026-04-10 17:23:32,2026-04-10 17:29:57,2026-04-10 20:31:32,,--,,示例集团财务共享中心（本部）,应付付款单（材料采购）,非自动审批,1
A08,示例集团·辛公司,AP-2026-000120,通用报销单,应付确认单（物料类）,人民币,78114.26,,--,2026-04-26,FSSC审核岗,应付成本组,审核员05,审核通过,2026-02-21 08:38:47,2026-02-21 08:40:11,2026-02-21 08:39:20,2026-02-21 13:35:11,,--,,示例集团财务共享中心（本部）,应付确认单（物料类）,非自动审批,1
A08,示例集团·辛公司,AP-2026-000120,通用报销单,应付确认单（物料类）,人民币,62790.59,,--,2026-04-26,FSSC审核岗,应付成本组,审核员05,审核通过,2026-02-21 08:38:47,2026-02-21 08:40:11,2026-02-21 08:46:29,2026-02-21 12:26:11,,--,,示例集团财务共享中心（本部）,应付确认单（物料类）,非自动审批,1
A08,示例集团·辛公司,AP-2026-000120,通用报销单,应付确认单（物料类）,人民币,316540.77,,--,2026-04-26,FSSC审核岗,应付成本组,审核员05,审核通过,2026-02-21 08:38:47,2026-02-21 08:40:11,2026-02-21 08:41:34,2026-02-21 12:52:11,,--,,示例集团财务共享中心（本部）,应付确认单（物料类）,非自动审批,1
A05,示例集团·戊公司,AP-2026-000121,通用报销单,通用报销单（费用报销）,人民币,204940.12,,--,2026-01-13,FSSC审核岗,应付成本组,审核员06,审核通过,2026-02-08 08:36:52,2026-02-08 08:37:17,2026-02-08 08:46:33,2026-02-08 10:36:17,,--,,示例集团财务共享中心（本部）,通用报销单（费用报销）,非自动审批,1
A05,示例集团·戊公司,AP-2026-000121,通用报销单,通用报销单（费用报销）,人民币,146675.21,,--,2026-01-13,FSSC审核岗,应付成本组,审核员06,审核通过,2026-02-08 08:36:52,2026-02-08 08:37:17,2026-02-08 08:46:46,2026-02-08 10:03:17,,--,,示例集团财务共享中心（本部）,通用报销单（费用报销）,非自动审批,1
A10,示例集团·癸公司,AP-2026-000122,应付发票,应付付款单（差旅费）,人民币,14272.5,,--,2026-01-24,FSSC审核岗,应付成本组,审核员07,审核通过,2026-05-05 16:13:56,2026-05-05 16:15:21,2026-05-05 16:22:06,2026-05-05 19:24:21,,--,,示例集团财务共享中心（本部）,应付付款单（差旅费）,非自动审批,1
A10,示例集团·癸公司,AP-2026-000122,应付发票,应付付款单（差旅费）,人民币,58438.03,,--,2026-01-24,FSSC审核岗,应付成本组,审核员07,审核通过,2026-05-05 16:13:56,2026-05-05 16:15:21,2026-05-05 16:20:11,2026-05-05 19:37:21,,--,,示例集团财务共享中心（本部）,应付付款单（差旅费）,非自动审批,1
A10,示例集团·癸公司,AP-2026-000122,应付发票,应付付款单（差旅费）,人民币,314333.13,,--,2026-01-24,FSSC审核岗,应付成本组,审核员07,审核通过,2026-05-05 16:13:56,2026-05-05 16:15:21,2026-05-05 16:20:17,2026-05-05 19:39:21,,--,,示例集团财务共享中心（本部）,应付付款单（差旅费）,非自动审批,1
A03,示例集团·丙公司,AP-2026-000123,应付发票,通用报销单（费用报销）,人民币,44332.51,,--,2026-06-24,FSSC审核岗,应付成本组,审核员06,审核通过,2026-05-23 12:39:43,2026-05-23 12:40:15,2026-05-23 12:48:08,2026-05-23 14:48:15,,--,,示例集团财务共享中心（本部）,通用报销单（费用报销）,非自动审批,1
A08,示例集团·辛公司,AP-2026-000124,通用报销单,应付付款单（差旅费）,人民币,527533.07,,--,2026-06-18,FSSC审核岗,应付成本组,审核员04,审核通过,2026-04-10 09:37:18,2026-04-10 09:38:07,2026-04-10 09:37:51,2026-04-10 12:37:07,,--,,示例集团财务共享中心（本部）,应付付款单（差旅费）,非自动审批,1
A08,示例集团·辛公司,AP-2026-000124,通用报销单,应付付款单（差旅费）,人民币,152797.8,,--,2026-06-18,FSSC审核岗,应付成本组,审核员04,审核通过,2026-04-10 09:37:18,2026-04-10 09:38:07,2026-04-10 09:40:50,2026-04-10 12:24:07,,--,,示例集团财务共享中心（本部）,应付付款单（差旅费）,非自动审批,1
A08,示例集团·辛公司,AP-2026-000124,通用报销单,应付付款单（差旅费）,人民币,655651.57,,--,2026-06-18,FSSC审核岗,应付成本组,审核员04,审核通过,2026-04-10 09:37:18,2026-04-10 09:38:07,2026-04-10 09:39:07,2026-04-10 13:18:07,,--,,示例集团财务共享中心（本部）,应付付款单（差旅费）,非自动审批,1
A17,示例集团·子公司庚,AP-2026-000125,付款单,通用报销单（费用报销）,人民币,13436.56,,--,2026-01-21,FSSC审核岗,应付成本组,审核员07,审核通过,2026-02-07 11:52:52,2026-02-07 11:54:52,2026-02-07 11:59:16,2026-02-07 15:40:52,,--,,示例集团财务共享中心（本部）,通用报销单（费用报销）,非自动审批,1
A17,示例集团·子公司庚,AP-2026-000125,付款单,通用报销单（费用报销）,人民币,48217.6,,--,2026-01-21,FSSC审核岗,应付成本组,审核员07,审核通过,2026-02-07 11:52:52,2026-02-07 11:54:52,2026-02-07 12:02:34,2026-02-07 14:32:52,,--,,示例集团财务共享中心（本部）,通用报销单（费用报销）,非自动审批,1
A17,示例集团·子公司庚,AP-2026-000125,付款单,通用报销单（费用报销）,人民币,55040.06,,--,2026-01-21,FSSC审核岗,应付成本组,审核员07,审核通过,2026-02-07 11:52:52,2026-02-07 11:54:52,2026-02-07 11:53:16,2026-02-07 14:55:52,,--,,示例集团财务共享中心（本部）,通用报销单（费用报销）,非自动审批,1
A02,示例集团·乙公司,AP-2026-000126,应付发票,应付付款单（材料采购）,人民币,139894.33,,--,2026-05-11,FSSC审核岗,应付成本组,审核员01,审核通过,2026-05-22 20:08:36,2026-05-22 20:10:35,2026-05-22 20:12:58,2026-05-22 22:23:35,,--,,示例集团财务共享中心（本部）,应付付款单（材料采购）,非自动审批,1
A02,示例集团·乙公司,AP-2026-000126,应付发票,应付付款单（材料采购）,人民币,21289.37,,--,2026-05-11,FSSC审核岗,应付成本组,审核员01,审核通过,2026-05-22 20:08:36,2026-05-22 20:10:35,2026-05-22 20:13:24,2026-05-22 21:45:35,,--,,示例集团财务共享中心（本部）,应付付款单（材料采购）,非自动审批,1
A10,示例集团·癸公司,AP-2026-000127,付款单,通用报销单（费用报销）,人民币,6306.59,,--,2026-03-02,FSSC审核岗,应付成本组,审核员02,审核通过,2026-01-19 11:35:34,2026-01-19 11:37:23,2026-01-19 11:40:51,2026-01-19 12:20:23,,--,,示例集团财务共享中心（本部）,通用报销单（费用报销）,非自动审批,1
A10,示例集团·癸公司,AP-2026-000127,付款单,通用报销单（费用报销）,人民币,101668.91,,--,2026-03-02,FSSC审核岗,应付成本组,审核员02,审核通过,2026-01-19 11:35:34,2026-01-19 11:37:23,2026-01-19 11:44:09,2026-01-19 13:29:23,,--,,示例集团财务共享中心（本部）,通用报销单（费用报销）,非自动审批,1
A10,示例集团·癸公司,AP-2026-000127,付款单,通用报销单（费用报销）,人民币,35844.21,,--,2026-03-02,FSSC审核岗,应付成本组,审核员02,审核通过,2026-01-19 11:35:34,2026-01-19 11:37:23,2026-01-19 11:39:22,2026-01-19 13:16:23,,--,,示例集团财务共享中心（本部）,通用报销单（费用报销）,非自动审批,1
A10,示例集团·癸公司,AP-2026-000128,通用报销单,应付付款单（服务费）,人民币,30977.74,,--,2026-02-28,FSSC审核岗,应付成本组,审核员06,审核通过,2026-05-01 12:36:45,2026-05-01 12:38:44,2026-05-01 12:46:07,2026-05-01 15:01:44,,--,,示例集团财务共享中心（本部）,应付付款单（服务费）,非自动审批,1
A12,示例集团·子公司乙,AP-2026-000129,付款单,应付付款单（材料采购）,人民币,22698.8,,--,2026-04-04,FSSC审核岗,应付成本组,审核员02,审核通过,2026-03-15 18:16:57,2026-03-15 18:16:59,2026-03-15 18:22:40,2026-03-15 21:42:59,,--,,示例集团财务共享中心（本部）,应付付款单（材料采购）,非自动审批,1
A12,示例集团·子公司乙,AP-2026-000130,付款单,应付付款单（材料采购）,人民币,71213.97,,--,2026-06-22,FSSC审核岗,应付成本组,审核员01,审核通过,2026-06-16 13:59:16,2026-06-16 13:59:50,2026-06-16 13:59:56,2026-06-16 17:03:50,,--,,示例集团财务共享中心（本部）,应付付款单（材料采购）,非自动审批,1
A12,示例集团·子公司乙,AP-2026-000130,付款单,应付付款单（材料采购）,人民币,13258.57,,--,2026-06-22,FSSC审核岗,应付成本组,审核员01,审核通过,2026-06-16 13:59:16,2026-06-16 13:59:50,2026-06-16 14:05:05,2026-06-16 16:28:50,,--,,示例集团财务共享中心（本部）,应付付款单（材料采购）,非自动审批,1
A12,示例集团·子公司乙,AP-2026-000130,付款单,应付付款单（材料采购）,人民币,45621.12,,--,2026-06-22,FSSC审核岗,应付成本组,审核员01,审核通过,2026-06-16 13:59:16,2026-06-16 13:59:50,2026-06-16 14:06:53,2026-06-16 16:23:50,,--,,示例集团财务共享中心（本部）,应付付款单（材料采购）,非自动审批,1
A03,示例集团·丙公司,AP-2026-000131,通用报销单,应付付款单（材料采购）,人民币,18766.0,,--,2026-01-22,FSSC审核岗,应付成本组,审核员02,审核通过,2026-01-06 14:44:32,2026-01-06 14:46:27,2026-01-06 14:54:08,2026-01-06 18:12:27,,--,,示例集团财务共享中心（本部）,应付付款单（材料采购）,非自动审批,1
A02,示例集团·乙公司,AP-2026-000132,应付发票,应付确认单（物料类）,人民币,25518.31,,--,2026-05-24,FSSC审核岗,应付成本组,审核员02,审核通过,2026-02-23 16:59:19,2026-02-23 17:00:28,2026-02-23 17:07:09,2026-02-23 20:48:28,,--,,示例集团财务共享中心（本部）,应付确认单（物料类）,非自动审批,1
A02,示例集团·乙公司,AP-2026-000132,应付发票,应付确认单（物料类）,人民币,98256.26,,--,2026-05-24,FSSC审核岗,应付成本组,审核员02,审核通过,2026-02-23 16:59:19,2026-02-23 17:00:28,2026-02-23 17:01:01,2026-02-23 21:07:28,,--,,示例集团财务共享中心（本部）,应付确认单（物料类）,非自动审批,1
A08,示例集团·辛公司,AP-2026-000133,应付发票,应付确认单（物料类）,人民币,149040.57,,--,2026-04-02,FSSC审核岗,应付成本组,审核员04,审核通过,2026-03-07 17:34:20,2026-03-07 17:35:02,2026-03-07 17:43:04,2026-03-07 20:20:02,,--,,示例集团财务共享中心（本部）,应付确认单（物料类）,非自动审批,1
A08,示例集团·辛公司,AP-2026-000133,应付发票,应付确认单（物料类）,人民币,39005.31,,--,2026-04-02,FSSC审核岗,应付成本组,审核员04,审核通过,2026-03-07 17:34:20,2026-03-07 17:35:02,2026-03-07 17:42:05,2026-03-07 20:25:02,,--,,示例集团财务共享中心（本部）,应付确认单（物料类）,非自动审批,1
A08,示例集团·辛公司,AP-2026-000133,应付发票,应付确认单（物料类）,人民币,232109.04,,--,2026-04-02,FSSC审核岗,应付成本组,审核员04,审核通过,2026-03-07 17:34:20,2026-03-07 17:35:02,2026-03-07 17:38:41,2026-03-07 21:34:02,,--,,示例集团财务共享中心（本部）,应付确认单（物料类）,非自动审批,1
A04,示例集团·丁公司,AP-2026-000134,通用报销单,应付付款单（材料采购）,人民币,15339.72,,--,2026-05-14,FSSC审核岗,应付成本组,审核员01,审核通过,2026-03-18 15:44:11,2026-03-18 15:45:44,2026-03-18 15:51:13,2026-03-18 16:57:44,,--,,示例集团财务共享中心（本部）,应付付款单（材料采购）,非自动审批,1
A04,示例集团·丁公司,AP-2026-000135,付款单,其他专项付款单,人民币,7130.54,,--,2026-05-02,FSSC审核岗,应付成本组,审核员04,审核通过,2026-03-02 12:27:01,2026-03-02 12:27:19,2026-03-02 12:35:46,2026-03-02 15:50:19,,--,,示例集团财务共享中心（本部）,其他专项付款单,非自动审批,1
A05,示例集团·戊公司,AP-2026-000136,通用报销单,应付付款单（服务费）,人民币,9220.13,,--,2026-01-03,FSSC审核岗,应付成本组,审核员03,审核通过,2026-02-18 10:42:18,2026-02-18 10:42:34,2026-02-18 10:47:59,2026-02-18 11:36:34,,--,,示例集团财务共享中心（本部）,应付付款单（服务费）,非自动审批,1
A05,示例集团·戊公司,AP-2026-000136,通用报销单,应付付款单（服务费）,人民币,13285.53,,--,2026-01-03,FSSC审核岗,应付成本组,审核员03,审核通过,2026-02-18 10:42:18,2026-02-18 10:42:34,2026-02-18 10:45:01,2026-02-18 11:59:34,,--,,示例集团财务共享中心（本部）,应付付款单（服务费）,非自动审批,1
A05,示例集团·戊公司,AP-2026-000136,通用报销单,应付付款单（服务费）,人民币,9527.61,,--,2026-01-03,FSSC审核岗,应付成本组,审核员03,审核通过,2026-02-18 10:42:18,2026-02-18 10:42:34,2026-02-18 10:43:14,2026-02-18 12:34:34,,--,,示例集团财务共享中心（本部）,应付付款单（服务费）,非自动审批,1
A10,示例集团·癸公司,AP-2026-000137,应付发票,应付付款单（差旅费）,人民币,1014204.87,,--,2026-05-24,FSSC审核岗,应付成本组,审核员04,审核通过,2026-05-13 11:15:52,2026-05-13 11:16:12,2026-05-13 11:22:41,2026-05-13 13:03:12,,--,,示例集团财务共享中心（本部）,应付付款单（差旅费）,非自动审批,1
A10,示例集团·癸公司,AP-2026-000137,应付发票,应付付款单（差旅费）,人民币,6834.17,,--,2026-05-24,FSSC审核岗,应付成本组,审核员04,审核通过,2026-05-13 11:15:52,2026-05-13 11:16:12,2026-05-13 11:22:44,2026-05-13 14:10:12,,--,,示例集团财务共享中心（本部）,应付付款单（差旅费）,非自动审批,1
A10,示例集团·癸公司,AP-2026-000137,应付发票,应付付款单（差旅费）,人民币,222437.28,,--,2026-05-24,FSSC审核岗,应付成本组,审核员04,审核通过,2026-05-13 11:15:52,2026-05-13 11:16:12,2026-05-13 11:18:51,2026-05-13 13:01:12,,--,,示例集团财务共享中心（本部）,应付付款单（差旅费）,非自动审批,1
A07,示例集团·庚公司,AP-2026-000138,通用报销单,应付付款单（材料采购）,人民币,57804.37,,--,2026-06-08,FSSC审核岗,应付成本组,审核员07,审核通过,2026-05-20 08:29:22,2026-05-20 08:30:53,2026-05-20 08:33:29,2026-05-20 09:29:53,,--,,示例集团财务共享中心（本部）,应付付款单（材料采购）,非自动审批,1
A07,示例集团·庚公司,AP-2026-000138,通用报销单,应付付款单（材料采购）,人民币,81997.22,,--,2026-06-08,FSSC审核岗,应付成本组,审核员07,审核通过,2026-05-20 08:29:22,2026-05-20 08:30:53,2026-05-20 08:33:49,2026-05-20 09:51:53,,--,,示例集团财务共享中心（本部）,应付付款单（材料采购）,非自动审批,1
A20,示例集团·子公司癸,AP-2026-000139,通用报销单,应付付款单（材料采购）,人民币,16847.85,,--,2026-02-19,FSSC审核岗,应付成本组,审核员07,审核通过,2026-05-25 18:52:36,2026-05-25 18:53:15,2026-05-25 18:55:47,2026-05-25 19:45:15,,--,,示例集团财务共享中心（本部）,应付付款单（材料采购）,非自动审批,1
A20,示例集团·子公司癸,AP-2026-000139,通用报销单,应付付款单（材料采购）,人民币,94431.86,,--,2026-02-19,FSSC审核岗,应付成本组,审核员07,审核通过,2026-05-25 18:52:36,2026-05-25 18:53:15,2026-05-25 18:55:57,2026-05-25 21:15:15,,--,,示例集团财务共享中心（本部）,应付付款单（材料采购）,非自动审批,1
A04,示例集团·丁公司,AP-2026-000141,付款单,应付确认单（物料类）,人民币,16655.8,,--,2026-03-28,FSSC审核岗,应付成本组,审核员04,审核通过,2026-03-23 10:52:28,2026-03-23 10:52:36,2026-03-23 10:56:38,2026-03-23 14:21:36,,--,,示例集团财务共享中心（本部）,应付确认单（物料类）,非自动审批,1
A02,示例集团·乙公司,AP-2026-000142,应付发票,应付付款单（差旅费）,人民币,217917.68,,--,2026-04-15,FSSC审核岗,应付成本组,审核员01,审核通过,2026-05-24 11:03:42,2026-05-24 11:05:09,2026-05-24 11:12:45,2026-05-24 14:50:09,,--,,示例集团财务共享中心（本部）,应付付款单（差旅费）,非自动审批,1
A10,示例集团·癸公司,AP-2026-000144,通用报销单,应付付款单（差旅费）,人民币,244683.02,,--,2026-04-12,FSSC审核岗,应付成本组,审核员04,审核通过,2026-03-17 15:29:58,2026-03-17 15:31:31,2026-03-17 15:37:17,2026-03-17 18:52:31,,--,,示例集团财务共享中心（本部）,应付付款单（差旅费）,非自动审批,1
A10,示例集团·癸公司,AP-2026-000144,通用报销单,应付付款单（差旅费）,人民币,49572.59,,--,2026-04-12,FSSC审核岗,应付成本组,审核员04,审核通过,2026-03-17 15:29:58,2026-03-17 15:31:31,2026-03-17 15:35:05,2026-03-17 18:21:31,,--,,示例集团财务共享中心（本部）,应付付款单（差旅费）,非自动审批,1
A01,示例集团·甲公司,AP-2026-000145,应付发票,通用报销单（费用报销）,人民币,54333.17,,--,2026-06-01,FSSC审核岗,应付成本组,审核员06,审核通过,2026-04-19 17:46:45,2026-04-19 17:47:05,2026-04-19 17:47:55,2026-04-19 19:06:05,,--,,示例集团财务共享中心（本部）,通用报销单（费用报销）,非自动审批,1
A01,示例集团·甲公司,AP-2026-000145,应付发票,通用报销单（费用报销）,人民币,109733.88,,--,2026-06-01,FSSC审核岗,应付成本组,审核员06,审核通过,2026-04-19 17:46:45,2026-04-19 17:47:05,2026-04-19 17:55:03,2026-04-19 19:30:05,,--,,示例集团财务共享中心（本部）,通用报销单（费用报销）,非自动审批,1
A02,示例集团·乙公司,AP-2026-000146,付款单,应付付款单（服务费）,人民币,102155.68,,--,2026-04-21,FSSC审核岗,应付成本组,审核员07,审核通过,2026-04-06 19:50:33,2026-04-06 19:50:51,2026-04-06 19:58:33,2026-04-06 23:51:51,,--,,示例集团财务共享中心（本部）,应付付款单（服务费）,非自动审批,1
A02,示例集团·乙公司,AP-2026-000146,付款单,应付付款单（服务费）,人民币,251149.82,,--,2026-04-21,FSSC审核岗,应付成本组,审核员07,审核通过,2026-04-06 19:50:33,2026-04-06 19:50:51,2026-04-06 19:52:48,2026-04-07 00:20:51,,--,,示例集团财务共享中心（本部）,应付付款单（服务费）,非自动审批,1
A12,示例集团·子公司乙,AP-2026-000147,通用报销单,应付付款单（材料采购）,人民币,241393.65,,--,2026-06-02,FSSC审核岗,应付成本组,审核员06,审核通过,2026-01-05 18:14:50,2026-01-05 18:15:10,2026-01-05 18:22:16,2026-01-05 18:29:10,,--,,示例集团财务共享中心（本部）,应付付款单（材料采购）,非自动审批,1
A08,示例集团·辛公司,AP-2026-000148,通用报销单,通用报销单（费用报销）,人民币,57504.74,,--,2026-06-14,FSSC审核岗,应付成本组,审核员04,审核通过,2026-02-24 12:34:20,2026-02-24 12:35:25,2026-02-24 12:40:16,2026-02-24 15:40:25,,--,,示例集团财务共享中心（本部）,通用报销单（费用报销）,非自动审批,1
A05,示例集团·戊公司,AP-2026-000149,应付发票,应付确认单（物料类）,人民币,30695.94,,--,2026-01-09,FSSC审核岗,应付成本组,审核员05,审核通过,2026-02-13 09:23:55,2026-02-13 09:25:08,2026-02-13 09:33:53,2026-02-13 12:13:08,,--,,示例集团财务共享中心（本部）,应付确认单（物料类）,非自动审批,1
A04,示例集团·丁公司,AP-2026-000150,应付发票,应付付款单（材料采购）,人民币,186515.14,,--,2026-03-01,FSSC审核岗,应付成本组,审核员01,审核通过,2026-03-16 14:42:12,2026-03-16 14:43:25,2026-03-16 14:47:42,2026-03-16 15:53:25,,--,,示例集团财务共享中心（本部）,应付付款单（材料采购）,非自动审批,1
A04,示例集团·丁公司,AP-2026-000150,应付发票,应付付款单（材料采购）,人民币,48107.82,,--,2026-03-01,FSSC审核岗,应付成本组,审核员01,审核通过,2026-03-16 14:42:12,2026-03-16 14:43:25,2026-03-16 14:51:46,2026-03-16 16:49:25,,--,,示例集团财务共享中心（本部）,应付付款单（材料采购）,非自动审批,1
A04,示例集团·丁公司,AP-2026-000150,应付发票,应付付款单（材料采购）,人民币,70209.68,,--,2026-03-01,FSSC审核岗,应付成本组,审核员01,审核通过,2026-03-16 14:42:12,2026-03-16 14:43:25,2026-03-16 14:49:20,2026-03-16 16:39:25,,--,,示例集团财务共享中心（本部）,应付付款单（材料采购）,非自动审批,1
A05,示例集团·戊公司,AP-2026-000151,应付发票,应付付款单（服务费）,人民币,125799.26,,--,2026-05-09,FSSC审核岗,应付成本组,审核员01,审核通过,2026-03-02 11:00:15,2026-03-02 11:00:18,2026-03-02 11:01:36,2026-03-02 13:16:18,,--,,示例集团财务共享中心（本部）,应付付款单（服务费）,非自动审批,1
A05,示例集团·戊公司,AP-2026-000151,应付发票,应付付款单（服务费）,人民币,234633.44,,--,2026-05-09,FSSC审核岗,应付成本组,审核员01,审核通过,2026-03-02 11:00:15,2026-03-02 11:00:18,2026-03-02 11:10:01,2026-03-02 13:50:18,,--,,示例集团财务共享中心（本部）,应付付款单（服务费）,非自动审批,1
A05,示例集团·戊公司,AP-2026-000151,应付发票,应付付款单（服务费）,人民币,86265.7,,--,2026-05-09,FSSC审核岗,应付成本组,审核员01,审核通过,2026-03-02 11:00:15,2026-03-02 11:00:18,2026-03-02 11:01:10,2026-03-02 12:00:18,,--,,示例集团财务共享中心（本部）,应付付款单（服务费）,非自动审批,1
A06,示例集团·己公司,AP-2026-000152,通用报销单,应付付款单（差旅费）,人民币,26315.75,,--,2026-01-22,FSSC审核岗,应付成本组,审核员06,审核通过,2026-03-25 19:09:35,2026-03-25 19:11:08,2026-03-25 19:11:50,2026-03-25 20:13:08,,--,,示例集团财务共享中心（本部）,应付付款单（差旅费）,非自动审批,1
A06,示例集团·己公司,AP-2026-000152,通用报销单,应付付款单（差旅费）,人民币,741043.41,,--,2026-01-22,FSSC审核岗,应付成本组,审核员06,审核通过,2026-03-25 19:09:35,2026-03-25 19:11:08,2026-03-25 19:18:38,2026-03-25 20:50:08,,--,,示例集团财务共享中心（本部）,应付付款单（差旅费）,非自动审批,1
A12,示例集团·子公司乙,AP-2026-000153,付款单,应付付款单（材料采购）,人民币,510159.42,,--,2026-04-20,FSSC审核岗,应付成本组,审核员06,审核通过,2026-04-01 18:18:19,2026-04-01 18:19:22,2026-04-01 18:24:50,2026-04-01 19:35:22,,--,,示例集团财务共享中心（本部）,应付付款单（材料采购）,非自动审批,1
A01,示例集团·甲公司,AP-2026-000154,付款单,应付付款单（材料采购）,人民币,14397.29,,--,2026-01-23,FSSC审核岗,应付成本组,审核员06,审核通过,2026-03-05 14:46:31,2026-03-05 14:46:51,2026-03-05 14:53:31,2026-03-05 17:57:51,,--,,示例集团财务共享中心（本部）,应付付款单（材料采购）,非自动审批,1
A01,示例集团·甲公司,AP-2026-000154,付款单,应付付款单（材料采购）,人民币,16705.94,,--,2026-01-23,FSSC审核岗,应付成本组,审核员06,审核通过,2026-03-05 14:46:31,2026-03-05 14:46:51,2026-03-05 14:48:23,2026-03-05 19:41:51,,--,,示例集团财务共享中心（本部）,应付付款单（材料采购）,非自动审批,1
A04,示例集团·丁公司,AP-2026-000155,应付发票,应付付款单（材料采购）,人民币,19922.02,,--,2026-04-06,FSSC审核岗,应付成本组,审核员01,审核通过,2026-01-18 16:26:08,2026-01-18 16:26:20,2026-01-18 16:31:41,2026-01-18 19:33:20,,--,,示例集团财务共享中心（本部）,应付付款单（材料采购）,非自动审批,1
A04,示例集团·丁公司,AP-2026-000155,应付发票,应付付款单（材料采购）,人民币,196412.29,,--,2026-04-06,FSSC审核岗,应付成本组,审核员01,审核通过,2026-01-18 16:26:08,2026-01-18 16:26:20,2026-01-18 16:26:18,2026-01-18 19:36:20,,--,,示例集团财务共享中心（本部）,应付付款单（材料采购）,非自动审批,1
A04,示例集团·丁公司,AP-2026-000156,通用报销单,应付付款单（差旅费）,人民币,781679.8,,--,2026-02-18,FSSC审核岗,应付成本组,审核员06,审核通过,2026-01-06 18:24:19,2026-01-06 18:24:54,2026-01-06 18:30:15,2026-01-06 21:23:54,,--,,示例集团财务共享中心（本部）,应付付款单（差旅费）,非自动审批,1
A03,示例集团·丙公司,AP-2026-000157,通用报销单,应付付款单（差旅费）,人民币,29472.63,,--,2026-02-08,FSSC审核岗,应付成本组,审核员03,审核驳回,2026-05-20 17:12:36,2026-05-20 17:12:54,2026-05-20 17:21:37,--,,--,,示例集团财务共享中心（本部）,应付付款单（差旅费）,非自动审批,1
A03,示例集团·丙公司,AP-2026-000159,通用报销单,应付付款单（服务费）,人民币,75885.11,,--,2026-06-12,FSSC审核岗,应付成本组,审核员06,审核驳回,2026-03-07 17:34:55,2026-03-07 17:36:34,2026-03-07 17:36:15,--,,--,,示例集团财务共享中心（本部）,应付付款单（服务费）,非自动审批,1
A08,示例集团·辛公司,AP-2026-000160,付款单,应付确认单（物料类）,人民币,20875.92,,--,2026-04-09,FSSC审核岗,应付成本组,审核员03,审核通过,2026-02-14 20:24:33,2026-02-14 20:25:50,2026-02-14 20:30:45,2026-02-15 00:18:50,,--,,示例集团财务共享中心（本部）,应付确认单（物料类）,非自动审批,1
A08,示例集团·辛公司,AP-2026-000160,付款单,应付确认单（物料类）,人民币,647108.9,,--,2026-04-09,FSSC审核岗,应付成本组,审核员03,审核通过,2026-02-14 20:24:33,2026-02-14 20:25:50,2026-02-14 20:32:39,2026-02-14 22:41:50,,--,,示例集团财务共享中心（本部）,应付确认单（物料类）,非自动审批,1
A08,示例集团·辛公司,AP-2026-000161,付款单,其他专项付款单,人民币,189996.26,,--,2026-05-03,FSSC审核岗,应付成本组,审核员05,审核通过,2026-01-22 18:22:52,2026-01-22 18:24:11,2026-01-22 18:29:25,2026-01-22 19:48:11,,--,,示例集团财务共享中心（本部）,其他专项付款单,非自动审批,1
A05,示例集团·戊公司,AP-2026-000163,付款单,通用报销单（费用报销）,人民币,18873.43,,--,2026-01-03,FSSC审核岗,应付成本组,审核员07,审核通过,2026-03-05 13:19:51,2026-03-05 13:21:32,2026-03-05 13:21:33,2026-03-05 15:31:32,,--,,示例集团财务共享中心（本部）,通用报销单（费用报销）,非自动审批,1
A05,示例集团·戊公司,AP-2026-000163,付款单,通用报销单（费用报销）,人民币,3154.93,,--,2026-01-03,FSSC审核岗,应付成本组,审核员07,审核通过,2026-03-05 13:19:51,2026-03-05 13:21:32,2026-03-05 13:25:03,2026-03-05 15:32:32,,--,,示例集团财务共享中心（本部）,通用报销单（费用报销）,非自动审批,1
A05,示例集团·戊公司,AP-2026-000163,付款单,通用报销单（费用报销）,人民币,255920.44,,--,2026-01-03,FSSC审核岗,应付成本组,审核员07,审核通过,2026-03-05 13:19:51,2026-03-05 13:21:32,2026-03-05 13:29:42,2026-03-05 15:53:32,,--,,示例集团财务共享中心（本部）,通用报销单（费用报销）,非自动审批,1
A03,示例集团·丙公司,AP-2026-000164,应付发票,应付付款单（服务费）,人民币,26863.43,,--,2026-05-04,FSSC审核岗,应付成本组,审核员06,审核通过,2026-06-21 09:44:02,2026-06-21 09:46:02,2026-06-21 09:51:02,2026-06-21 14:17:02,,--,,示例集团财务共享中心（本部）,应付付款单（服务费）,非自动审批,1
A17,示例集团·子公司庚,AP-2026-000165,通用报销单,应付确认单（物料类）,人民币,194818.77,,--,2026-06-06,FSSC审核岗,应付成本组,审核员03,审核通过,2026-05-14 14:02:27,2026-05-14 14:04:21,2026-05-14 14:03:14,2026-05-14 16:48:21,,--,,示例集团财务共享中心（本部）,应付确认单（物料类）,非自动审批,1
A17,示例集团·子公司庚,AP-2026-000165,通用报销单,应付确认单（物料类）,人民币,90324.72,,--,2026-06-06,FSSC审核岗,应付成本组,审核员03,审核通过,2026-05-14 14:02:27,2026-05-14 14:04:21,2026-05-14 14:08:41,2026-05-14 15:39:21,,--,,示例集团财务共享中心（本部）,应付确认单（物料类）,非自动审批,1
A04,示例集团·丁公司,AP-2026-000168,通用报销单,应付付款单（材料采购）,人民币,4591.61,,--,2026-04-20,FSSC审核岗,应付成本组,审核员03,审核通过,2026-06-14 10:32:15,2026-06-14 10:33:44,2026-06-14 10:36:12,2026-06-14 15:06:44,,--,,示例集团财务共享中心（本部）,应付付款单（材料采购）,非自动审批,1
A04,示例集团·丁公司,AP-2026-000168,通用报销单,应付付款单（材料采购）,人民币,19351.26,,--,2026-04-20,FSSC审核岗,应付成本组,审核员03,审核通过,2026-06-14 10:32:15,2026-06-14 10:33:44,2026-06-14 10:42:15,2026-06-14 14:12:44,,--,,示例集团财务共享中心（本部）,应付付款单（材料采购）,非自动审批,1
A04,示例集团·丁公司,AP-2026-000168,通用报销单,应付付款单（材料采购）,人民币,36468.26,,--,2026-04-20,FSSC审核岗,应付成本组,审核员03,审核通过,2026-06-14 10:32:15,2026-06-14 10:33:44,2026-06-14 10:41:30,2026-06-14 14:16:44,,--,,示例集团财务共享中心（本部）,应付付款单（材料采购）,非自动审批,1
A01,示例集团·甲公司,AP-2026-000170,通用报销单,应付付款单（材料采购）,人民币,23246.13,,--,2026-04-10,FSSC审核岗,应付成本组,审核员06,审核通过,2026-03-18 12:11:19,2026-03-18 12:12:32,2026-03-18 12:19:53,2026-03-18 15:33:32,,--,,示例集团财务共享中心（本部）,应付付款单（材料采购）,非自动审批,1
A01,示例集团·甲公司,AP-2026-000170,通用报销单,应付付款单（材料采购）,人民币,70448.39,,--,2026-04-10,FSSC审核岗,应付成本组,审核员06,审核通过,2026-03-18 12:11:19,2026-03-18 12:12:32,2026-03-18 12:19:43,2026-03-18 15:24:32,,--,,示例集团财务共享中心（本部）,应付付款单（材料采购）,非自动审批,1
A01,示例集团·甲公司,AP-2026-000170,通用报销单,应付付款单（材料采购）,人民币,105022.93,,--,2026-04-10,FSSC审核岗,应付成本组,审核员06,审核通过,2026-03-18 12:11:19,2026-03-18 12:12:32,2026-03-18 12:20:38,2026-03-18 15:25:32,,--,,示例集团财务共享中心（本部）,应付付款单（材料采购）,非自动审批,1
A03,示例集团·丙公司,AP-2026-000171,应付发票,应付付款单（服务费）,人民币,733148.76,,--,2026-04-18,FSSC审核岗,应付成本组,审核员07,审核通过,2026-06-24 15:34:41,2026-06-24 15:34:55,2026-06-24 15:37:22,2026-06-24 20:00:55,,--,,示例集团财务共享中心（本部）,应付付款单（服务费）,非自动审批,1
A03,示例集团·丙公司,AP-2026-000171,应付发票,应付付款单（服务费）,人民币,115971.4,,--,2026-04-18,FSSC审核岗,应付成本组,审核员07,审核通过,2026-06-24 15:34:41,2026-06-24 15:34:55,2026-06-24 15:38:19,2026-06-24 20:14:55,,--,,示例集团财务共享中心（本部）,应付付款单（服务费）,非自动审批,1
A03,示例集团·丙公司,AP-2026-000171,应付发票,应付付款单（服务费）,人民币,482888.71,,--,2026-04-18,FSSC审核岗,应付成本组,审核员07,审核通过,2026-06-24 15:34:41,2026-06-24 15:34:55,2026-06-24 15:37:37,2026-06-24 20:20:55,,--,,示例集团财务共享中心（本部）,应付付款单（服务费）,非自动审批,1
A03,示例集团·丙公司,AP-2026-000172,通用报销单,应付付款单（材料采购）,人民币,30713.47,,--,2026-01-04,FSSC审核岗,应付成本组,审核员04,审核通过,2026-03-07 20:48:22,2026-03-07 20:49:07,2026-03-07 20:54:46,2026-03-07 23:54:07,,--,,示例集团财务共享中心（本部）,应付付款单（材料采购）,非自动审批,1
A03,示例集团·丙公司,AP-2026-000172,通用报销单,应付付款单（材料采购）,人民币,305987.27,,--,2026-01-04,FSSC审核岗,应付成本组,审核员04,审核通过,2026-03-07 20:48:22,2026-03-07 20:49:07,2026-03-07 20:56:54,2026-03-08 01:49:07,,--,,示例集团财务共享中心（本部）,应付付款单（材料采购）,非自动审批,1
A03,示例集团·丙公司,AP-2026-000172,通用报销单,应付付款单（材料采购）,人民币,35112.86,,--,2026-01-04,FSSC审核岗,应付成本组,审核员04,审核通过,2026-03-07 20:48:22,2026-03-07 20:49:07,2026-03-07 20:50:15,2026-03-08 01:08:07,,--,,示例集团财务共享中心（本部）,应付付款单（材料采购）,非自动审批,1
A11,示例集团·子公司甲,AP-2026-000173,通用报销单,应付确认单（物料类）,人民币,16583.72,,--,2026-01-20,FSSC审核岗,应付成本组,审核员04,审核通过,2026-02-23 12:18:54,2026-02-23 12:20:44,2026-02-23 12:22:49,2026-02-23 14:59:44,,--,,示例集团财务共享中心（本部）,应付确认单（物料类）,非自动审批,1
A15,示例集团·子公司戊,AP-2026-000174,付款单,应付付款单（服务费）,人民币,15631.02,,--,2026-04-05,FSSC审核岗,应付成本组,审核员07,审核通过,2026-01-08 10:46:14,2026-01-08 10:46:46,2026-01-08 10:49:43,2026-01-08 14:37:46,,--,,示例集团财务共享中心（本部）,应付付款单（服务费）,非自动审批,1
A07,示例集团·庚公司,AP-2026-000175,通用报销单,通用报销单（费用报销）,人民币,1482.17,,--,2026-03-26,FSSC审核岗,应付成本组,审核员01,审核通过,2026-01-17 19:18:44,2026-01-17 19:20:37,2026-01-17 19:21:12,2026-01-17 21:01:37,,--,,示例集团财务共享中心（本部）,通用报销单（费用报销）,非自动审批,1
A07,示例集团·庚公司,AP-2026-000176,付款单,应付付款单（差旅费）,人民币,197939.3,,--,2026-04-26,FSSC审核岗,应付成本组,审核员06,审核通过,2026-02-14 11:31:38,2026-02-14 11:33:25,2026-02-14 11:32:30,2026-02-14 14:12:25,,--,,示例集团财务共享中心（本部）,应付付款单（差旅费）,非自动审批,1
A07,示例集团·庚公司,AP-2026-000176,付款单,应付付款单（差旅费）,人民币,9835.24,,--,2026-04-26,FSSC审核岗,应付成本组,审核员06,审核通过,2026-02-14 11:31:38,2026-02-14 11:33:25,2026-02-14 11:32:41,2026-02-14 14:32:25,,--,,示例集团财务共享中心（本部）,应付付款单（差旅费）,非自动审批,1
A01,示例集团·甲公司,AP-2026-000177,付款单,通用报销单（费用报销）,人民币,429941.03,,--,2026-05-01,FSSC审核岗,应付成本组,审核员06,审核通过,2026-04-06 15:29:28,2026-04-06 15:29:54,2026-04-06 15:30:52,2026-04-06 20:26:54,,--,,示例集团财务共享中心（本部）,通用报销单（费用报销）,非自动审批,1
A01,示例集团·甲公司,AP-2026-000177,付款单,通用报销单（费用报销）,人民币,46914.93,,--,2026-05-01,FSSC审核岗,应付成本组,审核员06,审核通过,2026-04-06 15:29:28,2026-04-06 15:29:54,2026-04-06 15:37:40,2026-04-06 19:30:54,,--,,示例集团财务共享中心（本部）,通用报销单（费用报销）,非自动审批,1
A01,示例集团·甲公司,AP-2026-000177,付款单,通用报销单（费用报销）,人民币,6789.89,,--,2026-05-01,FSSC审核岗,应付成本组,审核员06,审核通过,2026-04-06 15:29:28,2026-04-06 15:29:54,2026-04-06 15:35:49,2026-04-06 19:33:54,,--,,示例集团财务共享中心（本部）,通用报销单（费用报销）,非自动审批,1
A01,示例集团·甲公司,AP-2026-000178,通用报销单,其他专项付款单,人民币,12521.19,,--,2026-05-22,FSSC审核岗,应付成本组,审核员01,审核通过,2026-02-13 18:20:31,2026-02-13 18:22:08,2026-02-13 18:23:19,2026-02-13 20:54:08,,--,,示例集团财务共享中心（本部）,其他专项付款单,非自动审批,1
A01,示例集团·甲公司,AP-2026-000178,通用报销单,其他专项付款单,人民币,78189.36,,--,2026-05-22,FSSC审核岗,应付成本组,审核员01,审核通过,2026-02-13 18:20:31,2026-02-13 18:22:08,2026-02-13 18:28:20,2026-02-13 19:55:08,,--,,示例集团财务共享中心（本部）,其他专项付款单,非自动审批,1
A01,示例集团·甲公司,AP-2026-000179,应付发票,应付付款单（差旅费）,人民币,4307.27,,--,2026-06-15,FSSC审核岗,应付成本组,审核员04,审核驳回,2026-06-11 09:56:12,2026-06-11 09:56:29,2026-06-11 10:03:11,--,,--,,示例集团财务共享中心（本部）,应付付款单（差旅费）,非自动审批,1
A01,示例集团·甲公司,AP-2026-000179,应付发票,应付付款单（差旅费）,人民币,136751.82,,--,2026-06-15,FSSC审核岗,应付成本组,审核员04,审核驳回,2026-06-11 09:56:12,2026-06-11 09:56:29,2026-06-11 09:58:10,--,,--,,示例集团财务共享中心（本部）,应付付款单（差旅费）,非自动审批,1
A13,示例集团·子公司丙,AP-2026-000181,应付发票,应付付款单（差旅费）,人民币,7166.23,,--,2026-01-25,FSSC审核岗,应付成本组,审核员01,审核通过,2026-01-13 13:28:11,2026-01-13 13:28:29,2026-01-13 13:35:25,2026-01-13 16:13:29,,--,,示例集团财务共享中心（本部）,应付付款单（差旅费）,非自动审批,1
A10,示例集团·癸公司,AP-2026-000182,应付发票,通用报销单（费用报销）,人民币,21278.09,,--,2026-02-22,FSSC审核岗,应付成本组,审核员06,审核驳回,2026-05-20 16:13:13,2026-05-20 16:13:51,2026-05-20 16:13:56,--,,--,,示例集团财务共享中心（本部）,通用报销单（费用报销）,非自动审批,1
A14,示例集团·子公司丁,AP-2026-000183,通用报销单,通用报销单（费用报销）,人民币,79079.46,,--,2026-06-11,FSSC审核岗,应付成本组,审核员03,审核通过,2026-05-27 17:26:58,2026-05-27 17:28:26,2026-05-27 17:33:45,2026-05-27 19:29:26,,--,,示例集团财务共享中心（本部）,通用报销单（费用报销）,非自动审批,1
A01,示例集团·甲公司,AP-2026-000184,通用报销单,应付确认单（物料类）,人民币,115226.49,,--,2026-04-26,FSSC审核岗,应付成本组,审核员07,审核通过,2026-06-21 19:33:16,2026-06-21 19:34:11,2026-06-21 19:34:41,2026-06-21 23:29:11,,--,,示例集团财务共享中心（本部）,应付确认单（物料类）,非自动审批,1
A01,示例集团·甲公司,AP-2026-000184,通用报销单,应付确认单（物料类）,人民币,182920.65,,--,2026-04-26,FSSC审核岗,应付成本组,审核员07,审核通过,2026-06-21 19:33:16,2026-06-21 19:34:11,2026-06-21 19:38:51,2026-06-21 23:37:11,,--,,示例集团财务共享中心（本部）,应付确认单（物料类）,非自动审批,1
A01,示例集团·甲公司,AP-2026-000185,通用报销单,应付付款单（差旅费）,人民币,9612.65,,--,2026-01-26,FSSC审核岗,应付成本组,审核员07,审核通过,2026-04-13 17:41:42,2026-04-13 17:43:06,2026-04-13 17:43:44,2026-04-13 20:54:06,,--,,示例集团财务共享中心（本部）,应付付款单（差旅费）,非自动审批,1
A01,示例集团·甲公司,AP-2026-000186,应付发票,应付付款单（材料采购）,人民币,38877.31,,--,2026-04-20,FSSC审核岗,应付成本组,审核员04,审核通过,2026-03-24 18:47:19,2026-03-24 18:47:21,2026-03-24 18:48:33,2026-03-24 22:59:21,,--,,示例集团财务共享中心（本部）,应付付款单（材料采购）,非自动审批,1
A02,示例集团·乙公司,AP-2026-000189,通用报销单,应付确认单（物料类）,人民币,276564.49,,--,2026-06-26,FSSC审核岗,应付成本组,审核员01,审核通过,2026-03-14 11:20:42,2026-03-14 11:22:40,2026-03-14 11:24:47,2026-03-14 16:19:40,,--,,示例集团财务共享中心（本部）,应付确认单（物料类）,非自动审批,1
A02,示例集团·乙公司,AP-2026-000189,通用报销单,应付确认单（物料类）,人民币,38890.42,,--,2026-06-26,FSSC审核岗,应付成本组,审核员01,审核通过,2026-03-14 11:20:42,2026-03-14 11:22:40,2026-03-14 11:24:38,2026-03-14 14:53:40,,--,,示例集团财务共享中心（本部）,应付确认单（物料类）,非自动审批,1
A02,示例集团·乙公司,AP-2026-000189,通用报销单,应付确认单（物料类）,人民币,90398.62,,--,2026-06-26,FSSC审核岗,应付成本组,审核员01,审核通过,2026-03-14 11:20:42,2026-03-14 11:22:40,2026-03-14 11:21:52,2026-03-14 14:51:40,,--,,示例集团财务共享中心（本部）,应付确认单（物料类）,非自动审批,1
A02,示例集团·乙公司,AP-2026-000190,付款单,应付付款单（材料采购）,人民币,75163.04,,--,2026-04-13,FSSC审核岗,应付成本组,审核员07,审核通过,2026-05-28 12:50:14,2026-05-28 12:50:56,2026-05-28 12:59:04,2026-05-28 14:52:56,,--,,示例集团财务共享中心（本部）,应付付款单（材料采购）,非自动审批,1
A02,示例集团·乙公司,AP-2026-000190,付款单,应付付款单（材料采购）,人民币,370175.32,,--,2026-04-13,FSSC审核岗,应付成本组,审核员07,审核通过,2026-05-28 12:50:14,2026-05-28 12:50:56,2026-05-28 12:58:51,2026-05-28 14:28:56,,--,,示例集团财务共享中心（本部）,应付付款单（材料采购）,非自动审批,1
A02,示例集团·乙公司,AP-2026-000190,付款单,应付付款单（材料采购）,人民币,31186.08,,--,2026-04-13,FSSC审核岗,应付成本组,审核员07,审核通过,2026-05-28 12:50:14,2026-05-28 12:50:56,2026-05-28 12:52:42,2026-05-28 13:21:56,,--,,示例集团财务共享中心（本部）,应付付款单（材料采购）,非自动审批,1
A04,示例集团·丁公司,AP-2026-000191,应付发票,应付付款单（服务费）,人民币,8553.29,,--,2026-03-25,FSSC审核岗,应付成本组,审核员07,审核驳回,2026-06-18 20:50:25,2026-06-18 20:50:26,2026-06-18 20:54:21,--,,--,,示例集团财务共享中心（本部）,应付付款单（服务费）,非自动审批,1
A05,示例集团·戊公司,AP-2026-000193,付款单,应付确认单（物料类）,人民币,15444.05,,--,2026-04-19,FSSC审核岗,应付成本组,审核员03,审核通过,2026-02-22 10:15:35,2026-02-22 10:17:24,2026-02-22 10:21:34,2026-02-22 12:55:24,,--,,示例集团财务共享中心（本部）,应付确认单（物料类）,非自动审批,1
A05,示例集团·戊公司,AP-2026-000193,付款单,应付确认单（物料类）,人民币,77993.56,,--,2026-04-19,FSSC审核岗,应付成本组,审核员03,审核通过,2026-02-22 10:15:35,2026-02-22 10:17:24,2026-02-22 10:23:05,2026-02-22 12:50:24,,--,,示例集团财务共享中心（本部）,应付确认单（物料类）,非自动审批,1
A05,示例集团·戊公司,AP-2026-000193,付款单,应付确认单（物料类）,人民币,6651.8,,--,2026-04-19,FSSC审核岗,应付成本组,审核员03,审核通过,2026-02-22 10:15:35,2026-02-22 10:17:24,2026-02-22 10:24:22,2026-02-22 13:08:24,,--,,示例集团财务共享中心（本部）,应付确认单（物料类）,非自动审批,1
A02,示例集团·乙公司,AP-2026-000194,付款单,通用报销单（费用报销）,人民币,27940.16,,--,2026-05-25,FSSC审核岗,应付成本组,审核员01,审核通过,2026-01-04 10:28:50,2026-01-04 10:29:43,2026-01-04 10:29:20,2026-01-04 12:53:43,,--,,示例集团财务共享中心（本部）,通用报销单（费用报销）,非自动审批,1
A03,示例集团·丙公司,AP-2026-000195,通用报销单,应付付款单（服务费）,人民币,66541.62,,--,2026-02-22,FSSC审核岗,应付成本组,审核员02,审核通过,2026-01-23 17:03:07,2026-01-23 17:04:57,2026-01-23 17:05:07,2026-01-23 19:42:57,,--,,示例集团财务共享中心（本部）,应付付款单（服务费）,非自动审批,1
A03,示例集团·丙公司,AP-2026-000195,通用报销单,应付付款单（服务费）,人民币,20471.13,,--,2026-02-22,FSSC审核岗,应付成本组,审核员02,审核通过,2026-01-23 17:03:07,2026-01-23 17:04:57,2026-01-23 17:10:11,2026-01-23 20:19:57,,--,,示例集团财务共享中心（本部）,应付付款单（服务费）,非自动审批,1
A08,示例集团·辛公司,AP-2026-000196,应付发票,应付付款单（材料采购）,人民币,94617.2,,--,2026-03-01,FSSC审核岗,应付成本组,审核员07,审核通过,2026-04-18 19:35:22,2026-04-18 19:36:22,2026-04-18 19:41:39,2026-04-18 20:07:22,,--,,示例集团财务共享中心（本部）,应付付款单（材料采购）,非自动审批,1
A08,示例集团·辛公司,AP-2026-000196,应付发票,应付付款单（材料采购）,人民币,165078.51,,--,2026-03-01,FSSC审核岗,应付成本组,审核员07,审核通过,2026-04-18 19:35:22,2026-04-18 19:36:22,2026-04-18 19:41:24,2026-04-18 20:24:22,,--,,示例集团财务共享中心（本部）,应付付款单（材料采购）,非自动审批,1
A11,示例集团·子公司甲,AP-2026-000200,付款单,应付付款单（服务费）,人民币,113195.54,,--,2026-02-12,FSSC审核岗,应付成本组,审核员06,审核通过,2026-01-16 13:59:09,2026-01-16 13:59:51,2026-01-16 13:59:25,2026-01-16 16:46:51,,--,,示例集团财务共享中心（本部）,应付付款单（服务费）,非自动审批,1
A11,示例集团·子公司甲,AP-2026-000200,付款单,应付付款单（服务费）,人民币,6860.21,,--,2026-02-12,FSSC审核岗,应付成本组,审核员06,审核通过,2026-01-16 13:59:09,2026-01-16 13:59:51,2026-01-16 14:01:24,2026-01-16 16:31:51,,--,,示例集团财务共享中心（本部）,应付付款单（服务费）,非自动审批,1
A01,示例集团·甲公司,AP-2026-000201,付款单,应付付款单（材料采购）,人民币,66893.36,,--,2026-06-25,FSSC审核岗,应付成本组,审核员04,审核驳回,2026-06-04 11:42:33,2026-06-04 11:43:42,2026-06-04 11:52:13,--,,--,,示例集团财务共享中心（本部）,应付付款单（材料采购）,非自动审批,1
A02,示例集团·乙公司,AP-2026-000202,应付发票,应付付款单（材料采购）,人民币,74639.06,,--,2026-05-23,FSSC审核岗,应付成本组,审核员06,审核通过,2026-02-01 19:44:59,2026-02-01 19:46:12,2026-02-01 19:49:30,2026-02-01 21:59:12,,--,,示例集团财务共享中心（本部）,应付付款单（材料采购）,非自动审批,1
A02,示例集团·乙公司,AP-2026-000202,应付发票,应付付款单（材料采购）,人民币,35126.03,,--,2026-05-23,FSSC审核岗,应付成本组,审核员06,审核通过,2026-02-01 19:44:59,2026-02-01 19:46:12,2026-02-01 19:52:05,2026-02-01 22:11:12,,--,,示例集团财务共享中心（本部）,应付付款单（材料采购）,非自动审批,1
A06,示例集团·己公司,AP-2026-000204,付款单,应付确认单（物料类）,人民币,92840.24,,--,2026-01-28,FSSC审核岗,应付成本组,审核员06,审核通过,2026-06-03 13:46:08,2026-06-03 13:47:24,2026-06-03 13:54:49,2026-06-03 16:10:24,,--,,示例集团财务共享中心（本部）,应付确认单（物料类）,非自动审批,1
A07,示例集团·庚公司,AP-2026-000207,付款单,通用报销单（费用报销）,人民币,88291.08,,--,2026-06-22,FSSC审核岗,应付成本组,审核员06,审核驳回,2026-01-11 15:00:30,2026-01-11 15:01:02,2026-01-11 15:05:19,--,,--,,示例集团财务共享中心（本部）,通用报销单（费用报销）,非自动审批,1
A05,示例集团·戊公司,AP-2026-000208,应付发票,应付付款单（服务费）,人民币,52721.29,,--,2026-06-04,FSSC审核岗,应付成本组,审核员04,审核驳回,2026-05-19 18:48:58,2026-05-19 18:49:19,2026-05-19 18:53:37,--,,--,,示例集团财务共享中心（本部）,应付付款单（服务费）,非自动审批,1
A05,示例集团·戊公司,AP-2026-000208,应付发票,应付付款单（服务费）,人民币,14676.75,,--,2026-06-04,FSSC审核岗,应付成本组,审核员04,审核驳回,2026-05-19 18:48:58,2026-05-19 18:49:19,2026-05-19 18:53:55,--,,--,,示例集团财务共享中心（本部）,应付付款单（服务费）,非自动审批,1
A02,示例集团·乙公司,AP-2026-000209,付款单,应付付款单（差旅费）,人民币,57683.74,,--,2026-02-18,FSSC审核岗,应付成本组,审核员06,审核通过,2026-02-20 15:45:29,2026-02-20 15:46:53,2026-02-20 15:46:09,2026-02-20 18:14:53,,--,,示例集团财务共享中心（本部）,应付付款单（差旅费）,非自动审批,1
A02,示例集团·乙公司,AP-2026-000209,付款单,应付付款单（差旅费）,人民币,817252.43,,--,2026-02-18,FSSC审核岗,应付成本组,审核员06,审核通过,2026-02-20 15:45:29,2026-02-20 15:46:53,2026-02-20 15:52:32,2026-02-20 16:31:53,,--,,示例集团财务共享中心（本部）,应付付款单（差旅费）,非自动审批,1
A18,示例集团·子公司辛,AP-2026-000210,通用报销单,应付付款单（差旅费）,人民币,34570.99,,--,2026-01-24,FSSC审核岗,应付成本组,审核员04,审核通过,2026-06-10 12:15:10,2026-06-10 12:16:01,2026-06-10 12:21:00,2026-06-10 16:30:01,,--,,示例集团财务共享中心（本部）,应付付款单（差旅费）,非自动审批,1
A18,示例集团·子公司辛,AP-2026-000210,通用报销单,应付付款单（差旅费）,人民币,259426.22,,--,2026-01-24,FSSC审核岗,应付成本组,审核员04,审核通过,2026-06-10 12:15:10,2026-06-10 12:16:01,2026-06-10 12:23:53,2026-06-10 14:48:01,,--,,示例集团财务共享中心（本部）,应付付款单（差旅费）,非自动审批,1
A18,示例集团·子公司辛,AP-2026-000210,通用报销单,应付付款单（差旅费）,人民币,63221.51,,--,2026-01-24,FSSC审核岗,应付成本组,审核员04,审核通过,2026-06-10 12:15:10,2026-06-10 12:16:01,2026-06-10 12:22:23,2026-06-10 16:29:01,,--,,示例集团财务共享中心（本部）,应付付款单（差旅费）,非自动审批,1
A04,示例集团·丁公司,AP-2026-000212,通用报销单,应付付款单（服务费）,人民币,19515.8,,--,2026-05-06,FSSC审核岗,应付成本组,审核员03,审核驳回,2026-02-15 15:17:08,2026-02-15 15:17:43,2026-02-15 15:23:06,--,,--,,示例集团财务共享中心（本部）,应付付款单（服务费）,非自动审批,1
A04,示例集团·丁公司,AP-2026-000212,通用报销单,应付付款单（服务费）,人民币,39528.0,,--,2026-05-06,FSSC审核岗,应付成本组,审核员03,审核驳回,2026-02-15 15:17:08,2026-02-15 15:17:43,2026-02-15 15:24:05,--,,--,,示例集团财务共享中心（本部）,应付付款单（服务费）,非自动审批,1
A06,示例集团·己公司,AP-2026-000213,应付发票,应付付款单（材料采购）,人民币,58476.57,,--,2026-02-14,FSSC审核岗,应付成本组,审核员06,审核通过,2026-01-16 17:56:46,2026-01-16 17:57:25,2026-01-16 18:00:41,2026-01-16 19:46:25,,--,,示例集团财务共享中心（本部）,应付付款单（材料采购）,非自动审批,1
A06,示例集团·己公司,AP-2026-000213,应付发票,应付付款单（材料采购）,人民币,149835.91,,--,2026-02-14,FSSC审核岗,应付成本组,审核员06,审核通过,2026-01-16 17:56:46,2026-01-16 17:57:25,2026-01-16 18:06:15,2026-01-16 20:16:25,,--,,示例集团财务共享中心（本部）,应付付款单（材料采购）,非自动审批,1
A06,示例集团·己公司,AP-2026-000213,应付发票,应付付款单（材料采购）,人民币,1676239.8,,--,2026-02-14,FSSC审核岗,应付成本组,审核员06,审核通过,2026-01-16 17:56:46,2026-01-16 17:57:25,2026-01-16 18:02:52,2026-01-16 19:32:25,,--,,示例集团财务共享中心（本部）,应付付款单（材料采购）,非自动审批,1
A11,示例集团·子公司甲,AP-2026-000214,通用报销单,应付付款单（差旅费）,人民币,64636.24,,--,2026-01-04,FSSC审核岗,应付成本组,审核员05,审核驳回,2026-03-06 11:51:21,2026-03-06 11:51:27,2026-03-06 11:55:55,--,,--,,示例集团财务共享中心（本部）,应付付款单（差旅费）,非自动审批,1
A11,示例集团·子公司甲,AP-2026-000214,通用报销单,应付付款单（差旅费）,人民币,10687.15,,--,2026-01-04,FSSC审核岗,应付成本组,审核员05,审核驳回,2026-03-06 11:51:21,2026-03-06 11:51:27,2026-03-06 11:53:56,--,,--,,示例集团财务共享中心（本部）,应付付款单（差旅费）,非自动审批,1
A15,示例集团·子公司戊,AP-2026-000215,通用报销单,应付确认单（物料类）,人民币,5905.22,,--,2026-06-13,FSSC审核岗,应付成本组,审核员01,审核通过,2026-04-11 12:34:28,2026-04-11 12:36:20,2026-04-11 12:35:58,2026-04-11 13:20:20,,--,,示例集团财务共享中心（本部）,应付确认单（物料类）,非自动审批,1
A15,示例集团·子公司戊,AP-2026-000215,通用报销单,应付确认单（物料类）,人民币,33173.33,,--,2026-06-13,FSSC审核岗,应付成本组,审核员01,审核通过,2026-04-11 12:34:28,2026-04-11 12:36:20,2026-04-11 12:37:04,2026-04-11 14:06:20,,--,,示例集团财务共享中心（本部）,应付确认单（物料类）,非自动审批,1
A02,示例集团·乙公司,AP-2026-000216,通用报销单,应付付款单（材料采购）,人民币,12340.93,,--,2026-05-04,FSSC审核岗,应付成本组,审核员05,审核通过,2026-03-04 20:19:30,2026-03-04 20:21:23,2026-03-04 20:24:37,2026-03-04 23:10:23,,--,,示例集团财务共享中心（本部）,应付付款单（材料采购）,非自动审批,1
A01,示例集团·甲公司,AP-2026-000217,通用报销单,应付付款单（服务费）,人民币,130753.46,,--,2026-06-20,FSSC审核岗,应付成本组,审核员02,审核驳回,2026-04-02 14:57:18,2026-04-02 14:58:47,2026-04-02 15:05:01,--,,--,,示例集团财务共享中心（本部）,应付付款单（服务费）,非自动审批,1
A01,示例集团·甲公司,AP-2026-000217,通用报销单,应付付款单（服务费）,人民币,132105.75,,--,2026-06-20,FSSC审核岗,应付成本组,审核员02,审核驳回,2026-04-02 14:57:18,2026-04-02 14:58:47,2026-04-02 15:04:49,--,,--,,示例集团财务共享中心（本部）,应付付款单（服务费）,非自动审批,1
A01,示例集团·甲公司,AP-2026-000217,通用报销单,应付付款单（服务费）,人民币,48807.26,,--,2026-06-20,FSSC审核岗,应付成本组,审核员02,审核驳回,2026-04-02 14:57:18,2026-04-02 14:58:47,2026-04-02 15:00:31,--,,--,,示例集团财务共享中心（本部）,应付付款单（服务费）,非自动审批,1
A12,示例集团·子公司乙,AP-2026-000218,应付发票,应付确认单（物料类）,人民币,150292.85,,--,2026-06-28,FSSC审核岗,应付成本组,审核员05,审核通过,2026-02-24 15:50:13,2026-02-24 15:50:48,2026-02-24 15:59:29,2026-02-24 19:34:48,,--,,示例集团财务共享中心（本部）,应付确认单（物料类）,非自动审批,1
A09,示例集团·壬公司,AP-2026-000219,通用报销单,应付付款单（服务费）,人民币,65556.2,,--,2026-02-27,FSSC审核岗,应付成本组,审核员07,审核通过,2026-06-06 09:20:18,2026-06-06 09:21:10,2026-06-06 09:21:55,2026-06-06 11:49:10,,--,,示例集团财务共享中心（本部）,应付付款单（服务费）,非自动审批,1
A09,示例集团·壬公司,AP-2026-000219,通用报销单,应付付款单（服务费）,人民币,817988.3,,--,2026-02-27,FSSC审核岗,应付成本组,审核员07,审核通过,2026-06-06 09:20:18,2026-06-06 09:21:10,2026-06-06 09:26:21,2026-06-06 10:21:10,,--,,示例集团财务共享中心（本部）,应付付款单（服务费）,非自动审批,1
A17,示例集团·子公司庚,AP-2026-000221,应付发票,应付付款单（差旅费）,人民币,143856.98,,--,2026-06-12,FSSC审核岗,应付成本组,审核员04,审核通过,2026-06-09 19:53:50,2026-06-09 19:54:27,2026-06-09 20:02:27,2026-06-09 20:20:27,,--,,示例集团财务共享中心（本部）,应付付款单（差旅费）,非自动审批,1
A17,示例集团·子公司庚,AP-2026-000221,应付发票,应付付款单（差旅费）,人民币,209790.34,,--,2026-06-12,FSSC审核岗,应付成本组,审核员04,审核通过,2026-06-09 19:53:50,2026-06-09 19:54:27,2026-06-09 20:02:57,2026-06-09 21:23:27,,--,,示例集团财务共享中心（本部）,应付付款单（差旅费）,非自动审批,1
A08,示例集团·辛公司,AP-2026-000222,应付发票,应付确认单（物料类）,人民币,7884.24,,--,2026-06-01,FSSC审核岗,应付成本组,审核员03,审核通过,2026-05-01 15:58:50,2026-05-01 15:59:13,2026-05-01 16:04:00,2026-05-01 20:00:13,,--,,示例集团财务共享中心（本部）,应付确认单（物料类）,非自动审批,1
A08,示例集团·辛公司,AP-2026-000222,应付发票,应付确认单（物料类）,人民币,11617.53,,--,2026-06-01,FSSC审核岗,应付成本组,审核员03,审核通过,2026-05-01 15:58:50,2026-05-01 15:59:13,2026-05-01 16:05:24,2026-05-01 20:27:13,,--,,示例集团财务共享中心（本部）,应付确认单（物料类）,非自动审批,1
A12,示例集团·子公司乙,AP-2026-000223,通用报销单,应付付款单（服务费）,人民币,117052.03,,--,2026-02-10,FSSC审核岗,应付成本组,审核员02,审核通过,2026-02-20 14:37:07,2026-02-20 14:38:13,2026-02-20 14:37:31,2026-02-20 17:46:13,,--,,示例集团财务共享中心（本部）,应付付款单（服务费）,非自动审批,1
A12,示例集团·子公司乙,AP-2026-000223,通用报销单,应付付款单（服务费）,人民币,6843.72,,--,2026-02-10,FSSC审核岗,应付成本组,审核员02,审核通过,2026-02-20 14:37:07,2026-02-20 14:38:13,2026-02-20 14:43:53,2026-02-20 17:45:13,,--,,示例集团财务共享中心（本部）,应付付款单（服务费）,非自动审批,1
A12,示例集团·子公司乙,AP-2026-000223,通用报销单,应付付款单（服务费）,人民币,24977.58,,--,2026-02-10,FSSC审核岗,应付成本组,审核员02,审核通过,2026-02-20 14:37:07,2026-02-20 14:38:13,2026-02-20 14:44:53,2026-02-20 18:18:13,,--,,示例集团财务共享中心（本部）,应付付款单（服务费）,非自动审批,1
A08,示例集团·辛公司,AP-2026-000225,付款单,应付付款单（材料采购）,人民币,312130.82,,--,2026-05-21,FSSC审核岗,应付成本组,审核员06,审核通过,2026-05-14 14:24:50,2026-05-14 14:26:05,2026-05-14 14:27:20,2026-05-14 19:07:05,,--,,示例集团财务共享中心（本部）,应付付款单（材料采购）,非自动审批,1
A08,示例集团·辛公司,AP-2026-000225,付款单,应付付款单（材料采购）,人民币,24241.03,,--,2026-05-21,FSSC审核岗,应付成本组,审核员06,审核通过,2026-05-14 14:24:50,2026-05-14 14:26:05,2026-05-14 14:34:13,2026-05-14 18:20:05,,--,,示例集团财务共享中心（本部）,应付付款单（材料采购）,非自动审批,1
A07,示例集团·庚公司,AP-2026-000226,付款单,应付付款单（差旅费）,人民币,11007.96,,--,2026-01-12,FSSC审核岗,应付成本组,审核员07,审核通过,2026-01-06 18:56:47,2026-01-06 18:57:25,2026-01-06 19:02:12,2026-01-06 20:39:25,,--,,示例集团财务共享中心（本部）,应付付款单（差旅费）,非自动审批,1
A07,示例集团·庚公司,AP-2026-000227,应付发票,其他专项付款单,人民币,152445.23,,--,2026-03-28,FSSC审核岗,应付成本组,审核员02,审核通过,2026-01-11 13:16:56,2026-01-11 13:17:56,2026-01-11 13:23:55,2026-01-11 15:41:56,,--,,示例集团财务共享中心（本部）,其他专项付款单,非自动审批,1
A07,示例集团·庚公司,AP-2026-000227,应付发票,其他专项付款单,人民币,1091370.87,,--,2026-03-28,FSSC审核岗,应付成本组,审核员02,审核通过,2026-01-11 13:16:56,2026-01-11 13:17:56,2026-01-11 13:26:27,2026-01-11 15:05:56,,--,,示例集团财务共享中心（本部）,其他专项付款单,非自动审批,1
A05,示例集团·戊公司,AP-2026-000228,付款单,通用报销单（费用报销）,人民币,19300.7,,--,2026-02-10,FSSC审核岗,应付成本组,审核员03,审核通过,2026-03-28 10:08:34,2026-03-28 10:09:27,2026-03-28 10:15:46,2026-03-28 13:37:27,,--,,示例集团财务共享中心（本部）,通用报销单（费用报销）,非自动审批,1
A05,示例集团·戊公司,AP-2026-000228,付款单,通用报销单（费用报销）,人民币,332247.72,,--,2026-02-10,FSSC审核岗,应付成本组,审核员03,审核通过,2026-03-28 10:08:34,2026-03-28 10:09:27,2026-03-28 10:09:31,2026-03-28 12:51:27,,--,,示例集团财务共享中心（本部）,通用报销单（费用报销）,非自动审批,1
A05,示例集团·戊公司,AP-2026-000228,付款单,通用报销单（费用报销）,人民币,16212.78,,--,2026-02-10,FSSC审核岗,应付成本组,审核员03,审核通过,2026-03-28 10:08:34,2026-03-28 10:09:27,2026-03-28 10:15:29,2026-03-28 13:23:27,,--,,示例集团财务共享中心（本部）,通用报销单（费用报销）,非自动审批,1
A10,示例集团·癸公司,AP-2026-000229,通用报销单,应付确认单（物料类）,人民币,51151.4,,--,2026-05-06,FSSC审核岗,应付成本组,审核员05,审核通过,2026-02-01 15:18:02,2026-02-01 15:19:42,2026-02-01 15:26:34,2026-02-01 17:49:42,,--,,示例集团财务共享中心（本部）,应付确认单（物料类）,非自动审批,1
A10,示例集团·癸公司,AP-2026-000229,通用报销单,应付确认单（物料类）,人民币,54350.76,,--,2026-05-06,FSSC审核岗,应付成本组,审核员05,审核通过,2026-02-01 15:18:02,2026-02-01 15:19:42,2026-02-01 15:23:14,2026-02-01 16:09:42,,--,,示例集团财务共享中心（本部）,应付确认单（物料类）,非自动审批,1
A07,示例集团·庚公司,AP-2026-000230,通用报销单,应付付款单（服务费）,人民币,20034.79,,--,2026-03-13,FSSC审核岗,应付成本组,审核员07,审核通过,2026-03-07 19:23:58,2026-03-07 19:24:40,2026-03-07 19:32:37,2026-03-07 22:55:40,,--,,示例集团财务共享中心（本部）,应付付款单（服务费）,非自动审批,1
A07,示例集团·庚公司,AP-2026-000230,通用报销单,应付付款单（服务费）,人民币,203934.36,,--,2026-03-13,FSSC审核岗,应付成本组,审核员07,审核通过,2026-03-07 19:23:58,2026-03-07 19:24:40,2026-03-07 19:27:39,2026-03-07 22:50:40,,--,,示例集团财务共享中心（本部）,应付付款单（服务费）,非自动审批,1
A03,示例集团·丙公司,AP-2026-000231,付款单,应付确认单（物料类）,人民币,6935.38,,--,2026-06-10,FSSC审核岗,应付成本组,审核员04,审核通过,2026-05-02 12:19:16,2026-05-02 12:20:23,2026-05-02 12:24:56,2026-05-02 15:12:23,,--,,示例集团财务共享中心（本部）,应付确认单（物料类）,非自动审批,1
A04,示例集团·丁公司,AP-2026-000232,付款单,应付付款单（材料采购）,人民币,78673.89,,--,2026-01-26,FSSC审核岗,应付成本组,审核员07,审核通过,2026-04-08 19:09:00,2026-04-08 19:09:03,2026-04-08 19:14:58,2026-04-08 22:00:03,,--,,示例集团财务共享中心（本部）,应付付款单（材料采购）,非自动审批,1
A10,示例集团·癸公司,AP-2026-000233,付款单,通用报销单（费用报销）,人民币,269367.1,,--,2026-04-02,FSSC审核岗,应付成本组,审核员05,审核通过,2026-01-27 08:03:52,2026-01-27 08:04:46,2026-01-27 08:10:41,2026-01-27 11:45:46,,--,,示例集团财务共享中心（本部）,通用报销单（费用报销）,非自动审批,1
A10,示例集团·癸公司,AP-2026-000233,付款单,通用报销单（费用报销）,人民币,181503.25,,--,2026-04-02,FSSC审核岗,应付成本组,审核员05,审核通过,2026-01-27 08:03:52,2026-01-27 08:04:46,2026-01-27 08:04:36,2026-01-27 09:59:46,,--,,示例集团财务共享中心（本部）,通用报销单（费用报销）,非自动审批,1
A10,示例集团·癸公司,AP-2026-000233,付款单,通用报销单（费用报销）,人民币,119097.9,,--,2026-04-02,FSSC审核岗,应付成本组,审核员05,审核通过,2026-01-27 08:03:52,2026-01-27 08:04:46,2026-01-27 08:12:55,2026-01-27 10:40:46,,--,,示例集团财务共享中心（本部）,通用报销单（费用报销）,非自动审批,1
A03,示例集团·丙公司,AP-2026-000234,付款单,应付付款单（材料采购）,人民币,550960.91,,--,2026-02-09,FSSC审核岗,应付成本组,审核员05,审核通过,2026-01-05 14:54:04,2026-01-05 14:55:10,2026-01-05 14:59:30,2026-01-05 19:17:10,,--,,示例集团财务共享中心（本部）,应付付款单（材料采购）,非自动审批,1
A03,示例集团·丙公司,AP-2026-000234,付款单,应付付款单（材料采购）,人民币,44026.0,,--,2026-02-09,FSSC审核岗,应付成本组,审核员05,审核通过,2026-01-05 14:54:04,2026-01-05 14:55:10,2026-01-05 15:00:53,2026-01-05 19:53:10,,--,,示例集团财务共享中心（本部）,应付付款单（材料采购）,非自动审批,1
A03,示例集团·丙公司,AP-2026-000234,付款单,应付付款单（材料采购）,人民币,7082.51,,--,2026-02-09,FSSC审核岗,应付成本组,审核员05,审核通过,2026-01-05 14:54:04,2026-01-05 14:55:10,2026-01-05 14:55:18,2026-01-05 18:58:10,,--,,示例集团财务共享中心（本部）,应付付款单（材料采购）,非自动审批,1
A10,示例集团·癸公司,AP-2026-000235,通用报销单,应付付款单（服务费）,人民币,72351.37,,--,2026-04-12,FSSC审核岗,应付成本组,审核员07,审核通过,2026-04-06 08:36:30,2026-04-06 08:36:57,2026-04-06 08:37:37,2026-04-06 12:17:57,,--,,示例集团财务共享中心（本部）,应付付款单（服务费）,非自动审批,1
A10,示例集团·癸公司,AP-2026-000235,通用报销单,应付付款单（服务费）,人民币,50208.16,,--,2026-04-12,FSSC审核岗,应付成本组,审核员07,审核通过,2026-04-06 08:36:30,2026-04-06 08:36:57,2026-04-06 08:39:13,2026-04-06 11:35:57,,--,,示例集团财务共享中心（本部）,应付付款单（服务费）,非自动审批,1
A14,示例集团·子公司丁,AP-2026-000236,付款单,通用报销单（费用报销）,人民币,3095.95,,--,2026-06-05,FSSC审核岗,应付成本组,审核员05,审核通过,2026-01-03 19:47:04,2026-01-03 19:47:37,2026-01-03 19:51:07,2026-01-03 23:15:37,,--,,示例集团财务共享中心（本部）,通用报销单（费用报销）,非自动审批,1
A14,示例集团·子公司丁,AP-2026-000236,付款单,通用报销单（费用报销）,人民币,12392.64,,--,2026-06-05,FSSC审核岗,应付成本组,审核员05,审核通过,2026-01-03 19:47:04,2026-01-03 19:47:37,2026-01-03 19:50:37,2026-01-04 00:11:37,,--,,示例集团财务共享中心（本部）,通用报销单（费用报销）,非自动审批,1
A14,示例集团·子公司丁,AP-2026-000236,付款单,通用报销单（费用报销）,人民币,10366.38,,--,2026-06-05,FSSC审核岗,应付成本组,审核员05,审核通过,2026-01-03 19:47:04,2026-01-03 19:47:37,2026-01-03 19:48:43,2026-01-03 22:57:37,,--,,示例集团财务共享中心（本部）,通用报销单（费用报销）,非自动审批,1
A01,示例集团·甲公司,AP-2026-000237,应付发票,应付付款单（材料采购）,人民币,19142.26,,--,2026-04-10,FSSC审核岗,应付成本组,审核员01,审核通过,2026-02-11 14:47:14,2026-02-11 14:49:03,2026-02-11 14:52:02,2026-02-11 18:52:03,,--,,示例集团财务共享中心（本部）,应付付款单（材料采购）,非自动审批,1
A01,示例集团·甲公司,AP-2026-000237,应付发票,应付付款单（材料采购）,人民币,36620.23,,--,2026-04-10,FSSC审核岗,应付成本组,审核员01,审核通过,2026-02-11 14:47:14,2026-02-11 14:49:03,2026-02-11 14:54:27,2026-02-11 18:07:03,,--,,示例集团财务共享中心（本部）,应付付款单（材料采购）,非自动审批,1
A01,示例集团·甲公司,AP-2026-000237,应付发票,应付付款单（材料采购）,人民币,38637.42,,--,2026-04-10,FSSC审核岗,应付成本组,审核员01,审核通过,2026-02-11 14:47:14,2026-02-11 14:49:03,2026-02-11 14:53:01,2026-02-11 19:23:03,,--,,示例集团财务共享中心（本部）,应付付款单（材料采购）,非自动审批,1
A13,示例集团·子公司丙,AP-2026-000238,通用报销单,通用报销单（费用报销）,人民币,20124.1,,--,2026-04-06,FSSC审核岗,应付成本组,审核员06,审核通过,2026-03-15 12:54:09,2026-03-15 12:55:58,2026-03-15 12:58:14,2026-03-15 15:35:58,,--,,示例集团财务共享中心（本部）,通用报销单（费用报销）,非自动审批,1
A13,示例集团·子公司丙,AP-2026-000238,通用报销单,通用报销单（费用报销）,人民币,10347.35,,--,2026-04-06,FSSC审核岗,应付成本组,审核员06,审核通过,2026-03-15 12:54:09,2026-03-15 12:55:58,2026-03-15 12:56:51,2026-03-15 15:30:58,,--,,示例集团财务共享中心（本部）,通用报销单（费用报销）,非自动审批,1
A13,示例集团·子公司丙,AP-2026-000238,通用报销单,通用报销单（费用报销）,人民币,101562.78,,--,2026-04-06,FSSC审核岗,应付成本组,审核员06,审核通过,2026-03-15 12:54:09,2026-03-15 12:55:58,2026-03-15 12:56:52,2026-03-15 15:15:58,,--,,示例集团财务共享中心（本部）,通用报销单（费用报销）,非自动审批,1
A19,示例集团·子公司壬,AP-2026-000239,通用报销单,其他专项付款单,人民币,70488.2,,--,2026-05-19,FSSC审核岗,应付成本组,审核员01,审核通过,2026-03-22 15:12:04,2026-03-22 15:13:44,2026-03-22 15:14:20,2026-03-22 16:46:44,,--,,示例集团财务共享中心（本部）,其他专项付款单,非自动审批,1
A19,示例集团·子公司壬,AP-2026-000239,通用报销单,其他专项付款单,人民币,73522.01,,--,2026-05-19,FSSC审核岗,应付成本组,审核员01,审核通过,2026-03-22 15:12:04,2026-03-22 15:13:44,2026-03-22 15:13:41,2026-03-22 18:39:44,,--,,示例集团财务共享中心（本部）,其他专项付款单,非自动审批,1
A19,示例集团·子公司壬,AP-2026-000239,通用报销单,其他专项付款单,人民币,722603.33,,--,2026-05-19,FSSC审核岗,应付成本组,审核员01,审核通过,2026-03-22 15:12:04,2026-03-22 15:13:44,2026-03-22 15:14:44,2026-03-22 18:43:44,,--,,示例集团财务共享中心（本部）,其他专项付款单,非自动审批,1
A01,示例集团·甲公司,AP-2026-000240,应付发票,其他专项付款单,人民币,75208.81,,--,2026-05-09,FSSC审核岗,应付成本组,审核员01,审核通过,2026-04-23 18:34:37,2026-04-23 18:35:51,2026-04-23 18:39:11,2026-04-23 23:35:51,,--,,示例集团财务共享中心（本部）,其他专项付款单,非自动审批,1
A01,示例集团·甲公司,AP-2026-000240,应付发票,其他专项付款单,人民币,35834.96,,--,2026-05-09,FSSC审核岗,应付成本组,审核员01,审核通过,2026-04-23 18:34:37,2026-04-23 18:35:51,2026-04-23 18:38:38,2026-04-23 23:14:51,,--,,示例集团财务共享中心（本部）,其他专项付款单,非自动审批,1
A01,示例集团·甲公司,AP-2026-000242,应付发票,应付确认单（物料类）,人民币,51630.69,,--,2026-01-09,FSSC审核岗,应付成本组,审核员02,审核通过,2026-01-18 18:25:18,2026-01-18 18:25:49,2026-01-18 18:26:44,2026-01-18 19:22:49,,--,,示例集团财务共享中心（本部）,应付确认单（物料类）,非自动审批,1
A01,示例集团·甲公司,AP-2026-000242,应付发票,应付确认单（物料类）,人民币,68757.9,,--,2026-01-09,FSSC审核岗,应付成本组,审核员02,审核通过,2026-01-18 18:25:18,2026-01-18 18:25:49,2026-01-18 18:25:59,2026-01-18 20:30:49,,--,,示例集团财务共享中心（本部）,应付确认单（物料类）,非自动审批,1
A01,示例集团·甲公司,AP-2026-000242,应付发票,应付确认单（物料类）,人民币,141791.18,,--,2026-01-09,FSSC审核岗,应付成本组,审核员02,审核通过,2026-01-18 18:25:18,2026-01-18 18:25:49,2026-01-18 18:34:39,2026-01-18 20:45:49,,--,,示例集团财务共享中心（本部）,应付确认单（物料类）,非自动审批,1
A04,示例集团·丁公司,AP-2026-000243,付款单,应付确认单（物料类）,人民币,56240.44,,--,2026-03-21,FSSC审核岗,应付成本组,审核员04,审核通过,2026-01-14 08:35:36,2026-01-14 08:37:22,2026-01-14 08:39:33,2026-01-14 09:35:22,,--,,示例集团财务共享中心（本部）,应付确认单（物料类）,非自动审批,1
A04,示例集团·丁公司,AP-2026-000243,付款单,应付确认单（物料类）,人民币,3943.84,,--,2026-03-21,FSSC审核岗,应付成本组,审核员04,审核通过,2026-01-14 08:35:36,2026-01-14 08:37:22,2026-01-14 08:39:07,2026-01-14 10:29:22,,--,,示例集团财务共享中心（本部）,应付确认单（物料类）,非自动审批,1
A04,示例集团·丁公司,AP-2026-000243,付款单,应付确认单（物料类）,人民币,32485.61,,--,2026-03-21,FSSC审核岗,应付成本组,审核员04,审核通过,2026-01-14 08:35:36,2026-01-14 08:37:22,2026-01-14 08:43:42,2026-01-14 10:54:22,,--,,示例集团财务共享中心（本部）,应付确认单（物料类）,非自动审批,1
A07,示例集团·庚公司,AP-2026-000244,应付发票,其他专项付款单,人民币,59999.44,,--,2026-02-27,FSSC审核岗,应付成本组,审核员03,审核通过,2026-06-28 15:22:25,2026-06-28 15:23:45,2026-06-28 15:31:52,2026-06-28 18:17:45,,--,,示例集团财务共享中心（本部）,其他专项付款单,非自动审批,1
A07,示例集团·庚公司,AP-2026-000244,应付发票,其他专项付款单,人民币,371714.81,,--,2026-02-27,FSSC审核岗,应付成本组,审核员03,审核通过,2026-06-28 15:22:25,2026-06-28 15:23:45,2026-06-28 15:27:46,2026-06-28 18:03:45,,--,,示例集团财务共享中心（本部）,其他专项付款单,非自动审批,1
A07,示例集团·庚公司,AP-2026-000244,应付发票,其他专项付款单,人民币,19925.31,,--,2026-02-27,FSSC审核岗,应付成本组,审核员03,审核通过,2026-06-28 15:22:25,2026-06-28 15:23:45,2026-06-28 15:25:07,2026-06-28 18:10:45,,--,,示例集团财务共享中心（本部）,其他专项付款单,非自动审批,1
A01,示例集团·甲公司,AP-2026-000245,付款单,应付付款单（服务费）,人民币,6067.09,,--,2026-06-26,FSSC审核岗,应付成本组,审核员05,审核通过,2026-04-12 19:07:00,2026-04-12 19:07:22,2026-04-12 19:16:13,2026-04-12 21:33:22,,--,,示例集团财务共享中心（本部）,应付付款单（服务费）,非自动审批,1
A01,示例集团·甲公司,AP-2026-000245,付款单,应付付款单（服务费）,人民币,65521.14,,--,2026-06-26,FSSC审核岗,应付成本组,审核员05,审核通过,2026-04-12 19:07:00,2026-04-12 19:07:22,2026-04-12 19:11:03,2026-04-12 21:26:22,,--,,示例集团财务共享中心（本部）,应付付款单（服务费）,非自动审批,1
A02,示例集团·乙公司,AP-2026-000246,通用报销单,通用报销单（费用报销）,人民币,201336.25,,--,2026-06-15,FSSC审核岗,应付成本组,审核员03,审核通过,2026-04-11 09:48:29,2026-04-11 09:50:28,2026-04-11 09:58:18,2026-04-11 14:24:28,,--,,示例集团财务共享中心（本部）,通用报销单（费用报销）,非自动审批,1
A02,示例集团·乙公司,AP-2026-000246,通用报销单,通用报销单（费用报销）,人民币,34517.02,,--,2026-06-15,FSSC审核岗,应付成本组,审核员03,审核通过,2026-04-11 09:48:29,2026-04-11 09:50:28,2026-04-11 09:57:28,2026-04-11 12:44:28,,--,,示例集团财务共享中心（本部）,通用报销单（费用报销）,非自动审批,1
A02,示例集团·乙公司,AP-2026-000246,通用报销单,通用报销单（费用报销）,人民币,1683304.33,,--,2026-06-15,FSSC审核岗,应付成本组,审核员03,审核通过,2026-04-11 09:48:29,2026-04-11 09:50:28,2026-04-11 09:57:13,2026-04-11 12:47:28,,--,,示例集团财务共享中心（本部）,通用报销单（费用报销）,非自动审批,1
A01,示例集团·甲公司,AP-2026-000247,通用报销单,通用报销单（费用报销）,人民币,1210443.39,,--,2026-04-02,FSSC审核岗,应付成本组,审核员04,审核通过,2026-05-27 17:31:32,2026-05-27 17:33:12,2026-05-27 17:41:22,2026-05-27 19:09:12,,--,,示例集团财务共享中心（本部）,通用报销单（费用报销）,非自动审批,1
A05,示例集团·戊公司,AP-2026-000248,通用报销单,应付付款单（服务费）,人民币,54097.23,,--,2026-02-23,FSSC审核岗,应付成本组,审核员07,审核通过,2026-03-13 13:19:20,2026-03-13 13:19:38,2026-03-13 13:22:16,2026-03-13 14:48:38,,--,,示例集团财务共享中心（本部）,应付付款单（服务费）,非自动审批,1
A05,示例集团·戊公司,AP-2026-000248,通用报销单,应付付款单（服务费）,人民币,77761.24,,--,2026-02-23,FSSC审核岗,应付成本组,审核员07,审核通过,2026-03-13 13:19:20,2026-03-13 13:19:38,2026-03-13 13:25:22,2026-03-13 14:55:38,,--,,示例集团财务共享中心（本部）,应付付款单（服务费）,非自动审批,1
A13,示例集团·子公司丙,AP-2026-000249,应付发票,应付付款单（材料采购）,人民币,406859.85,,--,2026-05-21,FSSC审核岗,应付成本组,审核员07,审核通过,2026-03-20 19:19:06,2026-03-20 19:21:04,2026-03-20 19:26:41,2026-03-20 23:58:04,,--,,示例集团财务共享中心（本部）,应付付款单（材料采购）,非自动审批,1
A13,示例集团·子公司丙,AP-2026-000249,应付发票,应付付款单（材料采购）,人民币,52798.15,,--,2026-05-21,FSSC审核岗,应付成本组,审核员07,审核通过,2026-03-20 19:19:06,2026-03-20 19:21:04,2026-03-20 19:22:58,2026-03-20 23:41:04,,--,,示例集团财务共享中心（本部）,应付付款单（材料采购）,非自动审批,1
A13,示例集团·子公司丙,AP-2026-000249,应付发票,应付付款单（材料采购）,人民币,19424.22,,--,2026-05-21,FSSC审核岗,应付成本组,审核员07,审核通过,2026-03-20 19:19:06,2026-03-20 19:21:04,2026-03-20 19:24:56,2026-03-20 23:01:04,,--,,示例集团财务共享中心（本部）,应付付款单（材料采购）,非自动审批,1
A09,示例集团·壬公司,AP-2026-000250,通用报销单,其他专项付款单,人民币,207836.02,,--,2026-03-19,FSSC审核岗,应付成本组,审核员04,审核通过,2026-03-14 18:48:51,2026-03-14 18:50:00,2026-03-14 18:53:50,2026-03-14 21:44:00,,--,,示例集团财务共享中心（本部）,其他专项付款单,非自动审批,1
A09,示例集团·壬公司,AP-2026-000250,通用报销单,其他专项付款单,人民币,114711.78,,--,2026-03-19,FSSC审核岗,应付成本组,审核员04,审核通过,2026-03-14 18:48:51,2026-03-14 18:50:00,2026-03-14 18:54:56,2026-03-14 21:55:00,,--,,示例集团财务共享中心（本部）,其他专项付款单,非自动审批,1
A01,示例集团·甲公司,AP-2026-000252,付款单,其他专项付款单,人民币,19335.87,,--,2026-03-28,FSSC审核岗,应付成本组,审核员06,审核通过,2026-06-18 14:16:23,2026-06-18 14:18:05,2026-06-18 14:21:40,2026-06-18 18:22:05,,--,,示例集团财务共享中心（本部）,其他专项付款单,非自动审批,1
A01,示例集团·甲公司,AP-2026-000252,付款单,其他专项付款单,人民币,88506.37,,--,2026-03-28,FSSC审核岗,应付成本组,审核员06,审核通过,2026-06-18 14:16:23,2026-06-18 14:18:05,2026-06-18 14:25:28,2026-06-18 18:26:05,,--,,示例集团财务共享中心（本部）,其他专项付款单,非自动审批,1
A01,示例集团·甲公司,AP-2026-000252,付款单,其他专项付款单,人民币,47854.25,,--,2026-03-28,FSSC审核岗,应付成本组,审核员06,审核通过,2026-06-18 14:16:23,2026-06-18 14:18:05,2026-06-18 14:19:00,2026-06-18 17:43:05,,--,,示例集团财务共享中心（本部）,其他专项付款单,非自动审批,1
A17,示例集团·子公司庚,AP-2026-000253,付款单,应付付款单（材料采购）,人民币,34921.78,,--,2026-02-07,FSSC审核岗,应付成本组,审核员06,审核通过,2026-02-28 15:54:13,2026-02-28 15:55:35,2026-02-28 15:56:55,2026-02-28 19:37:35,,--,,示例集团财务共享中心（本部）,应付付款单（材料采购）,非自动审批,1
A17,示例集团·子公司庚,AP-2026-000253,付款单,应付付款单（材料采购）,人民币,19926.87,,--,2026-02-07,FSSC审核岗,应付成本组,审核员06,审核通过,2026-02-28 15:54:13,2026-02-28 15:55:35,2026-02-28 15:59:41,2026-02-28 19:34:35,,--,,示例集团财务共享中心（本部）,应付付款单（材料采购）,非自动审批,1
A03,示例集团·丙公司,AP-2026-000254,付款单,应付付款单（服务费）,人民币,70966.58,,--,2026-02-06,FSSC审核岗,应付成本组,审核员05,审核通过,2026-06-04 14:02:45,2026-06-04 14:03:57,2026-06-04 14:08:24,2026-06-04 15:37:57,,--,,示例集团财务共享中心（本部）,应付付款单（服务费）,非自动审批,1
A09,示例集团·壬公司,AP-2026-000255,付款单,应付付款单（差旅费）,人民币,41266.23,,--,2026-02-11,FSSC审核岗,应付成本组,审核员02,审核通过,2026-02-21 17:54:02,2026-02-21 17:55:05,2026-02-21 18:02:09,2026-02-21 21:30:05,,--,,示例集团财务共享中心（本部）,应付付款单（差旅费）,非自动审批,1
A05,示例集团·戊公司,AP-2026-000256,付款单,应付确认单（物料类）,人民币,89195.8,,--,2026-05-18,FSSC审核岗,应付成本组,审核员02,审核通过,2026-05-12 11:56:56,2026-05-12 11:57:39,2026-05-12 12:06:32,2026-05-12 13:26:39,,--,,示例集团财务共享中心（本部）,应付确认单（物料类）,非自动审批,1
A01,示例集团·甲公司,AP-2026-000257,应付发票,其他专项付款单,人民币,188673.38,,--,2026-01-21,FSSC审核岗,应付成本组,审核员02,审核通过,2026-02-08 08:44:17,2026-02-08 08:45:06,2026-02-08 08:48:44,2026-02-08 09:59:06,,--,,示例集团财务共享中心（本部）,其他专项付款单,非自动审批,1
A11,示例集团·子公司甲,AP-2026-000258,通用报销单,通用报销单（费用报销）,人民币,82800.79,,--,2026-01-15,FSSC审核岗,应付成本组,审核员06,审核通过,2026-01-21 11:20:38,2026-01-21 11:20:51,2026-01-21 11:29:47,2026-01-21 12:27:51,,--,,示例集团财务共享中心（本部）,通用报销单（费用报销）,非自动审批,1
A11,示例集团·子公司甲,AP-2026-000258,通用报销单,通用报销单（费用报销）,人民币,84809.13,,--,2026-01-15,FSSC审核岗,应付成本组,审核员06,审核通过,2026-01-21 11:20:38,2026-01-21 11:20:51,2026-01-21 11:29:31,2026-01-21 13:04:51,,--,,示例集团财务共享中心（本部）,通用报销单（费用报销）,非自动审批,1
A11,示例集团·子公司甲,AP-2026-000258,通用报销单,通用报销单（费用报销）,人民币,28067.07,,--,2026-01-15,FSSC审核岗,应付成本组,审核员06,审核通过,2026-01-21 11:20:38,2026-01-21 11:20:51,2026-01-21 11:23:30,2026-01-21 12:04:51,,--,,示例集团财务共享中心（本部）,通用报销单（费用报销）,非自动审批,1
A02,示例集团·乙公司,AP-2026-000259,付款单,应付确认单（物料类）,人民币,309928.97,,--,2026-03-22,FSSC审核岗,应付成本组,审核员02,审核通过,2026-01-07 16:54:41,2026-01-07 16:56:16,2026-01-07 17:01:37,2026-01-07 21:16:16,,--,,示例集团财务共享中心（本部）,应付确认单（物料类）,非自动审批,1
A02,示例集团·乙公司,AP-2026-000259,付款单,应付确认单（物料类）,人民币,18252.53,,--,2026-03-22,FSSC审核岗,应付成本组,审核员02,审核通过,2026-01-07 16:54:41,2026-01-07 16:56:16,2026-01-07 17:02:16,2026-01-07 21:04:16,,--,,示例集团财务共享中心（本部）,应付确认单（物料类）,非自动审批,1
A09,示例集团·壬公司,AP-2026-000260,应付发票,应付付款单（差旅费）,人民币,6267.99,,--,2026-01-06,FSSC审核岗,应付成本组,审核员01,审核通过,2026-02-03 17:53:13,2026-02-03 17:53:47,2026-02-03 17:54:08,2026-02-03 20:47:47,,--,,示例集团财务共享中心（本部）,应付付款单（差旅费）,非自动审批,1
A09,示例集团·壬公司,AP-2026-000260,应付发票,应付付款单（差旅费）,人民币,13368.05,,--,2026-01-06,FSSC审核岗,应付成本组,审核员01,审核通过,2026-02-03 17:53:13,2026-02-03 17:53:47,2026-02-03 17:55:34,2026-02-03 20:48:47,,--,,示例集团财务共享中心（本部）,应付付款单（差旅费）,非自动审批,1
A09,示例集团·壬公司,AP-2026-000260,应付发票,应付付款单（差旅费）,人民币,254732.56,,--,2026-01-06,FSSC审核岗,应付成本组,审核员01,审核通过,2026-02-03 17:53:13,2026-02-03 17:53:47,2026-02-03 18:02:42,2026-02-03 20:42:47,,--,,示例集团财务共享中心（本部）,应付付款单（差旅费）,非自动审批,1
A08,示例集团·辛公司,AP-2026-000261,通用报销单,应付付款单（差旅费）,人民币,113829.49,,--,2026-02-20,FSSC审核岗,应付成本组,审核员05,审核通过,2026-03-19 08:44:59,2026-03-19 08:45:45,2026-03-19 08:53:41,2026-03-19 11:52:45,,--,,示例集团财务共享中心（本部）,应付付款单（差旅费）,非自动审批,1
A08,示例集团·辛公司,AP-2026-000261,通用报销单,应付付款单（差旅费）,人民币,375765.17,,--,2026-02-20,FSSC审核岗,应付成本组,审核员05,审核通过,2026-03-19 08:44:59,2026-03-19 08:45:45,2026-03-19 08:46:29,2026-03-19 12:27:45,,--,,示例集团财务共享中心（本部）,应付付款单（差旅费）,非自动审批,1
A08,示例集团·辛公司,AP-2026-000261,通用报销单,应付付款单（差旅费）,人民币,9393.07,,--,2026-02-20,FSSC审核岗,应付成本组,审核员05,审核通过,2026-03-19 08:44:59,2026-03-19 08:45:45,2026-03-19 08:47:21,2026-03-19 11:02:45,,--,,示例集团财务共享中心（本部）,应付付款单（差旅费）,非自动审批,1
A10,示例集团·癸公司,AP-2026-000262,通用报销单,通用报销单（费用报销）,人民币,1541560.09,,--,2026-02-22,FSSC审核岗,应付成本组,审核员03,审核通过,2026-04-18 11:09:13,2026-04-18 11:10:55,2026-04-18 11:12:55,2026-04-18 13:40:55,,--,,示例集团财务共享中心（本部）,通用报销单（费用报销）,非自动审批,1
A10,示例集团·癸公司,AP-2026-000262,通用报销单,通用报销单（费用报销）,人民币,40249.07,,--,2026-02-22,FSSC审核岗,应付成本组,审核员03,审核通过,2026-04-18 11:09:13,2026-04-18 11:10:55,2026-04-18 11:13:03,2026-04-18 15:02:55,,--,,示例集团财务共享中心（本部）,通用报销单（费用报销）,非自动审批,1
A13,示例集团·子公司丙,AP-2026-000263,通用报销单,应付确认单（物料类）,人民币,5092.47,,--,2026-06-19,FSSC审核岗,应付成本组,审核员01,审核通过,2026-01-18 09:20:01,2026-01-18 09:21:36,2026-01-18 09:26:19,2026-01-18 13:45:36,,--,,示例集团财务共享中心（本部）,应付确认单（物料类）,非自动审批,1
A13,示例集团·子公司丙,AP-2026-000263,通用报销单,应付确认单（物料类）,人民币,1295097.36,,--,2026-06-19,FSSC审核岗,应付成本组,审核员01,审核通过,2026-01-18 09:20:01,2026-01-18 09:21:36,2026-01-18 09:23:25,2026-01-18 12:41:36,,--,,示例集团财务共享中心（本部）,应付确认单（物料类）,非自动审批,1
A13,示例集团·子公司丙,AP-2026-000263,通用报销单,应付确认单（物料类）,人民币,9564.91,,--,2026-06-19,FSSC审核岗,应付成本组,审核员01,审核通过,2026-01-18 09:20:01,2026-01-18 09:21:36,2026-01-18 09:26:31,2026-01-18 14:07:36,,--,,示例集团财务共享中心（本部）,应付确认单（物料类）,非自动审批,1
A02,示例集团·乙公司,AP-2026-000264,应付发票,应付付款单（服务费）,人民币,34301.56,,--,2026-04-06,FSSC审核岗,应付成本组,审核员02,审核通过,2026-03-28 08:55:48,2026-03-28 08:56:59,2026-03-28 09:02:43,2026-03-28 11:12:59,,--,,示例集团财务共享中心（本部）,应付付款单（服务费）,非自动审批,1
A06,示例集团·己公司,AP-2026-000266,付款单,其他专项付款单,人民币,44888.95,,--,2026-04-06,FSSC审核岗,应付成本组,审核员07,审核通过,2026-04-26 11:46:29,2026-04-26 11:47:25,2026-04-26 11:51:41,2026-04-26 14:30:25,,--,,示例集团财务共享中心（本部）,其他专项付款单,非自动审批,1
A06,示例集团·己公司,AP-2026-000266,付款单,其他专项付款单,人民币,111492.92,,--,2026-04-06,FSSC审核岗,应付成本组,审核员07,审核通过,2026-04-26 11:46:29,2026-04-26 11:47:25,2026-04-26 11:48:03,2026-04-26 13:31:25,,--,,示例集团财务共享中心（本部）,其他专项付款单,非自动审批,1
A04,示例集团·丁公司,AP-2026-000267,应付发票,其他专项付款单,人民币,19775.03,,--,2026-06-06,FSSC审核岗,应付成本组,审核员04,审核通过,2026-03-27 12:55:01,2026-03-27 12:56:56,2026-03-27 12:58:56,2026-03-27 15:15:56,,--,,示例集团财务共享中心（本部）,其他专项付款单,非自动审批,1
A04,示例集团·丁公司,AP-2026-000267,应付发票,其他专项付款单,人民币,256539.65,,--,2026-06-06,FSSC审核岗,应付成本组,审核员04,审核通过,2026-03-27 12:55:01,2026-03-27 12:56:56,2026-03-27 12:57:15,2026-03-27 15:16:56,,--,,示例集团财务共享中心（本部）,其他专项付款单,非自动审批,1
A12,示例集团·子公司乙,AP-2026-000268,应付发票,应付确认单（物料类）,人民币,171972.63,,--,2026-05-19,FSSC审核岗,应付成本组,审核员06,审核通过,2026-06-07 08:35:51,2026-06-07 08:37:46,2026-06-07 08:40:45,2026-06-07 12:55:46,,--,,示例集团财务共享中心（本部）,应付确认单（物料类）,非自动审批,1
A01,示例集团·甲公司,AP-2026-000269,应付发票,其他专项付款单,人民币,61493.92,,--,2026-05-12,FSSC审核岗,应付成本组,审核员01,审核通过,2026-05-08 20:39:54,2026-05-08 20:41:31,2026-05-08 20:46:35,2026-05-09 00:53:31,,--,,示例集团财务共享中心（本部）,其他专项付款单,非自动审批,1
A02,示例集团·乙公司,AP-2026-000270,付款单,应付付款单（差旅费）,人民币,382338.34,,--,2026-01-12,FSSC审核岗,应付成本组,审核员01,审核通过,2026-04-07 16:59:14,2026-04-07 17:00:04,2026-04-07 17:07:16,2026-04-07 19:41:04,,--,,示例集团财务共享中心（本部）,应付付款单（差旅费）,非自动审批,1
A02,示例集团·乙公司,AP-2026-000270,付款单,应付付款单（差旅费）,人民币,54447.96,,--,2026-01-12,FSSC审核岗,应付成本组,审核员01,审核通过,2026-04-07 16:59:14,2026-04-07 17:00:04,2026-04-07 17:04:01,2026-04-07 21:01:04,,--,,示例集团财务共享中心（本部）,应付付款单（差旅费）,非自动审批,1
A02,示例集团·乙公司,AP-2026-000270,付款单,应付付款单（差旅费）,人民币,40704.58,,--,2026-01-12,FSSC审核岗,应付成本组,审核员01,审核通过,2026-04-07 16:59:14,2026-04-07 17:00:04,2026-04-07 17:02:53,2026-04-07 19:29:04,,--,,示例集团财务共享中心（本部）,应付付款单（差旅费）,非自动审批,1
A11,示例集团·子公司甲,AP-2026-000272,付款单,应付付款单（材料采购）,人民币,981997.33,,--,2026-03-20,FSSC审核岗,应付成本组,审核员06,审核通过,2026-01-05 15:10:19,2026-01-05 15:11:25,2026-01-05 15:12:08,2026-01-05 19:40:25,,--,,示例集团财务共享中心（本部）,应付付款单（材料采购）,非自动审批,1
A11,示例集团·子公司甲,AP-2026-000272,付款单,应付付款单（材料采购）,人民币,90583.78,,--,2026-03-20,FSSC审核岗,应付成本组,审核员06,审核通过,2026-01-05 15:10:19,2026-01-05 15:11:25,2026-01-05 15:12:34,2026-01-05 19:24:25,,--,,示例集团财务共享中心（本部）,应付付款单（材料采购）,非自动审批,1
A08,示例集团·辛公司,AP-2026-000273,通用报销单,其他专项付款单,人民币,15064.38,,--,2026-05-04,FSSC审核岗,应付成本组,审核员03,审核驳回,2026-03-16 11:37:52,2026-03-16 11:39:39,2026-03-16 11:41:54,--,,--,,示例集团财务共享中心（本部）,其他专项付款单,非自动审批,1
A01,示例集团·甲公司,AP-2026-000274,付款单,应付确认单（物料类）,人民币,18208.12,,--,2026-02-13,FSSC审核岗,应付成本组,审核员02,审核通过,2026-03-01 19:47:35,2026-03-01 19:48:12,2026-03-01 19:55:26,2026-03-01 20:32:12,,--,,示例集团财务共享中心（本部）,应付确认单（物料类）,非自动审批,1
A01,示例集团·甲公司,AP-2026-000274,付款单,应付确认单（物料类）,人民币,61484.56,,--,2026-02-13,FSSC审核岗,应付成本组,审核员02,审核通过,2026-03-01 19:47:35,2026-03-01 19:48:12,2026-03-01 19:55:07,2026-03-01 21:58:12,,--,,示例集团财务共享中心（本部）,应付确认单（物料类）,非自动审批,1
A12,示例集团·子公司乙,AP-2026-000275,应付发票,通用报销单（费用报销）,人民币,2085.58,,--,2026-03-27,FSSC审核岗,应付成本组,审核员06,审核通过,2026-04-22 16:16:57,2026-04-22 16:18:25,2026-04-22 16:18:41,2026-04-22 17:50:25,,--,,示例集团财务共享中心（本部）,通用报销单（费用报销）,非自动审批,1
A01,示例集团·甲公司,AP-2026-000276,付款单,应付付款单（差旅费）,人民币,24681.64,,--,2026-06-17,FSSC审核岗,应付成本组,审核员04,审核通过,2026-03-05 17:06:42,2026-03-05 17:08:38,2026-03-05 17:10:22,2026-03-05 21:28:38,,--,,示例集团财务共享中心（本部）,应付付款单（差旅费）,非自动审批,1
A01,示例集团·甲公司,AP-2026-000276,付款单,应付付款单（差旅费）,人民币,52023.38,,--,2026-06-17,FSSC审核岗,应付成本组,审核员04,审核通过,2026-03-05 17:06:42,2026-03-05 17:08:38,2026-03-05 17:12:01,2026-03-05 20:15:38,,--,,示例集团财务共享中心（本部）,应付付款单（差旅费）,非自动审批,1
A01,示例集团·甲公司,AP-2026-000276,付款单,应付付款单（差旅费）,人民币,47378.48,,--,2026-06-17,FSSC审核岗,应付成本组,审核员04,审核通过,2026-03-05 17:06:42,2026-03-05 17:08:38,2026-03-05 17:11:53,2026-03-05 20:25:38,,--,,示例集团财务共享中心（本部）,应付付款单（差旅费）,非自动审批,1
A01,示例集团·甲公司,AP-2026-000277,应付发票,应付付款单（材料采购）,人民币,10296.71,,--,2026-03-18,FSSC审核岗,应付成本组,审核员07,审核通过,2026-01-22 18:28:00,2026-01-22 18:28:48,2026-01-22 18:34:23,2026-01-22 20:15:48,,--,,示例集团财务共享中心（本部）,应付付款单（材料采购）,非自动审批,1
A01,示例集团·甲公司,AP-2026-000277,应付发票,应付付款单（材料采购）,人民币,31954.81,,--,2026-03-18,FSSC审核岗,应付成本组,审核员07,审核通过,2026-01-22 18:28:00,2026-01-22 18:28:48,2026-01-22 18:37:25,2026-01-22 20:10:48,,--,,示例集团财务共享中心（本部）,应付付款单（材料采购）,非自动审批,1
A04,示例集团·丁公司,AP-2026-000278,付款单,其他专项付款单,人民币,312301.85,,--,2026-04-28,FSSC审核岗,应付成本组,审核员06,审核通过,2026-03-18 14:16:13,2026-03-18 14:17:44,2026-03-18 14:23:26,2026-03-18 18:49:44,,--,,示例集团财务共享中心（本部）,其他专项付款单,非自动审批,1
A04,示例集团·丁公司,AP-2026-000278,付款单,其他专项付款单,人民币,233843.73,,--,2026-04-28,FSSC审核岗,应付成本组,审核员06,审核通过,2026-03-18 14:16:13,2026-03-18 14:17:44,2026-03-18 14:17:33,2026-03-18 19:02:44,,--,,示例集团财务共享中心（本部）,其他专项付款单,非自动审批,1
A04,示例集团·丁公司,AP-2026-000278,付款单,其他专项付款单,人民币,68450.28,,--,2026-04-28,FSSC审核岗,应付成本组,审核员06,审核通过,2026-03-18 14:16:13,2026-03-18 14:17:44,2026-03-18 14:25:26,2026-03-18 18:36:44,,--,,示例集团财务共享中心（本部）,其他专项付款单,非自动审批,1
A07,示例集团·庚公司,AP-2026-000279,应付发票,通用报销单（费用报销）,人民币,54367.73,,--,2026-04-12,FSSC审核岗,应付成本组,审核员03,审核通过,2026-01-21 17:17:11,2026-01-21 17:18:20,2026-01-21 17:26:05,2026-01-21 19:59:20,,--,,示例集团财务共享中心（本部）,通用报销单（费用报销）,非自动审批,1
A07,示例集团·庚公司,AP-2026-000279,应付发票,通用报销单（费用报销）,人民币,47749.44,,--,2026-04-12,FSSC审核岗,应付成本组,审核员03,审核通过,2026-01-21 17:17:11,2026-01-21 17:18:20,2026-01-21 17:18:15,2026-01-21 20:38:20,,--,,示例集团财务共享中心（本部）,通用报销单（费用报销）,非自动审批,1
A10,示例集团·癸公司,AP-2026-000280,通用报销单,应付确认单（物料类）,人民币,83352.52,,--,2026-01-18,FSSC审核岗,应付成本组,审核员03,审核通过,2026-01-19 13:50:11,2026-01-19 13:51:46,2026-01-19 13:52:19,2026-01-19 15:14:46,,--,,示例集团财务共享中心（本部）,应付确认单（物料类）,非自动审批,1
A01,示例集团·甲公司,AP-2026-000281,应付发票,应付确认单（物料类）,人民币,69119.79,,--,2026-05-26,FSSC审核岗,应付成本组,审核员06,审核通过,2026-01-22 19:03:35,2026-01-22 19:04:57,2026-01-22 19:12:16,2026-01-22 20:24:57,,--,,示例集团财务共享中心（本部）,应付确认单（物料类）,非自动审批,1
A01,示例集团·甲公司,AP-2026-000282,通用报销单,通用报销单（费用报销）,人民币,94258.6,,--,2026-05-02,FSSC审核岗,应付成本组,审核员01,审核驳回,2026-04-13 17:41:52,2026-04-13 17:43:24,2026-04-13 17:49:29,--,,--,,示例集团财务共享中心（本部）,通用报销单（费用报销）,非自动审批,1
A01,示例集团·甲公司,AP-2026-000282,通用报销单,通用报销单（费用报销）,人民币,120874.95,,--,2026-05-02,FSSC审核岗,应付成本组,审核员01,审核驳回,2026-04-13 17:41:52,2026-04-13 17:43:24,2026-04-13 17:45:46,--,,--,,示例集团财务共享中心（本部）,通用报销单（费用报销）,非自动审批,1
A01,示例集团·甲公司,AP-2026-000283,通用报销单,其他专项付款单,人民币,10986.8,,--,2026-03-08,FSSC审核岗,应付成本组,审核员04,审核通过,2026-04-02 13:15:42,2026-04-02 13:16:03,2026-04-02 13:20:47,2026-04-02 14:54:03,,--,,示例集团财务共享中心（本部）,其他专项付款单,非自动审批,1
A01,示例集团·甲公司,AP-2026-000283,通用报销单,其他专项付款单,人民币,38778.6,,--,2026-03-08,FSSC审核岗,应付成本组,审核员04,审核通过,2026-04-02 13:15:42,2026-04-02 13:16:03,2026-04-02 13:16:38,2026-04-02 15:37:03,,--,,示例集团财务共享中心（本部）,其他专项付款单,非自动审批,1
A05,示例集团·戊公司,AP-2026-000284,付款单,应付付款单（服务费）,人民币,78990.07,,--,2026-06-03,FSSC审核岗,应付成本组,审核员01,审核通过,2026-06-27 16:59:00,2026-06-27 16:59:45,2026-06-27 17:01:54,2026-06-27 18:32:45,,--,,示例集团财务共享中心（本部）,应付付款单（服务费）,非自动审批,1
A03,示例集团·丙公司,AP-2026-000285,通用报销单,应付确认单（物料类）,人民币,15488.16,,--,2026-05-03,FSSC审核岗,应付成本组,审核员01,审核通过,2026-06-04 20:33:13,2026-06-04 20:34:22,2026-06-04 20:38:52,2026-06-04 23:36:22,,--,,示例集团财务共享中心（本部）,应付确认单（物料类）,非自动审批,1
A03,示例集团·丙公司,AP-2026-000285,通用报销单,应付确认单（物料类）,人民币,23310.29,,--,2026-05-03,FSSC审核岗,应付成本组,审核员01,审核通过,2026-06-04 20:33:13,2026-06-04 20:34:22,2026-06-04 20:42:53,2026-06-04 23:08:22,,--,,示例集团财务共享中心（本部）,应付确认单（物料类）,非自动审批,1
A03,示例集团·丙公司,AP-2026-000285,通用报销单,应付确认单（物料类）,人民币,44132.18,,--,2026-05-03,FSSC审核岗,应付成本组,审核员01,审核通过,2026-06-04 20:33:13,2026-06-04 20:34:22,2026-06-04 20:40:52,2026-06-04 23:04:22,,--,,示例集团财务共享中心（本部）,应付确认单（物料类）,非自动审批,1
A10,示例集团·癸公司,AP-2026-000286,通用报销单,应付付款单（差旅费）,人民币,47270.02,,--,2026-03-15,FSSC审核岗,应付成本组,审核员04,审核通过,2026-04-16 09:16:29,2026-04-16 09:17:51,2026-04-16 09:18:39,2026-04-16 10:54:51,,--,,示例集团财务共享中心（本部）,应付付款单（差旅费）,非自动审批,1
A06,示例集团·己公司,AP-2026-000287,付款单,应付付款单（服务费）,人民币,81084.24,,--,2026-02-10,FSSC审核岗,应付成本组,审核员02,审核通过,2026-01-24 13:05:35,2026-01-24 13:05:58,2026-01-24 13:14:42,2026-01-24 15:35:58,,--,,示例集团财务共享中心（本部）,应付付款单（服务费）,非自动审批,1
A06,示例集团·己公司,AP-2026-000287,付款单,应付付款单（服务费）,人民币,18265.27,,--,2026-02-10,FSSC审核岗,应付成本组,审核员02,审核通过,2026-01-24 13:05:35,2026-01-24 13:05:58,2026-01-24 13:12:30,2026-01-24 16:19:58,,--,,示例集团财务共享中心（本部）,应付付款单（服务费）,非自动审批,1
A06,示例集团·己公司,AP-2026-000287,付款单,应付付款单（服务费）,人民币,232170.81,,--,2026-02-10,FSSC审核岗,应付成本组,审核员02,审核通过,2026-01-24 13:05:35,2026-01-24 13:05:58,2026-01-24 13:13:39,2026-01-24 15:47:58,,--,,示例集团财务共享中心（本部）,应付付款单（服务费）,非自动审批,1
A05,示例集团·戊公司,AP-2026-000288,应付发票,通用报销单（费用报销）,人民币,46727.76,,--,2026-04-28,FSSC审核岗,应付成本组,审核员06,审核通过,2026-02-07 11:54:02,2026-02-07 11:54:22,2026-02-07 12:02:40,2026-02-07 15:47:22,,--,,示例集团财务共享中心（本部）,通用报销单（费用报销）,非自动审批,1
A05,示例集团·戊公司,AP-2026-000288,应付发票,通用报销单（费用报销）,人民币,73370.47,,--,2026-04-28,FSSC审核岗,应付成本组,审核员06,审核通过,2026-02-07 11:54:02,2026-02-07 11:54:22,2026-02-07 11:54:18,2026-02-07 16:13:22,,--,,示例集团财务共享中心（本部）,通用报销单（费用报销）,非自动审批,1
A05,示例集团·戊公司,AP-2026-000288,应付发票,通用报销单（费用报销）,人民币,35676.04,,--,2026-04-28,FSSC审核岗,应付成本组,审核员06,审核通过,2026-02-07 11:54:02,2026-02-07 11:54:22,2026-02-07 11:54:30,2026-02-07 15:43:22,,--,,示例集团财务共享中心（本部）,通用报销单（费用报销）,非自动审批,1
A17,示例集团·子公司庚,AP-2026-000289,付款单,其他专项付款单,人民币,83275.62,,--,2026-06-11,FSSC审核岗,应付成本组,审核员03,审核通过,2026-01-19 12:32:00,2026-01-19 12:33:58,2026-01-19 12:38:11,2026-01-19 15:36:58,,--,,示例集团财务共享中心（本部）,其他专项付款单,非自动审批,1
A17,示例集团·子公司庚,AP-2026-000289,付款单,其他专项付款单,人民币,621387.17,,--,2026-06-11,FSSC审核岗,应付成本组,审核员03,审核通过,2026-01-19 12:32:00,2026-01-19 12:33:58,2026-01-19 12:32:22,2026-01-19 14:45:58,,--,,示例集团财务共享中心（本部）,其他专项付款单,非自动审批,1
A05,示例集团·戊公司,AP-2026-000290,付款单,其他专项付款单,人民币,35215.22,,--,2026-05-13,FSSC审核岗,应付成本组,审核员04,审核驳回,2026-05-15 09:45:03,2026-05-15 09:45:44,2026-05-15 09:51:39,--,,--,,示例集团财务共享中心（本部）,其他专项付款单,非自动审批,1
A05,示例集团·戊公司,AP-2026-000290,付款单,其他专项付款单,人民币,27936.94,,--,2026-05-13,FSSC审核岗,应付成本组,审核员04,审核驳回,2026-05-15 09:45:03,2026-05-15 09:45:44,2026-05-15 09:47:35,--,,--,,示例集团财务共享中心（本部）,其他专项付款单,非自动审批,1
A02,示例集团·乙公司,AP-2026-000291,通用报销单,其他专项付款单,人民币,18728.14,,--,2026-06-20,FSSC审核岗,应付成本组,审核员02,审核通过,2026-05-16 14:14:11,2026-05-16 14:15:48,2026-05-16 14:16:59,2026-05-16 16:07:48,,--,,示例集团财务共享中心（本部）,其他专项付款单,非自动审批,1
A02,示例集团·乙公司,AP-2026-000291,通用报销单,其他专项付款单,人民币,55079.31,,--,2026-06-20,FSSC审核岗,应付成本组,审核员02,审核通过,2026-05-16 14:14:11,2026-05-16 14:15:48,2026-05-16 14:17:26,2026-05-16 17:32:48,,--,,示例集团财务共享中心（本部）,其他专项付款单,非自动审批,1
A02,示例集团·乙公司,AP-2026-000291,通用报销单,其他专项付款单,人民币,54193.42,,--,2026-06-20,FSSC审核岗,应付成本组,审核员02,审核通过,2026-05-16 14:14:11,2026-05-16 14:15:48,2026-05-16 14:23:32,2026-05-16 16:08:48,,--,,示例集团财务共享中心（本部）,其他专项付款单,非自动审批,1
A20,示例集团·子公司癸,AP-2026-000293,付款单,应付确认单（物料类）,人民币,64345.37,,--,2026-06-24,FSSC审核岗,应付成本组,审核员04,审核驳回,2026-04-10 12:36:31,2026-04-10 12:36:38,2026-04-10 12:45:16,--,,--,,示例集团财务共享中心（本部）,应付确认单（物料类）,非自动审批,1
A03,示例集团·丙公司,AP-2026-000294,应付发票,应付付款单（服务费）,人民币,115330.62,,--,2026-03-26,FSSC审核岗,应付成本组,审核员04,审核通过,2026-02-14 09:23:39,2026-02-14 09:24:57,2026-02-14 09:26:37,2026-02-14 11:17:57,,--,,示例集团财务共享中心（本部）,应付付款单（服务费）,非自动审批,1
A03,示例集团·丙公司,AP-2026-000294,应付发票,应付付款单（服务费）,人民币,96667.77,,--,2026-03-26,FSSC审核岗,应付成本组,审核员04,审核通过,2026-02-14 09:23:39,2026-02-14 09:24:57,2026-02-14 09:33:17,2026-02-14 11:57:57,,--,,示例集团财务共享中心（本部）,应付付款单（服务费）,非自动审批,1
A03,示例集团·丙公司,AP-2026-000294,应付发票,应付付款单（服务费）,人民币,58015.76,,--,2026-03-26,FSSC审核岗,应付成本组,审核员04,审核通过,2026-02-14 09:23:39,2026-02-14 09:24:57,2026-02-14 09:28:16,2026-02-14 11:53:57,,--,,示例集团财务共享中心（本部）,应付付款单（服务费）,非自动审批,1
A03,示例集团·丙公司,AP-2026-000295,通用报销单,通用报销单（费用报销）,人民币,922942.48,,--,2026-02-24,FSSC审核岗,应付成本组,审核员04,审核通过,2026-06-13 17:19:10,2026-06-13 17:19:29,2026-06-13 17:23:47,2026-06-13 19:33:29,,--,,示例集团财务共享中心（本部）,通用报销单（费用报销）,非自动审批,1
A03,示例集团·丙公司,AP-2026-000295,通用报销单,通用报销单（费用报销）,人民币,157464.04,,--,2026-02-24,FSSC审核岗,应付成本组,审核员04,审核通过,2026-06-13 17:19:10,2026-06-13 17:19:29,2026-06-13 17:23:00,2026-06-13 19:19:29,,--,,示例集团财务共享中心（本部）,通用报销单（费用报销）,非自动审批,1
A12,示例集团·子公司乙,AP-2026-000296,通用报销单,其他专项付款单,人民币,13030.34,,--,2026-06-08,FSSC审核岗,应付成本组,审核员02,审核通过,2026-01-10 19:18:20,2026-01-10 19:19:11,2026-01-10 19:23:36,2026-01-10 22:02:11,,--,,示例集团财务共享中心（本部）,其他专项付款单,非自动审批,1
A04,示例集团·丁公司,AP-2026-000297,通用报销单,应付付款单（服务费）,人民币,6882.36,,--,2026-03-24,FSSC审核岗,应付成本组,审核员01,审核通过,2026-06-24 19:47:19,2026-06-24 19:47:41,2026-06-24 19:54:50,2026-06-24 22:42:41,,--,,示例集团财务共享中心（本部）,应付付款单（服务费）,非自动审批,1
A04,示例集团·丁公司,AP-2026-000297,通用报销单,应付付款单（服务费）,人民币,22608.73,,--,2026-03-24,FSSC审核岗,应付成本组,审核员01,审核通过,2026-06-24 19:47:19,2026-06-24 19:47:41,2026-06-24 19:50:19,2026-06-24 22:54:41,,--,,示例集团财务共享中心（本部）,应付付款单（服务费）,非自动审批,1
A04,示例集团·丁公司,AP-2026-000297,通用报销单,应付付款单（服务费）,人民币,74140.83,,--,2026-03-24,FSSC审核岗,应付成本组,审核员01,审核通过,2026-06-24 19:47:19,2026-06-24 19:47:41,2026-06-24 19:48:06,2026-06-24 23:25:41,,--,,示例集团财务共享中心（本部）,应付付款单（服务费）,非自动审批,1
A10,示例集团·癸公司,AP-2026-000298,应付发票,通用报销单（费用报销）,人民币,20104.53,,--,2026-06-04,FSSC审核岗,应付成本组,审核员07,审核通过,2026-02-03 19:00:21,2026-02-03 19:01:01,2026-02-03 19:07:17,2026-02-03 20:05:01,,--,,示例集团财务共享中心（本部）,通用报销单（费用报销）,非自动审批,1
A10,示例集团·癸公司,AP-2026-000298,应付发票,通用报销单（费用报销）,人民币,24867.62,,--,2026-06-04,FSSC审核岗,应付成本组,审核员07,审核通过,2026-02-03 19:00:21,2026-02-03 19:01:01,2026-02-03 19:05:10,2026-02-03 21:10:01,,--,,示例集团财务共享中心（本部）,通用报销单（费用报销）,非自动审批,1
A10,示例集团·癸公司,AP-2026-000298,应付发票,通用报销单（费用报销）,人民币,62099.54,,--,2026-06-04,FSSC审核岗,应付成本组,审核员07,审核通过,2026-02-03 19:00:21,2026-02-03 19:01:01,2026-02-03 19:06:31,2026-02-03 20:30:01,,--,,示例集团财务共享中心（本部）,通用报销单（费用报销）,非自动审批,1
A03,示例集团·丙公司,AP-2026-000300,付款单,应付付款单（材料采购）,人民币,37095.03,,--,2026-06-26,FSSC审核岗,应付成本组,审核员04,审核通过,2026-05-12 14:16:29,2026-05-12 14:16:31,2026-05-12 14:21:09,2026-05-12 14:44:31,,--,,示例集团财务共享中心（本部）,应付付款单（材料采购）,非自动审批,1
A03,示例集团·丙公司,AP-2026-000300,付款单,应付付款单（材料采购）,人民币,3405.74,,--,2026-06-26,FSSC审核岗,应付成本组,审核员04,审核通过,2026-05-12 14:16:29,2026-05-12 14:16:31,2026-05-12 14:22:27,2026-05-12 15:24:31,,--,,示例集团财务共享中心（本部）,应付付款单（材料采购）,非自动审批,1
A03,示例集团·丙公司,AP-2026-000300,付款单,应付付款单（材料采购）,人民币,270505.35,,--,2026-06-26,FSSC审核岗,应付成本组,审核员04,审核通过,2026-05-12 14:16:29,2026-05-12 14:16:31,2026-05-12 14:21:22,2026-05-12 15:32:31,,--,,示例集团财务共享中心（本部）,应付付款单（材料采购）,非自动审批,1
A06,示例集团·己公司,AP-2026-000301,应付发票,应付付款单（材料采购）,人民币,195426.5,,--,2026-02-25,FSSC审核岗,应付成本组,审核员04,审核通过,2026-02-25 14:51:57,2026-02-25 14:52:27,2026-02-25 14:53:40,2026-02-25 15:09:27,,--,,示例集团财务共享中心（本部）,应付付款单（材料采购）,非自动审批,1
A06,示例集团·己公司,AP-2026-000301,应付发票,应付付款单（材料采购）,人民币,9905.35,,--,2026-02-25,FSSC审核岗,应付成本组,审核员04,审核通过,2026-02-25 14:51:57,2026-02-25 14:52:27,2026-02-25 15:01:00,2026-02-25 16:19:27,,--,,示例集团财务共享中心（本部）,应付付款单（材料采购）,非自动审批,1
A06,示例集团·己公司,AP-2026-000301,应付发票,应付付款单（材料采购）,人民币,64838.03,,--,2026-02-25,FSSC审核岗,应付成本组,审核员04,审核通过,2026-02-25 14:51:57,2026-02-25 14:52:27,2026-02-25 14:57:23,2026-02-25 16:45:27,,--,,示例集团财务共享中心（本部）,应付付款单（材料采购）,非自动审批,1
A02,示例集团·乙公司,AP-2026-000302,付款单,应付付款单（材料采购）,人民币,12541.87,,--,2026-02-13,FSSC审核岗,应付成本组,审核员03,审核通过,2026-03-14 18:16:22,2026-03-14 18:18:05,2026-03-14 18:18:12,2026-03-14 21:15:05,,--,,示例集团财务共享中心（本部）,应付付款单（材料采购）,非自动审批,1
A02,示例集团·乙公司,AP-2026-000302,付款单,应付付款单（材料采购）,人民币,25531.92,,--,2026-02-13,FSSC审核岗,应付成本组,审核员03,审核通过,2026-03-14 18:16:22,2026-03-14 18:18:05,2026-03-14 18:20:59,2026-03-14 21:19:05,,--,,示例集团财务共享中心（本部）,应付付款单（材料采购）,非自动审批,1
A03,示例集团·丙公司,AP-2026-000304,应付发票,通用报销单（费用报销）,人民币,118256.84,,--,2026-03-01,FSSC审核岗,应付成本组,审核员04,审核通过,2026-03-01 15:13:48,2026-03-01 15:14:28,2026-03-01 15:17:58,2026-03-01 18:22:28,,--,,示例集团财务共享中心（本部）,通用报销单（费用报销）,非自动审批,1
A03,示例集团·丙公司,AP-2026-000304,应付发票,通用报销单（费用报销）,人民币,186104.94,,--,2026-03-01,FSSC审核岗,应付成本组,审核员04,审核通过,2026-03-01 15:13:48,2026-03-01 15:14:28,2026-03-01 15:23:28,2026-03-01 18:50:28,,--,,示例集团财务共享中心（本部）,通用报销单（费用报销）,非自动审批,1
A03,示例集团·丙公司,AP-2026-000304,应付发票,通用报销单（费用报销）,人民币,180105.87,,--,2026-03-01,FSSC审核岗,应付成本组,审核员04,审核通过,2026-03-01 15:13:48,2026-03-01 15:14:28,2026-03-01 15:15:28,2026-03-01 18:23:28,,--,,示例集团财务共享中心（本部）,通用报销单（费用报销）,非自动审批,1
A01,示例集团·甲公司,AP-2026-000305,通用报销单,应付付款单（服务费）,人民币,84353.78,,--,2026-05-16,FSSC审核岗,应付成本组,审核员01,审核通过,2026-01-27 12:53:18,2026-01-27 12:53:20,2026-01-27 12:58:42,2026-01-27 14:37:20,,--,,示例集团财务共享中心（本部）,应付付款单（服务费）,非自动审批,1
A02,示例集团·乙公司,AP-2026-000306,应付发票,应付确认单（物料类）,人民币,356927.53,,--,2026-01-22,FSSC审核岗,应付成本组,审核员01,审核驳回,2026-05-22 12:59:31,2026-05-22 13:00:52,2026-05-22 13:06:06,--,,--,,示例集团财务共享中心（本部）,应付确认单（物料类）,非自动审批,1
A14,示例集团·子公司丁,AP-2026-000307,付款单,应付付款单（服务费）,人民币,25468.91,,--,2026-03-04,FSSC审核岗,应付成本组,审核员02,审核通过,2026-02-11 08:11:08,2026-02-11 08:12:23,2026-02-11 08:12:55,2026-02-11 08:54:23,,--,,示例集团财务共享中心（本部）,应付付款单（服务费）,非自动审批,1
A14,示例集团·子公司丁,AP-2026-000307,付款单,应付付款单（服务费）,人民币,34749.46,,--,2026-03-04,FSSC审核岗,应付成本组,审核员02,审核通过,2026-02-11 08:11:08,2026-02-11 08:12:23,2026-02-11 08:18:18,2026-02-11 10:17:23,,--,,示例集团财务共享中心（本部）,应付付款单（服务费）,非自动审批,1
A14,示例集团·子公司丁,AP-2026-000307,付款单,应付付款单（服务费）,人民币,1583.7,,--,2026-03-04,FSSC审核岗,应付成本组,审核员02,审核通过,2026-02-11 08:11:08,2026-02-11 08:12:23,2026-02-11 08:17:04,2026-02-11 09:58:23,,--,,示例集团财务共享中心（本部）,应付付款单（服务费）,非自动审批,1
A08,示例集团·辛公司,AP-2026-000308,通用报销单,其他专项付款单,人民币,52560.54,,--,2026-01-08,FSSC审核岗,应付成本组,审核员06,审核驳回,2026-03-22 17:22:48,2026-03-22 17:24:09,2026-03-22 17:32:23,--,,--,,示例集团财务共享中心（本部）,其他专项付款单,非自动审批,1
A08,示例集团·辛公司,AP-2026-000308,通用报销单,其他专项付款单,人民币,134803.15,,--,2026-01-08,FSSC审核岗,应付成本组,审核员06,审核驳回,2026-03-22 17:22:48,2026-03-22 17:24:09,2026-03-22 17:29:19,--,,--,,示例集团财务共享中心（本部）,其他专项付款单,非自动审批,1
A19,示例集团·子公司壬,AP-2026-000309,通用报销单,应付确认单（物料类）,人民币,89264.88,,--,2026-03-26,FSSC审核岗,应付成本组,审核员06,审核通过,2026-02-01 19:25:09,2026-02-01 19:25:27,2026-02-01 19:28:09,2026-02-01 20:40:27,,--,,示例集团财务共享中心（本部）,应付确认单（物料类）,非自动审批,1
A19,示例集团·子公司壬,AP-2026-000309,通用报销单,应付确认单（物料类）,人民币,24993.51,,--,2026-03-26,FSSC审核岗,应付成本组,审核员06,审核通过,2026-02-01 19:25:09,2026-02-01 19:25:27,2026-02-01 19:29:31,2026-02-01 21:34:27,,--,,示例集团财务共享中心（本部）,应付确认单（物料类）,非自动审批,1
A08,示例集团·辛公司,AP-2026-000310,付款单,通用报销单（费用报销）,人民币,195308.54,,--,2026-06-12,FSSC审核岗,应付成本组,审核员02,审核通过,2026-06-09 17:59:31,2026-06-09 17:59:52,2026-06-09 18:01:27,2026-06-09 18:44:52,,--,,示例集团财务共享中心（本部）,通用报销单（费用报销）,非自动审批,1
A01,示例集团·甲公司,AP-2026-000311,应付发票,应付确认单（物料类）,人民币,53994.47,,--,2026-04-06,FSSC审核岗,应付成本组,审核员03,审核通过,2026-04-12 20:39:36,2026-04-12 20:41:09,2026-04-12 20:43:04,2026-04-12 22:55:09,,--,,示例集团财务共享中心（本部）,应付确认单（物料类）,非自动审批,1
A01,示例集团·甲公司,AP-2026-000311,应付发票,应付确认单（物料类）,人民币,175079.84,,--,2026-04-06,FSSC审核岗,应付成本组,审核员03,审核通过,2026-04-12 20:39:36,2026-04-12 20:41:09,2026-04-12 20:46:29,2026-04-12 21:42:09,,--,,示例集团财务共享中心（本部）,应付确认单（物料类）,非自动审批,1
A10,示例集团·癸公司,AP-2026-000312,通用报销单,应付付款单（差旅费）,人民币,118256.3,,--,2026-03-14,FSSC审核岗,应付成本组,审核员02,审核通过,2026-01-04 16:42:07,2026-01-04 16:43:54,2026-01-04 16:50:37,2026-01-04 18:09:54,,--,,示例集团财务共享中心（本部）,应付付款单（差旅费）,非自动审批,1
A08,示例集团·辛公司,AP-2026-000313,应付发票,应付付款单（材料采购）,人民币,439904.33,,--,2026-02-09,FSSC审核岗,应付成本组,审核员05,审核通过,2026-01-20 19:05:00,2026-01-20 19:06:58,2026-01-20 19:13:34,2026-01-20 21:01:58,,--,,示例集团财务共享中心（本部）,应付付款单（材料采购）,非自动审批,1
A08,示例集团·辛公司,AP-2026-000313,应付发票,应付付款单（材料采购）,人民币,96288.94,,--,2026-02-09,FSSC审核岗,应付成本组,审核员05,审核通过,2026-01-20 19:05:00,2026-01-20 19:06:58,2026-01-20 19:13:29,2026-01-20 20:47:58,,--,,示例集团财务共享中心（本部）,应付付款单（材料采购）,非自动审批,1
A08,示例集团·辛公司,AP-2026-000313,应付发票,应付付款单（材料采购）,人民币,140634.52,,--,2026-02-09,FSSC审核岗,应付成本组,审核员05,审核通过,2026-01-20 19:05:00,2026-01-20 19:06:58,2026-01-20 19:14:51,2026-01-20 20:27:58,,--,,示例集团财务共享中心（本部）,应付付款单（材料采购）,非自动审批,1
A04,示例集团·丁公司,AP-2026-000314,应付发票,应付付款单（差旅费）,人民币,53776.73,,--,2026-05-27,FSSC审核岗,应付成本组,审核员07,审核通过,2026-01-02 17:17:36,2026-01-02 17:19:10,2026-01-02 17:25:01,2026-01-02 17:48:10,,--,,示例集团财务共享中心（本部）,应付付款单（差旅费）,非自动审批,1
A04,示例集团·丁公司,AP-2026-000314,应付发票,应付付款单（差旅费）,人民币,29612.56,,--,2026-05-27,FSSC审核岗,应付成本组,审核员07,审核通过,2026-01-02 17:17:36,2026-01-02 17:19:10,2026-01-02 17:21:19,2026-01-02 19:25:10,,--,,示例集团财务共享中心（本部）,应付付款单（差旅费）,非自动审批,1
A04,示例集团·丁公司,AP-2026-000314,应付发票,应付付款单（差旅费）,人民币,119017.41,,--,2026-05-27,FSSC审核岗,应付成本组,审核员07,审核通过,2026-01-02 17:17:36,2026-01-02 17:19:10,2026-01-02 17:23:02,2026-01-02 17:50:10,,--,,示例集团财务共享中心（本部）,应付付款单（差旅费）,非自动审批,1
A09,示例集团·壬公司,AP-2026-000315,付款单,应付付款单（材料采购）,人民币,490815.21,,--,2026-04-17,FSSC审核岗,应付成本组,审核员02,审核通过,2026-02-21 10:36:23,2026-02-21 10:37:17,2026-02-21 10:37:47,2026-02-21 15:04:17,,--,,示例集团财务共享中心（本部）,应付付款单（材料采购）,非自动审批,1
A09,示例集团·壬公司,AP-2026-000315,付款单,应付付款单（材料采购）,人民币,25279.96,,--,2026-04-17,FSSC审核岗,应付成本组,审核员02,审核通过,2026-02-21 10:36:23,2026-02-21 10:37:17,2026-02-21 10:42:27,2026-02-21 14:18:17,,--,,示例集团财务共享中心（本部）,应付付款单（材料采购）,非自动审批,1
A09,示例集团·壬公司,AP-2026-000315,付款单,应付付款单（材料采购）,人民币,42302.82,,--,2026-04-17,FSSC审核岗,应付成本组,审核员02,审核通过,2026-02-21 10:36:23,2026-02-21 10:37:17,2026-02-21 10:46:01,2026-02-21 13:53:17,,--,,示例集团财务共享中心（本部）,应付付款单（材料采购）,非自动审批,1
A13,示例集团·子公司丙,AP-2026-000316,应付发票,应付付款单（服务费）,人民币,62150.28,,--,2026-05-13,FSSC审核岗,应付成本组,审核员02,审核通过,2026-03-06 16:39:28,2026-03-06 16:40:14,2026-03-06 16:48:55,2026-03-06 19:44:14,,--,,示例集团财务共享中心（本部）,应付付款单（服务费）,非自动审批,1
A13,示例集团·子公司丙,AP-2026-000316,应付发票,应付付款单（服务费）,人民币,156194.11,,--,2026-05-13,FSSC审核岗,应付成本组,审核员02,审核通过,2026-03-06 16:39:28,2026-03-06 16:40:14,2026-03-06 16:44:42,2026-03-06 18:24:14,,--,,示例集团财务共享中心（本部）,应付付款单（服务费）,非自动审批,1
A13,示例集团·子公司丙,AP-2026-000316,应付发票,应付付款单（服务费）,人民币,97114.03,,--,2026-05-13,FSSC审核岗,应付成本组,审核员02,审核通过,2026-03-06 16:39:28,2026-03-06 16:40:14,2026-03-06 16:47:00,2026-03-06 19:42:14,,--,,示例集团财务共享中心（本部）,应付付款单（服务费）,非自动审批,1
A11,示例集团·子公司甲,AP-2026-000317,通用报销单,应付付款单（差旅费）,人民币,214977.45,,--,2026-06-18,FSSC审核岗,应付成本组,审核员02,审核驳回,2026-05-18 19:16:52,2026-05-18 19:17:50,2026-05-18 19:20:18,--,,--,,示例集团财务共享中心（本部）,应付付款单（差旅费）,非自动审批,1
A19,示例集团·子公司壬,AP-2026-000318,通用报销单,应付确认单（物料类）,人民币,949293.47,,--,2026-05-25,FSSC审核岗,应付成本组,审核员03,审核驳回,2026-04-18 16:36:36,2026-04-18 16:37:50,2026-04-18 16:36:59,--,,--,,示例集团财务共享中心（本部）,应付确认单（物料类）,非自动审批,1
A19,示例集团·子公司壬,AP-2026-000318,通用报销单,应付确认单（物料类）,人民币,24478.2,,--,2026-05-25,FSSC审核岗,应付成本组,审核员03,审核驳回,2026-04-18 16:36:36,2026-04-18 16:37:50,2026-04-18 16:45:07,--,,--,,示例集团财务共享中心（本部）,应付确认单（物料类）,非自动审批,1
A19,示例集团·子公司壬,AP-2026-000318,通用报销单,应付确认单（物料类）,人民币,140592.45,,--,2026-05-25,FSSC审核岗,应付成本组,审核员03,审核驳回,2026-04-18 16:36:36,2026-04-18 16:37:50,2026-04-18 16:43:41,--,,--,,示例集团财务共享中心（本部）,应付确认单（物料类）,非自动审批,1
A01,示例集团·甲公司,AP-2026-000320,付款单,通用报销单（费用报销）,人民币,93797.71,,--,2026-01-25,FSSC审核岗,应付成本组,审核员03,审核通过,2026-04-11 13:57:20,2026-04-11 13:58:14,2026-04-11 13:59:06,2026-04-11 14:39:14,,--,,示例集团财务共享中心（本部）,通用报销单（费用报销）,非自动审批,1
A02,示例集团·乙公司,AP-2026-000322,付款单,应付付款单（差旅费）,人民币,61491.63,,--,2026-04-24,FSSC审核岗,应付成本组,审核员04,审核通过,2026-06-09 09:26:00,2026-06-09 09:27:40,2026-06-09 09:31:25,2026-06-09 13:34:40,,--,,示例集团财务共享中心（本部）,应付付款单（差旅费）,非自动审批,1
A02,示例集团·乙公司,AP-2026-000322,付款单,应付付款单（差旅费）,人民币,139877.08,,--,2026-04-24,FSSC审核岗,应付成本组,审核员04,审核通过,2026-06-09 09:26:00,2026-06-09 09:27:40,2026-06-09 09:26:10,2026-06-09 13:06:40,,--,,示例集团财务共享中心（本部）,应付付款单（差旅费）,非自动审批,1
A07,示例集团·庚公司,AP-2026-000323,付款单,应付付款单（材料采购）,人民币,41211.63,,--,2026-01-24,FSSC审核岗,应付成本组,审核员05,审核驳回,2026-04-03 12:49:48,2026-04-03 12:51:16,2026-04-03 12:53:21,--,,--,,示例集团财务共享中心（本部）,应付付款单（材料采购）,非自动审批,1
A07,示例集团·庚公司,AP-2026-000323,付款单,应付付款单（材料采购）,人民币,94114.18,,--,2026-01-24,FSSC审核岗,应付成本组,审核员05,审核驳回,2026-04-03 12:49:48,2026-04-03 12:51:16,2026-04-03 12:57:00,--,,--,,示例集团财务共享中心（本部）,应付付款单（材料采购）,非自动审批,1
A07,示例集团·庚公司,AP-2026-000323,付款单,应付付款单（材料采购）,人民币,9629.54,,--,2026-01-24,FSSC审核岗,应付成本组,审核员05,审核驳回,2026-04-03 12:49:48,2026-04-03 12:51:16,2026-04-03 12:54:15,--,,--,,示例集团财务共享中心（本部）,应付付款单（材料采购）,非自动审批,1
A10,示例集团·癸公司,AP-2026-000324,通用报销单,应付付款单（服务费）,人民币,28160.02,,--,2026-01-27,FSSC审核岗,应付成本组,审核员03,审核通过,2026-06-05 15:03:52,2026-06-05 15:04:22,2026-06-05 15:05:18,2026-06-05 16:30:22,,--,,示例集团财务共享中心（本部）,应付付款单（服务费）,非自动审批,1
A02,示例集团·乙公司,AP-2026-000325,应付发票,应付付款单（服务费）,人民币,259504.45,,--,2026-03-27,FSSC审核岗,应付成本组,审核员02,审核通过,2026-02-23 20:07:48,2026-02-23 20:08:49,2026-02-23 20:08:11,2026-02-23 20:26:49,,--,,示例集团财务共享中心（本部）,应付付款单（服务费）,非自动审批,1
A02,示例集团·乙公司,AP-2026-000325,应付发票,应付付款单（服务费）,人民币,245908.84,,--,2026-03-27,FSSC审核岗,应付成本组,审核员02,审核通过,2026-02-23 20:07:48,2026-02-23 20:08:49,2026-02-23 20:08:00,2026-02-23 22:05:49,,--,,示例集团财务共享中心（本部）,应付付款单（服务费）,非自动审批,1
A02,示例集团·乙公司,AP-2026-000325,应付发票,应付付款单（服务费）,人民币,86095.0,,--,2026-03-27,FSSC审核岗,应付成本组,审核员02,审核通过,2026-02-23 20:07:48,2026-02-23 20:08:49,2026-02-23 20:16:55,2026-02-23 21:05:49,,--,,示例集团财务共享中心（本部）,应付付款单（服务费）,非自动审批,1
A05,示例集团·戊公司,AP-2026-000327,应付发票,应付付款单（材料采购）,人民币,31752.61,,--,2026-05-22,FSSC审核岗,应付成本组,审核员01,审核通过,2026-01-22 13:55:08,2026-01-22 13:55:46,2026-01-22 14:03:09,2026-01-22 18:13:46,,--,,示例集团财务共享中心（本部）,应付付款单（材料采购）,非自动审批,1
A05,示例集团·戊公司,AP-2026-000327,应付发票,应付付款单（材料采购）,人民币,190112.67,,--,2026-05-22,FSSC审核岗,应付成本组,审核员01,审核通过,2026-01-22 13:55:08,2026-01-22 13:55:46,2026-01-22 13:55:36,2026-01-22 17:22:46,,--,,示例集团财务共享中心（本部）,应付付款单（材料采购）,非自动审批,1
A05,示例集团·戊公司,AP-2026-000328,付款单,应付确认单（物料类）,人民币,338095.05,,--,2026-03-07,FSSC审核岗,应付成本组,审核员01,审核通过,2026-03-23 08:03:15,2026-03-23 08:04:23,2026-03-23 08:13:09,2026-03-23 09:35:23,,--,,示例集团财务共享中心（本部）,应付确认单（物料类）,非自动审批,1
A05,示例集团·戊公司,AP-2026-000328,付款单,应付确认单（物料类）,人民币,33613.61,,--,2026-03-07,FSSC审核岗,应付成本组,审核员01,审核通过,2026-03-23 08:03:15,2026-03-23 08:04:23,2026-03-23 08:09:15,2026-03-23 11:19:23,,--,,示例集团财务共享中心（本部）,应付确认单（物料类）,非自动审批,1
A05,示例集团·戊公司,AP-2026-000328,付款单,应付确认单（物料类）,人民币,7808.53,,--,2026-03-07,FSSC审核岗,应付成本组,审核员01,审核通过,2026-03-23 08:03:15,2026-03-23 08:04:23,2026-03-23 08:11:37,2026-03-23 09:52:23,,--,,示例集团财务共享中心（本部）,应付确认单（物料类）,非自动审批,1
A03,示例集团·丙公司,AP-2026-000329,应付发票,应付付款单（差旅费）,人民币,112284.25,,--,2026-05-17,FSSC审核岗,应付成本组,审核员07,审核通过,2026-02-21 12:57:21,2026-02-21 12:59:06,2026-02-21 13:04:01,2026-02-21 14:06:06,,--,,示例集团财务共享中心（本部）,应付付款单（差旅费）,非自动审批,1
A07,示例集团·庚公司,AP-2026-000330,通用报销单,其他专项付款单,人民币,215189.77,,--,2026-01-22,FSSC审核岗,应付成本组,审核员03,审核通过,2026-01-22 11:26:52,2026-01-22 11:27:12,2026-01-22 11:33:32,2026-01-22 14:17:12,,--,,示例集团财务共享中心（本部）,其他专项付款单,非自动审批,1
A07,示例集团·庚公司,AP-2026-000330,通用报销单,其他专项付款单,人民币,136281.37,,--,2026-01-22,FSSC审核岗,应付成本组,审核员03,审核通过,2026-01-22 11:26:52,2026-01-22 11:27:12,2026-01-22 11:30:58,2026-01-22 14:07:12,,--,,示例集团财务共享中心（本部）,其他专项付款单,非自动审批,1
A07,示例集团·庚公司,AP-2026-000330,通用报销单,其他专项付款单,人民币,535582.85,,--,2026-01-22,FSSC审核岗,应付成本组,审核员03,审核通过,2026-01-22 11:26:52,2026-01-22 11:27:12,2026-01-22 11:34:44,2026-01-22 13:41:12,,--,,示例集团财务共享中心（本部）,其他专项付款单,非自动审批,1
A02,示例集团·乙公司,AP-2026-000331,付款单,应付付款单（材料采购）,人民币,538757.55,,--,2026-03-26,FSSC审核岗,应付成本组,审核员04,审核通过,2026-02-10 19:46:31,2026-02-10 19:48:28,2026-02-10 19:53:24,2026-02-10 20:39:28,,--,,示例集团财务共享中心（本部）,应付付款单（材料采购）,非自动审批,1
A02,示例集团·乙公司,AP-2026-000331,付款单,应付付款单（材料采购）,人民币,39043.97,,--,2026-03-26,FSSC审核岗,应付成本组,审核员04,审核通过,2026-02-10 19:46:31,2026-02-10 19:48:28,2026-02-10 19:47:27,2026-02-10 22:06:28,,--,,示例集团财务共享中心（本部）,应付付款单（材料采购）,非自动审批,1
A02,示例集团·乙公司,AP-2026-000331,付款单,应付付款单（材料采购）,人民币,79109.81,,--,2026-03-26,FSSC审核岗,应付成本组,审核员04,审核通过,2026-02-10 19:46:31,2026-02-10 19:48:28,2026-02-10 19:49:46,2026-02-10 22:01:28,,--,,示例集团财务共享中心（本部）,应付付款单（材料采购）,非自动审批,1
A03,示例集团·丙公司,AP-2026-000332,付款单,其他专项付款单,人民币,29877.21,,--,2026-04-04,FSSC审核岗,应付成本组,审核员07,审核通过,2026-03-05 19:02:09,2026-03-05 19:04:02,2026-03-05 19:09:41,2026-03-05 21:30:02,,--,,示例集团财务共享中心（本部）,其他专项付款单,非自动审批,1
A01,示例集团·甲公司,AP-2026-000333,应付发票,应付确认单（物料类）,人民币,14315.68,,--,2026-06-20,FSSC审核岗,应付成本组,审核员06,审核驳回,2026-04-19 17:14:53,2026-04-19 17:15:23,2026-04-19 17:16:01,--,,--,,示例集团财务共享中心（本部）,应付确认单（物料类）,非自动审批,1
A09,示例集团·壬公司,AP-2026-000334,应付发票,应付付款单（服务费）,人民币,15540.19,,--,2026-01-16,FSSC审核岗,应付成本组,审核员06,审核通过,2026-01-07 11:03:15,2026-01-07 11:03:17,2026-01-07 11:13:06,2026-01-07 13:26:17,,--,,示例集团财务共享中心（本部）,应付付款单（服务费）,非自动审批,1
A09,示例集团·壬公司,AP-2026-000334,应付发票,应付付款单（服务费）,人民币,163379.32,,--,2026-01-16,FSSC审核岗,应付成本组,审核员06,审核通过,2026-01-07 11:03:15,2026-01-07 11:03:17,2026-01-07 11:10:54,2026-01-07 12:34:17,,--,,示例集团财务共享中心（本部）,应付付款单（服务费）,非自动审批,1
A15,示例集团·子公司戊,AP-2026-000335,通用报销单,应付付款单（差旅费）,人民币,91495.27,,--,2026-03-16,FSSC审核岗,应付成本组,审核员07,审核通过,2026-04-15 11:28:15,2026-04-15 11:28:21,2026-04-15 11:36:25,2026-04-15 14:18:21,,--,,示例集团财务共享中心（本部）,应付付款单（差旅费）,非自动审批,1
A15,示例集团·子公司戊,AP-2026-000335,通用报销单,应付付款单（差旅费）,人民币,208135.62,,--,2026-03-16,FSSC审核岗,应付成本组,审核员07,审核通过,2026-04-15 11:28:15,2026-04-15 11:28:21,2026-04-15 11:34:37,2026-04-15 14:51:21,,--,,示例集团财务共享中心（本部）,应付付款单（差旅费）,非自动审批,1
A05,示例集团·戊公司,AP-2026-000336,应付发票,应付确认单（物料类）,人民币,2072507.89,,--,2026-06-17,FSSC审核岗,应付成本组,审核员06,审核通过,2026-04-27 08:56:49,2026-04-27 08:57:58,2026-04-27 09:00:19,2026-04-27 11:00:58,,--,,示例集团财务共享中心（本部）,应付确认单（物料类）,非自动审批,1
A05,示例集团·戊公司,AP-2026-000336,应付发票,应付确认单（物料类）,人民币,120549.37,,--,2026-06-17,FSSC审核岗,应付成本组,审核员06,审核通过,2026-04-27 08:56:49,2026-04-27 08:57:58,2026-04-27 09:05:19,2026-04-27 11:39:58,,--,,示例集团财务共享中心（本部）,应付确认单（物料类）,非自动审批,1
A09,示例集团·壬公司,AP-2026-000339,付款单,应付付款单（差旅费）,人民币,19868.9,,--,2026-06-15,FSSC审核岗,应付成本组,审核员01,审核通过,2026-01-17 19:25:37,2026-01-17 19:26:43,2026-01-17 19:27:25,2026-01-17 23:50:43,,--,,示例集团财务共享中心（本部）,应付付款单（差旅费）,非自动审批,1
A09,示例集团·壬公司,AP-2026-000339,付款单,应付付款单（差旅费）,人民币,255040.48,,--,2026-06-15,FSSC审核岗,应付成本组,审核员01,审核通过,2026-01-17 19:25:37,2026-01-17 19:26:43,2026-01-17 19:33:44,2026-01-17 23:30:43,,--,,示例集团财务共享中心（本部）,应付付款单（差旅费）,非自动审批,1
A09,示例集团·壬公司,AP-2026-000339,付款单,应付付款单（差旅费）,人民币,19358.42,,--,2026-06-15,FSSC审核岗,应付成本组,审核员01,审核通过,2026-01-17 19:25:37,2026-01-17 19:26:43,2026-01-17 19:34:18,2026-01-17 22:30:43,,--,,示例集团财务共享中心（本部）,应付付款单（差旅费）,非自动审批,1
A15,示例集团·子公司戊,AP-2026-000340,应付发票,通用报销单（费用报销）,人民币,692228.68,,--,2026-06-05,FSSC审核岗,应付成本组,审核员05,审核通过,2026-03-06 20:45:30,2026-03-06 20:46:10,2026-03-06 20:52:43,2026-03-06 22:07:10,,--,,示例集团财务共享中心（本部）,通用报销单（费用报销）,非自动审批,1
A17,示例集团·子公司庚,AP-2026-000341,应付发票,其他专项付款单,人民币,3789.43,,--,2026-05-01,FSSC审核岗,应付成本组,审核员06,审核通过,2026-05-16 16:51:39,2026-05-16 16:53:32,2026-05-16 16:59:03,2026-05-16 20:06:32,,--,,示例集团财务共享中心（本部）,其他专项付款单,非自动审批,1
A17,示例集团·子公司庚,AP-2026-000341,应付发票,其他专项付款单,人民币,27856.77,,--,2026-05-01,FSSC审核岗,应付成本组,审核员06,审核通过,2026-05-16 16:51:39,2026-05-16 16:53:32,2026-05-16 16:57:37,2026-05-16 19:53:32,,--,,示例集团财务共享中心（本部）,其他专项付款单,非自动审批,1
A17,示例集团·子公司庚,AP-2026-000341,应付发票,其他专项付款单,人民币,143056.31,,--,2026-05-01,FSSC审核岗,应付成本组,审核员06,审核通过,2026-05-16 16:51:39,2026-05-16 16:53:32,2026-05-16 17:00:29,2026-05-16 20:11:32,,--,,示例集团财务共享中心（本部）,其他专项付款单,非自动审批,1
A01,示例集团·甲公司,AP-2026-000342,通用报销单,应付确认单（物料类）,人民币,311305.3,,--,2026-06-18,FSSC审核岗,应付成本组,审核员02,审核通过,2026-04-18 11:03:21,2026-04-18 11:03:29,2026-04-18 11:12:54,2026-04-18 14:45:29,,--,,示例集团财务共享中心（本部）,应付确认单（物料类）,非自动审批,1
A01,示例集团·甲公司,AP-2026-000342,通用报销单,应付确认单（物料类）,人民币,23207.33,,--,2026-06-18,FSSC审核岗,应付成本组,审核员02,审核通过,2026-04-18 11:03:21,2026-04-18 11:03:29,2026-04-18 11:04:35,2026-04-18 13:56:29,,--,,示例集团财务共享中心（本部）,应付确认单（物料类）,非自动审批,1
A01,示例集团·甲公司,AP-2026-000342,通用报销单,应付确认单（物料类）,人民币,18005.61,,--,2026-06-18,FSSC审核岗,应付成本组,审核员02,审核通过,2026-04-18 11:03:21,2026-04-18 11:03:29,2026-04-18 11:12:27,2026-04-18 14:35:29,,--,,示例集团财务共享中心（本部）,应付确认单（物料类）,非自动审批,1
A03,示例集团·丙公司,AP-2026-000343,通用报销单,应付付款单（服务费）,人民币,73696.76,,--,2026-01-06,FSSC审核岗,应付成本组,审核员01,审核通过,2026-02-20 18:45:23,2026-02-20 18:46:37,2026-02-20 18:48:58,2026-02-20 21:55:37,,--,,示例集团财务共享中心（本部）,应付付款单（服务费）,非自动审批,1
A03,示例集团·丙公司,AP-2026-000343,通用报销单,应付付款单（服务费）,人民币,866824.13,,--,2026-01-06,FSSC审核岗,应付成本组,审核员01,审核通过,2026-02-20 18:45:23,2026-02-20 18:46:37,2026-02-20 18:54:05,2026-02-20 21:59:37,,--,,示例集团财务共享中心（本部）,应付付款单（服务费）,非自动审批,1
A03,示例集团·丙公司,AP-2026-000344,通用报销单,应付付款单（差旅费）,人民币,6948.43,,--,2026-04-25,FSSC审核岗,应付成本组,审核员06,审核通过,2026-02-03 12:30:16,2026-02-03 12:31:45,2026-02-03 12:35:26,2026-02-03 15:29:45,,--,,示例集团财务共享中心（本部）,应付付款单（差旅费）,非自动审批,1
A03,示例集团·丙公司,AP-2026-000344,通用报销单,应付付款单（差旅费）,人民币,38570.07,,--,2026-04-25,FSSC审核岗,应付成本组,审核员06,审核通过,2026-02-03 12:30:16,2026-02-03 12:31:45,2026-02-03 12:34:03,2026-02-03 15:12:45,,--,,示例集团财务共享中心（本部）,应付付款单（差旅费）,非自动审批,1
A01,示例集团·甲公司,AP-2026-000345,应付发票,应付付款单（差旅费）,人民币,86185.66,,--,2026-04-03,FSSC审核岗,应付成本组,审核员05,审核通过,2026-02-20 20:45:46,2026-02-20 20:47:04,2026-02-20 20:50:36,2026-02-20 22:44:04,,--,,示例集团财务共享中心（本部）,应付付款单（差旅费）,非自动审批,1
A01,示例集团·甲公司,AP-2026-000345,应付发票,应付付款单（差旅费）,人民币,19646.82,,--,2026-04-03,FSSC审核岗,应付成本组,审核员05,审核通过,2026-02-20 20:45:46,2026-02-20 20:47:04,2026-02-20 20:54:24,2026-02-20 22:16:04,,--,,示例集团财务共享中心（本部）,应付付款单（差旅费）,非自动审批,1
A05,示例集团·戊公司,AP-2026-000346,通用报销单,应付付款单（服务费）,人民币,19552.52,,--,2026-06-26,FSSC审核岗,应付成本组,审核员04,审核通过,2026-06-08 19:18:13,2026-06-08 19:18:29,2026-06-08 19:20:56,2026-06-08 20:28:29,,--,,示例集团财务共享中心（本部）,应付付款单（服务费）,非自动审批,1
A01,示例集团·甲公司,AP-2026-000347,付款单,应付确认单（物料类）,人民币,43185.14,,--,2026-04-07,FSSC审核岗,应付成本组,审核员06,审核通过,2026-05-23 12:16:55,2026-05-23 12:17:35,2026-05-23 12:24:19,2026-05-23 15:28:35,,--,,示例集团财务共享中心（本部）,应付确认单（物料类）,非自动审批,1
A01,示例集团·甲公司,AP-2026-000347,付款单,应付确认单（物料类）,人民币,90200.82,,--,2026-04-07,FSSC审核岗,应付成本组,审核员06,审核通过,2026-05-23 12:16:55,2026-05-23 12:17:35,2026-05-23 12:23:04,2026-05-23 14:51:35,,--,,示例集团财务共享中心（本部）,应付确认单（物料类）,非自动审批,1
A03,示例集团·丙公司,AP-2026-000348,付款单,应付付款单（差旅费）,人民币,45565.84,,--,2026-01-01,FSSC审核岗,应付成本组,审核员05,审核通过,2026-03-27 14:00:14,2026-03-27 14:02:12,2026-03-27 14:06:06,2026-03-27 17:11:12,,--,,示例集团财务共享中心（本部）,应付付款单（差旅费）,非自动审批,1
A03,示例集团·丙公司,AP-2026-000348,付款单,应付付款单（差旅费）,人民币,465930.57,,--,2026-01-01,FSSC审核岗,应付成本组,审核员05,审核通过,2026-03-27 14:00:14,2026-03-27 14:02:12,2026-03-27 14:07:59,2026-03-27 17:28:12,,--,,示例集团财务共享中心（本部）,应付付款单（差旅费）,非自动审批,1
A14,示例集团·子公司丁,AP-2026-000349,应付发票,其他专项付款单,人民币,137261.79,,--,2026-01-26,FSSC审核岗,应付成本组,审核员03,审核通过,2026-04-02 16:20:23,2026-04-02 16:21:50,2026-04-02 16:24:58,2026-04-02 19:27:50,,--,,示例集团财务共享中心（本部）,其他专项付款单,非自动审批,1
A14,示例集团·子公司丁,AP-2026-000349,应付发票,其他专项付款单,人民币,102378.26,,--,2026-01-26,FSSC审核岗,应付成本组,审核员03,审核通过,2026-04-02 16:20:23,2026-04-02 16:21:50,2026-04-02 16:25:04,2026-04-02 18:39:50,,--,,示例集团财务共享中心（本部）,其他专项付款单,非自动审批,1
A12,示例集团·子公司乙,AP-2026-000350,付款单,其他专项付款单,人民币,252386.03,,--,2026-03-18,FSSC审核岗,应付成本组,审核员03,审核通过,2026-03-13 10:39:03,2026-03-13 10:40:44,2026-03-13 10:45:15,2026-03-13 15:41:44,,--,,示例集团财务共享中心（本部）,其他专项付款单,非自动审批,1
A12,示例集团·子公司乙,AP-2026-000350,付款单,其他专项付款单,人民币,104937.9,,--,2026-03-18,FSSC审核岗,应付成本组,审核员03,审核通过,2026-03-13 10:39:03,2026-03-13 10:40:44,2026-03-13 10:43:17,2026-03-13 14:29:44,,--,,示例集团财务共享中心（本部）,其他专项付款单,非自动审批,1
A05,示例集团·戊公司,AP-2026-000351,付款单,应付付款单（差旅费）,人民币,32194.11,,--,2026-04-10,FSSC审核岗,应付成本组,审核员04,审核通过,2026-04-06 09:23:53,2026-04-06 09:25:33,2026-04-06 09:29:30,2026-04-06 11:40:33,,--,,示例集团财务共享中心（本部）,应付付款单（差旅费）,非自动审批,1
A05,示例集团·戊公司,AP-2026-000351,付款单,应付付款单（差旅费）,人民币,41422.79,,--,2026-04-10,FSSC审核岗,应付成本组,审核员04,审核通过,2026-04-06 09:23:53,2026-04-06 09:25:33,2026-04-06 09:24:39,2026-04-06 11:49:33,,--,,示例集团财务共享中心（本部）,应付付款单（差旅费）,非自动审批,1
A02,示例集团·乙公司,AP-2026-000352,通用报销单,应付付款单（服务费）,人民币,12317.66,,--,2026-05-28,FSSC审核岗,应付成本组,审核员04,审核通过,2026-02-11 10:50:02,2026-02-11 10:51:48,2026-02-11 10:50:36,2026-02-11 14:44:48,,--,,示例集团财务共享中心（本部）,应付付款单（服务费）,非自动审批,1
A02,示例集团·乙公司,AP-2026-000352,通用报销单,应付付款单（服务费）,人民币,991356.48,,--,2026-05-28,FSSC审核岗,应付成本组,审核员04,审核通过,2026-02-11 10:50:02,2026-02-11 10:51:48,2026-02-11 10:56:25,2026-02-11 13:35:48,,--,,示例集团财务共享中心（本部）,应付付款单（服务费）,非自动审批,1
A01,示例集团·甲公司,AP-2026-000353,应付发票,其他专项付款单,人民币,220359.05,,--,2026-01-28,FSSC审核岗,应付成本组,审核员01,审核通过,2026-02-11 15:56:09,2026-02-11 15:57:16,2026-02-11 15:56:24,2026-02-11 20:26:16,,--,,示例集团财务共享中心（本部）,其他专项付款单,非自动审批,1
A02,示例集团·乙公司,AP-2026-000354,应付发票,通用报销单（费用报销）,人民币,1663.34,,--,2026-03-15,FSSC审核岗,应付成本组,审核员03,审核通过,2026-01-05 10:17:08,2026-01-05 10:18:28,2026-01-05 10:26:14,2026-01-05 14:01:28,,--,,示例集团财务共享中心（本部）,通用报销单（费用报销）,非自动审批,1
A02,示例集团·乙公司,AP-2026-000354,应付发票,通用报销单（费用报销）,人民币,387077.34,,--,2026-03-15,FSSC审核岗,应付成本组,审核员03,审核通过,2026-01-05 10:17:08,2026-01-05 10:18:28,2026-01-05 10:24:05,2026-01-05 13:23:28,,--,,示例集团财务共享中心（本部）,通用报销单（费用报销）,非自动审批,1
A02,示例集团·乙公司,AP-2026-000354,应付发票,通用报销单（费用报销）,人民币,7690.14,,--,2026-03-15,FSSC审核岗,应付成本组,审核员03,审核通过,2026-01-05 10:17:08,2026-01-05 10:18:28,2026-01-05 10:21:10,2026-01-05 14:05:28,,--,,示例集团财务共享中心（本部）,通用报销单（费用报销）,非自动审批,1
A02,示例集团·乙公司,AP-2026-000355,应付发票,应付付款单（服务费）,人民币,124111.62,,--,2026-02-08,FSSC审核岗,应付成本组,审核员02,审核通过,2026-04-20 13:34:32,2026-04-20 13:34:49,2026-04-20 13:35:09,2026-04-20 14:13:49,,--,,示例集团财务共享中心（本部）,应付付款单（服务费）,非自动审批,1
A02,示例集团·乙公司,AP-2026-000355,应付发票,应付付款单（服务费）,人民币,2736.31,,--,2026-02-08,FSSC审核岗,应付成本组,审核员02,审核通过,2026-04-20 13:34:32,2026-04-20 13:34:49,2026-04-20 13:42:13,2026-04-20 15:26:49,,--,,示例集团财务共享中心（本部）,应付付款单（服务费）,非自动审批,1
A04,示例集团·丁公司,AP-2026-000356,通用报销单,通用报销单（费用报销）,人民币,32879.97,,--,2026-04-19,FSSC审核岗,应付成本组,审核员05,审核通过,2026-03-23 15:39:42,2026-03-23 15:40:25,2026-03-23 15:49:19,2026-03-23 18:22:25,,--,,示例集团财务共享中心（本部）,通用报销单（费用报销）,非自动审批,1
A04,示例集团·丁公司,AP-2026-000356,通用报销单,通用报销单（费用报销）,人民币,391330.17,,--,2026-04-19,FSSC审核岗,应付成本组,审核员05,审核通过,2026-03-23 15:39:42,2026-03-23 15:40:25,2026-03-23 15:40:25,2026-03-23 18:10:25,,--,,示例集团财务共享中心（本部）,通用报销单（费用报销）,非自动审批,1
A06,示例集团·己公司,AP-2026-000357,应付发票,应付付款单（差旅费）,人民币,423067.68,,--,2026-03-23,FSSC审核岗,应付成本组,审核员06,审核通过,2026-06-10 18:42:35,2026-06-10 18:43:35,2026-06-10 18:42:52,2026-06-10 21:32:35,,--,,示例集团财务共享中心（本部）,应付付款单（差旅费）,非自动审批,1
A06,示例集团·己公司,AP-2026-000357,应付发票,应付付款单（差旅费）,人民币,91994.64,,--,2026-03-23,FSSC审核岗,应付成本组,审核员06,审核通过,2026-06-10 18:42:35,2026-06-10 18:43:35,2026-06-10 18:46:40,2026-06-10 21:53:35,,--,,示例集团财务共享中心（本部）,应付付款单（差旅费）,非自动审批,1
A06,示例集团·己公司,AP-2026-000357,应付发票,应付付款单（差旅费）,人民币,180313.22,,--,2026-03-23,FSSC审核岗,应付成本组,审核员06,审核通过,2026-06-10 18:42:35,2026-06-10 18:43:35,2026-06-10 18:46:26,2026-06-10 21:10:35,,--,,示例集团财务共享中心（本部）,应付付款单（差旅费）,非自动审批,1
A08,示例集团·辛公司,AP-2026-000358,付款单,应付确认单（物料类）,人民币,8275.06,,--,2026-04-11,FSSC审核岗,应付成本组,审核员06,审核通过,2026-06-03 15:07:53,2026-06-03 15:08:53,2026-06-03 15:14:55,2026-06-03 17:07:53,,--,,示例集团财务共享中心（本部）,应付确认单（物料类）,非自动审批,1
A08,示例集团·辛公司,AP-2026-000358,付款单,应付确认单（物料类）,人民币,127219.16,,--,2026-04-11,FSSC审核岗,应付成本组,审核员06,审核通过,2026-06-03 15:07:53,2026-06-03 15:08:53,2026-06-03 15:11:16,2026-06-03 16:16:53,,--,,示例集团财务共享中心（本部）,应付确认单（物料类）,非自动审批,1
A11,示例集团·子公司甲,AP-2026-000359,通用报销单,其他专项付款单,人民币,197078.82,,--,2026-04-21,FSSC审核岗,应付成本组,审核员03,审核通过,2026-05-18 15:26:04,2026-05-18 15:26:35,2026-05-18 15:30:27,2026-05-18 18:58:35,,--,,示例集团财务共享中心（本部）,其他专项付款单,非自动审批,1
A02,示例集团·乙公司,AP-2026-000360,通用报销单,应付付款单（差旅费）,人民币,2186131.66,,--,2026-06-14,FSSC审核岗,应付成本组,审核员04,审核通过,2026-02-18 19:15:54,2026-02-18 19:17:20,2026-02-18 19:25:01,2026-02-18 19:43:20,,--,,示例集团财务共享中心（本部）,应付付款单（差旅费）,非自动审批,1
A02,示例集团·乙公司,AP-2026-000360,通用报销单,应付付款单（差旅费）,人民币,25021.56,,--,2026-06-14,FSSC审核岗,应付成本组,审核员04,审核通过,2026-02-18 19:15:54,2026-02-18 19:17:20,2026-02-18 19:20:47,2026-02-18 21:21:20,,--,,示例集团财务共享中心（本部）,应付付款单（差旅费）,非自动审批,1
A03,示例集团·丙公司,AP-2026-000361,付款单,通用报销单（费用报销）,人民币,61256.42,,--,2026-03-10,FSSC审核岗,应付成本组,审核员04,审核通过,2026-06-04 18:53:28,2026-06-04 18:55:13,2026-06-04 18:57:24,2026-06-04 21:32:13,,--,,示例集团财务共享中心（本部）,通用报销单（费用报销）,非自动审批,1
A03,示例集团·丙公司,AP-2026-000361,付款单,通用报销单（费用报销）,人民币,66793.51,,--,2026-03-10,FSSC审核岗,应付成本组,审核员04,审核通过,2026-06-04 18:53:28,2026-06-04 18:55:13,2026-06-04 18:57:12,2026-06-04 20:41:13,,--,,示例集团财务共享中心（本部）,通用报销单（费用报销）,非自动审批,1
A14,示例集团·子公司丁,AP-2026-000362,应付发票,其他专项付款单,人民币,159216.03,,--,2026-06-01,FSSC审核岗,应付成本组,审核员05,审核通过,2026-06-05 15:34:43,2026-06-05 15:36:02,2026-06-05 15:36:22,2026-06-05 18:50:02,,--,,示例集团财务共享中心（本部）,其他专项付款单,非自动审批,1
A14,示例集团·子公司丁,AP-2026-000362,应付发票,其他专项付款单,人民币,205400.08,,--,2026-06-01,FSSC审核岗,应付成本组,审核员05,审核通过,2026-06-05 15:34:43,2026-06-05 15:36:02,2026-06-05 15:34:54,2026-06-05 19:37:02,,--,,示例集团财务共享中心（本部）,其他专项付款单,非自动审批,1
A15,示例集团·子公司戊,AP-2026-000363,通用报销单,应付付款单（材料采购）,人民币,264416.6,,--,2026-02-12,FSSC审核岗,应付成本组,审核员06,审核驳回,2026-01-20 16:26:03,2026-01-20 16:27:53,2026-01-20 16:29:13,--,,--,,示例集团财务共享中心（本部）,应付付款单（材料采购）,非自动审批,1
A13,示例集团·子公司丙,AP-2026-000364,通用报销单,其他专项付款单,人民币,238743.98,,--,2026-02-13,FSSC审核岗,应付成本组,审核员05,审核通过,2026-02-13 14:25:02,2026-02-13 14:25:30,2026-02-13 14:29:35,2026-02-13 19:03:30,,--,,示例集团财务共享中心（本部）,其他专项付款单,非自动审批,1
A13,示例集团·子公司丙,AP-2026-000364,通用报销单,其他专项付款单,人民币,7528.37,,--,2026-02-13,FSSC审核岗,应付成本组,审核员05,审核通过,2026-02-13 14:25:02,2026-02-13 14:25:30,2026-02-13 14:25:42,2026-02-13 17:56:30,,--,,示例集团财务共享中心（本部）,其他专项付款单,非自动审批,1
A13,示例集团·子公司丙,AP-2026-000364,通用报销单,其他专项付款单,人民币,1543.06,,--,2026-02-13,FSSC审核岗,应付成本组,审核员05,审核通过,2026-02-13 14:25:02,2026-02-13 14:25:30,2026-02-13 14:26:57,2026-02-13 17:21:30,,--,,示例集团财务共享中心（本部）,其他专项付款单,非自动审批,1
A12,示例集团·子公司乙,AP-2026-000365,通用报销单,应付付款单（服务费）,人民币,29140.17,,--,2026-03-22,FSSC审核岗,应付成本组,审核员07,审核通过,2026-06-03 18:01:56,2026-06-03 18:03:50,2026-06-03 18:09:03,2026-06-03 20:55:50,,--,,示例集团财务共享中心（本部）,应付付款单（服务费）,非自动审批,1
A13,示例集团·子公司丙,AP-2026-000366,应付发票,通用报销单（费用报销）,人民币,56977.77,,--,2026-01-14,FSSC审核岗,应付成本组,审核员05,审核通过,2026-06-17 14:36:21,2026-06-17 14:37:11,2026-06-17 14:44:13,2026-06-17 17:29:11,,--,,示例集团财务共享中心（本部）,通用报销单（费用报销）,非自动审批,1
A13,示例集团·子公司丙,AP-2026-000366,应付发票,通用报销单（费用报销）,人民币,25372.6,,--,2026-01-14,FSSC审核岗,应付成本组,审核员05,审核通过,2026-06-17 14:36:21,2026-06-17 14:37:11,2026-06-17 14:43:53,2026-06-17 16:35:11,,--,,示例集团财务共享中心（本部）,通用报销单（费用报销）,非自动审批,1
A13,示例集团·子公司丙,AP-2026-000366,应付发票,通用报销单（费用报销）,人民币,31458.44,,--,2026-01-14,FSSC审核岗,应付成本组,审核员05,审核通过,2026-06-17 14:36:21,2026-06-17 14:37:11,2026-06-17 14:39:57,2026-06-17 18:03:11,,--,,示例集团财务共享中心（本部）,通用报销单（费用报销）,非自动审批,1
A09,示例集团·壬公司,AP-2026-000367,应付发票,应付付款单（材料采购）,人民币,37393.45,,--,2026-02-19,FSSC审核岗,应付成本组,审核员07,审核通过,2026-06-19 15:45:31,2026-06-19 15:46:46,2026-06-19 15:53:39,2026-06-19 18:26:46,,--,,示例集团财务共享中心（本部）,应付付款单（材料采购）,非自动审批,1
A09,示例集团·壬公司,AP-2026-000367,应付发票,应付付款单（材料采购）,人民币,134378.73,,--,2026-02-19,FSSC审核岗,应付成本组,审核员07,审核通过,2026-06-19 15:45:31,2026-06-19 15:46:46,2026-06-19 15:52:58,2026-06-19 18:25:46,,--,,示例集团财务共享中心（本部）,应付付款单（材料采购）,非自动审批,1
A01,示例集团·甲公司,AP-2026-000368,应付发票,通用报销单（费用报销）,人民币,14084.51,,--,2026-06-16,FSSC审核岗,应付成本组,审核员01,审核通过,2026-03-22 09:44:15,2026-03-22 09:45:58,2026-03-22 09:51:47,2026-03-22 13:50:58,,--,,示例集团财务共享中心（本部）,通用报销单（费用报销）,非自动审批,1
A01,示例集团·甲公司,AP-2026-000368,应付发票,通用报销单（费用报销）,人民币,53693.17,,--,2026-06-16,FSSC审核岗,应付成本组,审核员01,审核通过,2026-03-22 09:44:15,2026-03-22 09:45:58,2026-03-22 09:45:03,2026-03-22 12:46:58,,--,,示例集团财务共享中心（本部）,通用报销单（费用报销）,非自动审批,1
A06,示例集团·己公司,AP-2026-000369,通用报销单,应付确认单（物料类）,人民币,54271.63,,--,2026-06-26,FSSC审核岗,应付成本组,审核员03,审核通过,2026-01-02 20:00:26,2026-01-02 20:01:05,2026-01-02 20:08:53,2026-01-02 23:34:05,,--,,示例集团财务共享中心（本部）,应付确认单（物料类）,非自动审批,1
A07,示例集团·庚公司,AP-2026-000370,应付发票,应付付款单（材料采购）,人民币,130167.72,,--,2026-02-01,FSSC审核岗,应付成本组,审核员06,审核通过,2026-06-05 16:05:45,2026-06-05 16:06:21,2026-06-05 16:14:00,2026-06-05 17:45:21,,--,,示例集团财务共享中心（本部）,应付付款单（材料采购）,非自动审批,1
A07,示例集团·庚公司,AP-2026-000370,应付发票,应付付款单（材料采购）,人民币,304573.21,,--,2026-02-01,FSSC审核岗,应付成本组,审核员06,审核通过,2026-06-05 16:05:45,2026-06-05 16:06:21,2026-06-05 16:07:49,2026-06-05 17:54:21,,--,,示例集团财务共享中心（本部）,应付付款单（材料采购）,非自动审批,1
A07,示例集团·庚公司,AP-2026-000370,应付发票,应付付款单（材料采购）,人民币,632699.18,,--,2026-02-01,FSSC审核岗,应付成本组,审核员06,审核通过,2026-06-05 16:05:45,2026-06-05 16:06:21,2026-06-05 16:08:25,2026-06-05 18:52:21,,--,,示例集团财务共享中心（本部）,应付付款单（材料采购）,非自动审批,1
A12,示例集团·子公司乙,AP-2026-000372,付款单,应付付款单（材料采购）,人民币,21070.16,,--,2026-06-13,FSSC审核岗,应付成本组,审核员03,审核驳回,2026-02-24 18:10:50,2026-02-24 18:12:24,2026-02-24 18:15:50,--,,--,,示例集团财务共享中心（本部）,应付付款单（材料采购）,非自动审批,1
A12,示例集团·子公司乙,AP-2026-000372,付款单,应付付款单（材料采购）,人民币,3641.08,,--,2026-06-13,FSSC审核岗,应付成本组,审核员03,审核驳回,2026-02-24 18:10:50,2026-02-24 18:12:24,2026-02-24 18:12:11,--,,--,,示例集团财务共享中心（本部）,应付付款单（材料采购）,非自动审批,1
A12,示例集团·子公司乙,AP-2026-000372,付款单,应付付款单（材料采购）,人民币,42672.1,,--,2026-06-13,FSSC审核岗,应付成本组,审核员03,审核驳回,2026-02-24 18:10:50,2026-02-24 18:12:24,2026-02-24 18:11:54,--,,--,,示例集团财务共享中心（本部）,应付付款单（材料采购）,非自动审批,1
A09,示例集团·壬公司,AP-2026-000373,通用报销单,应付付款单（材料采购）,人民币,6476.51,,--,2026-01-13,FSSC审核岗,应付成本组,审核员04,审核通过,2026-03-16 12:10:29,2026-03-16 12:11:25,2026-03-16 12:13:42,2026-03-16 13:36:25,,--,,示例集团财务共享中心（本部）,应付付款单（材料采购）,非自动审批,1
A01,示例集团·甲公司,AP-2026-000374,通用报销单,应付付款单（服务费）,人民币,2753566.87,,--,2026-06-28,FSSC审核岗,应付成本组,审核员03,审核通过,2026-04-21 12:21:35,2026-04-21 12:23:18,2026-04-21 12:29:59,2026-04-21 14:32:18,,--,,示例集团财务共享中心（本部）,应付付款单（服务费）,非自动审批,1
A05,示例集团·戊公司,AP-2026-000375,应付发票,应付确认单（物料类）,人民币,17640.76,,--,2026-04-11,FSSC审核岗,应付成本组,审核员07,审核通过,2026-01-01 09:00:33,2026-01-01 09:01:41,2026-01-01 09:06:18,2026-01-01 09:43:41,,--,,示例集团财务共享中心（本部）,应付确认单（物料类）,非自动审批,1
A05,示例集团·戊公司,AP-2026-000375,应付发票,应付确认单（物料类）,人民币,131843.02,,--,2026-04-11,FSSC审核岗,应付成本组,审核员07,审核通过,2026-01-01 09:00:33,2026-01-01 09:01:41,2026-01-01 09:07:24,2026-01-01 10:07:41,,--,,示例集团财务共享中心（本部）,应付确认单（物料类）,非自动审批,1
A05,示例集团·戊公司,AP-2026-000375,应付发票,应付确认单（物料类）,人民币,221392.53,,--,2026-04-11,FSSC审核岗,应付成本组,审核员07,审核通过,2026-01-01 09:00:33,2026-01-01 09:01:41,2026-01-01 09:09:33,2026-01-01 10:02:41,,--,,示例集团财务共享中心（本部）,应付确认单（物料类）,非自动审批,1
A01,示例集团·甲公司,AP-2026-000376,应付发票,应付付款单（服务费）,人民币,96458.8,,--,2026-01-22,FSSC审核岗,应付成本组,审核员07,审核通过,2026-05-04 19:08:00,2026-05-04 19:09:18,2026-05-04 19:16:17,2026-05-04 20:56:18,,--,,示例集团财务共享中心（本部）,应付付款单（服务费）,非自动审批,1
A01,示例集团·甲公司,AP-2026-000376,应付发票,应付付款单（服务费）,人民币,1096252.93,,--,2026-01-22,FSSC审核岗,应付成本组,审核员07,审核通过,2026-05-04 19:08:00,2026-05-04 19:09:18,2026-05-04 19:16:10,2026-05-04 20:09:18,,--,,示例集团财务共享中心（本部）,应付付款单（服务费）,非自动审批,1
A02,示例集团·乙公司,AP-2026-000377,通用报销单,通用报销单（费用报销）,人民币,45094.99,,--,2026-02-21,FSSC审核岗,应付成本组,审核员07,审核通过,2026-05-25 14:45:40,2026-05-25 14:47:19,2026-05-25 14:46:12,2026-05-25 19:00:19,,--,,示例集团财务共享中心（本部）,通用报销单（费用报销）,非自动审批,1
A15,示例集团·子公司戊,AP-2026-000379,通用报销单,应付付款单（服务费）,人民币,18604.63,,--,2026-04-03,FSSC审核岗,应付成本组,审核员01,审核通过,2026-04-09 20:28:59,2026-04-09 20:30:03,2026-04-09 20:36:46,2026-04-09 23:00:03,,--,,示例集团财务共享中心（本部）,应付付款单（服务费）,非自动审批,1
A15,示例集团·子公司戊,AP-2026-000379,通用报销单,应付付款单（服务费）,人民币,17304.56,,--,2026-04-03,FSSC审核岗,应付成本组,审核员01,审核通过,2026-04-09 20:28:59,2026-04-09 20:30:03,2026-04-09 20:35:29,2026-04-09 21:44:03,,--,,示例集团财务共享中心（本部）,应付付款单（服务费）,非自动审批,1
A06,示例集团·己公司,AP-2026-000380,应付发票,应付付款单（服务费）,人民币,171100.77,,--,2026-01-16,FSSC审核岗,应付成本组,审核员07,审核通过,2026-04-28 19:50:42,2026-04-28 19:50:51,2026-04-28 19:59:52,2026-04-28 23:25:51,,--,,示例集团财务共享中心（本部）,应付付款单（服务费）,非自动审批,1
A06,示例集团·己公司,AP-2026-000380,应付发票,应付付款单（服务费）,人民币,45902.85,,--,2026-01-16,FSSC审核岗,应付成本组,审核员07,审核通过,2026-04-28 19:50:42,2026-04-28 19:50:51,2026-04-28 19:54:27,2026-04-28 23:59:51,,--,,示例集团财务共享中心（本部）,应付付款单（服务费）,非自动审批,1
A16,示例集团·子公司己,AP-2026-000381,付款单,应付付款单（差旅费）,人民币,17307.85,,--,2026-06-13,FSSC审核岗,应付成本组,审核员05,审核通过,2026-02-03 13:35:16,2026-02-03 13:35:27,2026-02-03 13:38:33,2026-02-03 16:26:27,,--,,示例集团财务共享中心（本部）,应付付款单（差旅费）,非自动审批,1
A16,示例集团·子公司己,AP-2026-000381,付款单,应付付款单（差旅费）,人民币,111060.16,,--,2026-06-13,FSSC审核岗,应付成本组,审核员05,审核通过,2026-02-03 13:35:16,2026-02-03 13:35:27,2026-02-03 13:35:58,2026-02-03 15:57:27,,--,,示例集团财务共享中心（本部）,应付付款单（差旅费）,非自动审批,1
A18,示例集团·子公司辛,AP-2026-000382,付款单,通用报销单（费用报销）,人民币,161611.23,,--,2026-04-13,FSSC审核岗,应付成本组,审核员03,审核通过,2026-04-12 15:06:37,2026-04-12 15:07:34,2026-04-12 15:13:40,2026-04-12 20:07:34,,--,,示例集团财务共享中心（本部）,通用报销单（费用报销）,非自动审批,1
A07,示例集团·庚公司,AP-2026-000383,通用报销单,应付付款单（服务费）,人民币,87537.91,,--,2026-03-26,FSSC审核岗,应付成本组,审核员07,审核通过,2026-04-11 08:22:37,2026-04-11 08:22:43,2026-04-11 08:30:10,2026-04-11 11:43:43,,--,,示例集团财务共享中心（本部）,应付付款单（服务费）,非自动审批,1
A07,示例集团·庚公司,AP-2026-000383,通用报销单,应付付款单（服务费）,人民币,210962.35,,--,2026-03-26,FSSC审核岗,应付成本组,审核员07,审核通过,2026-04-11 08:22:37,2026-04-11 08:22:43,2026-04-11 08:30:48,2026-04-11 10:14:43,,--,,示例集团财务共享中心（本部）,应付付款单（服务费）,非自动审批,1
A02,示例集团·乙公司,AP-2026-000384,应付发票,应付确认单（物料类）,人民币,67733.63,,--,2026-06-02,FSSC审核岗,应付成本组,审核员07,审核通过,2026-01-21 08:31:57,2026-01-21 08:33:17,2026-01-21 08:41:21,2026-01-21 10:13:17,,--,,示例集团财务共享中心（本部）,应付确认单（物料类）,非自动审批,1
A02,示例集团·乙公司,AP-2026-000384,应付发票,应付确认单（物料类）,人民币,26080.01,,--,2026-06-02,FSSC审核岗,应付成本组,审核员07,审核通过,2026-01-21 08:31:57,2026-01-21 08:33:17,2026-01-21 08:34:09,2026-01-21 09:06:17,,--,,示例集团财务共享中心（本部）,应付确认单（物料类）,非自动审批,1
A02,示例集团·乙公司,AP-2026-000384,应付发票,应付确认单（物料类）,人民币,186457.78,,--,2026-06-02,FSSC审核岗,应付成本组,审核员07,审核通过,2026-01-21 08:31:57,2026-01-21 08:33:17,2026-01-21 08:35:13,2026-01-21 09:16:17,,--,,示例集团财务共享中心（本部）,应付确认单（物料类）,非自动审批,1
A14,示例集团·子公司丁,AP-2026-000385,应付发票,应付确认单（物料类）,人民币,17220.86,,--,2026-02-20,FSSC审核岗,应付成本组,审核员01,审核通过,2026-05-03 09:08:10,2026-05-03 09:09:53,2026-05-03 09:09:57,2026-05-03 13:38:53,,--,,示例集团财务共享中心（本部）,应付确认单（物料类）,非自动审批,1
A14,示例集团·子公司丁,AP-2026-000385,应付发票,应付确认单（物料类）,人民币,12327.16,,--,2026-02-20,FSSC审核岗,应付成本组,审核员01,审核通过,2026-05-03 09:08:10,2026-05-03 09:09:53,2026-05-03 09:12:03,2026-05-03 13:00:53,,--,,示例集团财务共享中心（本部）,应付确认单（物料类）,非自动审批,1
A06,示例集团·己公司,AP-2026-000387,通用报销单,应付确认单（物料类）,人民币,302044.46,,--,2026-04-02,FSSC审核岗,应付成本组,审核员07,审核通过,2026-01-28 18:40:14,2026-01-28 18:40:35,2026-01-28 18:44:43,2026-01-28 19:32:35,,--,,示例集团财务共享中心（本部）,应付确认单（物料类）,非自动审批,1
A06,示例集团·己公司,AP-2026-000387,通用报销单,应付确认单（物料类）,人民币,36791.16,,--,2026-04-02,FSSC审核岗,应付成本组,审核员07,审核通过,2026-01-28 18:40:14,2026-01-28 18:40:35,2026-01-28 18:49:17,2026-01-28 19:24:35,,--,,示例集团财务共享中心（本部）,应付确认单（物料类）,非自动审批,1
A08,示例集团·辛公司,AP-2026-000388,付款单,应付付款单（差旅费）,人民币,616588.7,,--,2026-04-23,FSSC审核岗,应付成本组,审核员02,审核通过,2026-03-16 19:08:23,2026-03-16 19:09:45,2026-03-16 19:12:05,2026-03-16 22:16:45,,--,,示例集团财务共享中心（本部）,应付付款单（差旅费）,非自动审批,1
A06,示例集团·己公司,AP-2026-000389,通用报销单,其他专项付款单,人民币,198636.68,,--,2026-05-03,FSSC审核岗,应付成本组,审核员05,审核通过,2026-01-10 13:26:36,2026-01-10 13:27:07,2026-01-10 13:33:47,2026-01-10 16:17:07,,--,,示例集团财务共享中心（本部）,其他专项付款单,非自动审批,1
A06,示例集团·己公司,AP-2026-000389,通用报销单,其他专项付款单,人民币,33078.07,,--,2026-05-03,FSSC审核岗,应付成本组,审核员05,审核通过,2026-01-10 13:26:36,2026-01-10 13:27:07,2026-01-10 13:35:18,2026-01-10 15:15:07,,--,,示例集团财务共享中心（本部）,其他专项付款单,非自动审批,1
A03,示例集团·丙公司,AP-2026-000391,付款单,通用报销单（费用报销）,人民币,118268.18,,--,2026-02-26,FSSC审核岗,应付成本组,审核员03,审核通过,2026-03-04 19:04:34,2026-03-04 19:04:57,2026-03-04 19:04:55,2026-03-04 20:48:57,,--,,示例集团财务共享中心（本部）,通用报销单（费用报销）,非自动审批,1
A03,示例集团·丙公司,AP-2026-000391,付款单,通用报销单（费用报销）,人民币,2063125.01,,--,2026-02-26,FSSC审核岗,应付成本组,审核员03,审核通过,2026-03-04 19:04:34,2026-03-04 19:04:57,2026-03-04 19:05:51,2026-03-04 21:23:57,,--,,示例集团财务共享中心（本部）,通用报销单（费用报销）,非自动审批,1
A03,示例集团·丙公司,AP-2026-000391,付款单,通用报销单（费用报销）,人民币,172126.06,,--,2026-02-26,FSSC审核岗,应付成本组,审核员03,审核通过,2026-03-04 19:04:34,2026-03-04 19:04:57,2026-03-04 19:05:29,2026-03-04 21:06:57,,--,,示例集团财务共享中心（本部）,通用报销单（费用报销）,非自动审批,1
A09,示例集团·壬公司,AP-2026-000392,付款单,应付付款单（服务费）,人民币,135182.16,,--,2026-01-07,FSSC审核岗,应付成本组,审核员03,审核通过,2026-01-11 11:49:28,2026-01-11 11:49:58,2026-01-11 11:55:50,2026-01-11 12:31:58,,--,,示例集团财务共享中心（本部）,应付付款单（服务费）,非自动审批,1
A09,示例集团·壬公司,AP-2026-000392,付款单,应付付款单（服务费）,人民币,26040.04,,--,2026-01-07,FSSC审核岗,应付成本组,审核员03,审核通过,2026-01-11 11:49:28,2026-01-11 11:49:58,2026-01-11 11:50:08,2026-01-11 14:00:58,,--,,示例集团财务共享中心（本部）,应付付款单（服务费）,非自动审批,1
A01,示例集团·甲公司,AP-2026-000393,付款单,应付付款单（服务费）,人民币,792047.45,,--,2026-05-14,FSSC审核岗,应付成本组,审核员01,审核通过,2026-01-20 15:11:48,2026-01-20 15:12:06,2026-01-20 15:20:25,2026-01-20 17:15:06,,--,,示例集团财务共享中心（本部）,应付付款单（服务费）,非自动审批,1
A01,示例集团·甲公司,AP-2026-000394,付款单,其他专项付款单,人民币,378932.28,,--,2026-06-04,FSSC审核岗,应付成本组,审核员02,审核通过,2026-03-06 20:22:11,2026-03-06 20:22:49,2026-03-06 20:25:50,2026-03-07 00:35:49,,--,,示例集团财务共享中心（本部）,其他专项付款单,非自动审批,1
A01,示例集团·甲公司,AP-2026-000394,付款单,其他专项付款单,人民币,26376.09,,--,2026-06-04,FSSC审核岗,应付成本组,审核员02,审核通过,2026-03-06 20:22:11,2026-03-06 20:22:49,2026-03-06 20:31:31,2026-03-07 00:25:49,,--,,示例集团财务共享中心（本部）,其他专项付款单,非自动审批,1
A01,示例集团·甲公司,AP-2026-000394,付款单,其他专项付款单,人民币,832824.32,,--,2026-06-04,FSSC审核岗,应付成本组,审核员02,审核通过,2026-03-06 20:22:11,2026-03-06 20:22:49,2026-03-06 20:27:29,2026-03-06 23:54:49,,--,,示例集团财务共享中心（本部）,其他专项付款单,非自动审批,1
A01,示例集团·甲公司,AP-2026-000395,付款单,通用报销单（费用报销）,人民币,75406.72,,--,2026-04-07,FSSC审核岗,应付成本组,审核员04,审核通过,2026-02-15 12:01:14,2026-02-15 12:02:49,2026-02-15 12:10:08,2026-02-15 13:32:49,,--,,示例集团财务共享中心（本部）,通用报销单（费用报销）,非自动审批,1
A01,示例集团·甲公司,AP-2026-000395,付款单,通用报销单（费用报销）,人民币,18461.92,,--,2026-04-07,FSSC审核岗,应付成本组,审核员04,审核通过,2026-02-15 12:01:14,2026-02-15 12:02:49,2026-02-15 12:01:34,2026-02-15 13:36:49,,--,,示例集团财务共享中心（本部）,通用报销单（费用报销）,非自动审批,1
A04,示例集团·丁公司,AP-2026-000396,付款单,其他专项付款单,人民币,25901.96,,--,2026-04-24,FSSC审核岗,应付成本组,审核员07,审核通过,2026-06-14 16:26:22,2026-06-14 16:28:05,2026-06-14 16:34:25,2026-06-14 19:55:05,,--,,示例集团财务共享中心（本部）,其他专项付款单,非自动审批,1
A04,示例集团·丁公司,AP-2026-000396,付款单,其他专项付款单,人民币,204593.82,,--,2026-04-24,FSSC审核岗,应付成本组,审核员07,审核通过,2026-06-14 16:26:22,2026-06-14 16:28:05,2026-06-14 16:33:55,2026-06-14 21:27:05,,--,,示例集团财务共享中心（本部）,其他专项付款单,非自动审批,1
A08,示例集团·辛公司,AP-2026-000397,通用报销单,应付付款单（差旅费）,人民币,18640.65,,--,2026-03-12,FSSC审核岗,应付成本组,审核员02,审核通过,2026-02-03 08:31:02,2026-02-03 08:31:23,2026-02-03 08:36:03,2026-02-03 13:01:23,,--,,示例集团财务共享中心（本部）,应付付款单（差旅费）,非自动审批,1
A08,示例集团·辛公司,AP-2026-000397,通用报销单,应付付款单（差旅费）,人民币,12780.0,,--,2026-03-12,FSSC审核岗,应付成本组,审核员02,审核通过,2026-02-03 08:31:02,2026-02-03 08:31:23,2026-02-03 08:31:19,2026-02-03 13:24:23,,--,,示例集团财务共享中心（本部）,应付付款单（差旅费）,非自动审批,1
A08,示例集团·辛公司,AP-2026-000397,通用报销单,应付付款单（差旅费）,人民币,32389.05,,--,2026-03-12,FSSC审核岗,应付成本组,审核员02,审核通过,2026-02-03 08:31:02,2026-02-03 08:31:23,2026-02-03 08:36:10,2026-02-03 13:25:23,,--,,示例集团财务共享中心（本部）,应付付款单（差旅费）,非自动审批,1
A13,示例集团·子公司丙,AP-2026-000398,付款单,应付确认单（物料类）,人民币,39921.95,,--,2026-04-12,FSSC审核岗,应付成本组,审核员06,审核通过,2026-06-21 08:55:45,2026-06-21 08:56:35,2026-06-21 09:04:05,2026-06-21 12:17:35,,--,,示例集团财务共享中心（本部）,应付确认单（物料类）,非自动审批,1
A06,示例集团·己公司,AP-2026-000399,应付发票,应付确认单（物料类）,人民币,23326.8,,--,2026-02-20,FSSC审核岗,应付成本组,审核员05,审核通过,2026-06-02 16:59:07,2026-06-02 17:01:01,2026-06-02 16:59:27,2026-06-02 17:40:01,,--,,示例集团财务共享中心（本部）,应付确认单（物料类）,非自动审批,1
A06,示例集团·己公司,AP-2026-000399,应付发票,应付确认单（物料类）,人民币,31712.85,,--,2026-02-20,FSSC审核岗,应付成本组,审核员05,审核通过,2026-06-02 16:59:07,2026-06-02 17:01:01,2026-06-02 17:01:17,2026-06-02 19:06:01,,--,,示例集团财务共享中心（本部）,应付确认单（物料类）,非自动审批,1
A06,示例集团·己公司,AP-2026-000399,应付发票,应付确认单（物料类）,人民币,216144.78,,--,2026-02-20,FSSC审核岗,应付成本组,审核员05,审核通过,2026-06-02 16:59:07,2026-06-02 17:01:01,2026-06-02 17:06:59,2026-06-02 18:26:01,,--,,示例集团财务共享中心（本部）,应付确认单（物料类）,非自动审批,1
A07,示例集团·庚公司,AP-2026-000400,通用报销单,应付付款单（差旅费）,人民币,85742.46,,--,2026-03-25,FSSC审核岗,应付成本组,审核员04,审核通过,2026-03-08 16:08:12,2026-03-08 16:09:47,2026-03-08 16:12:32,2026-03-08 21:04:47,,--,,示例集团财务共享中心（本部）,应付付款单（差旅费）,非自动审批,1
A07,示例集团·庚公司,AP-2026-000400,通用报销单,应付付款单（差旅费）,人民币,29088.64,,--,2026-03-25,FSSC审核岗,应付成本组,审核员04,审核通过,2026-03-08 16:08:12,2026-03-08 16:09:47,2026-03-08 16:15:01,2026-03-08 21:05:47,,--,,示例集团财务共享中心（本部）,应付付款单（差旅费）,非自动审批,1
A07,示例集团·庚公司,AP-2026-000400,通用报销单,应付付款单（差旅费）,人民币,32892.92,,--,2026-03-25,FSSC审核岗,应付成本组,审核员04,审核通过,2026-03-08 16:08:12,2026-03-08 16:09:47,2026-03-08 16:12:44,2026-03-08 19:54:47,,--,,示例集团财务共享中心（本部）,应付付款单（差旅费）,非自动审批,1
A14,示例集团·子公司丁,AP-2026-000401,应付发票,应付付款单（差旅费）,人民币,49795.57,,--,2026-06-02,FSSC审核岗,应付成本组,审核员03,审核通过,2026-01-15 15:33:27,2026-01-15 15:33:43,2026-01-15 15:40:55,2026-01-15 18:38:43,,--,,示例集团财务共享中心（本部）,应付付款单（差旅费）,非自动审批,1
A11,示例集团·子公司甲,AP-2026-000402,通用报销单,其他专项付款单,人民币,53950.39,,--,2026-06-03,FSSC审核岗,应付成本组,审核员06,审核通过,2026-01-15 09:06:23,2026-01-15 09:06:46,2026-01-15 09:15:07,2026-01-15 12:07:46,,--,,示例集团财务共享中心（本部）,其他专项付款单,非自动审批,1
A11,示例集团·子公司甲,AP-2026-000402,通用报销单,其他专项付款单,人民币,54270.67,,--,2026-06-03,FSSC审核岗,应付成本组,审核员06,审核通过,2026-01-15 09:06:23,2026-01-15 09:06:46,2026-01-15 09:11:06,2026-01-15 10:54:46,,--,,示例集团财务共享中心（本部）,其他专项付款单,非自动审批,1
A05,示例集团·戊公司,AP-2026-000403,通用报销单,应付付款单（差旅费）,人民币,205324.46,,--,2026-05-21,FSSC审核岗,应付成本组,审核员04,审核通过,2026-06-22 16:59:39,2026-06-22 17:00:24,2026-06-22 17:09:13,2026-06-22 20:00:24,,--,,示例集团财务共享中心（本部）,应付付款单（差旅费）,非自动审批,1
A13,示例集团·子公司丙,AP-2026-000404,应付发票,应付付款单（材料采购）,人民币,78893.47,,--,2026-04-21,FSSC审核岗,应付成本组,审核员07,审核通过,2026-03-11 18:42:11,2026-03-11 18:43:14,2026-03-11 18:46:01,2026-03-11 21:19:14,,--,,示例集团财务共享中心（本部）,应付付款单（材料采购）,非自动审批,1
A13,示例集团·子公司丙,AP-2026-000404,应付发票,应付付款单（材料采购）,人民币,82210.7,,--,2026-04-21,FSSC审核岗,应付成本组,审核员07,审核通过,2026-03-11 18:42:11,2026-03-11 18:43:14,2026-03-11 18:45:45,2026-03-11 21:39:14,,--,,示例集团财务共享中心（本部）,应付付款单（材料采购）,非自动审批,1
A06,示例集团·己公司,AP-2026-000405,付款单,其他专项付款单,人民币,441308.52,,--,2026-04-26,FSSC审核岗,应付成本组,审核员03,审核通过,2026-01-12 12:49:58,2026-01-12 12:50:17,2026-01-12 12:58:00,2026-01-12 15:42:17,,--,,示例集团财务共享中心（本部）,其他专项付款单,非自动审批,1
A18,示例集团·子公司辛,AP-2026-000406,付款单,通用报销单（费用报销）,人民币,828450.2,,--,2026-06-22,FSSC审核岗,应付成本组,审核员05,审核通过,2026-01-08 09:02:57,2026-01-08 09:03:14,2026-01-08 09:03:12,2026-01-08 12:45:14,,--,,示例集团财务共享中心（本部）,通用报销单（费用报销）,非自动审批,1
A18,示例集团·子公司辛,AP-2026-000406,付款单,通用报销单（费用报销）,人民币,10685.47,,--,2026-06-22,FSSC审核岗,应付成本组,审核员05,审核通过,2026-01-08 09:02:57,2026-01-08 09:03:14,2026-01-08 09:08:57,2026-01-08 11:16:14,,--,,示例集团财务共享中心（本部）,通用报销单（费用报销）,非自动审批,1
A18,示例集团·子公司辛,AP-2026-000407,应付发票,应付付款单（材料采购）,人民币,6565.14,,--,2026-06-06,FSSC审核岗,应付成本组,审核员04,审核通过,2026-06-01 15:00:21,2026-06-01 15:00:40,2026-06-01 15:01:26,2026-06-01 17:14:40,,--,,示例集团财务共享中心（本部）,应付付款单（材料采购）,非自动审批,1
A18,示例集团·子公司辛,AP-2026-000407,应付发票,应付付款单（材料采购）,人民币,36710.99,,--,2026-06-06,FSSC审核岗,应付成本组,审核员04,审核通过,2026-06-01 15:00:21,2026-06-01 15:00:40,2026-06-01 15:06:41,2026-06-01 17:19:40,,--,,示例集团财务共享中心（本部）,应付付款单（材料采购）,非自动审批,1
A18,示例集团·子公司辛,AP-2026-000407,应付发票,应付付款单（材料采购）,人民币,179221.9,,--,2026-06-06,FSSC审核岗,应付成本组,审核员04,审核通过,2026-06-01 15:00:21,2026-06-01 15:00:40,2026-06-01 15:04:02,2026-06-01 18:45:40,,--,,示例集团财务共享中心（本部）,应付付款单（材料采购）,非自动审批,1
A05,示例集团·戊公司,AP-2026-000408,应付发票,应付付款单（材料采购）,人民币,101354.64,,--,2026-04-19,FSSC审核岗,应付成本组,审核员07,审核通过,2026-03-19 19:59:28,2026-03-19 20:00:12,2026-03-19 20:01:51,2026-03-20 00:15:12,,--,,示例集团财务共享中心（本部）,应付付款单（材料采购）,非自动审批,1
A01,示例集团·甲公司,AP-2026-000409,应付发票,通用报销单（费用报销）,人民币,261905.64,,--,2026-02-08,FSSC审核岗,应付成本组,审核员05,审核通过,2026-05-11 08:38:54,2026-05-11 08:40:09,2026-05-11 08:45:55,2026-05-11 11:44:09,,--,,示例集团财务共享中心（本部）,通用报销单（费用报销）,非自动审批,1
A01,示例集团·甲公司,AP-2026-000409,应付发票,通用报销单（费用报销）,人民币,34568.24,,--,2026-02-08,FSSC审核岗,应付成本组,审核员05,审核通过,2026-05-11 08:38:54,2026-05-11 08:40:09,2026-05-11 08:42:24,2026-05-11 11:24:09,,--,,示例集团财务共享中心（本部）,通用报销单（费用报销）,非自动审批,1
A01,示例集团·甲公司,AP-2026-000409,应付发票,通用报销单（费用报销）,人民币,3868.45,,--,2026-02-08,FSSC审核岗,应付成本组,审核员05,审核通过,2026-05-11 08:38:54,2026-05-11 08:40:09,2026-05-11 08:39:25,2026-05-11 12:12:09,,--,,示例集团财务共享中心（本部）,通用报销单（费用报销）,非自动审批,1
A06,示例集团·己公司,AP-2026-000410,付款单,通用报销单（费用报销）,人民币,8835.26,,--,2026-04-03,FSSC审核岗,应付成本组,审核员05,审核通过,2026-01-16 13:39:11,2026-01-16 13:39:19,2026-01-16 13:43:32,2026-01-16 17:16:19,,--,,示例集团财务共享中心（本部）,通用报销单（费用报销）,非自动审批,1
A01,示例集团·甲公司,AP-2026-000411,应付发票,通用报销单（费用报销）,人民币,132009.3,,--,2026-06-15,FSSC审核岗,应付成本组,审核员03,审核通过,2026-06-24 15:48:18,2026-06-24 15:49:15,2026-06-24 15:54:29,2026-06-24 17:37:15,,--,,示例集团财务共享中心（本部）,通用报销单（费用报销）,非自动审批,1
A01,示例集团·甲公司,AP-2026-000411,应付发票,通用报销单（费用报销）,人民币,264727.18,,--,2026-06-15,FSSC审核岗,应付成本组,审核员03,审核通过,2026-06-24 15:48:18,2026-06-24 15:49:15,2026-06-24 15:48:31,2026-06-24 17:35:15,,--,,示例集团财务共享中心（本部）,通用报销单（费用报销）,非自动审批,1
A10,示例集团·癸公司,AP-2026-000413,通用报销单,应付确认单（物料类）,人民币,4148.43,,--,2026-04-13,FSSC审核岗,应付成本组,审核员02,审核通过,2026-04-02 12:53:57,2026-04-02 12:55:01,2026-04-02 12:56:07,2026-04-02 17:02:01,,--,,示例集团财务共享中心（本部）,应付确认单（物料类）,非自动审批,1
A10,示例集团·癸公司,AP-2026-000413,通用报销单,应付确认单（物料类）,人民币,431455.88,,--,2026-04-13,FSSC审核岗,应付成本组,审核员02,审核通过,2026-04-02 12:53:57,2026-04-02 12:55:01,2026-04-02 13:00:08,2026-04-02 15:55:01,,--,,示例集团财务共享中心（本部）,应付确认单（物料类）,非自动审批,1
A10,示例集团·癸公司,AP-2026-000413,通用报销单,应付确认单（物料类）,人民币,114747.06,,--,2026-04-13,FSSC审核岗,应付成本组,审核员02,审核通过,2026-04-02 12:53:57,2026-04-02 12:55:01,2026-04-02 12:55:08,2026-04-02 17:02:01,,--,,示例集团财务共享中心（本部）,应付确认单（物料类）,非自动审批,1
A17,示例集团·子公司庚,AP-2026-000414,应付发票,通用报销单（费用报销）,人民币,54252.76,,--,2026-03-21,FSSC审核岗,应付成本组,审核员04,审核驳回,2026-01-14 10:32:43,2026-01-14 10:34:06,2026-01-14 10:36:26,--,,--,,示例集团财务共享中心（本部）,通用报销单（费用报销）,非自动审批,1
A17,示例集团·子公司庚,AP-2026-000414,应付发票,通用报销单（费用报销）,人民币,24895.63,,--,2026-03-21,FSSC审核岗,应付成本组,审核员04,审核驳回,2026-01-14 10:32:43,2026-01-14 10:34:06,2026-01-14 10:35:40,--,,--,,示例集团财务共享中心（本部）,通用报销单（费用报销）,非自动审批,1
A01,示例集团·甲公司,AP-2026-000417,通用报销单,应付付款单（差旅费）,人民币,555500.9,,--,2026-04-01,FSSC审核岗,应付成本组,审核员06,审核通过,2026-02-12 20:31:48,2026-02-12 20:33:46,2026-02-12 20:38:03,2026-02-12 21:43:46,,--,,示例集团财务共享中心（本部）,应付付款单（差旅费）,非自动审批,1
A01,示例集团·甲公司,AP-2026-000417,通用报销单,应付付款单（差旅费）,人民币,210198.8,,--,2026-04-01,FSSC审核岗,应付成本组,审核员06,审核通过,2026-02-12 20:31:48,2026-02-12 20:33:46,2026-02-12 20:33:33,2026-02-12 22:27:46,,--,,示例集团财务共享中心（本部）,应付付款单（差旅费）,非自动审批,1
A01,示例集团·甲公司,AP-2026-000417,通用报销单,应付付款单（差旅费）,人民币,119032.62,,--,2026-04-01,FSSC审核岗,应付成本组,审核员06,审核通过,2026-02-12 20:31:48,2026-02-12 20:33:46,2026-02-12 20:37:32,2026-02-12 21:16:46,,--,,示例集团财务共享中心（本部）,应付付款单（差旅费）,非自动审批,1
A01,示例集团·甲公司,AP-2026-000421,应付发票,应付付款单（差旅费）,人民币,21504.91,,--,2026-03-22,FSSC审核岗,应付成本组,审核员01,审核通过,2026-06-26 09:58:52,2026-06-26 10:00:08,2026-06-26 09:59:41,2026-06-26 12:30:08,,--,,示例集团财务共享中心（本部）,应付付款单（差旅费）,非自动审批,1
A16,示例集团·子公司己,AP-2026-000422,应付发票,应付付款单（差旅费）,人民币,573695.31,,--,2026-01-17,FSSC审核岗,应付成本组,审核员02,审核通过,2026-02-08 16:36:11,2026-02-08 16:37:56,2026-02-08 16:45:10,2026-02-08 19:23:56,,--,,示例集团财务共享中心（本部）,应付付款单（差旅费）,非自动审批,1
A16,示例集团·子公司己,AP-2026-000422,应付发票,应付付款单（差旅费）,人民币,62473.12,,--,2026-01-17,FSSC审核岗,应付成本组,审核员02,审核通过,2026-02-08 16:36:11,2026-02-08 16:37:56,2026-02-08 16:37:17,2026-02-08 19:45:56,,--,,示例集团财务共享中心（本部）,应付付款单（差旅费）,非自动审批,1
A01,示例集团·甲公司,AP-2026-000423,付款单,通用报销单（费用报销）,人民币,91000.88,,--,2026-05-17,FSSC审核岗,应付成本组,审核员07,审核通过,2026-04-23 17:12:12,2026-04-23 17:12:26,2026-04-23 17:12:55,2026-04-23 19:12:26,,--,,示例集团财务共享中心（本部）,通用报销单（费用报销）,非自动审批,1
A04,示例集团·丁公司,AP-2026-000424,通用报销单,通用报销单（费用报销）,人民币,66322.41,,--,2026-05-15,FSSC审核岗,应付成本组,审核员03,审核驳回,2026-06-16 20:24:04,2026-06-16 20:25:16,2026-06-16 20:30:08,--,,--,,示例集团财务共享中心（本部）,通用报销单（费用报销）,非自动审批,1
A08,示例集团·辛公司,AP-2026-000425,通用报销单,通用报销单（费用报销）,人民币,20501.01,,--,2026-02-14,FSSC审核岗,应付成本组,审核员02,审核通过,2026-04-07 09:58:45,2026-04-07 09:59:46,2026-04-07 10:06:34,2026-04-07 13:21:46,,--,,示例集团财务共享中心（本部）,通用报销单（费用报销）,非自动审批,1
A08,示例集团·辛公司,AP-2026-000425,通用报销单,通用报销单（费用报销）,人民币,93677.13,,--,2026-02-14,FSSC审核岗,应付成本组,审核员02,审核通过,2026-04-07 09:58:45,2026-04-07 09:59:46,2026-04-07 10:07:43,2026-04-07 13:39:46,,--,,示例集团财务共享中心（本部）,通用报销单（费用报销）,非自动审批,1
A04,示例集团·丁公司,AP-2026-000426,付款单,通用报销单（费用报销）,人民币,158849.74,,--,2026-01-24,FSSC审核岗,应付成本组,审核员07,审核通过,2026-01-07 13:13:33,2026-01-07 13:14:25,2026-01-07 13:21:20,2026-01-07 15:40:25,,--,,示例集团财务共享中心（本部）,通用报销单（费用报销）,非自动审批,1
A04,示例集团·丁公司,AP-2026-000426,付款单,通用报销单（费用报销）,人民币,32265.36,,--,2026-01-24,FSSC审核岗,应付成本组,审核员07,审核通过,2026-01-07 13:13:33,2026-01-07 13:14:25,2026-01-07 13:17:12,2026-01-07 15:02:25,,--,,示例集团财务共享中心（本部）,通用报销单（费用报销）,非自动审批,1
A10,示例集团·癸公司,AP-2026-000427,付款单,应付确认单（物料类）,人民币,83092.3,,--,2026-04-12,FSSC审核岗,应付成本组,审核员07,审核通过,2026-06-13 15:32:27,2026-06-13 15:34:06,2026-06-13 15:35:10,2026-06-13 18:06:06,,--,,示例集团财务共享中心（本部）,应付确认单（物料类）,非自动审批,1
A10,示例集团·癸公司,AP-2026-000427,付款单,应付确认单（物料类）,人民币,64984.18,,--,2026-04-12,FSSC审核岗,应付成本组,审核员07,审核通过,2026-06-13 15:32:27,2026-06-13 15:34:06,2026-06-13 15:38:14,2026-06-13 18:53:06,,--,,示例集团财务共享中心（本部）,应付确认单（物料类）,非自动审批,1
A10,示例集团·癸公司,AP-2026-000427,付款单,应付确认单（物料类）,人民币,215600.81,,--,2026-04-12,FSSC审核岗,应付成本组,审核员07,审核通过,2026-06-13 15:32:27,2026-06-13 15:34:06,2026-06-13 15:38:12,2026-06-13 18:02:06,,--,,示例集团财务共享中心（本部）,应付确认单（物料类）,非自动审批,1
A01,示例集团·甲公司,AP-2026-000428,通用报销单,应付付款单（差旅费）,人民币,39398.47,,--,2026-01-16,FSSC审核岗,应付成本组,审核员06,审核通过,2026-01-13 17:43:30,2026-01-13 17:44:09,2026-01-13 17:50:03,2026-01-13 22:14:09,,--,,示例集团财务共享中心（本部）,应付付款单（差旅费）,非自动审批,1
A04,示例集团·丁公司,AP-2026-000430,通用报销单,应付付款单（材料采购）,人民币,82223.74,,--,2026-03-22,FSSC审核岗,应付成本组,审核员02,审核通过,2026-03-23 10:31:36,2026-03-23 10:32:16,2026-03-23 10:34:58,2026-03-23 15:14:16,,--,,示例集团财务共享中心（本部）,应付付款单（材料采购）,非自动审批,1
A06,示例集团·己公司,AP-2026-000431,付款单,应付确认单（物料类）,人民币,110418.96,,--,2026-05-17,FSSC审核岗,应付成本组,审核员06,审核通过,2026-02-16 17:25:23,2026-02-16 17:26:09,2026-02-16 17:33:00,2026-02-16 22:43:09,,--,,示例集团财务共享中心（本部）,应付确认单（物料类）,非自动审批,1
A12,示例集团·子公司乙,AP-2026-000432,付款单,其他专项付款单,人民币,38170.04,,--,2026-05-01,FSSC审核岗,应付成本组,审核员06,审核通过,2026-03-11 14:06:50,2026-03-11 14:07:36,2026-03-11 14:13:03,2026-03-11 17:45:36,,--,,示例集团财务共享中心（本部）,其他专项付款单,非自动审批,1
A06,示例集团·己公司,AP-2026-000433,通用报销单,应付确认单（物料类）,人民币,18854.44,,--,2026-05-10,FSSC审核岗,应付成本组,审核员01,审核通过,2026-03-01 16:20:32,2026-03-01 16:21:57,2026-03-01 16:26:33,2026-03-01 18:34:57,,--,,示例集团财务共享中心（本部）,应付确认单（物料类）,非自动审批,1
A06,示例集团·己公司,AP-2026-000433,通用报销单,应付确认单（物料类）,人民币,23679.18,,--,2026-05-10,FSSC审核岗,应付成本组,审核员01,审核通过,2026-03-01 16:20:32,2026-03-01 16:21:57,2026-03-01 16:26:53,2026-03-01 18:57:57,,--,,示例集团财务共享中心（本部）,应付确认单（物料类）,非自动审批,1
A06,示例集团·己公司,AP-2026-000433,通用报销单,应付确认单（物料类）,人民币,106177.35,,--,2026-05-10,FSSC审核岗,应付成本组,审核员01,审核通过,2026-03-01 16:20:32,2026-03-01 16:21:57,2026-03-01 16:28:40,2026-03-01 19:38:57,,--,,示例集团财务共享中心（本部）,应付确认单（物料类）,非自动审批,1
A06,示例集团·己公司,AP-2026-000434,应付发票,通用报销单（费用报销）,人民币,43068.94,,--,2026-05-13,FSSC审核岗,应付成本组,审核员03,审核通过,2026-01-26 15:07:28,2026-01-26 15:07:55,2026-01-26 15:16:36,2026-01-26 17:59:55,,--,,示例集团财务共享中心（本部）,通用报销单（费用报销）,非自动审批,1
A06,示例集团·己公司,AP-2026-000434,应付发票,通用报销单（费用报销）,人民币,42276.0,,--,2026-05-13,FSSC审核岗,应付成本组,审核员03,审核通过,2026-01-26 15:07:28,2026-01-26 15:07:55,2026-01-26 15:08:59,2026-01-26 17:18:55,,--,,示例集团财务共享中心（本部）,通用报销单（费用报销）,非自动审批,1
A06,示例集团·己公司,AP-2026-000434,应付发票,通用报销单（费用报销）,人民币,139498.15,,--,2026-05-13,FSSC审核岗,应付成本组,审核员03,审核通过,2026-01-26 15:07:28,2026-01-26 15:07:55,2026-01-26 15:13:24,2026-01-26 17:50:55,,--,,示例集团财务共享中心（本部）,通用报销单（费用报销）,非自动审批,1
A03,示例集团·丙公司,AP-2026-000437,付款单,应付付款单（差旅费）,人民币,249518.45,,--,2026-03-17,FSSC审核岗,应付成本组,审核员02,审核通过,2026-02-18 10:56:42,2026-02-18 10:58:13,2026-02-18 11:04:05,2026-02-18 14:45:13,,--,,示例集团财务共享中心（本部）,应付付款单（差旅费）,非自动审批,1
A03,示例集团·丙公司,AP-2026-000437,付款单,应付付款单（差旅费）,人民币,317553.7,,--,2026-03-17,FSSC审核岗,应付成本组,审核员02,审核通过,2026-02-18 10:56:42,2026-02-18 10:58:13,2026-02-18 11:02:28,2026-02-18 15:00:13,,--,,示例集团财务共享中心（本部）,应付付款单（差旅费）,非自动审批,1
A03,示例集团·丙公司,AP-2026-000437,付款单,应付付款单（差旅费）,人民币,25399.85,,--,2026-03-17,FSSC审核岗,应付成本组,审核员02,审核通过,2026-02-18 10:56:42,2026-02-18 10:58:13,2026-02-18 11:02:02,2026-02-18 13:45:13,,--,,示例集团财务共享中心（本部）,应付付款单（差旅费）,非自动审批,1
A11,示例集团·子公司甲,AP-2026-000438,通用报销单,应付付款单（差旅费）,人民币,217911.41,,--,2026-04-19,FSSC审核岗,应付成本组,审核员07,审核通过,2026-01-17 11:23:39,2026-01-17 11:24:10,2026-01-17 11:30:25,2026-01-17 12:17:10,,--,,示例集团财务共享中心（本部）,应付付款单（差旅费）,非自动审批,1
A11,示例集团·子公司甲,AP-2026-000438,通用报销单,应付付款单（差旅费）,人民币,1109007.83,,--,2026-04-19,FSSC审核岗,应付成本组,审核员07,审核通过,2026-01-17 11:23:39,2026-01-17 11:24:10,2026-01-17 11:29:35,2026-01-17 12:05:10,,--,,示例集团财务共享中心（本部）,应付付款单（差旅费）,非自动审批,1
A07,示例集团·庚公司,AP-2026-000439,通用报销单,通用报销单（费用报销）,人民币,71431.79,,--,2026-03-10,FSSC审核岗,应付成本组,审核员02,审核通过,2026-04-22 17:15:41,2026-04-22 17:15:56,2026-04-22 17:24:35,2026-04-22 19:05:56,,--,,示例集团财务共享中心（本部）,通用报销单（费用报销）,非自动审批,1
A07,示例集团·庚公司,AP-2026-000439,通用报销单,通用报销单（费用报销）,人民币,54033.84,,--,2026-03-10,FSSC审核岗,应付成本组,审核员02,审核通过,2026-04-22 17:15:41,2026-04-22 17:15:56,2026-04-22 17:20:39,2026-04-22 19:09:56,,--,,示例集团财务共享中心（本部）,通用报销单（费用报销）,非自动审批,1
A20,示例集团·子公司癸,AP-2026-000440,应付发票,应付付款单（差旅费）,人民币,40357.59,,--,2026-06-07,FSSC审核岗,应付成本组,审核员07,审核通过,2026-03-01 12:51:09,2026-03-01 12:52:34,2026-03-01 12:56:52,2026-03-01 16:48:34,,--,,示例集团财务共享中心（本部）,应付付款单（差旅费）,非自动审批,1
A20,示例集团·子公司癸,AP-2026-000440,应付发票,应付付款单（差旅费）,人民币,13503.98,,--,2026-06-07,FSSC审核岗,应付成本组,审核员07,审核通过,2026-03-01 12:51:09,2026-03-01 12:52:34,2026-03-01 12:51:50,2026-03-01 16:19:34,,--,,示例集团财务共享中心（本部）,应付付款单（差旅费）,非自动审批,1
A20,示例集团·子公司癸,AP-2026-000440,应付发票,应付付款单（差旅费）,人民币,194688.26,,--,2026-06-07,FSSC审核岗,应付成本组,审核员07,审核通过,2026-03-01 12:51:09,2026-03-01 12:52:34,2026-03-01 13:01:04,2026-03-01 15:31:34,,--,,示例集团财务共享中心（本部）,应付付款单（差旅费）,非自动审批,1
A03,示例集团·丙公司,AP-2026-000441,通用报销单,应付付款单（差旅费）,人民币,54371.44,,--,2026-03-14,FSSC审核岗,应付成本组,审核员01,审核通过,2026-02-03 14:54:40,2026-02-03 14:54:58,2026-02-03 15:01:46,2026-02-03 17:27:58,,--,,示例集团财务共享中心（本部）,应付付款单（差旅费）,非自动审批,1
A03,示例集团·丙公司,AP-2026-000441,通用报销单,应付付款单（差旅费）,人民币,48552.76,,--,2026-03-14,FSSC审核岗,应付成本组,审核员01,审核通过,2026-02-03 14:54:40,2026-02-03 14:54:58,2026-02-03 14:59:47,2026-02-03 16:01:58,,--,,示例集团财务共享中心（本部）,应付付款单（差旅费）,非自动审批,1
A02,示例集团·乙公司,AP-2026-000442,付款单,应付付款单（服务费）,人民币,156730.15,,--,2026-06-04,FSSC审核岗,应付成本组,审核员02,审核通过,2026-02-11 17:48:16,2026-02-11 17:49:52,2026-02-11 17:48:53,2026-02-11 21:57:52,,--,,示例集团财务共享中心（本部）,应付付款单（服务费）,非自动审批,1
A02,示例集团·乙公司,AP-2026-000442,付款单,应付付款单（服务费）,人民币,178309.53,,--,2026-06-04,FSSC审核岗,应付成本组,审核员02,审核通过,2026-02-11 17:48:16,2026-02-11 17:49:52,2026-02-11 17:55:28,2026-02-11 22:17:52,,--,,示例集团财务共享中心（本部）,应付付款单（服务费）,非自动审批,1
A18,示例集团·子公司辛,AP-2026-000443,通用报销单,其他专项付款单,人民币,25817.8,,--,2026-06-19,FSSC审核岗,应付成本组,审核员02,审核通过,2026-06-12 19:07:55,2026-06-12 19:08:50,2026-06-12 19:14:05,2026-06-12 22:27:50,,--,,示例集团财务共享中心（本部）,其他专项付款单,非自动审批,1
A18,示例集团·子公司辛,AP-2026-000443,通用报销单,其他专项付款单,人民币,26695.49,,--,2026-06-19,FSSC审核岗,应付成本组,审核员02,审核通过,2026-06-12 19:07:55,2026-06-12 19:08:50,2026-06-12 19:11:40,2026-06-12 21:58:50,,--,,示例集团财务共享中心（本部）,其他专项付款单,非自动审批,1
A11,示例集团·子公司甲,AP-2026-000444,付款单,通用报销单（费用报销）,人民币,25086.93,,--,2026-03-20,FSSC审核岗,应付成本组,审核员07,审核通过,2026-02-22 20:04:43,2026-02-22 20:06:24,2026-02-22 20:13:36,2026-02-22 23:08:24,,--,,示例集团财务共享中心（本部）,通用报销单（费用报销）,非自动审批,1
A11,示例集团·子公司甲,AP-2026-000444,付款单,通用报销单（费用报销）,人民币,1154202.31,,--,2026-03-20,FSSC审核岗,应付成本组,审核员07,审核通过,2026-02-22 20:04:43,2026-02-22 20:06:24,2026-02-22 20:05:56,2026-02-23 00:03:24,,--,,示例集团财务共享中心（本部）,通用报销单（费用报销）,非自动审批,1
A11,示例集团·子公司甲,AP-2026-000444,付款单,通用报销单（费用报销）,人民币,473546.02,,--,2026-03-20,FSSC审核岗,应付成本组,审核员07,审核通过,2026-02-22 20:04:43,2026-02-22 20:06:24,2026-02-22 20:07:10,2026-02-23 00:23:24,,--,,示例集团财务共享中心（本部）,通用报销单（费用报销）,非自动审批,1
A06,示例集团·己公司,AP-2026-000445,付款单,应付付款单（材料采购）,人民币,161112.25,,--,2026-04-01,FSSC审核岗,应付成本组,审核员04,审核通过,2026-05-09 12:06:52,2026-05-09 12:08:29,2026-05-09 12:12:39,2026-05-09 13:48:29,,--,,示例集团财务共享中心（本部）,应付付款单（材料采购）,非自动审批,1
A06,示例集团·己公司,AP-2026-000445,付款单,应付付款单（材料采购）,人民币,35398.48,,--,2026-04-01,FSSC审核岗,应付成本组,审核员04,审核通过,2026-05-09 12:06:52,2026-05-09 12:08:29,2026-05-09 12:14:39,2026-05-09 14:48:29,,--,,示例集团财务共享中心（本部）,应付付款单（材料采购）,非自动审批,1
A13,示例集团·子公司丙,AP-2026-000446,通用报销单,应付付款单（服务费）,人民币,41785.28,,--,2026-02-02,FSSC审核岗,应付成本组,审核员03,审核通过,2026-01-27 20:32:18,2026-01-27 20:33:11,2026-01-27 20:40:56,2026-01-27 23:59:11,,--,,示例集团财务共享中心（本部）,应付付款单（服务费）,非自动审批,1
A13,示例集团·子公司丙,AP-2026-000446,通用报销单,应付付款单（服务费）,人民币,99589.52,,--,2026-02-02,FSSC审核岗,应付成本组,审核员03,审核通过,2026-01-27 20:32:18,2026-01-27 20:33:11,2026-01-27 20:40:52,2026-01-27 22:34:11,,--,,示例集团财务共享中心（本部）,应付付款单（服务费）,非自动审批,1
A13,示例集团·子公司丙,AP-2026-000446,通用报销单,应付付款单（服务费）,人民币,1319524.93,,--,2026-02-02,FSSC审核岗,应付成本组,审核员03,审核通过,2026-01-27 20:32:18,2026-01-27 20:33:11,2026-01-27 20:38:49,2026-01-27 23:13:11,,--,,示例集团财务共享中心（本部）,应付付款单（服务费）,非自动审批,1
A05,示例集团·戊公司,AP-2026-000447,付款单,通用报销单（费用报销）,人民币,89718.12,,--,2026-06-27,FSSC审核岗,应付成本组,审核员05,审核通过,2026-04-15 19:01:52,2026-04-15 19:03:15,2026-04-15 19:06:52,2026-04-15 23:41:15,,--,,示例集团财务共享中心（本部）,通用报销单（费用报销）,非自动审批,1
A05,示例集团·戊公司,AP-2026-000447,付款单,通用报销单（费用报销）,人民币,122070.72,,--,2026-06-27,FSSC审核岗,应付成本组,审核员05,审核通过,2026-04-15 19:01:52,2026-04-15 19:03:15,2026-04-15 19:04:02,2026-04-15 22:05:15,,--,,示例集团财务共享中心（本部）,通用报销单（费用报销）,非自动审批,1
A07,示例集团·庚公司,AP-2026-000448,应付发票,应付确认单（物料类）,人民币,1688.21,,--,2026-01-06,FSSC审核岗,应付成本组,审核员01,审核通过,2026-05-25 18:49:03,2026-05-25 18:50:20,2026-05-25 18:51:44,2026-05-25 23:35:20,,--,,示例集团财务共享中心（本部）,应付确认单（物料类）,非自动审批,1
A07,示例集团·庚公司,AP-2026-000448,应付发票,应付确认单（物料类）,人民币,85871.78,,--,2026-01-06,FSSC审核岗,应付成本组,审核员01,审核通过,2026-05-25 18:49:03,2026-05-25 18:50:20,2026-05-25 18:54:08,2026-05-25 23:21:20,,--,,示例集团财务共享中心（本部）,应付确认单（物料类）,非自动审批,1
A03,示例集团·丙公司,AP-2026-000449,通用报销单,应付付款单（差旅费）,人民币,8506.57,,--,2026-04-26,FSSC审核岗,应付成本组,审核员06,审核通过,2026-04-14 13:12:22,2026-04-14 13:13:11,2026-04-14 13:20:46,2026-04-14 16:57:11,,--,,示例集团财务共享中心（本部）,应付付款单（差旅费）,非自动审批,1
A14,示例集团·子公司丁,AP-2026-000450,付款单,应付确认单（物料类）,人民币,30278.92,,--,2026-03-23,FSSC审核岗,应付成本组,审核员02,审核通过,2026-04-20 14:38:26,2026-04-20 14:38:38,2026-04-20 14:38:53,2026-04-20 17:17:38,,--,,示例集团财务共享中心（本部）,应付确认单（物料类）,非自动审批,1
A04,示例集团·丁公司,AP-2026-000452,应付发票,应付付款单（差旅费）,人民币,63936.16,,--,2026-01-10,FSSC审核岗,应付成本组,审核员02,审核驳回,2026-05-15 11:24:21,2026-05-15 11:25:44,2026-05-15 11:30:43,--,,--,,示例集团财务共享中心（本部）,应付付款单（差旅费）,非自动审批,1
A04,示例集团·丁公司,AP-2026-000452,应付发票,应付付款单（差旅费）,人民币,39224.53,,--,2026-01-10,FSSC审核岗,应付成本组,审核员02,审核驳回,2026-05-15 11:24:21,2026-05-15 11:25:44,2026-05-15 11:29:22,--,,--,,示例集团财务共享中心（本部）,应付付款单（差旅费）,非自动审批,1
A09,示例集团·壬公司,AP-2026-000453,应付发票,应付付款单（差旅费）,人民币,24579.21,,--,2026-03-04,FSSC审核岗,应付成本组,审核员02,审核通过,2026-01-11 11:31:21,2026-01-11 11:32:39,2026-01-11 11:41:13,2026-01-11 15:53:39,,--,,示例集团财务共享中心（本部）,应付付款单（差旅费）,非自动审批,1
A09,示例集团·壬公司,AP-2026-000453,应付发票,应付付款单（差旅费）,人民币,24887.83,,--,2026-03-04,FSSC审核岗,应付成本组,审核员02,审核通过,2026-01-11 11:31:21,2026-01-11 11:32:39,2026-01-11 11:38:37,2026-01-11 15:24:39,,--,,示例集团财务共享中心（本部）,应付付款单（差旅费）,非自动审批,1
A07,示例集团·庚公司,AP-2026-000454,通用报销单,应付付款单（服务费）,人民币,44557.35,,--,2026-03-12,FSSC审核岗,应付成本组,审核员03,审核通过,2026-04-02 17:11:27,2026-04-02 17:12:32,2026-04-02 17:13:25,2026-04-02 20:15:32,,--,,示例集团财务共享中心（本部）,应付付款单（服务费）,非自动审批,1
A07,示例集团·庚公司,AP-2026-000454,通用报销单,应付付款单（服务费）,人民币,41915.38,,--,2026-03-12,FSSC审核岗,应付成本组,审核员03,审核通过,2026-04-02 17:11:27,2026-04-02 17:12:32,2026-04-02 17:18:53,2026-04-02 19:36:32,,--,,示例集团财务共享中心（本部）,应付付款单（服务费）,非自动审批,1
A07,示例集团·庚公司,AP-2026-000454,通用报销单,应付付款单（服务费）,人民币,61597.81,,--,2026-03-12,FSSC审核岗,应付成本组,审核员03,审核通过,2026-04-02 17:11:27,2026-04-02 17:12:32,2026-04-02 17:14:59,2026-04-02 20:46:32,,--,,示例集团财务共享中心（本部）,应付付款单（服务费）,非自动审批,1
A04,示例集团·丁公司,AP-2026-000455,应付发票,应付付款单（材料采购）,人民币,55477.36,,--,2026-04-05,FSSC审核岗,应付成本组,审核员03,审核通过,2026-06-09 19:24:27,2026-06-09 19:25:04,2026-06-09 19:32:57,2026-06-09 20:49:04,,--,,示例集团财务共享中心（本部）,应付付款单（材料采购）,非自动审批,1
A04,示例集团·丁公司,AP-2026-000455,应付发票,应付付款单（材料采购）,人民币,358766.25,,--,2026-04-05,FSSC审核岗,应付成本组,审核员03,审核通过,2026-06-09 19:24:27,2026-06-09 19:25:04,2026-06-09 19:27:14,2026-06-09 21:16:04,,--,,示例集团财务共享中心（本部）,应付付款单（材料采购）,非自动审批,1
A14,示例集团·子公司丁,AP-2026-000456,应付发票,应付付款单（差旅费）,人民币,3396.7,,--,2026-05-25,FSSC审核岗,应付成本组,审核员07,审核驳回,2026-04-22 18:51:32,2026-04-22 18:51:57,2026-04-22 18:57:33,--,,--,,示例集团财务共享中心（本部）,应付付款单（差旅费）,非自动审批,1
A20,示例集团·子公司癸,AP-2026-000457,付款单,应付确认单（物料类）,人民币,84369.6,,--,2026-04-12,FSSC审核岗,应付成本组,审核员01,审核通过,2026-02-15 15:08:41,2026-02-15 15:10:32,2026-02-15 15:16:32,2026-02-15 16:44:32,,--,,示例集团财务共享中心（本部）,应付确认单（物料类）,非自动审批,1
A09,示例集团·壬公司,AP-2026-000458,应付发票,应付付款单（差旅费）,人民币,66132.36,,--,2026-01-22,FSSC审核岗,应付成本组,审核员04,审核通过,2026-06-01 16:49:48,2026-06-01 16:50:42,2026-06-01 16:50:19,2026-06-01 17:59:42,,--,,示例集团财务共享中心（本部）,应付付款单（差旅费）,非自动审批,1
A09,示例集团·壬公司,AP-2026-000458,应付发票,应付付款单（差旅费）,人民币,49619.22,,--,2026-01-22,FSSC审核岗,应付成本组,审核员04,审核通过,2026-06-01 16:49:48,2026-06-01 16:50:42,2026-06-01 16:55:06,2026-06-01 17:26:42,,--,,示例集团财务共享中心（本部）,应付付款单（差旅费）,非自动审批,1
A09,示例集团·壬公司,AP-2026-000458,应付发票,应付付款单（差旅费）,人民币,22289.38,,--,2026-01-22,FSSC审核岗,应付成本组,审核员04,审核通过,2026-06-01 16:49:48,2026-06-01 16:50:42,2026-06-01 16:52:36,2026-06-01 19:07:42,,--,,示例集团财务共享中心（本部）,应付付款单（差旅费）,非自动审批,1
A08,示例集团·辛公司,AP-2026-000459,通用报销单,应付付款单（服务费）,人民币,48552.85,,--,2026-04-19,FSSC审核岗,应付成本组,审核员03,审核通过,2026-05-05 08:06:23,2026-05-05 08:07:54,2026-05-05 08:14:55,2026-05-05 11:15:54,,--,,示例集团财务共享中心（本部）,应付付款单（服务费）,非自动审批,1
A03,示例集团·丙公司,AP-2026-000460,付款单,其他专项付款单,人民币,6082.0,,--,2026-02-15,FSSC审核岗,应付成本组,审核员05,审核通过,2026-05-26 17:09:09,2026-05-26 17:09:16,2026-05-26 17:15:28,2026-05-26 20:20:16,,--,,示例集团财务共享中心（本部）,其他专项付款单,非自动审批,1
A03,示例集团·丙公司,AP-2026-000460,付款单,其他专项付款单,人民币,79969.86,,--,2026-02-15,FSSC审核岗,应付成本组,审核员05,审核通过,2026-05-26 17:09:09,2026-05-26 17:09:16,2026-05-26 17:10:23,2026-05-26 20:31:16,,--,,示例集团财务共享中心（本部）,其他专项付款单,非自动审批,1
A01,示例集团·甲公司,AP-2026-000461,通用报销单,应付付款单（材料采购）,人民币,103082.29,,--,2026-01-25,FSSC审核岗,应付成本组,审核员02,审核通过,2026-06-28 11:11:14,2026-06-28 11:12:06,2026-06-28 11:14:50,2026-06-28 13:01:06,,--,,示例集团财务共享中心（本部）,应付付款单（材料采购）,非自动审批,1
A01,示例集团·甲公司,AP-2026-000463,付款单,应付确认单（物料类）,人民币,22343.8,,--,2026-06-06,FSSC审核岗,应付成本组,审核员03,审核通过,2026-05-03 08:32:51,2026-05-03 08:34:18,2026-05-03 08:33:51,2026-05-03 09:40:18,,--,,示例集团财务共享中心（本部）,应付确认单（物料类）,非自动审批,1
A01,示例集团·甲公司,AP-2026-000463,付款单,应付确认单（物料类）,人民币,906156.64,,--,2026-06-06,FSSC审核岗,应付成本组,审核员03,审核通过,2026-05-03 08:32:51,2026-05-03 08:34:18,2026-05-03 08:38:48,2026-05-03 10:09:18,,--,,示例集团财务共享中心（本部）,应付确认单（物料类）,非自动审批,1
A01,示例集团·甲公司,AP-2026-000463,付款单,应付确认单（物料类）,人民币,50583.36,,--,2026-06-06,FSSC审核岗,应付成本组,审核员03,审核通过,2026-05-03 08:32:51,2026-05-03 08:34:18,2026-05-03 08:39:14,2026-05-03 10:16:18,,--,,示例集团财务共享中心（本部）,应付确认单（物料类）,非自动审批,1
A01,示例集团·甲公司,AP-2026-000464,通用报销单,应付付款单（材料采购）,人民币,63684.85,,--,2026-01-26,FSSC审核岗,应付成本组,审核员01,审核通过,2026-03-05 18:58:13,2026-03-05 18:58:45,2026-03-05 19:04:24,2026-03-05 21:58:45,,--,,示例集团财务共享中心（本部）,应付付款单（材料采购）,非自动审批,1
A01,示例集团·甲公司,AP-2026-000464,通用报销单,应付付款单（材料采购）,人民币,388517.83,,--,2026-01-26,FSSC审核岗,应付成本组,审核员01,审核通过,2026-03-05 18:58:13,2026-03-05 18:58:45,2026-03-05 19:04:07,2026-03-05 23:06:45,,--,,示例集团财务共享中心（本部）,应付付款单（材料采购）,非自动审批,1
A05,示例集团·戊公司,AP-2026-000465,应付发票,应付付款单（差旅费）,人民币,1201369.67,,--,2026-04-15,FSSC审核岗,应付成本组,审核员03,审核通过,2026-04-27 12:22:54,2026-04-27 12:23:05,2026-04-27 12:26:15,2026-04-27 15:56:05,,--,,示例集团财务共享中心（本部）,应付付款单（差旅费）,非自动审批,1
A05,示例集团·戊公司,AP-2026-000465,应付发票,应付付款单（差旅费）,人民币,12423.25,,--,2026-04-15,FSSC审核岗,应付成本组,审核员03,审核通过,2026-04-27 12:22:54,2026-04-27 12:23:05,2026-04-27 12:30:18,2026-04-27 16:52:05,,--,,示例集团财务共享中心（本部）,应付付款单（差旅费）,非自动审批,1
A12,示例集团·子公司乙,AP-2026-000466,应付发票,应付付款单（差旅费）,人民币,26688.09,,--,2026-06-23,FSSC审核岗,应付成本组,审核员03,审核通过,2026-04-24 15:49:11,2026-04-24 15:50:31,2026-04-24 15:53:00,2026-04-24 17:25:31,,--,,示例集团财务共享中心（本部）,应付付款单（差旅费）,非自动审批,1
A12,示例集团·子公司乙,AP-2026-000466,应付发票,应付付款单（差旅费）,人民币,51857.35,,--,2026-06-23,FSSC审核岗,应付成本组,审核员03,审核通过,2026-04-24 15:49:11,2026-04-24 15:50:31,2026-04-24 15:55:42,2026-04-24 18:40:31,,--,,示例集团财务共享中心（本部）,应付付款单（差旅费）,非自动审批,1
A12,示例集团·子公司乙,AP-2026-000466,应付发票,应付付款单（差旅费）,人民币,21162.34,,--,2026-06-23,FSSC审核岗,应付成本组,审核员03,审核通过,2026-04-24 15:49:11,2026-04-24 15:50:31,2026-04-24 15:57:36,2026-04-24 18:28:31,,--,,示例集团财务共享中心（本部）,应付付款单（差旅费）,非自动审批,1
A09,示例集团·壬公司,AP-2026-000467,通用报销单,通用报销单（费用报销）,人民币,195742.94,,--,2026-01-04,FSSC审核岗,应付成本组,审核员07,审核通过,2026-01-01 14:07:11,2026-01-01 14:08:35,2026-01-01 14:14:25,2026-01-01 17:17:35,,--,,示例集团财务共享中心（本部）,通用报销单（费用报销）,非自动审批,1
A09,示例集团·壬公司,AP-2026-000467,通用报销单,通用报销单（费用报销）,人民币,18139.08,,--,2026-01-04,FSSC审核岗,应付成本组,审核员07,审核通过,2026-01-01 14:07:11,2026-01-01 14:08:35,2026-01-01 14:08:16,2026-01-01 17:23:35,,--,,示例集团财务共享中心（本部）,通用报销单（费用报销）,非自动审批,1
A08,示例集团·辛公司,AP-2026-000468,通用报销单,通用报销单（费用报销）,人民币,352654.61,,--,2026-02-26,FSSC审核岗,应付成本组,审核员05,审核通过,2026-05-05 08:13:00,2026-05-05 08:13:03,2026-05-05 08:19:14,2026-05-05 12:50:03,,--,,示例集团财务共享中心（本部）,通用报销单（费用报销）,非自动审批,1
A08,示例集团·辛公司,AP-2026-000468,通用报销单,通用报销单（费用报销）,人民币,143358.84,,--,2026-02-26,FSSC审核岗,应付成本组,审核员05,审核通过,2026-05-05 08:13:00,2026-05-05 08:13:03,2026-05-05 08:13:17,2026-05-05 11:51:03,,--,,示例集团财务共享中心（本部）,通用报销单（费用报销）,非自动审批,1
A08,示例集团·辛公司,AP-2026-000468,通用报销单,通用报销单（费用报销）,人民币,305486.38,,--,2026-02-26,FSSC审核岗,应付成本组,审核员05,审核通过,2026-05-05 08:13:00,2026-05-05 08:13:03,2026-05-05 08:14:43,2026-05-05 11:16:03,,--,,示例集团财务共享中心（本部）,通用报销单（费用报销）,非自动审批,1
A07,示例集团·庚公司,AP-2026-000469,通用报销单,应付付款单（差旅费）,人民币,18253.18,,--,2026-02-26,FSSC审核岗,应付成本组,审核员05,审核通过,2026-03-10 20:29:40,2026-03-10 20:30:35,2026-03-10 20:30:42,2026-03-10 21:14:35,,--,,示例集团财务共享中心（本部）,应付付款单（差旅费）,非自动审批,1
A07,示例集团·庚公司,AP-2026-000469,通用报销单,应付付款单（差旅费）,人民币,35000.16,,--,2026-02-26,FSSC审核岗,应付成本组,审核员05,审核通过,2026-03-10 20:29:40,2026-03-10 20:30:35,2026-03-10 20:33:15,2026-03-10 20:47:35,,--,,示例集团财务共享中心（本部）,应付付款单（差旅费）,非自动审批,1
A07,示例集团·庚公司,AP-2026-000469,通用报销单,应付付款单（差旅费）,人民币,210487.13,,--,2026-02-26,FSSC审核岗,应付成本组,审核员05,审核通过,2026-03-10 20:29:40,2026-03-10 20:30:35,2026-03-10 20:37:55,2026-03-10 20:48:35,,--,,示例集团财务共享中心（本部）,应付付款单（差旅费）,非自动审批,1
A13,示例集团·子公司丙,AP-2026-000470,付款单,应付确认单（物料类）,人民币,163281.42,,--,2026-04-19,FSSC审核岗,应付成本组,审核员02,审核通过,2026-02-01 09:41:40,2026-02-01 09:42:36,2026-02-01 09:49:52,2026-02-01 12:41:36,,--,,示例集团财务共享中心（本部）,应付确认单（物料类）,非自动审批,1
A13,示例集团·子公司丙,AP-2026-000470,付款单,应付确认单（物料类）,人民币,40070.58,,--,2026-04-19,FSSC审核岗,应付成本组,审核员02,审核通过,2026-02-01 09:41:40,2026-02-01 09:42:36,2026-02-01 09:47:18,2026-02-01 13:08:36,,--,,示例集团财务共享中心（本部）,应付确认单（物料类）,非自动审批,1
A04,示例集团·丁公司,AP-2026-000471,应付发票,应付付款单（材料采购）,人民币,48905.96,,--,2026-03-22,FSSC审核岗,应付成本组,审核员06,审核驳回,2026-03-02 16:02:04,2026-03-02 16:02:45,2026-03-02 16:10:01,--,,--,,示例集团财务共享中心（本部）,应付付款单（材料采购）,非自动审批,1
A04,示例集团·丁公司,AP-2026-000471,应付发票,应付付款单（材料采购）,人民币,32594.96,,--,2026-03-22,FSSC审核岗,应付成本组,审核员06,审核驳回,2026-03-02 16:02:04,2026-03-02 16:02:45,2026-03-02 16:06:11,--,,--,,示例集团财务共享中心（本部）,应付付款单（材料采购）,非自动审批,1
A04,示例集团·丁公司,AP-2026-000471,应付发票,应付付款单（材料采购）,人民币,47097.65,,--,2026-03-22,FSSC审核岗,应付成本组,审核员06,审核驳回,2026-03-02 16:02:04,2026-03-02 16:02:45,2026-03-02 16:06:02,--,,--,,示例集团财务共享中心（本部）,应付付款单（材料采购）,非自动审批,1
A01,示例集团·甲公司,AP-2026-000472,通用报销单,应付付款单（服务费）,人民币,15498.88,,--,2026-03-12,FSSC审核岗,应付成本组,审核员02,审核通过,2026-02-08 17:59:05,2026-02-08 18:01:03,2026-02-08 18:00:02,2026-02-08 22:16:03,,--,,示例集团财务共享中心（本部）,应付付款单（服务费）,非自动审批,1
A01,示例集团·甲公司,AP-2026-000472,通用报销单,应付付款单（服务费）,人民币,12252.63,,--,2026-03-12,FSSC审核岗,应付成本组,审核员02,审核通过,2026-02-08 17:59:05,2026-02-08 18:01:03,2026-02-08 18:03:23,2026-02-08 22:28:03,,--,,示例集团财务共享中心（本部）,应付付款单（服务费）,非自动审批,1
A02,示例集团·乙公司,AP-2026-000474,通用报销单,其他专项付款单,人民币,244654.61,,--,2026-01-16,FSSC审核岗,应付成本组,审核员06,审核通过,2026-04-18 08:02:19,2026-04-18 08:02:53,2026-04-18 08:11:25,2026-04-18 10:48:53,,--,,示例集团财务共享中心（本部）,其他专项付款单,非自动审批,1
A03,示例集团·丙公司,AP-2026-000475,应付发票,应付付款单（材料采购）,人民币,44910.81,,--,2026-01-18,FSSC审核岗,应付成本组,审核员02,审核通过,2026-05-11 20:22:52,2026-05-11 20:24:31,2026-05-11 20:31:40,2026-05-11 23:57:31,,--,,示例集团财务共享中心（本部）,应付付款单（材料采购）,非自动审批,1
A03,示例集团·丙公司,AP-2026-000475,应付发票,应付付款单（材料采购）,人民币,300096.34,,--,2026-01-18,FSSC审核岗,应付成本组,审核员02,审核通过,2026-05-11 20:22:52,2026-05-11 20:24:31,2026-05-11 20:29:00,2026-05-12 00:10:31,,--,,示例集团财务共享中心（本部）,应付付款单（材料采购）,非自动审批,1
A03,示例集团·丙公司,AP-2026-000475,应付发票,应付付款单（材料采购）,人民币,137913.05,,--,2026-01-18,FSSC审核岗,应付成本组,审核员02,审核通过,2026-05-11 20:22:52,2026-05-11 20:24:31,2026-05-11 20:23:27,2026-05-11 22:59:31,,--,,示例集团财务共享中心（本部）,应付付款单（材料采购）,非自动审批,1
A09,示例集团·壬公司,AP-2026-000477,付款单,应付付款单（差旅费）,人民币,92671.36,,--,2026-02-28,FSSC审核岗,应付成本组,审核员04,审核通过,2026-02-12 13:52:16,2026-02-12 13:54:05,2026-02-12 13:55:47,2026-02-12 16:03:05,,--,,示例集团财务共享中心（本部）,应付付款单（差旅费）,非自动审批,1
A09,示例集团·壬公司,AP-2026-000477,付款单,应付付款单（差旅费）,人民币,22152.14,,--,2026-02-28,FSSC审核岗,应付成本组,审核员04,审核通过,2026-02-12 13:52:16,2026-02-12 13:54:05,2026-02-12 13:53:46,2026-02-12 14:58:05,,--,,示例集团财务共享中心（本部）,应付付款单（差旅费）,非自动审批,1
A09,示例集团·壬公司,AP-2026-000477,付款单,应付付款单（差旅费）,人民币,10991.84,,--,2026-02-28,FSSC审核岗,应付成本组,审核员04,审核通过,2026-02-12 13:52:16,2026-02-12 13:54:05,2026-02-12 13:54:16,2026-02-12 15:34:05,,--,,示例集团财务共享中心（本部）,应付付款单（差旅费）,非自动审批,1
A03,示例集团·丙公司,AP-2026-000478,通用报销单,通用报销单（费用报销）,人民币,31581.53,,--,2026-06-12,FSSC审核岗,应付成本组,审核员01,审核通过,2026-03-12 18:42:25,2026-03-12 18:44:02,2026-03-12 18:43:19,2026-03-12 22:18:02,,--,,示例集团财务共享中心（本部）,通用报销单（费用报销）,非自动审批,1
A14,示例集团·子公司丁,AP-2026-000479,应付发票,通用报销单（费用报销）,人民币,511285.99,,--,2026-01-22,FSSC审核岗,应付成本组,审核员04,审核驳回,2026-04-05 20:01:37,2026-04-05 20:02:44,2026-04-05 20:02:20,--,,--,,示例集团财务共享中心（本部）,通用报销单（费用报销）,非自动审批,1
A14,示例集团·子公司丁,AP-2026-000480,应付发票,应付付款单（服务费）,人民币,207843.28,,--,2026-01-23,FSSC审核岗,应付成本组,审核员05,审核通过,2026-05-17 12:27:22,2026-05-17 12:28:50,2026-05-17 12:31:35,2026-05-17 16:59:50,,--,,示例集团财务共享中心（本部）,应付付款单（服务费）,非自动审批,1
A14,示例集团·子公司丁,AP-2026-000481,应付发票,通用报销单（费用报销）,人民币,27706.45,,--,2026-06-13,FSSC审核岗,应付成本组,审核员02,审核通过,2026-05-18 17:51:21,2026-05-18 17:52:18,2026-05-18 17:58:54,2026-05-18 21:23:18,,--,,示例集团财务共享中心（本部）,通用报销单（费用报销）,非自动审批,1
A14,示例集团·子公司丁,AP-2026-000481,应付发票,通用报销单（费用报销）,人民币,32087.3,,--,2026-06-13,FSSC审核岗,应付成本组,审核员02,审核通过,2026-05-18 17:51:21,2026-05-18 17:52:18,2026-05-18 18:00:02,2026-05-18 22:07:18,,--,,示例集团财务共享中心（本部）,通用报销单（费用报销）,非自动审批,1
A14,示例集团·子公司丁,AP-2026-000481,应付发票,通用报销单（费用报销）,人民币,16305.78,,--,2026-06-13,FSSC审核岗,应付成本组,审核员02,审核通过,2026-05-18 17:51:21,2026-05-18 17:52:18,2026-05-18 17:52:14,2026-05-18 21:15:18,,--,,示例集团财务共享中心（本部）,通用报销单（费用报销）,非自动审批,1
A01,示例集团·甲公司,AP-2026-000482,应付发票,应付付款单（差旅费）,人民币,6864.24,,--,2026-04-24,FSSC审核岗,应付成本组,审核员03,审核通过,2026-01-17 16:18:19,2026-01-17 16:19:25,2026-01-17 16:22:30,2026-01-17 19:51:25,,--,,示例集团财务共享中心（本部）,应付付款单（差旅费）,非自动审批,1
A01,示例集团·甲公司,AP-2026-000482,应付发票,应付付款单（差旅费）,人民币,69026.1,,--,2026-04-24,FSSC审核岗,应付成本组,审核员03,审核通过,2026-01-17 16:18:19,2026-01-17 16:19:25,2026-01-17 16:28:02,2026-01-17 20:03:25,,--,,示例集团财务共享中心（本部）,应付付款单（差旅费）,非自动审批,1
A01,示例集团·甲公司,AP-2026-000482,应付发票,应付付款单（差旅费）,人民币,670050.51,,--,2026-04-24,FSSC审核岗,应付成本组,审核员03,审核通过,2026-01-17 16:18:19,2026-01-17 16:19:25,2026-01-17 16:26:07,2026-01-17 19:48:25,,--,,示例集团财务共享中心（本部）,应付付款单（差旅费）,非自动审批,1
A06,示例集团·己公司,AP-2026-000483,付款单,通用报销单（费用报销）,人民币,681932.38,,--,2026-03-24,FSSC审核岗,应付成本组,审核员06,审核通过,2026-01-24 08:53:40,2026-01-24 08:55:01,2026-01-24 08:54:54,2026-01-24 12:17:01,,--,,示例集团财务共享中心（本部）,通用报销单（费用报销）,非自动审批,1
A06,示例集团·己公司,AP-2026-000483,付款单,通用报销单（费用报销）,人民币,140233.69,,--,2026-03-24,FSSC审核岗,应付成本组,审核员06,审核通过,2026-01-24 08:53:40,2026-01-24 08:55:01,2026-01-24 09:02:55,2026-01-24 12:24:01,,--,,示例集团财务共享中心（本部）,通用报销单（费用报销）,非自动审批,1
A06,示例集团·己公司,AP-2026-000483,付款单,通用报销单（费用报销）,人民币,25751.77,,--,2026-03-24,FSSC审核岗,应付成本组,审核员06,审核通过,2026-01-24 08:53:40,2026-01-24 08:55:01,2026-01-24 08:57:26,2026-01-24 12:13:01,,--,,示例集团财务共享中心（本部）,通用报销单（费用报销）,非自动审批,1
A19,示例集团·子公司壬,AP-2026-000484,付款单,应付付款单（材料采购）,人民币,7869.33,,--,2026-03-19,FSSC审核岗,应付成本组,审核员07,审核通过,2026-06-22 16:54:53,2026-06-22 16:55:38,2026-06-22 17:03:55,2026-06-22 18:25:38,,--,,示例集团财务共享中心（本部）,应付付款单（材料采购）,非自动审批,1
A19,示例集团·子公司壬,AP-2026-000484,付款单,应付付款单（材料采购）,人民币,259337.88,,--,2026-03-19,FSSC审核岗,应付成本组,审核员07,审核通过,2026-06-22 16:54:53,2026-06-22 16:55:38,2026-06-22 17:02:05,2026-06-22 19:51:38,,--,,示例集团财务共享中心（本部）,应付付款单（材料采购）,非自动审批,1
A01,示例集团·甲公司,AP-2026-000485,通用报销单,应付付款单（材料采购）,人民币,111983.13,,--,2026-03-25,FSSC审核岗,应付成本组,审核员02,审核驳回,2026-06-05 19:28:20,2026-06-05 19:28:31,2026-06-05 19:32:44,--,,--,,示例集团财务共享中心（本部）,应付付款单（材料采购）,非自动审批,1
A01,示例集团·甲公司,AP-2026-000485,通用报销单,应付付款单（材料采购）,人民币,38456.41,,--,2026-03-25,FSSC审核岗,应付成本组,审核员02,审核驳回,2026-06-05 19:28:20,2026-06-05 19:28:31,2026-06-05 19:33:09,--,,--,,示例集团财务共享中心（本部）,应付付款单（材料采购）,非自动审批,1
A05,示例集团·戊公司,AP-2026-000486,应付发票,应付付款单（材料采购）,人民币,30436.29,,--,2026-01-16,FSSC审核岗,应付成本组,审核员02,审核通过,2026-05-23 15:47:19,2026-05-23 15:47:40,2026-05-23 15:47:37,2026-05-23 17:34:40,,--,,示例集团财务共享中心（本部）,应付付款单（材料采购）,非自动审批,1
A13,示例集团·子公司丙,AP-2026-000487,通用报销单,通用报销单（费用报销）,人民币,138775.28,,--,2026-01-16,FSSC审核岗,应付成本组,审核员02,审核通过,2026-06-18 13:58:46,2026-06-18 14:00:36,2026-06-18 14:00:30,2026-06-18 16:09:36,,--,,示例集团财务共享中心（本部）,通用报销单（费用报销）,非自动审批,1
A13,示例集团·子公司丙,AP-2026-000487,通用报销单,通用报销单（费用报销）,人民币,18821.03,,--,2026-01-16,FSSC审核岗,应付成本组,审核员02,审核通过,2026-06-18 13:58:46,2026-06-18 14:00:36,2026-06-18 14:03:57,2026-06-18 16:09:36,,--,,示例集团财务共享中心（本部）,通用报销单（费用报销）,非自动审批,1
A13,示例集团·子公司丙,AP-2026-000487,通用报销单,通用报销单（费用报销）,人民币,83694.21,,--,2026-01-16,FSSC审核岗,应付成本组,审核员02,审核通过,2026-06-18 13:58:46,2026-06-18 14:00:36,2026-06-18 14:05:50,2026-06-18 16:41:36,,--,,示例集团财务共享中心（本部）,通用报销单（费用报销）,非自动审批,1
A01,示例集团·甲公司,AP-2026-000488,付款单,应付付款单（材料采购）,人民币,10853.57,,--,2026-01-10,FSSC审核岗,应付成本组,审核员03,审核通过,2026-03-05 10:51:04,2026-03-05 10:51:11,2026-03-05 10:53:46,2026-03-05 13:44:11,,--,,示例集团财务共享中心（本部）,应付付款单（材料采购）,非自动审批,1
A01,示例集团·甲公司,AP-2026-000488,付款单,应付付款单（材料采购）,人民币,1355818.95,,--,2026-01-10,FSSC审核岗,应付成本组,审核员03,审核通过,2026-03-05 10:51:04,2026-03-05 10:51:11,2026-03-05 10:58:16,2026-03-05 12:50:11,,--,,示例集团财务共享中心（本部）,应付付款单（材料采购）,非自动审批,1
A03,示例集团·丙公司,AP-2026-000489,付款单,其他专项付款单,人民币,22882.64,,--,2026-02-19,FSSC审核岗,应付成本组,审核员03,审核通过,2026-02-11 20:25:24,2026-02-11 20:26:57,2026-02-11 20:29:57,2026-02-12 00:02:57,,--,,示例集团财务共享中心（本部）,其他专项付款单,非自动审批,1
A02,示例集团·乙公司,AP-2026-000490,应付发票,应付付款单（服务费）,人民币,148413.64,,--,2026-03-20,FSSC审核岗,应付成本组,审核员01,审核通过,2026-03-13 11:57:47,2026-03-13 11:58:57,2026-03-13 12:00:47,2026-03-13 13:48:57,,--,,示例集团财务共享中心（本部）,应付付款单（服务费）,非自动审批,1
A09,示例集团·壬公司,AP-2026-000491,应付发票,应付确认单（物料类）,人民币,11189.93,,--,2026-06-23,FSSC审核岗,应付成本组,审核员06,审核通过,2026-01-04 18:35:18,2026-01-04 18:36:38,2026-01-04 18:42:24,2026-01-04 21:26:38,,--,,示例集团财务共享中心（本部）,应付确认单（物料类）,非自动审批,1
A09,示例集团·壬公司,AP-2026-000491,应付发票,应付确认单（物料类）,人民币,47640.84,,--,2026-06-23,FSSC审核岗,应付成本组,审核员06,审核通过,2026-01-04 18:35:18,2026-01-04 18:36:38,2026-01-04 18:43:00,2026-01-04 22:12:38,,--,,示例集团财务共享中心（本部）,应付确认单（物料类）,非自动审批,1
A02,示例集团·乙公司,AP-2026-000492,通用报销单,应付付款单（材料采购）,人民币,206584.74,,--,2026-06-08,FSSC审核岗,应付成本组,审核员06,审核通过,2026-04-19 15:06:26,2026-04-19 15:07:44,2026-04-19 15:15:26,2026-04-19 16:42:44,,--,,示例集团财务共享中心（本部）,应付付款单（材料采购）,非自动审批,1
A02,示例集团·乙公司,AP-2026-000492,通用报销单,应付付款单（材料采购）,人民币,279662.15,,--,2026-06-08,FSSC审核岗,应付成本组,审核员06,审核通过,2026-04-19 15:06:26,2026-04-19 15:07:44,2026-04-19 15:15:58,2026-04-19 17:31:44,,--,,示例集团财务共享中心（本部）,应付付款单（材料采购）,非自动审批,1
A03,示例集团·丙公司,AP-2026-000493,通用报销单,应付确认单（物料类）,人民币,174312.26,,--,2026-03-04,FSSC审核岗,应付成本组,审核员01,审核通过,2026-02-05 10:16:55,2026-02-05 10:17:15,2026-02-05 10:21:44,2026-02-05 12:55:15,,--,,示例集团财务共享中心（本部）,应付确认单（物料类）,非自动审批,1
A03,示例集团·丙公司,AP-2026-000493,通用报销单,应付确认单（物料类）,人民币,49338.4,,--,2026-03-04,FSSC审核岗,应付成本组,审核员01,审核通过,2026-02-05 10:16:55,2026-02-05 10:17:15,2026-02-05 10:26:45,2026-02-05 11:58:15,,--,,示例集团财务共享中心（本部）,应付确认单（物料类）,非自动审批,1
A01,示例集团·甲公司,AP-2026-000494,付款单,通用报销单（费用报销）,人民币,23568.55,,--,2026-02-11,FSSC审核岗,应付成本组,审核员03,审核通过,2026-01-11 12:25:50,2026-01-11 12:26:06,2026-01-11 12:33:36,2026-01-11 14:05:06,,--,,示例集团财务共享中心（本部）,通用报销单（费用报销）,非自动审批,1
A01,示例集团·甲公司,AP-2026-000494,付款单,通用报销单（费用报销）,人民币,13243.37,,--,2026-02-11,FSSC审核岗,应付成本组,审核员03,审核通过,2026-01-11 12:25:50,2026-01-11 12:26:06,2026-01-11 12:27:30,2026-01-11 13:20:06,,--,,示例集团财务共享中心（本部）,通用报销单（费用报销）,非自动审批,1
A01,示例集团·甲公司,AP-2026-000494,付款单,通用报销单（费用报销）,人民币,491549.55,,--,2026-02-11,FSSC审核岗,应付成本组,审核员03,审核通过,2026-01-11 12:25:50,2026-01-11 12:26:06,2026-01-11 12:30:23,2026-01-11 13:30:06,,--,,示例集团财务共享中心（本部）,通用报销单（费用报销）,非自动审批,1
A04,示例集团·丁公司,AP-2026-000495,应付发票,通用报销单（费用报销）,人民币,69197.48,,--,2026-04-15,FSSC审核岗,应付成本组,审核员01,审核通过,2026-04-16 08:26:55,2026-04-16 08:28:52,2026-04-16 08:36:47,2026-04-16 09:52:52,,--,,示例集团财务共享中心（本部）,通用报销单（费用报销）,非自动审批,1
A07,示例集团·庚公司,AP-2026-000496,通用报销单,应付确认单（物料类）,人民币,89638.03,,--,2026-01-15,FSSC审核岗,应付成本组,审核员04,审核通过,2026-06-17 11:50:33,2026-06-17 11:51:43,2026-06-17 11:52:17,2026-06-17 14:19:43,,--,,示例集团财务共享中心（本部）,应付确认单（物料类）,非自动审批,1
A01,示例集团·甲公司,AP-2026-000497,付款单,应付付款单（服务费）,人民币,306054.29,,--,2026-05-10,FSSC审核岗,应付成本组,审核员06,审核通过,2026-03-02 15:17:55,2026-03-02 15:19:43,2026-03-02 15:24:58,2026-03-02 18:54:43,,--,,示例集团财务共享中心（本部）,应付付款单（服务费）,非自动审批,1
A01,示例集团·甲公司,AP-2026-000497,付款单,应付付款单（服务费）,人民币,136137.92,,--,2026-05-10,FSSC审核岗,应付成本组,审核员06,审核通过,2026-03-02 15:17:55,2026-03-02 15:19:43,2026-03-02 15:20:32,2026-03-02 18:40:43,,--,,示例集团财务共享中心（本部）,应付付款单（服务费）,非自动审批,1
A03,示例集团·丙公司,AP-2026-000498,应付发票,应付付款单（材料采购）,人民币,50091.96,,--,2026-05-03,FSSC审核岗,应付成本组,审核员04,审核通过,2026-06-23 09:53:55,2026-06-23 09:55:07,2026-06-23 09:56:41,2026-06-23 12:28:07,,--,,示例集团财务共享中心（本部）,应付付款单（材料采购）,非自动审批,1
A07,示例集团·庚公司,AP-2026-000499,通用报销单,通用报销单（费用报销）,人民币,169764.05,,--,2026-02-09,FSSC审核岗,应付成本组,审核员05,审核通过,2026-02-11 11:30:00,2026-02-11 11:30:03,2026-02-11 11:30:21,2026-02-11 16:17:03,,--,,示例集团财务共享中心（本部）,通用报销单（费用报销）,非自动审批,1
A07,示例集团·庚公司,AP-2026-000499,通用报销单,通用报销单（费用报销）,人民币,25045.14,,--,2026-02-09,FSSC审核岗,应付成本组,审核员05,审核通过,2026-02-11 11:30:00,2026-02-11 11:30:03,2026-02-11 11:39:38,2026-02-11 15:41:03,,--,,示例集团财务共享中心（本部）,通用报销单（费用报销）,非自动审批,1
A07,示例集团·庚公司,AP-2026-000499,通用报销单,通用报销单（费用报销）,人民币,6825.37,,--,2026-02-09,FSSC审核岗,应付成本组,审核员05,审核通过,2026-02-11 11:30:00,2026-02-11 11:30:03,2026-02-11 11:36:34,2026-02-11 15:03:03,,--,,示例集团财务共享中心（本部）,通用报销单（费用报销）,非自动审批,1
A08,示例集团·辛公司,AP-2026-000500,付款单,应付付款单（服务费）,人民币,432172.09,,--,2026-05-23,FSSC审核岗,应付成本组,审核员07,审核通过,2026-04-18 09:51:38,2026-04-18 09:53:02,2026-04-18 09:58:25,2026-04-18 11:03:02,,--,,示例集团财务共享中心（本部）,应付付款单（服务费）,非自动审批,1
A08,示例集团·辛公司,AP-2026-000500,付款单,应付付款单（服务费）,人民币,28144.72,,--,2026-05-23,FSSC审核岗,应付成本组,审核员07,审核通过,2026-04-18 09:51:38,2026-04-18 09:53:02,2026-04-18 09:58:56,2026-04-18 11:39:02,,--,,示例集团财务共享中心（本部）,应付付款单（服务费）,非自动审批,1
A08,示例集团·辛公司,AP-2026-000500,付款单,应付付款单（服务费）,人民币,39104.55,,--,2026-05-23,FSSC审核岗,应付成本组,审核员07,审核通过,2026-04-18 09:51:38,2026-04-18 09:53:02,2026-04-18 10:00:39,2026-04-18 10:22:02,,--,,示例集团财务共享中心（本部）,应付付款单（服务费）,非自动审批,1
A12,示例集团·子公司乙,AP-2026-000501,应付发票,通用报销单（费用报销）,人民币,44244.36,,--,2026-01-25,FSSC审核岗,应付成本组,审核员02,审核通过,2026-04-04 15:24:12,2026-04-04 15:25:09,2026-04-04 15:33:32,2026-04-04 15:52:09,,--,,示例集团财务共享中心（本部）,通用报销单（费用报销）,非自动审批,1
A11,示例集团·子公司甲,AP-2026-000502,付款单,其他专项付款单,人民币,25768.61,,--,2026-06-12,FSSC审核岗,应付成本组,审核员07,审核通过,2026-05-23 19:38:14,2026-05-23 19:38:40,2026-05-23 19:40:53,2026-05-23 22:54:40,,--,,示例集团财务共享中心（本部）,其他专项付款单,非自动审批,1
A11,示例集团·子公司甲,AP-2026-000502,付款单,其他专项付款单,人民币,279810.37,,--,2026-06-12,FSSC审核岗,应付成本组,审核员07,审核通过,2026-05-23 19:38:14,2026-05-23 19:38:40,2026-05-23 19:40:43,2026-05-23 22:57:40,,--,,示例集团财务共享中心（本部）,其他专项付款单,非自动审批,1
A11,示例集团·子公司甲,AP-2026-000502,付款单,其他专项付款单,人民币,101137.74,,--,2026-06-12,FSSC审核岗,应付成本组,审核员07,审核通过,2026-05-23 19:38:14,2026-05-23 19:38:40,2026-05-23 19:44:56,2026-05-23 23:34:40,,--,,示例集团财务共享中心（本部）,其他专项付款单,非自动审批,1
A02,示例集团·乙公司,AP-2026-000503,付款单,应付确认单（物料类）,人民币,39132.1,,--,2026-03-20,FSSC审核岗,应付成本组,审核员05,审核通过,2026-01-19 10:47:13,2026-01-19 10:47:47,2026-01-19 10:48:16,2026-01-19 13:42:47,,--,,示例集团财务共享中心（本部）,应付确认单（物料类）,非自动审批,1
A20,示例集团·子公司癸,AP-2026-000504,通用报销单,应付确认单（物料类）,人民币,10037.3,,--,2026-04-09,FSSC审核岗,应付成本组,审核员04,审核通过,2026-01-15 08:28:25,2026-01-15 08:29:49,2026-01-15 08:36:52,2026-01-15 10:14:49,,--,,示例集团财务共享中心（本部）,应付确认单（物料类）,非自动审批,1
A05,示例集团·戊公司,AP-2026-000505,通用报销单,应付付款单（服务费）,人民币,91611.94,,--,2026-04-24,FSSC审核岗,应付成本组,审核员06,审核通过,2026-03-14 16:28:21,2026-03-14 16:29:12,2026-03-14 16:29:25,2026-03-14 18:09:12,,--,,示例集团财务共享中心（本部）,应付付款单（服务费）,非自动审批,1
A05,示例集团·戊公司,AP-2026-000505,通用报销单,应付付款单（服务费）,人民币,1937.49,,--,2026-04-24,FSSC审核岗,应付成本组,审核员06,审核通过,2026-03-14 16:28:21,2026-03-14 16:29:12,2026-03-14 16:29:36,2026-03-14 17:46:12,,--,,示例集团财务共享中心（本部）,应付付款单（服务费）,非自动审批,1
A17,示例集团·子公司庚,AP-2026-000506,付款单,应付确认单（物料类）,人民币,82937.65,,--,2026-01-11,FSSC审核岗,应付成本组,审核员02,审核通过,2026-06-21 09:01:58,2026-06-21 09:03:42,2026-06-21 09:07:16,2026-06-21 10:41:42,,--,,示例集团财务共享中心（本部）,应付确认单（物料类）,非自动审批,1
A17,示例集团·子公司庚,AP-2026-000506,付款单,应付确认单（物料类）,人民币,392563.12,,--,2026-01-11,FSSC审核岗,应付成本组,审核员02,审核通过,2026-06-21 09:01:58,2026-06-21 09:03:42,2026-06-21 09:11:01,2026-06-21 09:52:42,,--,,示例集团财务共享中心（本部）,应付确认单（物料类）,非自动审批,1
A05,示例集团·戊公司,AP-2026-000507,应付发票,应付付款单（差旅费）,人民币,65537.76,,--,2026-02-27,FSSC审核岗,应付成本组,审核员06,审核驳回,2026-06-08 09:50:18,2026-06-08 09:51:15,2026-06-08 09:51:20,--,,--,,示例集团财务共享中心（本部）,应付付款单（差旅费）,非自动审批,1
A03,示例集团·丙公司,AP-2026-000508,通用报销单,应付付款单（差旅费）,人民币,324116.48,,--,2026-03-05,FSSC审核岗,应付成本组,审核员01,审核通过,2026-02-15 08:20:20,2026-02-15 08:21:16,2026-02-15 08:26:05,2026-02-15 09:53:16,,--,,示例集团财务共享中心（本部）,应付付款单（差旅费）,非自动审批,1
A03,示例集团·丙公司,AP-2026-000508,通用报销单,应付付款单（差旅费）,人民币,10712.34,,--,2026-03-05,FSSC审核岗,应付成本组,审核员01,审核通过,2026-02-15 08:20:20,2026-02-15 08:21:16,2026-02-15 08:27:04,2026-02-15 10:06:16,,--,,示例集团财务共享中心（本部）,应付付款单（差旅费）,非自动审批,1
A04,示例集团·丁公司,AP-2026-000509,通用报销单,其他专项付款单,人民币,1039196.06,,--,2026-01-28,FSSC审核岗,应付成本组,审核员03,审核通过,2026-01-20 08:29:54,2026-01-20 08:31:36,2026-01-20 08:37:44,2026-01-20 11:46:36,,--,,示例集团财务共享中心（本部）,其他专项付款单,非自动审批,1
A04,示例集团·丁公司,AP-2026-000509,通用报销单,其他专项付款单,人民币,278228.95,,--,2026-01-28,FSSC审核岗,应付成本组,审核员03,审核通过,2026-01-20 08:29:54,2026-01-20 08:31:36,2026-01-20 08:36:52,2026-01-20 11:45:36,,--,,示例集团财务共享中心（本部）,其他专项付款单,非自动审批,1
A03,示例集团·丙公司,AP-2026-000510,通用报销单,应付确认单（物料类）,人民币,116582.24,,--,2026-05-20,FSSC审核岗,应付成本组,审核员01,审核通过,2026-03-26 11:57:45,2026-03-26 11:59:07,2026-03-26 12:05:46,2026-03-26 15:15:07,,--,,示例集团财务共享中心（本部）,应付确认单（物料类）,非自动审批,1
A03,示例集团·丙公司,AP-2026-000510,通用报销单,应付确认单（物料类）,人民币,25906.46,,--,2026-05-20,FSSC审核岗,应付成本组,审核员01,审核通过,2026-03-26 11:57:45,2026-03-26 11:59:07,2026-03-26 12:04:29,2026-03-26 15:22:07,,--,,示例集团财务共享中心（本部）,应付确认单（物料类）,非自动审批,1
A11,示例集团·子公司甲,AP-2026-000511,通用报销单,应付确认单（物料类）,人民币,20530.54,,--,2026-03-14,FSSC审核岗,应付成本组,审核员03,审核通过,2026-05-12 12:38:31,2026-05-12 12:40:11,2026-05-12 12:44:42,2026-05-12 14:02:11,,--,,示例集团财务共享中心（本部）,应付确认单（物料类）,非自动审批,1
A08,示例集团·辛公司,AP-2026-000513,通用报销单,应付确认单（物料类）,人民币,54215.91,,--,2026-05-11,FSSC审核岗,应付成本组,审核员05,审核通过,2026-02-20 12:26:32,2026-02-20 12:26:46,2026-02-20 12:34:52,2026-02-20 15:47:46,,--,,示例集团财务共享中心（本部）,应付确认单（物料类）,非自动审批,1
A08,示例集团·辛公司,AP-2026-000513,通用报销单,应付确认单（物料类）,人民币,322510.03,,--,2026-05-11,FSSC审核岗,应付成本组,审核员05,审核通过,2026-02-20 12:26:32,2026-02-20 12:26:46,2026-02-20 12:33:56,2026-02-20 14:57:46,,--,,示例集团财务共享中心（本部）,应付确认单（物料类）,非自动审批,1
A07,示例集团·庚公司,AP-2026-000514,通用报销单,应付确认单（物料类）,人民币,9492.63,,--,2026-02-07,FSSC审核岗,应付成本组,审核员04,审核通过,2026-06-25 13:52:12,2026-06-25 13:52:39,2026-06-25 13:56:52,2026-06-25 16:03:39,,--,,示例集团财务共享中心（本部）,应付确认单（物料类）,非自动审批,1
A07,示例集团·庚公司,AP-2026-000514,通用报销单,应付确认单（物料类）,人民币,60753.18,,--,2026-02-07,FSSC审核岗,应付成本组,审核员04,审核通过,2026-06-25 13:52:12,2026-06-25 13:52:39,2026-06-25 13:59:26,2026-06-25 17:33:39,,--,,示例集团财务共享中心（本部）,应付确认单（物料类）,非自动审批,1
A07,示例集团·庚公司,AP-2026-000514,通用报销单,应付确认单（物料类）,人民币,167360.99,,--,2026-02-07,FSSC审核岗,应付成本组,审核员04,审核通过,2026-06-25 13:52:12,2026-06-25 13:52:39,2026-06-25 13:56:11,2026-06-25 15:57:39,,--,,示例集团财务共享中心（本部）,应付确认单（物料类）,非自动审批,1
A01,示例集团·甲公司,AP-2026-000515,应付发票,应付确认单（物料类）,人民币,219935.22,,--,2026-01-07,FSSC审核岗,应付成本组,审核员03,审核通过,2026-03-25 13:02:14,2026-03-25 13:02:40,2026-03-25 13:09:24,2026-03-25 14:29:40,,--,,示例集团财务共享中心（本部）,应付确认单（物料类）,非自动审批,1
A01,示例集团·甲公司,AP-2026-000515,应付发票,应付确认单（物料类）,人民币,166663.34,,--,2026-01-07,FSSC审核岗,应付成本组,审核员03,审核通过,2026-03-25 13:02:14,2026-03-25 13:02:40,2026-03-25 13:06:45,2026-03-25 15:11:40,,--,,示例集团财务共享中心（本部）,应付确认单（物料类）,非自动审批,1
A02,示例集团·乙公司,AP-2026-000516,通用报销单,应付付款单（材料采购）,人民币,8228.58,,--,2026-03-09,FSSC审核岗,应付成本组,审核员02,审核通过,2026-06-22 10:25:32,2026-06-22 10:27:26,2026-06-22 10:30:01,2026-06-22 11:19:26,,--,,示例集团财务共享中心（本部）,应付付款单（材料采购）,非自动审批,1
A02,示例集团·乙公司,AP-2026-000516,通用报销单,应付付款单（材料采购）,人民币,291994.15,,--,2026-03-09,FSSC审核岗,应付成本组,审核员02,审核通过,2026-06-22 10:25:32,2026-06-22 10:27:26,2026-06-22 10:26:25,2026-06-22 11:04:26,,--,,示例集团财务共享中心（本部）,应付付款单（材料采购）,非自动审批,1
A08,示例集团·辛公司,AP-2026-000517,应付发票,应付确认单（物料类）,人民币,65780.0,,--,2026-02-20,FSSC审核岗,应付成本组,审核员07,审核通过,2026-03-03 09:10:56,2026-03-03 09:11:13,2026-03-03 09:19:48,2026-03-03 10:56:13,,--,,示例集团财务共享中心（本部）,应付确认单（物料类）,非自动审批,1
A18,示例集团·子公司辛,AP-2026-000518,应付发票,应付付款单（材料采购）,人民币,13097.37,,--,2026-04-20,FSSC审核岗,应付成本组,审核员01,审核通过,2026-02-18 12:50:30,2026-02-18 12:51:02,2026-02-18 12:52:22,2026-02-18 14:56:02,,--,,示例集团财务共享中心（本部）,应付付款单（材料采购）,非自动审批,1
A18,示例集团·子公司辛,AP-2026-000518,应付发票,应付付款单（材料采购）,人民币,57882.16,,--,2026-04-20,FSSC审核岗,应付成本组,审核员01,审核通过,2026-02-18 12:50:30,2026-02-18 12:51:02,2026-02-18 12:56:57,2026-02-18 13:23:02,,--,,示例集团财务共享中心（本部）,应付付款单（材料采购）,非自动审批,1
A05,示例集团·戊公司,AP-2026-000520,应付发票,应付确认单（物料类）,人民币,3857.86,,--,2026-03-16,FSSC审核岗,应付成本组,审核员07,审核通过,2026-02-21 20:37:44,2026-02-21 20:38:11,2026-02-21 20:47:42,2026-02-21 21:47:11,,--,,示例集团财务共享中心（本部）,应付确认单（物料类）,非自动审批,1
A05,示例集团·戊公司,AP-2026-000520,应付发票,应付确认单（物料类）,人民币,134540.05,,--,2026-03-16,FSSC审核岗,应付成本组,审核员07,审核通过,2026-02-21 20:37:44,2026-02-21 20:38:11,2026-02-21 20:47:39,2026-02-21 22:43:11,,--,,示例集团财务共享中心（本部）,应付确认单（物料类）,非自动审批,1
A05,示例集团·戊公司,AP-2026-000520,应付发票,应付确认单（物料类）,人民币,50071.47,,--,2026-03-16,FSSC审核岗,应付成本组,审核员07,审核通过,2026-02-21 20:37:44,2026-02-21 20:38:11,2026-02-21 20:43:49,2026-02-21 23:01:11,,--,,示例集团财务共享中心（本部）,应付确认单（物料类）,非自动审批,1
A04,示例集团·丁公司,AP-2026-000521,通用报销单,应付付款单（材料采购）,人民币,10115.64,,--,2026-06-27,FSSC审核岗,应付成本组,审核员02,审核通过,2026-02-03 10:48:24,2026-02-03 10:49:21,2026-02-03 10:54:22,2026-02-03 13:55:21,,--,,示例集团财务共享中心（本部）,应付付款单（材料采购）,非自动审批,1
A04,示例集团·丁公司,AP-2026-000522,应付发票,应付付款单（差旅费）,人民币,39890.47,,--,2026-03-26,FSSC审核岗,应付成本组,审核员03,审核驳回,2026-02-13 08:11:43,2026-02-13 08:12:17,2026-02-13 08:15:54,--,,--,,示例集团财务共享中心（本部）,应付付款单（差旅费）,非自动审批,1
A15,示例集团·子公司戊,AP-2026-000523,付款单,应付付款单（服务费）,人民币,22237.8,,--,2026-03-02,FSSC审核岗,应付成本组,审核员01,审核通过,2026-05-07 18:21:36,2026-05-07 18:23:12,2026-05-07 18:27:13,2026-05-07 21:47:12,,--,,示例集团财务共享中心（本部）,应付付款单（服务费）,非自动审批,1
A15,示例集团·子公司戊,AP-2026-000523,付款单,应付付款单（服务费）,人民币,24318.26,,--,2026-03-02,FSSC审核岗,应付成本组,审核员01,审核通过,2026-05-07 18:21:36,2026-05-07 18:23:12,2026-05-07 18:31:02,2026-05-07 21:52:12,,--,,示例集团财务共享中心（本部）,应付付款单（服务费）,非自动审批,1
A15,示例集团·子公司戊,AP-2026-000523,付款单,应付付款单（服务费）,人民币,2526.41,,--,2026-03-02,FSSC审核岗,应付成本组,审核员01,审核通过,2026-05-07 18:21:36,2026-05-07 18:23:12,2026-05-07 18:26:15,2026-05-07 22:05:12,,--,,示例集团财务共享中心（本部）,应付付款单（服务费）,非自动审批,1
A01,示例集团·甲公司,AP-2026-000524,付款单,通用报销单（费用报销）,人民币,5761.6,,--,2026-04-26,FSSC审核岗,应付成本组,审核员06,审核通过,2026-01-19 20:41:31,2026-01-19 20:42:55,2026-01-19 20:51:17,2026-01-19 23:59:55,,--,,示例集团财务共享中心（本部）,通用报销单（费用报销）,非自动审批,1
A05,示例集团·戊公司,AP-2026-000525,通用报销单,通用报销单（费用报销）,人民币,43408.97,,--,2026-01-25,FSSC审核岗,应付成本组,审核员06,审核通过,2026-01-15 13:50:26,2026-01-15 13:52:15,2026-01-15 13:57:49,2026-01-15 15:34:15,,--,,示例集团财务共享中心（本部）,通用报销单（费用报销）,非自动审批,1
A05,示例集团·戊公司,AP-2026-000525,通用报销单,通用报销单（费用报销）,人民币,34116.93,,--,2026-01-25,FSSC审核岗,应付成本组,审核员06,审核通过,2026-01-15 13:50:26,2026-01-15 13:52:15,2026-01-15 13:54:05,2026-01-15 15:05:15,,--,,示例集团财务共享中心（本部）,通用报销单（费用报销）,非自动审批,1
A12,示例集团·子公司乙,AP-2026-000526,应付发票,应付付款单（差旅费）,人民币,234115.4,,--,2026-05-28,FSSC审核岗,应付成本组,审核员01,审核通过,2026-06-01 15:52:36,2026-06-01 15:53:22,2026-06-01 15:53:34,2026-06-01 19:00:22,,--,,示例集团财务共享中心（本部）,应付付款单（差旅费）,非自动审批,1
A12,示例集团·子公司乙,AP-2026-000526,应付发票,应付付款单（差旅费）,人民币,24723.36,,--,2026-05-28,FSSC审核岗,应付成本组,审核员01,审核通过,2026-06-01 15:52:36,2026-06-01 15:53:22,2026-06-01 15:57:31,2026-06-01 17:37:22,,--,,示例集团财务共享中心（本部）,应付付款单（差旅费）,非自动审批,1
A12,示例集团·子公司乙,AP-2026-000526,应付发票,应付付款单（差旅费）,人民币,28630.45,,--,2026-05-28,FSSC审核岗,应付成本组,审核员01,审核通过,2026-06-01 15:52:36,2026-06-01 15:53:22,2026-06-01 15:56:18,2026-06-01 17:47:22,,--,,示例集团财务共享中心（本部）,应付付款单（差旅费）,非自动审批,1
A06,示例集团·己公司,AP-2026-000527,应付发票,应付付款单（服务费）,人民币,30566.63,,--,2026-03-05,FSSC审核岗,应付成本组,审核员01,审核通过,2026-03-21 20:39:37,2026-03-21 20:40:51,2026-03-21 20:46:38,2026-03-21 22:27:51,,--,,示例集团财务共享中心（本部）,应付付款单（服务费）,非自动审批,1
A02,示例集团·乙公司,AP-2026-000528,付款单,应付确认单（物料类）,人民币,45440.47,,--,2026-03-15,FSSC审核岗,应付成本组,审核员04,审核通过,2026-04-03 10:07:19,2026-04-03 10:07:42,2026-04-03 10:16:06,2026-04-03 11:35:42,,--,,示例集团财务共享中心（本部）,应付确认单（物料类）,非自动审批,1
A02,示例集团·乙公司,AP-2026-000528,付款单,应付确认单（物料类）,人民币,68053.52,,--,2026-03-15,FSSC审核岗,应付成本组,审核员04,审核通过,2026-04-03 10:07:19,2026-04-03 10:07:42,2026-04-03 10:08:48,2026-04-03 11:51:42,,--,,示例集团财务共享中心（本部）,应付确认单（物料类）,非自动审批,1
A02,示例集团·乙公司,AP-2026-000528,付款单,应付确认单（物料类）,人民币,33899.02,,--,2026-03-15,FSSC审核岗,应付成本组,审核员04,审核通过,2026-04-03 10:07:19,2026-04-03 10:07:42,2026-04-03 10:15:51,2026-04-03 10:22:42,,--,,示例集团财务共享中心（本部）,应付确认单（物料类）,非自动审批,1
A04,示例集团·丁公司,AP-2026-000530,付款单,应付确认单（物料类）,人民币,133213.73,,--,2026-03-28,FSSC审核岗,应付成本组,审核员03,审核通过,2026-06-07 12:28:38,2026-06-07 12:30:04,2026-06-07 12:30:11,2026-06-07 15:40:04,,--,,示例集团财务共享中心（本部）,应付确认单（物料类）,非自动审批,1
A04,示例集团·丁公司,AP-2026-000530,付款单,应付确认单（物料类）,人民币,1499000.88,,--,2026-03-28,FSSC审核岗,应付成本组,审核员03,审核通过,2026-06-07 12:28:38,2026-06-07 12:30:04,2026-06-07 12:33:21,2026-06-07 15:17:04,,--,,示例集团财务共享中心（本部）,应付确认单（物料类）,非自动审批,1
A04,示例集团·丁公司,AP-2026-000530,付款单,应付确认单（物料类）,人民币,18852.08,,--,2026-03-28,FSSC审核岗,应付成本组,审核员03,审核通过,2026-06-07 12:28:38,2026-06-07 12:30:04,2026-06-07 12:36:38,2026-06-07 16:28:04,,--,,示例集团财务共享中心（本部）,应付确认单（物料类）,非自动审批,1
A09,示例集团·壬公司,AP-2026-000531,通用报销单,通用报销单（费用报销）,人民币,103627.91,,--,2026-05-05,FSSC审核岗,应付成本组,审核员02,审核通过,2026-04-13 17:51:49,2026-04-13 17:52:32,2026-04-13 17:58:55,2026-04-13 21:05:32,,--,,示例集团财务共享中心（本部）,通用报销单（费用报销）,非自动审批,1
A09,示例集团·壬公司,AP-2026-000531,通用报销单,通用报销单（费用报销）,人民币,62401.01,,--,2026-05-05,FSSC审核岗,应付成本组,审核员02,审核通过,2026-04-13 17:51:49,2026-04-13 17:52:32,2026-04-13 17:52:20,2026-04-13 21:01:32,,--,,示例集团财务共享中心（本部）,通用报销单（费用报销）,非自动审批,1
A03,示例集团·丙公司,AP-2026-000532,通用报销单,应付付款单（服务费）,人民币,259327.84,,--,2026-06-13,FSSC审核岗,应付成本组,审核员06,审核通过,2026-05-28 10:26:27,2026-05-28 10:28:23,2026-05-28 10:26:56,2026-05-28 14:38:23,,--,,示例集团财务共享中心（本部）,应付付款单（服务费）,非自动审批,1
A03,示例集团·丙公司,AP-2026-000532,通用报销单,应付付款单（服务费）,人民币,79554.68,,--,2026-06-13,FSSC审核岗,应付成本组,审核员06,审核通过,2026-05-28 10:26:27,2026-05-28 10:28:23,2026-05-28 10:29:41,2026-05-28 13:52:23,,--,,示例集团财务共享中心（本部）,应付付款单（服务费）,非自动审批,1
A08,示例集团·辛公司,AP-2026-000533,通用报销单,应付付款单（材料采购）,人民币,21654.5,,--,2026-02-06,FSSC审核岗,应付成本组,审核员07,审核通过,2026-06-18 12:43:03,2026-06-18 12:44:33,2026-06-18 12:44:50,2026-06-18 16:05:33,,--,,示例集团财务共享中心（本部）,应付付款单（材料采购）,非自动审批,1
A08,示例集团·辛公司,AP-2026-000533,通用报销单,应付付款单（材料采购）,人民币,11718.51,,--,2026-02-06,FSSC审核岗,应付成本组,审核员07,审核通过,2026-06-18 12:43:03,2026-06-18 12:44:33,2026-06-18 12:48:09,2026-06-18 16:18:33,,--,,示例集团财务共享中心（本部）,应付付款单（材料采购）,非自动审批,1
A01,示例集团·甲公司,AP-2026-000534,付款单,其他专项付款单,人民币,140742.24,,--,2026-04-17,FSSC审核岗,应付成本组,审核员06,审核通过,2026-01-14 15:10:30,2026-01-14 15:11:35,2026-01-14 15:13:58,2026-01-14 15:29:35,,--,,示例集团财务共享中心（本部）,其他专项付款单,非自动审批,1
A01,示例集团·甲公司,AP-2026-000534,付款单,其他专项付款单,人民币,13130.29,,--,2026-04-17,FSSC审核岗,应付成本组,审核员06,审核通过,2026-01-14 15:10:30,2026-01-14 15:11:35,2026-01-14 15:15:59,2026-01-14 17:15:35,,--,,示例集团财务共享中心（本部）,其他专项付款单,非自动审批,1
A01,示例集团·甲公司,AP-2026-000534,付款单,其他专项付款单,人民币,314027.76,,--,2026-04-17,FSSC审核岗,应付成本组,审核员06,审核通过,2026-01-14 15:10:30,2026-01-14 15:11:35,2026-01-14 15:10:46,2026-01-14 16:44:35,,--,,示例集团财务共享中心（本部）,其他专项付款单,非自动审批,1
A12,示例集团·子公司乙,AP-2026-000535,通用报销单,应付付款单（服务费）,人民币,129893.45,,--,2026-01-04,FSSC审核岗,应付成本组,审核员01,审核驳回,2026-02-11 18:48:01,2026-02-11 18:49:01,2026-02-11 18:54:26,--,,--,,示例集团财务共享中心（本部）,应付付款单（服务费）,非自动审批,1
A12,示例集团·子公司乙,AP-2026-000535,通用报销单,应付付款单（服务费）,人民币,67602.0,,--,2026-01-04,FSSC审核岗,应付成本组,审核员01,审核驳回,2026-02-11 18:48:01,2026-02-11 18:49:01,2026-02-11 18:50:17,--,,--,,示例集团财务共享中心（本部）,应付付款单（服务费）,非自动审批,1
A12,示例集团·子公司乙,AP-2026-000535,通用报销单,应付付款单（服务费）,人民币,9536.13,,--,2026-01-04,FSSC审核岗,应付成本组,审核员01,审核驳回,2026-02-11 18:48:01,2026-02-11 18:49:01,2026-02-11 18:51:57,--,,--,,示例集团财务共享中心（本部）,应付付款单（服务费）,非自动审批,1
A10,示例集团·癸公司,AP-2026-000538,应付发票,应付付款单（服务费）,人民币,154114.7,,--,2026-05-08,FSSC审核岗,应付成本组,审核员03,审核通过,2026-03-14 08:01:14,2026-03-14 08:01:39,2026-03-14 08:03:47,2026-03-14 11:10:39,,--,,示例集团财务共享中心（本部）,应付付款单（服务费）,非自动审批,1
A01,示例集团·甲公司,AP-2026-000539,通用报销单,应付确认单（物料类）,人民币,575775.15,,--,2026-02-11,FSSC审核岗,应付成本组,审核员06,审核通过,2026-01-20 12:00:00,2026-01-20 12:00:55,2026-01-20 12:07:56,2026-01-20 13:08:55,,--,,示例集团财务共享中心（本部）,应付确认单（物料类）,非自动审批,1
A01,示例集团·甲公司,AP-2026-000539,通用报销单,应付确认单（物料类）,人民币,33019.95,,--,2026-02-11,FSSC审核岗,应付成本组,审核员06,审核通过,2026-01-20 12:00:00,2026-01-20 12:00:55,2026-01-20 12:05:57,2026-01-20 14:14:55,,--,,示例集团财务共享中心（本部）,应付确认单（物料类）,非自动审批,1
A01,示例集团·甲公司,AP-2026-000539,通用报销单,应付确认单（物料类）,人民币,21190.96,,--,2026-02-11,FSSC审核岗,应付成本组,审核员06,审核通过,2026-01-20 12:00:00,2026-01-20 12:00:55,2026-01-20 12:03:35,2026-01-20 14:17:55,,--,,示例集团财务共享中心（本部）,应付确认单（物料类）,非自动审批,1
A07,示例集团·庚公司,AP-2026-000540,通用报销单,其他专项付款单,人民币,52636.44,,--,2026-04-08,FSSC审核岗,应付成本组,审核员02,审核通过,2026-01-09 18:39:26,2026-01-09 18:39:35,2026-01-09 18:47:13,2026-01-09 20:06:35,,--,,示例集团财务共享中心（本部）,其他专项付款单,非自动审批,1
A07,示例集团·庚公司,AP-2026-000540,通用报销单,其他专项付款单,人民币,115118.72,,--,2026-04-08,FSSC审核岗,应付成本组,审核员02,审核通过,2026-01-09 18:39:26,2026-01-09 18:39:35,2026-01-09 18:42:14,2026-01-09 19:41:35,,--,,示例集团财务共享中心（本部）,其他专项付款单,非自动审批,1
A10,示例集团·癸公司,AP-2026-000541,应付发票,应付确认单（物料类）,人民币,28461.09,,--,2026-04-09,FSSC审核岗,应付成本组,审核员04,审核通过,2026-02-21 19:25:43,2026-02-21 19:27:22,2026-02-21 19:28:02,2026-02-21 23:22:22,,--,,示例集团财务共享中心（本部）,应付确认单（物料类）,非自动审批,1
A01,示例集团·甲公司,AP-2026-000542,通用报销单,通用报销单（费用报销）,人民币,210844.76,,--,2026-01-17,FSSC审核岗,应付成本组,审核员04,审核通过,2026-05-17 17:45:15,2026-05-17 17:45:18,2026-05-17 17:48:28,2026-05-17 21:16:18,,--,,示例集团财务共享中心（本部）,通用报销单（费用报销）,非自动审批,1
A07,示例集团·庚公司,AP-2026-000543,通用报销单,应付付款单（材料采购）,人民币,868918.98,,--,2026-06-10,FSSC审核岗,应付成本组,审核员03,审核通过,2026-01-07 18:03:15,2026-01-07 18:04:48,2026-01-07 18:10:12,2026-01-07 22:28:48,,--,,示例集团财务共享中心（本部）,应付付款单（材料采购）,非自动审批,1
A07,示例集团·庚公司,AP-2026-000543,通用报销单,应付付款单（材料采购）,人民币,95067.67,,--,2026-06-10,FSSC审核岗,应付成本组,审核员03,审核通过,2026-01-07 18:03:15,2026-01-07 18:04:48,2026-01-07 18:04:09,2026-01-07 21:01:48,,--,,示例集团财务共享中心（本部）,应付付款单（材料采购）,非自动审批,1
A07,示例集团·庚公司,AP-2026-000544,付款单,其他专项付款单,人民币,37987.77,,--,2026-03-14,FSSC审核岗,应付成本组,审核员04,审核通过,2026-04-25 08:15:41,2026-04-25 08:16:24,2026-04-25 08:17:19,2026-04-25 11:40:24,,--,,示例集团财务共享中心（本部）,其他专项付款单,非自动审批,1
A07,示例集团·庚公司,AP-2026-000544,付款单,其他专项付款单,人民币,110857.99,,--,2026-03-14,FSSC审核岗,应付成本组,审核员04,审核通过,2026-04-25 08:15:41,2026-04-25 08:16:24,2026-04-25 08:22:54,2026-04-25 10:30:24,,--,,示例集团财务共享中心（本部）,其他专项付款单,非自动审批,1
A05,示例集团·戊公司,AP-2026-000545,付款单,其他专项付款单,人民币,311208.81,,--,2026-06-03,FSSC审核岗,应付成本组,审核员05,审核通过,2026-05-02 18:09:22,2026-05-02 18:09:34,2026-05-02 18:16:40,2026-05-02 20:32:34,,--,,示例集团财务共享中心（本部）,其他专项付款单,非自动审批,1
A04,示例集团·丁公司,AP-2026-000547,应付发票,其他专项付款单,人民币,74868.71,,--,2026-03-20,FSSC审核岗,应付成本组,审核员03,审核通过,2026-01-05 20:30:50,2026-01-05 20:31:39,2026-01-05 20:36:46,2026-01-05 22:41:39,,--,,示例集团财务共享中心（本部）,其他专项付款单,非自动审批,1
A04,示例集团·丁公司,AP-2026-000547,应付发票,其他专项付款单,人民币,118081.82,,--,2026-03-20,FSSC审核岗,应付成本组,审核员03,审核通过,2026-01-05 20:30:50,2026-01-05 20:31:39,2026-01-05 20:38:11,2026-01-05 23:20:39,,--,,示例集团财务共享中心（本部）,其他专项付款单,非自动审批,1
A06,示例集团·己公司,AP-2026-000548,应付发票,应付付款单（服务费）,人民币,160600.09,,--,2026-06-10,FSSC审核岗,应付成本组,审核员03,审核通过,2026-01-18 17:30:26,2026-01-18 17:30:44,2026-01-18 17:34:43,2026-01-18 21:26:44,,--,,示例集团财务共享中心（本部）,应付付款单（服务费）,非自动审批,1
A09,示例集团·壬公司,AP-2026-000549,通用报销单,应付付款单（材料采购）,人民币,17577.51,,--,2026-03-14,FSSC审核岗,应付成本组,审核员03,审核通过,2026-01-13 15:20:19,2026-01-13 15:20:29,2026-01-13 15:21:27,2026-01-13 17:24:29,,--,,示例集团财务共享中心（本部）,应付付款单（材料采购）,非自动审批,1
A09,示例集团·壬公司,AP-2026-000549,通用报销单,应付付款单（材料采购）,人民币,113865.12,,--,2026-03-14,FSSC审核岗,应付成本组,审核员03,审核通过,2026-01-13 15:20:19,2026-01-13 15:20:29,2026-01-13 15:28:14,2026-01-13 18:38:29,,--,,示例集团财务共享中心（本部）,应付付款单（材料采购）,非自动审批,1
A02,示例集团·乙公司,AP-2026-000550,付款单,应付确认单（物料类）,人民币,9147.83,,--,2026-06-25,FSSC审核岗,应付成本组,审核员07,审核驳回,2026-04-17 19:32:25,2026-04-17 19:33:13,2026-04-17 19:32:42,--,,--,,示例集团财务共享中心（本部）,应付确认单（物料类）,非自动审批,1
A08,示例集团·辛公司,AP-2026-000551,通用报销单,应付付款单（差旅费）,人民币,23817.99,,--,2026-02-15,FSSC审核岗,应付成本组,审核员02,审核通过,2026-01-08 17:38:36,2026-01-08 17:38:57,2026-01-08 17:46:13,2026-01-08 18:53:57,,--,,示例集团财务共享中心（本部）,应付付款单（差旅费）,非自动审批,1
A08,示例集团·辛公司,AP-2026-000551,通用报销单,应付付款单（差旅费）,人民币,297725.55,,--,2026-02-15,FSSC审核岗,应付成本组,审核员02,审核通过,2026-01-08 17:38:36,2026-01-08 17:38:57,2026-01-08 17:47:05,2026-01-08 17:48:57,,--,,示例集团财务共享中心（本部）,应付付款单（差旅费）,非自动审批,1
A05,示例集团·戊公司,AP-2026-000552,通用报销单,应付确认单（物料类）,人民币,202693.31,,--,2026-05-27,FSSC审核岗,应付成本组,审核员03,审核通过,2026-01-10 16:35:39,2026-01-10 16:36:28,2026-01-10 16:41:15,2026-01-10 20:07:28,,--,,示例集团财务共享中心（本部）,应付确认单（物料类）,非自动审批,1
A11,示例集团·子公司甲,AP-2026-000553,付款单,应付确认单（物料类）,人民币,41017.25,,--,2026-02-24,FSSC审核岗,应付成本组,审核员02,审核通过,2026-06-01 10:52:32,2026-06-01 10:52:45,2026-06-01 10:55:44,2026-06-01 11:21:45,,--,,示例集团财务共享中心（本部）,应付确认单（物料类）,非自动审批,1
A02,示例集团·乙公司,AP-2026-000554,付款单,其他专项付款单,人民币,652202.78,,--,2026-06-07,FSSC审核岗,应付成本组,审核员05,审核驳回,2026-01-04 15:37:06,2026-01-04 15:37:30,2026-01-04 15:43:48,--,,--,,示例集团财务共享中心（本部）,其他专项付款单,非自动审批,1
A07,示例集团·庚公司,AP-2026-000555,付款单,应付付款单（服务费）,人民币,9563.74,,--,2026-02-06,FSSC审核岗,应付成本组,审核员07,审核通过,2026-03-13 09:17:26,2026-03-13 09:17:30,2026-03-13 09:21:03,2026-03-13 13:31:30,,--,,示例集团财务共享中心（本部）,应付付款单（服务费）,非自动审批,1
A07,示例集团·庚公司,AP-2026-000555,付款单,应付付款单（服务费）,人民币,44930.73,,--,2026-02-06,FSSC审核岗,应付成本组,审核员07,审核通过,2026-03-13 09:17:26,2026-03-13 09:17:30,2026-03-13 09:20:40,2026-03-13 12:18:30,,--,,示例集团财务共享中心（本部）,应付付款单（服务费）,非自动审批,1
A07,示例集团·庚公司,AP-2026-000555,付款单,应付付款单（服务费）,人民币,88004.74,,--,2026-02-06,FSSC审核岗,应付成本组,审核员07,审核通过,2026-03-13 09:17:26,2026-03-13 09:17:30,2026-03-13 09:23:49,2026-03-13 13:30:30,,--,,示例集团财务共享中心（本部）,应付付款单（服务费）,非自动审批,1
A09,示例集团·壬公司,AP-2026-000556,付款单,应付付款单（服务费）,人民币,1174.33,,--,2026-05-02,FSSC审核岗,应付成本组,审核员05,审核通过,2026-04-26 08:25:12,2026-04-26 08:26:50,2026-04-26 08:29:17,2026-04-26 11:13:50,,--,,示例集团财务共享中心（本部）,应付付款单（服务费）,非自动审批,1
A09,示例集团·壬公司,AP-2026-000556,付款单,应付付款单（服务费）,人民币,48015.18,,--,2026-05-02,FSSC审核岗,应付成本组,审核员05,审核通过,2026-04-26 08:25:12,2026-04-26 08:26:50,2026-04-26 08:29:18,2026-04-26 09:38:50,,--,,示例集团财务共享中心（本部）,应付付款单（服务费）,非自动审批,1
A09,示例集团·壬公司,AP-2026-000556,付款单,应付付款单（服务费）,人民币,12403.11,,--,2026-05-02,FSSC审核岗,应付成本组,审核员05,审核通过,2026-04-26 08:25:12,2026-04-26 08:26:50,2026-04-26 08:31:41,2026-04-26 10:10:50,,--,,示例集团财务共享中心（本部）,应付付款单（服务费）,非自动审批,1
A04,示例集团·丁公司,AP-2026-000557,应付发票,应付付款单（服务费）,人民币,12804.71,,--,2026-04-27,FSSC审核岗,应付成本组,审核员07,审核通过,2026-01-13 14:39:26,2026-01-13 14:41:18,2026-01-13 14:45:03,2026-01-13 16:17:18,,--,,示例集团财务共享中心（本部）,应付付款单（服务费）,非自动审批,1
A04,示例集团·丁公司,AP-2026-000557,应付发票,应付付款单（服务费）,人民币,40899.71,,--,2026-04-27,FSSC审核岗,应付成本组,审核员07,审核通过,2026-01-13 14:39:26,2026-01-13 14:41:18,2026-01-13 14:46:44,2026-01-13 16:49:18,,--,,示例集团财务共享中心（本部）,应付付款单（服务费）,非自动审批,1
A04,示例集团·丁公司,AP-2026-000557,应付发票,应付付款单（服务费）,人民币,4647.47,,--,2026-04-27,FSSC审核岗,应付成本组,审核员07,审核通过,2026-01-13 14:39:26,2026-01-13 14:41:18,2026-01-13 14:47:40,2026-01-13 17:51:18,,--,,示例集团财务共享中心（本部）,应付付款单（服务费）,非自动审批,1
A03,示例集团·丙公司,AP-2026-000559,通用报销单,应付付款单（差旅费）,人民币,19319.23,,--,2026-03-16,FSSC审核岗,应付成本组,审核员07,审核通过,2026-04-04 19:24:57,2026-04-04 19:25:22,2026-04-04 19:28:19,2026-04-04 22:47:22,,--,,示例集团财务共享中心（本部）,应付付款单（差旅费）,非自动审批,1
A03,示例集团·丙公司,AP-2026-000559,通用报销单,应付付款单（差旅费）,人民币,4802.08,,--,2026-03-16,FSSC审核岗,应付成本组,审核员07,审核通过,2026-04-04 19:24:57,2026-04-04 19:25:22,2026-04-04 19:26:57,2026-04-04 23:59:22,,--,,示例集团财务共享中心（本部）,应付付款单（差旅费）,非自动审批,1
A11,示例集团·子公司甲,AP-2026-000560,通用报销单,应付付款单（差旅费）,人民币,71203.83,,--,2026-06-18,FSSC审核岗,应付成本组,审核员05,审核通过,2026-06-15 09:31:17,2026-06-15 09:31:48,2026-06-15 09:33:58,2026-06-15 11:09:48,,--,,示例集团财务共享中心（本部）,应付付款单（差旅费）,非自动审批,1
A02,示例集团·乙公司,AP-2026-000561,通用报销单,应付付款单（差旅费）,人民币,69292.1,,--,2026-06-25,FSSC审核岗,应付成本组,审核员07,审核通过,2026-01-09 18:31:40,2026-01-09 18:31:56,2026-01-09 18:36:21,2026-01-09 22:15:56,,--,,示例集团财务共享中心（本部）,应付付款单（差旅费）,非自动审批,1
A02,示例集团·乙公司,AP-2026-000561,通用报销单,应付付款单（差旅费）,人民币,36755.12,,--,2026-06-25,FSSC审核岗,应付成本组,审核员07,审核通过,2026-01-09 18:31:40,2026-01-09 18:31:56,2026-01-09 18:40:51,2026-01-09 23:03:56,,--,,示例集团财务共享中心（本部）,应付付款单（差旅费）,非自动审批,1
A02,示例集团·乙公司,AP-2026-000561,通用报销单,应付付款单（差旅费）,人民币,241596.25,,--,2026-06-25,FSSC审核岗,应付成本组,审核员07,审核通过,2026-01-09 18:31:40,2026-01-09 18:31:56,2026-01-09 18:37:32,2026-01-09 22:43:56,,--,,示例集团财务共享中心（本部）,应付付款单（差旅费）,非自动审批,1
A13,示例集团·子公司丙,AP-2026-000562,付款单,其他专项付款单,人民币,39552.03,,--,2026-01-20,FSSC审核岗,应付成本组,审核员06,审核通过,2026-04-13 19:48:34,2026-04-13 19:49:23,2026-04-13 19:50:37,2026-04-13 23:51:23,,--,,示例集团财务共享中心（本部）,其他专项付款单,非自动审批,1
A13,示例集团·子公司丙,AP-2026-000562,付款单,其他专项付款单,人民币,57970.37,,--,2026-01-20,FSSC审核岗,应付成本组,审核员06,审核通过,2026-04-13 19:48:34,2026-04-13 19:49:23,2026-04-13 19:49:09,2026-04-13 22:56:23,,--,,示例集团财务共享中心（本部）,其他专项付款单,非自动审批,1
A01,示例集团·甲公司,AP-2026-000563,应付发票,应付付款单（材料采购）,人民币,16841.46,,--,2026-06-24,FSSC审核岗,应付成本组,审核员01,审核通过,2026-03-24 09:36:32,2026-03-24 09:38:22,2026-03-24 09:37:52,2026-03-24 12:49:22,,--,,示例集团财务共享中心（本部）,应付付款单（材料采购）,非自动审批,1
A01,示例集团·甲公司,AP-2026-000563,应付发票,应付付款单（材料采购）,人民币,2381.33,,--,2026-06-24,FSSC审核岗,应付成本组,审核员01,审核通过,2026-03-24 09:36:32,2026-03-24 09:38:22,2026-03-24 09:37:48,2026-03-24 11:41:22,,--,,示例集团财务共享中心（本部）,应付付款单（材料采购）,非自动审批,1
A02,示例集团·乙公司,AP-2026-000564,通用报销单,其他专项付款单,人民币,48850.72,,--,2026-01-25,FSSC审核岗,应付成本组,审核员03,审核通过,2026-01-26 10:34:21,2026-01-26 10:35:37,2026-01-26 10:43:07,2026-01-26 11:37:37,,--,,示例集团财务共享中心（本部）,其他专项付款单,非自动审批,1
A02,示例集团·乙公司,AP-2026-000564,通用报销单,其他专项付款单,人民币,40687.35,,--,2026-01-25,FSSC审核岗,应付成本组,审核员03,审核通过,2026-01-26 10:34:21,2026-01-26 10:35:37,2026-01-26 10:39:54,2026-01-26 11:45:37,,--,,示例集团财务共享中心（本部）,其他专项付款单,非自动审批,1
A02,示例集团·乙公司,AP-2026-000564,通用报销单,其他专项付款单,人民币,655971.19,,--,2026-01-25,FSSC审核岗,应付成本组,审核员03,审核通过,2026-01-26 10:34:21,2026-01-26 10:35:37,2026-01-26 10:35:22,2026-01-26 12:50:37,,--,,示例集团财务共享中心（本部）,其他专项付款单,非自动审批,1
A12,示例集团·子公司乙,AP-2026-000565,应付发票,应付付款单（材料采购）,人民币,152424.46,,--,2026-02-20,FSSC审核岗,应付成本组,审核员04,审核通过,2026-03-22 20:52:47,2026-03-22 20:54:04,2026-03-22 20:59:37,2026-03-22 23:56:04,,--,,示例集团财务共享中心（本部）,应付付款单（材料采购）,非自动审批,1
A12,示例集团·子公司乙,AP-2026-000565,应付发票,应付付款单（材料采购）,人民币,33578.14,,--,2026-02-20,FSSC审核岗,应付成本组,审核员04,审核通过,2026-03-22 20:52:47,2026-03-22 20:54:04,2026-03-22 20:59:10,2026-03-22 23:49:04,,--,,示例集团财务共享中心（本部）,应付付款单（材料采购）,非自动审批,1
A07,示例集团·庚公司,AP-2026-000566,付款单,通用报销单（费用报销）,人民币,73008.29,,--,2026-04-13,FSSC审核岗,应付成本组,审核员03,审核通过,2026-04-05 19:14:41,2026-04-05 19:16:41,2026-04-05 19:18:18,2026-04-05 21:52:41,,--,,示例集团财务共享中心（本部）,通用报销单（费用报销）,非自动审批,1
A07,示例集团·庚公司,AP-2026-000566,付款单,通用报销单（费用报销）,人民币,213165.72,,--,2026-04-13,FSSC审核岗,应付成本组,审核员03,审核通过,2026-04-05 19:14:41,2026-04-05 19:16:41,2026-04-05 19:18:54,2026-04-05 20:15:41,,--,,示例集团财务共享中心（本部）,通用报销单（费用报销）,非自动审批,1
A04,示例集团·丁公司,AP-2026-000567,应付发票,应付确认单（物料类）,人民币,123433.4,,--,2026-01-12,FSSC审核岗,应付成本组,审核员04,审核通过,2026-06-03 16:46:37,2026-06-03 16:48:07,2026-06-03 16:53:04,2026-06-03 19:08:07,,--,,示例集团财务共享中心（本部）,应付确认单（物料类）,非自动审批,1
A04,示例集团·丁公司,AP-2026-000567,应付发票,应付确认单（物料类）,人民币,619376.23,,--,2026-01-12,FSSC审核岗,应付成本组,审核员04,审核通过,2026-06-03 16:46:37,2026-06-03 16:48:07,2026-06-03 16:51:56,2026-06-03 18:03:07,,--,,示例集团财务共享中心（本部）,应付确认单（物料类）,非自动审批,1
A04,示例集团·丁公司,AP-2026-000567,应付发票,应付确认单（物料类）,人民币,19827.89,,--,2026-01-12,FSSC审核岗,应付成本组,审核员04,审核通过,2026-06-03 16:46:37,2026-06-03 16:48:07,2026-06-03 16:54:43,2026-06-03 19:08:07,,--,,示例集团财务共享中心（本部）,应付确认单（物料类）,非自动审批,1
A12,示例集团·子公司乙,AP-2026-000568,付款单,其他专项付款单,人民币,234461.78,,--,2026-01-06,FSSC审核岗,应付成本组,审核员04,审核通过,2026-06-23 15:19:07,2026-06-23 15:19:34,2026-06-23 15:28:30,2026-06-23 18:11:34,,--,,示例集团财务共享中心（本部）,其他专项付款单,非自动审批,1
A08,示例集团·辛公司,AP-2026-000569,通用报销单,其他专项付款单,人民币,33122.85,,--,2026-04-14,FSSC审核岗,应付成本组,审核员02,审核通过,2026-04-02 09:22:42,2026-04-02 09:22:49,2026-04-02 09:27:21,2026-04-02 10:23:49,,--,,示例集团财务共享中心（本部）,其他专项付款单,非自动审批,1
A08,示例集团·辛公司,AP-2026-000569,通用报销单,其他专项付款单,人民币,78516.42,,--,2026-04-14,FSSC审核岗,应付成本组,审核员02,审核通过,2026-04-02 09:22:42,2026-04-02 09:22:49,2026-04-02 09:30:33,2026-04-02 11:52:49,,--,,示例集团财务共享中心（本部）,其他专项付款单,非自动审批,1
A02,示例集团·乙公司,AP-2026-000570,通用报销单,应付付款单（服务费）,人民币,27426.15,,--,2026-03-10,FSSC审核岗,应付成本组,审核员03,审核通过,2026-03-21 19:25:34,2026-03-21 19:27:16,2026-03-21 19:28:14,2026-03-21 22:32:16,,--,,示例集团财务共享中心（本部）,应付付款单（服务费）,非自动审批,1
A02,示例集团·乙公司,AP-2026-000570,通用报销单,应付付款单（服务费）,人民币,49079.1,,--,2026-03-10,FSSC审核岗,应付成本组,审核员03,审核通过,2026-03-21 19:25:34,2026-03-21 19:27:16,2026-03-21 19:33:37,2026-03-21 22:21:16,,--,,示例集团财务共享中心（本部）,应付付款单（服务费）,非自动审批,1
A02,示例集团·乙公司,AP-2026-000570,通用报销单,应付付款单（服务费）,人民币,80514.04,,--,2026-03-10,FSSC审核岗,应付成本组,审核员03,审核通过,2026-03-21 19:25:34,2026-03-21 19:27:16,2026-03-21 19:30:20,2026-03-21 23:16:16,,--,,示例集团财务共享中心（本部）,应付付款单（服务费）,非自动审批,1
A03,示例集团·丙公司,AP-2026-000572,通用报销单,其他专项付款单,人民币,137386.72,,--,2026-03-23,FSSC审核岗,应付成本组,审核员03,审核通过,2026-02-13 19:02:01,2026-02-13 19:03:46,2026-02-13 19:05:04,2026-02-13 22:32:46,,--,,示例集团财务共享中心（本部）,其他专项付款单,非自动审批,1
A03,示例集团·丙公司,AP-2026-000572,通用报销单,其他专项付款单,人民币,65244.69,,--,2026-03-23,FSSC审核岗,应付成本组,审核员03,审核通过,2026-02-13 19:02:01,2026-02-13 19:03:46,2026-02-13 19:06:00,2026-02-13 23:12:46,,--,,示例集团财务共享中心（本部）,其他专项付款单,非自动审批,1
A09,示例集团·壬公司,AP-2026-000573,付款单,通用报销单（费用报销）,人民币,1843.44,,--,2026-06-25,FSSC审核岗,应付成本组,审核员01,审核通过,2026-04-04 10:56:23,2026-04-04 10:56:47,2026-04-04 11:06:11,2026-04-04 12:34:47,,--,,示例集团财务共享中心（本部）,通用报销单（费用报销）,非自动审批,1
A09,示例集团·壬公司,AP-2026-000573,付款单,通用报销单（费用报销）,人民币,53759.29,,--,2026-06-25,FSSC审核岗,应付成本组,审核员01,审核通过,2026-04-04 10:56:23,2026-04-04 10:56:47,2026-04-04 11:04:34,2026-04-04 11:10:47,,--,,示例集团财务共享中心（本部）,通用报销单（费用报销）,非自动审批,1
A09,示例集团·壬公司,AP-2026-000573,付款单,通用报销单（费用报销）,人民币,469095.23,,--,2026-06-25,FSSC审核岗,应付成本组,审核员01,审核通过,2026-04-04 10:56:23,2026-04-04 10:56:47,2026-04-04 11:04:12,2026-04-04 12:21:47,,--,,示例集团财务共享中心（本部）,通用报销单（费用报销）,非自动审批,1
A07,示例集团·庚公司,AP-2026-000574,通用报销单,应付确认单（物料类）,人民币,53166.27,,--,2026-02-25,FSSC审核岗,应付成本组,审核员02,审核驳回,2026-05-17 12:23:45,2026-05-17 12:24:40,2026-05-17 12:30:18,--,,--,,示例集团财务共享中心（本部）,应付确认单（物料类）,非自动审批,1
A07,示例集团·庚公司,AP-2026-000574,通用报销单,应付确认单（物料类）,人民币,487904.31,,--,2026-02-25,FSSC审核岗,应付成本组,审核员02,审核驳回,2026-05-17 12:23:45,2026-05-17 12:24:40,2026-05-17 12:30:24,--,,--,,示例集团财务共享中心（本部）,应付确认单（物料类）,非自动审批,1
A07,示例集团·庚公司,AP-2026-000574,通用报销单,应付确认单（物料类）,人民币,50600.9,,--,2026-02-25,FSSC审核岗,应付成本组,审核员02,审核驳回,2026-05-17 12:23:45,2026-05-17 12:24:40,2026-05-17 12:32:56,--,,--,,示例集团财务共享中心（本部）,应付确认单（物料类）,非自动审批,1
A03,示例集团·丙公司,AP-2026-000576,应付发票,应付确认单（物料类）,人民币,6629.11,,--,2026-03-18,FSSC审核岗,应付成本组,审核员03,审核通过,2026-06-21 10:25:35,2026-06-21 10:26:08,2026-06-21 10:32:08,2026-06-21 13:25:08,,--,,示例集团财务共享中心（本部）,应付确认单（物料类）,非自动审批,1
A03,示例集团·丙公司,AP-2026-000576,应付发票,应付确认单（物料类）,人民币,32658.59,,--,2026-03-18,FSSC审核岗,应付成本组,审核员03,审核通过,2026-06-21 10:25:35,2026-06-21 10:26:08,2026-06-21 10:31:48,2026-06-21 14:38:08,,--,,示例集团财务共享中心（本部）,应付确认单（物料类）,非自动审批,1
A01,示例集团·甲公司,AP-2026-000578,付款单,应付确认单（物料类）,人民币,27397.11,,--,2026-01-18,FSSC审核岗,应付成本组,审核员01,审核通过,2026-04-21 09:24:20,2026-04-21 09:26:00,2026-04-21 09:34:06,2026-04-21 11:07:00,,--,,示例集团财务共享中心（本部）,应付确认单（物料类）,非自动审批,1
A14,示例集团·子公司丁,AP-2026-000580,应付发票,应付付款单（服务费）,人民币,43419.06,,--,2026-02-13,FSSC审核岗,应付成本组,审核员07,审核通过,2026-05-24 18:51:10,2026-05-24 18:52:27,2026-05-24 18:57:15,2026-05-24 22:09:27,,--,,示例集团财务共享中心（本部）,应付付款单（服务费）,非自动审批,1
A08,示例集团·辛公司,AP-2026-000581,应付发票,应付确认单（物料类）,人民币,11390.72,,--,2026-02-09,FSSC审核岗,应付成本组,审核员04,审核通过,2026-05-21 13:46:05,2026-05-21 13:47:32,2026-05-21 13:47:40,2026-05-21 18:03:32,,--,,示例集团财务共享中心（本部）,应付确认单（物料类）,非自动审批,1
A08,示例集团·辛公司,AP-2026-000581,应付发票,应付确认单（物料类）,人民币,59139.24,,--,2026-02-09,FSSC审核岗,应付成本组,审核员04,审核通过,2026-05-21 13:46:05,2026-05-21 13:47:32,2026-05-21 13:52:42,2026-05-21 17:41:32,,--,,示例集团财务共享中心（本部）,应付确认单（物料类）,非自动审批,1
A08,示例集团·辛公司,AP-2026-000581,应付发票,应付确认单（物料类）,人民币,37814.06,,--,2026-02-09,FSSC审核岗,应付成本组,审核员04,审核通过,2026-05-21 13:46:05,2026-05-21 13:47:32,2026-05-21 13:55:36,2026-05-21 16:48:32,,--,,示例集团财务共享中心（本部）,应付确认单（物料类）,非自动审批,1
A05,示例集团·戊公司,AP-2026-000582,通用报销单,应付付款单（材料采购）,人民币,363308.13,,--,2026-02-23,FSSC审核岗,应付成本组,审核员03,审核通过,2026-02-28 09:20:16,2026-02-28 09:20:57,2026-02-28 09:21:41,2026-02-28 10:47:57,,--,,示例集团财务共享中心（本部）,应付付款单（材料采购）,非自动审批,1
A05,示例集团·戊公司,AP-2026-000582,通用报销单,应付付款单（材料采购）,人民币,11000.19,,--,2026-02-23,FSSC审核岗,应付成本组,审核员03,审核通过,2026-02-28 09:20:16,2026-02-28 09:20:57,2026-02-28 09:24:02,2026-02-28 11:38:57,,--,,示例集团财务共享中心（本部）,应付付款单（材料采购）,非自动审批,1
A05,示例集团·戊公司,AP-2026-000582,通用报销单,应付付款单（材料采购）,人民币,84451.79,,--,2026-02-23,FSSC审核岗,应付成本组,审核员03,审核通过,2026-02-28 09:20:16,2026-02-28 09:20:57,2026-02-28 09:26:50,2026-02-28 10:21:57,,--,,示例集团财务共享中心（本部）,应付付款单（材料采购）,非自动审批,1
A01,示例集团·甲公司,AP-2026-000583,应付发票,其他专项付款单,人民币,106450.93,,--,2026-06-26,FSSC审核岗,应付成本组,审核员07,审核通过,2026-02-17 19:09:02,2026-02-17 19:10:08,2026-02-17 19:18:03,2026-02-17 23:24:08,,--,,示例集团财务共享中心（本部）,其他专项付款单,非自动审批,1
A15,示例集团·子公司戊,AP-2026-000584,应付发票,应付付款单（材料采购）,人民币,177189.18,,--,2026-03-23,FSSC审核岗,应付成本组,审核员05,审核通过,2026-03-08 19:43:51,2026-03-08 19:45:44,2026-03-08 19:49:08,2026-03-08 22:07:44,,--,,示例集团财务共享中心（本部）,应付付款单（材料采购）,非自动审批,1
A15,示例集团·子公司戊,AP-2026-000584,应付发票,应付付款单（材料采购）,人民币,35989.3,,--,2026-03-23,FSSC审核岗,应付成本组,审核员05,审核通过,2026-03-08 19:43:51,2026-03-08 19:45:44,2026-03-08 19:50:35,2026-03-08 22:46:44,,--,,示例集团财务共享中心（本部）,应付付款单（材料采购）,非自动审批,1
A14,示例集团·子公司丁,AP-2026-000585,通用报销单,应付确认单（物料类）,人民币,81562.22,,--,2026-03-05,FSSC审核岗,应付成本组,审核员03,审核通过,2026-03-14 15:24:34,2026-03-14 15:24:49,2026-03-14 15:29:47,2026-03-14 18:50:49,,--,,示例集团财务共享中心（本部）,应付确认单（物料类）,非自动审批,1
A14,示例集团·子公司丁,AP-2026-000585,通用报销单,应付确认单（物料类）,人民币,98183.1,,--,2026-03-05,FSSC审核岗,应付成本组,审核员03,审核通过,2026-03-14 15:24:34,2026-03-14 15:24:49,2026-03-14 15:30:47,2026-03-14 18:37:49,,--,,示例集团财务共享中心（本部）,应付确认单（物料类）,非自动审批,1
A14,示例集团·子公司丁,AP-2026-000585,通用报销单,应付确认单（物料类）,人民币,5956.81,,--,2026-03-05,FSSC审核岗,应付成本组,审核员03,审核通过,2026-03-14 15:24:34,2026-03-14 15:24:49,2026-03-14 15:27:16,2026-03-14 18:26:49,,--,,示例集团财务共享中心（本部）,应付确认单（物料类）,非自动审批,1
A05,示例集团·戊公司,AP-2026-000586,通用报销单,应付确认单（物料类）,人民币,37843.68,,--,2026-03-21,FSSC审核岗,应付成本组,审核员01,审核通过,2026-05-10 18:33:50,2026-05-10 18:33:55,2026-05-10 18:40:17,2026-05-10 21:32:55,,--,,示例集团财务共享中心（本部）,应付确认单（物料类）,非自动审批,1
A10,示例集团·癸公司,AP-2026-000588,应付发票,通用报销单（费用报销）,人民币,57197.7,,--,2026-02-12,FSSC审核岗,应付成本组,审核员04,审核通过,2026-03-06 16:51:24,2026-03-06 16:52:21,2026-03-06 16:57:51,2026-03-06 19:42:21,,--,,示例集团财务共享中心（本部）,通用报销单（费用报销）,非自动审批,1
A10,示例集团·癸公司,AP-2026-000588,应付发票,通用报销单（费用报销）,人民币,67400.62,,--,2026-02-12,FSSC审核岗,应付成本组,审核员04,审核通过,2026-03-06 16:51:24,2026-03-06 16:52:21,2026-03-06 17:01:24,2026-03-06 20:15:21,,--,,示例集团财务共享中心（本部）,通用报销单（费用报销）,非自动审批,1
A14,示例集团·子公司丁,AP-2026-000589,应付发票,其他专项付款单,人民币,66255.55,,--,2026-02-10,FSSC审核岗,应付成本组,审核员01,审核通过,2026-02-14 19:22:00,2026-02-14 19:22:21,2026-02-14 19:30:10,2026-02-14 23:22:21,,--,,示例集团财务共享中心（本部）,其他专项付款单,非自动审批,1
A06,示例集团·己公司,AP-2026-000590,付款单,应付确认单（物料类）,人民币,110473.37,,--,2026-03-11,FSSC审核岗,应付成本组,审核员06,审核通过,2026-03-13 16:47:47,2026-03-13 16:49:35,2026-03-13 16:55:12,2026-03-13 18:48:35,,--,,示例集团财务共享中心（本部）,应付确认单（物料类）,非自动审批,1
A06,示例集团·己公司,AP-2026-000590,付款单,应付确认单（物料类）,人民币,902249.98,,--,2026-03-11,FSSC审核岗,应付成本组,审核员06,审核通过,2026-03-13 16:47:47,2026-03-13 16:49:35,2026-03-13 16:51:03,2026-03-13 19:27:35,,--,,示例集团财务共享中心（本部）,应付确认单（物料类）,非自动审批,1
A10,示例集团·癸公司,AP-2026-000592,付款单,应付确认单（物料类）,人民币,26014.26,,--,2026-03-08,FSSC审核岗,应付成本组,审核员07,审核通过,2026-06-07 15:46:42,2026-06-07 15:46:56,2026-06-07 15:53:52,2026-06-07 18:50:56,,--,,示例集团财务共享中心（本部）,应付确认单（物料类）,非自动审批,1
A02,示例集团·乙公司,AP-2026-000593,应付发票,应付付款单（材料采购）,人民币,102093.11,,--,2026-01-07,FSSC审核岗,应付成本组,审核员01,审核通过,2026-05-20 11:05:59,2026-05-20 11:06:48,2026-05-20 11:12:41,2026-05-20 14:32:48,,--,,示例集团财务共享中心（本部）,应付付款单（材料采购）,非自动审批,1
A02,示例集团·乙公司,AP-2026-000593,应付发票,应付付款单（材料采购）,人民币,370209.54,,--,2026-01-07,FSSC审核岗,应付成本组,审核员01,审核通过,2026-05-20 11:05:59,2026-05-20 11:06:48,2026-05-20 11:07:15,2026-05-20 13:07:48,,--,,示例集团财务共享中心（本部）,应付付款单（材料采购）,非自动审批,1
A02,示例集团·乙公司,AP-2026-000593,应付发票,应付付款单（材料采购）,人民币,4826.64,,--,2026-01-07,FSSC审核岗,应付成本组,审核员01,审核通过,2026-05-20 11:05:59,2026-05-20 11:06:48,2026-05-20 11:15:43,2026-05-20 13:47:48,,--,,示例集团财务共享中心（本部）,应付付款单（材料采购）,非自动审批,1
A05,示例集团·戊公司,AP-2026-000594,付款单,应付确认单（物料类）,人民币,87149.78,,--,2026-01-10,FSSC审核岗,应付成本组,审核员05,审核通过,2026-05-09 13:45:42,2026-05-09 13:46:23,2026-05-09 13:47:52,2026-05-09 14:03:23,,--,,示例集团财务共享中心（本部）,应付确认单（物料类）,非自动审批,1
A02,示例集团·乙公司,AP-2026-000595,应付发票,应付确认单（物料类）,人民币,5695.71,,--,2026-04-10,FSSC审核岗,应付成本组,审核员03,审核通过,2026-02-01 18:36:45,2026-02-01 18:37:02,2026-02-01 18:44:21,2026-02-01 21:50:02,,--,,示例集团财务共享中心（本部）,应付确认单（物料类）,非自动审批,1
A07,示例集团·庚公司,AP-2026-000597,应付发票,应付付款单（材料采购）,人民币,1276725.09,,--,2026-03-25,FSSC审核岗,应付成本组,审核员04,审核通过,2026-01-05 08:08:39,2026-01-05 08:09:50,2026-01-05 08:13:34,2026-01-05 13:01:50,,--,,示例集团财务共享中心（本部）,应付付款单（材料采购）,非自动审批,1
A07,示例集团·庚公司,AP-2026-000597,应付发票,应付付款单（材料采购）,人民币,124351.94,,--,2026-03-25,FSSC审核岗,应付成本组,审核员04,审核通过,2026-01-05 08:08:39,2026-01-05 08:09:50,2026-01-05 08:18:34,2026-01-05 11:13:50,,--,,示例集团财务共享中心（本部）,应付付款单（材料采购）,非自动审批,1
A07,示例集团·庚公司,AP-2026-000597,应付发票,应付付款单（材料采购）,人民币,102942.61,,--,2026-03-25,FSSC审核岗,应付成本组,审核员04,审核通过,2026-01-05 08:08:39,2026-01-05 08:09:50,2026-01-05 08:18:18,2026-01-05 11:21:50,,--,,示例集团财务共享中心（本部）,应付付款单（材料采购）,非自动审批,1
A05,示例集团·戊公司,AP-2026-000598,应付发票,应付付款单（差旅费）,人民币,4347.15,,--,2026-01-03,FSSC审核岗,应付成本组,审核员07,审核通过,2026-03-17 20:01:49,2026-03-17 20:02:25,2026-03-17 20:02:49,2026-03-18 00:53:25,,--,,示例集团财务共享中心（本部）,应付付款单（差旅费）,非自动审批,1
A05,示例集团·戊公司,AP-2026-000599,通用报销单,应付付款单（服务费）,人民币,29546.23,,--,2026-03-03,FSSC审核岗,应付成本组,审核员04,审核通过,2026-01-17 14:36:14,2026-01-17 14:37:06,2026-01-17 14:44:55,2026-01-17 18:42:06,,--,,示例集团财务共享中心（本部）,应付付款单（服务费）,非自动审批,1
A13,示例集团·子公司丙,AP-2026-000600,付款单,通用报销单（费用报销）,人民币,29741.11,,--,2026-06-23,FSSC审核岗,应付成本组,审核员04,审核通过,2026-03-10 11:19:03,2026-03-10 11:20:14,2026-03-10 11:28:13,2026-03-10 11:55:14,,--,,示例集团财务共享中心（本部）,通用报销单（费用报销）,非自动审批,1
A03,示例集团·丙公司,AP-2026-000601,应付发票,应付确认单（物料类）,人民币,710012.44,,--,2026-01-08,FSSC审核岗,应付成本组,审核员05,审核驳回,2026-03-01 18:23:19,2026-03-01 18:24:07,2026-03-01 18:32:25,--,,--,,示例集团财务共享中心（本部）,应付确认单（物料类）,非自动审批,1
A03,示例集团·丙公司,AP-2026-000601,应付发票,应付确认单（物料类）,人民币,166189.13,,--,2026-01-08,FSSC审核岗,应付成本组,审核员05,审核驳回,2026-03-01 18:23:19,2026-03-01 18:24:07,2026-03-01 18:31:21,--,,--,,示例集团财务共享中心（本部）,应付确认单（物料类）,非自动审批,1
A03,示例集团·丙公司,AP-2026-000601,应付发票,应付确认单（物料类）,人民币,5918.88,,--,2026-01-08,FSSC审核岗,应付成本组,审核员05,审核驳回,2026-03-01 18:23:19,2026-03-01 18:24:07,2026-03-01 18:31:25,--,,--,,示例集团财务共享中心（本部）,应付确认单（物料类）,非自动审批,1
A19,示例集团·子公司壬,AP-2026-000602,应付发票,其他专项付款单,人民币,115532.04,,--,2026-02-12,FSSC审核岗,应付成本组,审核员01,审核通过,2026-01-06 12:02:17,2026-01-06 12:04:09,2026-01-06 12:03:17,2026-01-06 15:35:09,,--,,示例集团财务共享中心（本部）,其他专项付款单,非自动审批,1
A19,示例集团·子公司壬,AP-2026-000602,应付发票,其他专项付款单,人民币,7302.22,,--,2026-02-12,FSSC审核岗,应付成本组,审核员01,审核通过,2026-01-06 12:02:17,2026-01-06 12:04:09,2026-01-06 12:07:11,2026-01-06 16:50:09,,--,,示例集团财务共享中心（本部）,其他专项付款单,非自动审批,1
A02,示例集团·乙公司,AP-2026-000603,应付发票,其他专项付款单,人民币,6117.65,,--,2026-06-07,FSSC审核岗,应付成本组,审核员03,审核通过,2026-06-28 20:25:38,2026-06-28 20:26:08,2026-06-28 20:32:22,2026-06-29 00:38:08,,--,,示例集团财务共享中心（本部）,其他专项付款单,非自动审批,1
A04,示例集团·丁公司,AP-2026-000605,付款单,应付付款单（服务费）,人民币,112960.21,,--,2026-03-13,FSSC审核岗,应付成本组,审核员05,审核通过,2026-02-05 19:48:52,2026-02-05 19:50:10,2026-02-05 19:58:38,2026-02-05 20:59:10,,--,,示例集团财务共享中心（本部）,应付付款单（服务费）,非自动审批,1
A16,示例集团·子公司己,AP-2026-000606,付款单,应付付款单（差旅费）,人民币,169850.99,,--,2026-03-01,FSSC审核岗,应付成本组,审核员06,审核通过,2026-04-24 13:54:51,2026-04-24 13:55:17,2026-04-24 14:01:51,2026-04-24 15:11:17,,--,,示例集团财务共享中心（本部）,应付付款单（差旅费）,非自动审批,1
A16,示例集团·子公司己,AP-2026-000606,付款单,应付付款单（差旅费）,人民币,113806.51,,--,2026-03-01,FSSC审核岗,应付成本组,审核员06,审核通过,2026-04-24 13:54:51,2026-04-24 13:55:17,2026-04-24 14:02:25,2026-04-24 14:35:17,,--,,示例集团财务共享中心（本部）,应付付款单（差旅费）,非自动审批,1
A16,示例集团·子公司己,AP-2026-000606,付款单,应付付款单（差旅费）,人民币,831856.82,,--,2026-03-01,FSSC审核岗,应付成本组,审核员06,审核通过,2026-04-24 13:54:51,2026-04-24 13:55:17,2026-04-24 14:03:23,2026-04-24 15:29:17,,--,,示例集团财务共享中心（本部）,应付付款单（差旅费）,非自动审批,1
A05,示例集团·戊公司,AP-2026-000607,付款单,应付付款单（服务费）,人民币,100333.36,,--,2026-02-09,FSSC审核岗,应付成本组,审核员04,审核通过,2026-04-01 08:06:53,2026-04-01 08:07:07,2026-04-01 08:13:13,2026-04-01 11:08:07,,--,,示例集团财务共享中心（本部）,应付付款单（服务费）,非自动审批,1
A05,示例集团·戊公司,AP-2026-000607,付款单,应付付款单（服务费）,人民币,75972.89,,--,2026-02-09,FSSC审核岗,应付成本组,审核员04,审核通过,2026-04-01 08:06:53,2026-04-01 08:07:07,2026-04-01 08:16:39,2026-04-01 11:46:07,,--,,示例集团财务共享中心（本部）,应付付款单（服务费）,非自动审批,1
A04,示例集团·丁公司,AP-2026-000609,通用报销单,应付付款单（差旅费）,人民币,10911.66,,--,2026-03-02,FSSC审核岗,应付成本组,审核员01,审核通过,2026-04-14 16:21:50,2026-04-14 16:23:17,2026-04-14 16:24:32,2026-04-14 18:17:17,,--,,示例集团财务共享中心（本部）,应付付款单（差旅费）,非自动审批,1
A03,示例集团·丙公司,AP-2026-000610,通用报销单,应付付款单（服务费）,人民币,198920.23,,--,2026-06-22,FSSC审核岗,应付成本组,审核员07,审核通过,2026-05-26 19:51:55,2026-05-26 19:51:56,2026-05-26 19:55:34,2026-05-26 21:18:56,,--,,示例集团财务共享中心（本部）,应付付款单（服务费）,非自动审批,1
A11,示例集团·子公司甲,AP-2026-000611,通用报销单,应付付款单（服务费）,人民币,5931.18,,--,2026-01-24,FSSC审核岗,应付成本组,审核员03,审核通过,2026-03-11 10:12:14,2026-03-11 10:13:00,2026-03-11 10:22:06,2026-03-11 13:35:00,,--,,示例集团财务共享中心（本部）,应付付款单（服务费）,非自动审批,1
A11,示例集团·子公司甲,AP-2026-000611,通用报销单,应付付款单（服务费）,人民币,1013091.09,,--,2026-01-24,FSSC审核岗,应付成本组,审核员03,审核通过,2026-03-11 10:12:14,2026-03-11 10:13:00,2026-03-11 10:20:14,2026-03-11 13:18:00,,--,,示例集团财务共享中心（本部）,应付付款单（服务费）,非自动审批,1
A11,示例集团·子公司甲,AP-2026-000611,通用报销单,应付付款单（服务费）,人民币,202625.98,,--,2026-01-24,FSSC审核岗,应付成本组,审核员03,审核通过,2026-03-11 10:12:14,2026-03-11 10:13:00,2026-03-11 10:17:13,2026-03-11 13:09:00,,--,,示例集团财务共享中心（本部）,应付付款单（服务费）,非自动审批,1
A01,示例集团·甲公司,AP-2026-000612,通用报销单,应付付款单（材料采购）,人民币,2974886.05,,--,2026-05-13,FSSC审核岗,应付成本组,审核员07,审核通过,2026-02-18 16:32:09,2026-02-18 16:33:55,2026-02-18 16:35:17,2026-02-18 18:18:55,,--,,示例集团财务共享中心（本部）,应付付款单（材料采购）,非自动审批,1
A01,示例集团·甲公司,AP-2026-000612,通用报销单,应付付款单（材料采购）,人民币,103265.58,,--,2026-05-13,FSSC审核岗,应付成本组,审核员07,审核通过,2026-02-18 16:32:09,2026-02-18 16:33:55,2026-02-18 16:33:04,2026-02-18 17:39:55,,--,,示例集团财务共享中心（本部）,应付付款单（材料采购）,非自动审批,1
A01,示例集团·甲公司,AP-2026-000612,通用报销单,应付付款单（材料采购）,人民币,217125.86,,--,2026-05-13,FSSC审核岗,应付成本组,审核员07,审核通过,2026-02-18 16:32:09,2026-02-18 16:33:55,2026-02-18 16:40:46,2026-02-18 18:18:55,,--,,示例集团财务共享中心（本部）,应付付款单（材料采购）,非自动审批,1
A12,示例集团·子公司乙,AP-2026-000614,应付发票,通用报销单（费用报销）,人民币,40617.75,,--,2026-02-14,FSSC审核岗,应付成本组,审核员07,审核通过,2026-04-08 08:47:16,2026-04-08 08:48:46,2026-04-08 08:56:23,2026-04-08 12:43:46,,--,,示例集团财务共享中心（本部）,通用报销单（费用报销）,非自动审批,1
A12,示例集团·子公司乙,AP-2026-000614,应付发票,通用报销单（费用报销）,人民币,56354.0,,--,2026-02-14,FSSC审核岗,应付成本组,审核员07,审核通过,2026-04-08 08:47:16,2026-04-08 08:48:46,2026-04-08 08:55:30,2026-04-08 12:14:46,,--,,示例集团财务共享中心（本部）,通用报销单（费用报销）,非自动审批,1
A08,示例集团·辛公司,AP-2026-000615,通用报销单,其他专项付款单,人民币,13737.06,,--,2026-05-28,FSSC审核岗,应付成本组,审核员06,审核通过,2026-02-12 10:05:20,2026-02-12 10:05:22,2026-02-12 10:14:54,2026-02-12 12:48:22,,--,,示例集团财务共享中心（本部）,其他专项付款单,非自动审批,1
A09,示例集团·壬公司,AP-2026-000616,通用报销单,其他专项付款单,人民币,7888.87,,--,2026-03-14,FSSC审核岗,应付成本组,审核员03,审核驳回,2026-06-26 18:44:19,2026-06-26 18:44:34,2026-06-26 18:52:57,--,,--,,示例集团财务共享中心（本部）,其他专项付款单,非自动审批,1
A09,示例集团·壬公司,AP-2026-000616,通用报销单,其他专项付款单,人民币,78064.99,,--,2026-03-14,FSSC审核岗,应付成本组,审核员03,审核驳回,2026-06-26 18:44:19,2026-06-26 18:44:34,2026-06-26 18:48:57,--,,--,,示例集团财务共享中心（本部）,其他专项付款单,非自动审批,1
A12,示例集团·子公司乙,AP-2026-000617,付款单,其他专项付款单,人民币,55890.21,,--,2026-06-18,FSSC审核岗,应付成本组,审核员07,审核通过,2026-06-19 16:20:00,2026-06-19 16:20:55,2026-06-19 16:28:41,2026-06-19 17:59:55,,--,,示例集团财务共享中心（本部）,其他专项付款单,非自动审批,1
A12,示例集团·子公司乙,AP-2026-000617,付款单,其他专项付款单,人民币,13274.99,,--,2026-06-18,FSSC审核岗,应付成本组,审核员07,审核通过,2026-06-19 16:20:00,2026-06-19 16:20:55,2026-06-19 16:24:14,2026-06-19 17:49:55,,--,,示例集团财务共享中心（本部）,其他专项付款单,非自动审批,1
A04,示例集团·丁公司,AP-2026-000618,通用报销单,应付确认单（物料类）,人民币,17013.72,,--,2026-01-27,FSSC审核岗,应付成本组,审核员03,审核通过,2026-05-27 09:53:14,2026-05-27 09:54:16,2026-05-27 09:59:05,2026-05-27 12:39:16,,--,,示例集团财务共享中心（本部）,应付确认单（物料类）,非自动审批,1
A04,示例集团·丁公司,AP-2026-000618,通用报销单,应付确认单（物料类）,人民币,62658.71,,--,2026-01-27,FSSC审核岗,应付成本组,审核员03,审核通过,2026-05-27 09:53:14,2026-05-27 09:54:16,2026-05-27 10:02:47,2026-05-27 11:55:16,,--,,示例集团财务共享中心（本部）,应付确认单（物料类）,非自动审批,1
A04,示例集团·丁公司,AP-2026-000618,通用报销单,应付确认单（物料类）,人民币,12960.09,,--,2026-01-27,FSSC审核岗,应付成本组,审核员03,审核通过,2026-05-27 09:53:14,2026-05-27 09:54:16,2026-05-27 09:57:05,2026-05-27 12:24:16,,--,,示例集团财务共享中心（本部）,应付确认单（物料类）,非自动审批,1
A07,示例集团·庚公司,AP-2026-000619,应付发票,其他专项付款单,人民币,98647.0,,--,2026-06-03,FSSC审核岗,应付成本组,审核员01,审核通过,2026-02-28 13:01:34,2026-02-28 13:01:55,2026-02-28 13:09:44,2026-02-28 16:57:55,,--,,示例集团财务共享中心（本部）,其他专项付款单,非自动审批,1
A07,示例集团·庚公司,AP-2026-000619,应付发票,其他专项付款单,人民币,13535.55,,--,2026-06-03,FSSC审核岗,应付成本组,审核员01,审核通过,2026-02-28 13:01:34,2026-02-28 13:01:55,2026-02-28 13:03:51,2026-02-28 15:43:55,,--,,示例集团财务共享中心（本部）,其他专项付款单,非自动审批,1
A02,示例集团·乙公司,AP-2026-000620,应付发票,应付付款单（服务费）,人民币,85664.71,,--,2026-06-03,FSSC审核岗,应付成本组,审核员02,审核通过,2026-02-19 20:30:06,2026-02-19 20:30:47,2026-02-19 20:31:38,2026-02-19 22:13:47,,--,,示例集团财务共享中心（本部）,应付付款单（服务费）,非自动审批,1
A09,示例集团·壬公司,AP-2026-000621,应付发票,通用报销单（费用报销）,人民币,11956.17,,--,2026-02-04,FSSC审核岗,应付成本组,审核员05,审核驳回,2026-05-24 16:07:24,2026-05-24 16:09:04,2026-05-24 16:14:03,--,,--,,示例集团财务共享中心（本部）,通用报销单（费用报销）,非自动审批,1
A09,示例集团·壬公司,AP-2026-000621,应付发票,通用报销单（费用报销）,人民币,12026.62,,--,2026-02-04,FSSC审核岗,应付成本组,审核员05,审核驳回,2026-05-24 16:07:24,2026-05-24 16:09:04,2026-05-24 16:11:54,--,,--,,示例集团财务共享中心（本部）,通用报销单（费用报销）,非自动审批,1
A09,示例集团·壬公司,AP-2026-000621,应付发票,通用报销单（费用报销）,人民币,2192.67,,--,2026-02-04,FSSC审核岗,应付成本组,审核员05,审核驳回,2026-05-24 16:07:24,2026-05-24 16:09:04,2026-05-24 16:14:50,--,,--,,示例集团财务共享中心（本部）,通用报销单（费用报销）,非自动审批,1
A02,示例集团·乙公司,AP-2026-000622,通用报销单,其他专项付款单,人民币,47839.62,,--,2026-01-21,FSSC审核岗,应付成本组,审核员01,审核通过,2026-06-07 20:43:51,2026-06-07 20:45:30,2026-06-07 20:46:33,2026-06-08 00:38:30,,--,,示例集团财务共享中心（本部）,其他专项付款单,非自动审批,1
A16,示例集团·子公司己,AP-2026-000623,通用报销单,应付付款单（差旅费）,人民币,458488.59,,--,2026-04-11,FSSC审核岗,应付成本组,审核员06,审核通过,2026-04-28 14:03:43,2026-04-28 14:05:23,2026-04-28 14:05:24,2026-04-28 18:13:23,,--,,示例集团财务共享中心（本部）,应付付款单（差旅费）,非自动审批,1
A01,示例集团·甲公司,AP-2026-000624,付款单,应付付款单（材料采购）,人民币,423480.67,,--,2026-04-10,FSSC审核岗,应付成本组,审核员06,审核通过,2026-05-26 09:31:36,2026-05-26 09:32:17,2026-05-26 09:41:35,2026-05-26 10:41:17,,--,,示例集团财务共享中心（本部）,应付付款单（材料采购）,非自动审批,1
A01,示例集团·甲公司,AP-2026-000624,付款单,应付付款单（材料采购）,人民币,94248.91,,--,2026-04-10,FSSC审核岗,应付成本组,审核员06,审核通过,2026-05-26 09:31:36,2026-05-26 09:32:17,2026-05-26 09:35:21,2026-05-26 11:04:17,,--,,示例集团财务共享中心（本部）,应付付款单（材料采购）,非自动审批,1
A01,示例集团·甲公司,AP-2026-000624,付款单,应付付款单（材料采购）,人民币,3635.78,,--,2026-04-10,FSSC审核岗,应付成本组,审核员06,审核通过,2026-05-26 09:31:36,2026-05-26 09:32:17,2026-05-26 09:35:50,2026-05-26 11:43:17,,--,,示例集团财务共享中心（本部）,应付付款单（材料采购）,非自动审批,1
A05,示例集团·戊公司,AP-2026-000626,付款单,应付付款单（差旅费）,人民币,195130.78,,--,2026-06-03,FSSC审核岗,应付成本组,审核员03,审核通过,2026-04-15 12:57:40,2026-04-15 12:57:46,2026-04-15 13:07:18,2026-04-15 16:38:46,,--,,示例集团财务共享中心（本部）,应付付款单（差旅费）,非自动审批,1
A12,示例集团·子公司乙,AP-2026-000627,通用报销单,应付付款单（材料采购）,人民币,82119.66,,--,2026-01-13,FSSC审核岗,应付成本组,审核员02,审核通过,2026-03-28 15:42:28,2026-03-28 15:43:28,2026-03-28 15:48:06,2026-03-28 19:06:28,,--,,示例集团财务共享中心（本部）,应付付款单（材料采购）,非自动审批,1
A09,示例集团·壬公司,AP-2026-000628,应付发票,应付付款单（服务费）,人民币,33890.69,,--,2026-06-25,FSSC审核岗,应付成本组,审核员07,审核通过,2026-04-11 09:21:00,2026-04-11 09:22:03,2026-04-11 09:29:57,2026-04-11 12:00:03,,--,,示例集团财务共享中心（本部）,应付付款单（服务费）,非自动审批,1
A02,示例集团·乙公司,AP-2026-000629,付款单,应付付款单（材料采购）,人民币,324588.2,,--,2026-01-11,FSSC审核岗,应付成本组,审核员05,审核通过,2026-04-25 14:04:51,2026-04-25 14:05:38,2026-04-25 14:11:23,2026-04-25 16:26:38,,--,,示例集团财务共享中心（本部）,应付付款单（材料采购）,非自动审批,1
A02,示例集团·乙公司,AP-2026-000629,付款单,应付付款单（材料采购）,人民币,141721.98,,--,2026-01-11,FSSC审核岗,应付成本组,审核员05,审核通过,2026-04-25 14:04:51,2026-04-25 14:05:38,2026-04-25 14:09:02,2026-04-25 16:39:38,,--,,示例集团财务共享中心（本部）,应付付款单（材料采购）,非自动审批,1
A03,示例集团·丙公司,AP-2026-000630,应付发票,应付付款单（材料采购）,人民币,933007.63,,--,2026-02-03,FSSC审核岗,应付成本组,审核员01,审核通过,2026-01-10 19:29:22,2026-01-10 19:30:30,2026-01-10 19:36:45,2026-01-10 21:54:30,,--,,示例集团财务共享中心（本部）,应付付款单（材料采购）,非自动审批,1
A03,示例集团·丙公司,AP-2026-000631,通用报销单,其他专项付款单,人民币,8367.46,,--,2026-01-12,FSSC审核岗,应付成本组,审核员02,审核通过,2026-04-18 19:50:55,2026-04-18 19:51:51,2026-04-18 19:55:48,2026-04-18 23:02:51,,--,,示例集团财务共享中心（本部）,其他专项付款单,非自动审批,1
A01,示例集团·甲公司,AP-2026-000632,通用报销单,通用报销单（费用报销）,人民币,9335.67,,--,2026-04-11,FSSC审核岗,应付成本组,审核员05,审核通过,2026-06-24 19:46:21,2026-06-24 19:46:41,2026-06-24 19:50:50,2026-06-24 22:46:41,,--,,示例集团财务共享中心（本部）,通用报销单（费用报销）,非自动审批,1
A01,示例集团·甲公司,AP-2026-000632,通用报销单,通用报销单（费用报销）,人民币,11818.59,,--,2026-04-11,FSSC审核岗,应付成本组,审核员05,审核通过,2026-06-24 19:46:21,2026-06-24 19:46:41,2026-06-24 19:55:07,2026-06-24 22:00:41,,--,,示例集团财务共享中心（本部）,通用报销单（费用报销）,非自动审批,1
A03,示例集团·丙公司,AP-2026-000634,应付发票,应付付款单（差旅费）,人民币,40173.78,,--,2026-01-19,FSSC审核岗,应付成本组,审核员07,审核通过,2026-01-12 08:20:17,2026-01-12 08:21:22,2026-01-12 08:23:48,2026-01-12 09:31:22,,--,,示例集团财务共享中心（本部）,应付付款单（差旅费）,非自动审批,1
A03,示例集团·丙公司,AP-2026-000634,应付发票,应付付款单（差旅费）,人民币,553181.35,,--,2026-01-19,FSSC审核岗,应付成本组,审核员07,审核通过,2026-01-12 08:20:17,2026-01-12 08:21:22,2026-01-12 08:26:44,2026-01-12 09:09:22,,--,,示例集团财务共享中心（本部）,应付付款单（差旅费）,非自动审批,1
A03,示例集团·丙公司,AP-2026-000635,应付发票,通用报销单（费用报销）,人民币,25008.49,,--,2026-06-25,FSSC审核岗,应付成本组,审核员04,审核通过,2026-04-06 15:27:35,2026-04-06 15:28:46,2026-04-06 15:30:34,2026-04-06 19:44:46,,--,,示例集团财务共享中心（本部）,通用报销单（费用报销）,非自动审批,1
A03,示例集团·丙公司,AP-2026-000635,应付发票,通用报销单（费用报销）,人民币,25768.66,,--,2026-06-25,FSSC审核岗,应付成本组,审核员04,审核通过,2026-04-06 15:27:35,2026-04-06 15:28:46,2026-04-06 15:29:55,2026-04-06 18:19:46,,--,,示例集团财务共享中心（本部）,通用报销单（费用报销）,非自动审批,1
A03,示例集团·丙公司,AP-2026-000635,应付发票,通用报销单（费用报销）,人民币,107388.54,,--,2026-06-25,FSSC审核岗,应付成本组,审核员04,审核通过,2026-04-06 15:27:35,2026-04-06 15:28:46,2026-04-06 15:31:31,2026-04-06 18:12:46,,--,,示例集团财务共享中心（本部）,通用报销单（费用报销）,非自动审批,1
A08,示例集团·辛公司,AP-2026-000636,付款单,应付付款单（差旅费）,人民币,194934.26,,--,2026-05-04,FSSC审核岗,应付成本组,审核员07,审核通过,2026-06-04 09:41:41,2026-06-04 09:43:41,2026-06-04 09:50:33,2026-06-04 12:25:41,,--,,示例集团财务共享中心（本部）,应付付款单（差旅费）,非自动审批,1
A08,示例集团·辛公司,AP-2026-000636,付款单,应付付款单（差旅费）,人民币,2613.62,,--,2026-05-04,FSSC审核岗,应付成本组,审核员07,审核通过,2026-06-04 09:41:41,2026-06-04 09:43:41,2026-06-04 09:47:34,2026-06-04 13:25:41,,--,,示例集团财务共享中心（本部）,应付付款单（差旅费）,非自动审批,1
A05,示例集团·戊公司,AP-2026-000637,通用报销单,应付确认单（物料类）,人民币,256683.95,,--,2026-05-28,FSSC审核岗,应付成本组,审核员05,审核通过,2026-04-25 15:35:32,2026-04-25 15:35:58,2026-04-25 15:45:23,2026-04-25 19:00:58,,--,,示例集团财务共享中心（本部）,应付确认单（物料类）,非自动审批,1
A01,示例集团·甲公司,AP-2026-000638,通用报销单,应付确认单（物料类）,人民币,23925.43,,--,2026-01-10,FSSC审核岗,应付成本组,审核员02,审核通过,2026-02-09 12:54:48,2026-02-09 12:56:45,2026-02-09 13:02:27,2026-02-09 15:31:45,,--,,示例集团财务共享中心（本部）,应付确认单（物料类）,非自动审批,1
A01,示例集团·甲公司,AP-2026-000638,通用报销单,应付确认单（物料类）,人民币,51875.68,,--,2026-01-10,FSSC审核岗,应付成本组,审核员02,审核通过,2026-02-09 12:54:48,2026-02-09 12:56:45,2026-02-09 12:55:54,2026-02-09 15:24:45,,--,,示例集团财务共享中心（本部）,应付确认单（物料类）,非自动审批,1
A01,示例集团·甲公司,AP-2026-000638,通用报销单,应付确认单（物料类）,人民币,436075.11,,--,2026-01-10,FSSC审核岗,应付成本组,审核员02,审核通过,2026-02-09 12:54:48,2026-02-09 12:56:45,2026-02-09 13:00:31,2026-02-09 15:45:45,,--,,示例集团财务共享中心（本部）,应付确认单（物料类）,非自动审批,1
A11,示例集团·子公司甲,AP-2026-000639,通用报销单,应付付款单（服务费）,人民币,44222.06,,--,2026-02-19,FSSC审核岗,应付成本组,审核员03,审核通过,2026-04-13 11:40:07,2026-04-13 11:41:54,2026-04-13 11:48:31,2026-04-13 13:35:54,,--,,示例集团财务共享中心（本部）,应付付款单（服务费）,非自动审批,1
A11,示例集团·子公司甲,AP-2026-000639,通用报销单,应付付款单（服务费）,人民币,7012.02,,--,2026-02-19,FSSC审核岗,应付成本组,审核员03,审核通过,2026-04-13 11:40:07,2026-04-13 11:41:54,2026-04-13 11:49:53,2026-04-13 12:06:54,,--,,示例集团财务共享中心（本部）,应付付款单（服务费）,非自动审批,1
A04,示例集团·丁公司,AP-2026-000640,通用报销单,应付付款单（服务费）,人民币,7604.78,,--,2026-03-08,FSSC审核岗,应付成本组,审核员02,审核通过,2026-01-05 16:08:17,2026-01-05 16:09:58,2026-01-05 16:09:42,2026-01-05 19:48:58,,--,,示例集团财务共享中心（本部）,应付付款单（服务费）,非自动审批,1
A02,示例集团·乙公司,AP-2026-000642,通用报销单,应付付款单（差旅费）,人民币,57482.93,,--,2026-04-07,FSSC审核岗,应付成本组,审核员02,审核通过,2026-02-24 20:52:15,2026-02-24 20:53:54,2026-02-24 20:57:51,2026-02-24 22:27:54,,--,,示例集团财务共享中心（本部）,应付付款单（差旅费）,非自动审批,1
A02,示例集团·乙公司,AP-2026-000642,通用报销单,应付付款单（差旅费）,人民币,37492.24,,--,2026-04-07,FSSC审核岗,应付成本组,审核员02,审核通过,2026-02-24 20:52:15,2026-02-24 20:53:54,2026-02-24 20:58:23,2026-02-24 22:32:54,,--,,示例集团财务共享中心（本部）,应付付款单（差旅费）,非自动审批,1
A01,示例集团·甲公司,AP-2026-000643,付款单,通用报销单（费用报销）,人民币,65072.83,,--,2026-02-05,FSSC审核岗,应付成本组,审核员01,审核通过,2026-02-06 09:05:26,2026-02-06 09:06:13,2026-02-06 09:06:54,2026-02-06 10:09:13,,--,,示例集团财务共享中心（本部）,通用报销单（费用报销）,非自动审批,1
A01,示例集团·甲公司,AP-2026-000643,付款单,通用报销单（费用报销）,人民币,34139.52,,--,2026-02-05,FSSC审核岗,应付成本组,审核员01,审核通过,2026-02-06 09:05:26,2026-02-06 09:06:13,2026-02-06 09:11:14,2026-02-06 11:04:13,,--,,示例集团财务共享中心（本部）,通用报销单（费用报销）,非自动审批,1
A01,示例集团·甲公司,AP-2026-000643,付款单,通用报销单（费用报销）,人民币,340441.16,,--,2026-02-05,FSSC审核岗,应付成本组,审核员01,审核通过,2026-02-06 09:05:26,2026-02-06 09:06:13,2026-02-06 09:11:36,2026-02-06 10:05:13,,--,,示例集团财务共享中心（本部）,通用报销单（费用报销）,非自动审批,1
A17,示例集团·子公司庚,AP-2026-000644,应付发票,通用报销单（费用报销）,人民币,61986.64,,--,2026-05-13,FSSC审核岗,应付成本组,审核员05,审核通过,2026-01-15 20:10:31,2026-01-15 20:10:33,2026-01-15 20:18:31,2026-01-15 21:17:33,,--,,示例集团财务共享中心（本部）,通用报销单（费用报销）,非自动审批,1
A01,示例集团·甲公司,AP-2026-000646,通用报销单,其他专项付款单,人民币,5073.73,,--,2026-03-23,FSSC审核岗,应付成本组,审核员01,审核通过,2026-01-16 11:06:08,2026-01-16 11:07:19,2026-01-16 11:09:30,2026-01-16 14:43:19,,--,,示例集团财务共享中心（本部）,其他专项付款单,非自动审批,1
A15,示例集团·子公司戊,AP-2026-000647,应付发票,其他专项付款单,人民币,187802.51,,--,2026-01-28,FSSC审核岗,应付成本组,审核员02,审核通过,2026-03-04 17:51:27,2026-03-04 17:52:07,2026-03-04 17:59:18,2026-03-04 19:58:07,,--,,示例集团财务共享中心（本部）,其他专项付款单,非自动审批,1
A15,示例集团·子公司戊,AP-2026-000647,应付发票,其他专项付款单,人民币,863526.03,,--,2026-01-28,FSSC审核岗,应付成本组,审核员02,审核通过,2026-03-04 17:51:27,2026-03-04 17:52:07,2026-03-04 17:57:37,2026-03-04 19:29:07,,--,,示例集团财务共享中心（本部）,其他专项付款单,非自动审批,1
A04,示例集团·丁公司,AP-2026-000648,付款单,应付付款单（服务费）,人民币,74377.1,,--,2026-03-20,FSSC审核岗,应付成本组,审核员06,审核通过,2026-03-14 11:36:46,2026-03-14 11:38:41,2026-03-14 11:41:18,2026-03-14 14:46:41,,--,,示例集团财务共享中心（本部）,应付付款单（服务费）,非自动审批,1
A04,示例集团·丁公司,AP-2026-000648,付款单,应付付款单（服务费）,人民币,82914.94,,--,2026-03-20,FSSC审核岗,应付成本组,审核员06,审核通过,2026-03-14 11:36:46,2026-03-14 11:38:41,2026-03-14 11:40:20,2026-03-14 15:34:41,,--,,示例集团财务共享中心（本部）,应付付款单（服务费）,非自动审批,1
A04,示例集团·丁公司,AP-2026-000648,付款单,应付付款单（服务费）,人民币,20093.69,,--,2026-03-20,FSSC审核岗,应付成本组,审核员06,审核通过,2026-03-14 11:36:46,2026-03-14 11:38:41,2026-03-14 11:38:38,2026-03-14 15:13:41,,--,,示例集团财务共享中心（本部）,应付付款单（服务费）,非自动审批,1
A03,示例集团·丙公司,AP-2026-000649,付款单,应付付款单（差旅费）,人民币,42640.89,,--,2026-06-17,FSSC审核岗,应付成本组,审核员05,审核通过,2026-02-04 10:51:48,2026-02-04 10:53:30,2026-02-04 10:52:02,2026-02-04 13:25:30,,--,,示例集团财务共享中心（本部）,应付付款单（差旅费）,非自动审批,1
A03,示例集团·丙公司,AP-2026-000649,付款单,应付付款单（差旅费）,人民币,121057.15,,--,2026-06-17,FSSC审核岗,应付成本组,审核员05,审核通过,2026-02-04 10:51:48,2026-02-04 10:53:30,2026-02-04 11:00:51,2026-02-04 12:50:30,,--,,示例集团财务共享中心（本部）,应付付款单（差旅费）,非自动审批,1
A01,示例集团·甲公司,AP-2026-000650,付款单,应付付款单（材料采购）,人民币,291999.13,,--,2026-06-11,FSSC审核岗,应付成本组,审核员01,审核通过,2026-01-26 13:57:50,2026-01-26 13:57:59,2026-01-26 14:04:49,2026-01-26 16:50:59,,--,,示例集团财务共享中心（本部）,应付付款单（材料采购）,非自动审批,1
A09,示例集团·壬公司,AP-2026-000651,应付发票,应付付款单（材料采购）,人民币,111792.57,,--,2026-04-22,FSSC审核岗,应付成本组,审核员06,审核通过,2026-04-21 14:44:16,2026-04-21 14:44:57,2026-04-21 14:49:05,2026-04-21 16:41:57,,--,,示例集团财务共享中心（本部）,应付付款单（材料采购）,非自动审批,1
A01,示例集团·甲公司,AP-2026-000652,应付发票,通用报销单（费用报销）,人民币,763186.13,,--,2026-05-19,FSSC审核岗,应付成本组,审核员05,审核通过,2026-01-01 12:02:32,2026-01-01 12:04:22,2026-01-01 12:03:51,2026-01-01 14:35:22,,--,,示例集团财务共享中心（本部）,通用报销单（费用报销）,非自动审批,1
A01,示例集团·甲公司,AP-2026-000653,通用报销单,应付确认单（物料类）,人民币,68724.32,,--,2026-04-11,FSSC审核岗,应付成本组,审核员04,审核通过,2026-04-16 09:54:18,2026-04-16 09:55:51,2026-04-16 10:02:33,2026-04-16 11:47:51,,--,,示例集团财务共享中心（本部）,应付确认单（物料类）,非自动审批,1
A01,示例集团·甲公司,AP-2026-000653,通用报销单,应付确认单（物料类）,人民币,12451.87,,--,2026-04-11,FSSC审核岗,应付成本组,审核员04,审核通过,2026-04-16 09:54:18,2026-04-16 09:55:51,2026-04-16 09:57:45,2026-04-16 11:58:51,,--,,示例集团财务共享中心（本部）,应付确认单（物料类）,非自动审批,1
A05,示例集团·戊公司,AP-2026-000654,应付发票,通用报销单（费用报销）,人民币,12961.29,,--,2026-06-15,FSSC审核岗,应付成本组,审核员03,审核通过,2026-05-04 13:39:08,2026-05-04 13:39:37,2026-05-04 13:41:51,2026-05-04 14:07:37,,--,,示例集团财务共享中心（本部）,通用报销单（费用报销）,非自动审批,1
A05,示例集团·戊公司,AP-2026-000654,应付发票,通用报销单（费用报销）,人民币,337114.0,,--,2026-06-15,FSSC审核岗,应付成本组,审核员03,审核通过,2026-05-04 13:39:08,2026-05-04 13:39:37,2026-05-04 13:39:19,2026-05-04 14:06:37,,--,,示例集团财务共享中心（本部）,通用报销单（费用报销）,非自动审批,1
A05,示例集团·戊公司,AP-2026-000654,应付发票,通用报销单（费用报销）,人民币,245227.78,,--,2026-06-15,FSSC审核岗,应付成本组,审核员03,审核通过,2026-05-04 13:39:08,2026-05-04 13:39:37,2026-05-04 13:48:15,2026-05-04 15:35:37,,--,,示例集团财务共享中心（本部）,通用报销单（费用报销）,非自动审批,1
A15,示例集团·子公司戊,AP-2026-000656,应付发票,其他专项付款单,人民币,5988.25,,--,2026-04-11,FSSC审核岗,应付成本组,审核员01,审核通过,2026-01-28 14:41:11,2026-01-28 14:41:27,2026-01-28 14:48:26,2026-01-28 18:14:27,,--,,示例集团财务共享中心（本部）,其他专项付款单,非自动审批,1
A15,示例集团·子公司戊,AP-2026-000656,应付发票,其他专项付款单,人民币,44653.53,,--,2026-04-11,FSSC审核岗,应付成本组,审核员01,审核通过,2026-01-28 14:41:11,2026-01-28 14:41:27,2026-01-28 14:43:17,2026-01-28 17:23:27,,--,,示例集团财务共享中心（本部）,其他专项付款单,非自动审批,1
A15,示例集团·子公司戊,AP-2026-000656,应付发票,其他专项付款单,人民币,46982.42,,--,2026-04-11,FSSC审核岗,应付成本组,审核员01,审核通过,2026-01-28 14:41:11,2026-01-28 14:41:27,2026-01-28 14:44:00,2026-01-28 18:33:27,,--,,示例集团财务共享中心（本部）,其他专项付款单,非自动审批,1
A02,示例集团·乙公司,AP-2026-000657,应付发票,应付付款单（差旅费）,人民币,20907.31,,--,2026-02-03,FSSC审核岗,应付成本组,审核员03,审核通过,2026-05-28 11:43:29,2026-05-28 11:45:19,2026-05-28 11:47:50,2026-05-28 13:26:19,,--,,示例集团财务共享中心（本部）,应付付款单（差旅费）,非自动审批,1
A02,示例集团·乙公司,AP-2026-000657,应付发票,应付付款单（差旅费）,人民币,8312.18,,--,2026-02-03,FSSC审核岗,应付成本组,审核员03,审核通过,2026-05-28 11:43:29,2026-05-28 11:45:19,2026-05-28 11:51:18,2026-05-28 13:20:19,,--,,示例集团财务共享中心（本部）,应付付款单（差旅费）,非自动审批,1
A02,示例集团·乙公司,AP-2026-000657,应付发票,应付付款单（差旅费）,人民币,20271.15,,--,2026-02-03,FSSC审核岗,应付成本组,审核员03,审核通过,2026-05-28 11:43:29,2026-05-28 11:45:19,2026-05-28 11:47:14,2026-05-28 13:46:19,,--,,示例集团财务共享中心（本部）,应付付款单（差旅费）,非自动审批,1
A08,示例集团·辛公司,AP-2026-000658,付款单,通用报销单（费用报销）,人民币,15761.29,,--,2026-01-16,FSSC审核岗,应付成本组,审核员03,审核通过,2026-02-27 17:49:06,2026-02-27 17:50:56,2026-02-27 17:50:35,2026-02-27 19:24:56,,--,,示例集团财务共享中心（本部）,通用报销单（费用报销）,非自动审批,1
A08,示例集团·辛公司,AP-2026-000658,付款单,通用报销单（费用报销）,人民币,8595.07,,--,2026-01-16,FSSC审核岗,应付成本组,审核员03,审核通过,2026-02-27 17:49:06,2026-02-27 17:50:56,2026-02-27 17:50:47,2026-02-27 19:53:56,,--,,示例集团财务共享中心（本部）,通用报销单（费用报销）,非自动审批,1
A08,示例集团·辛公司,AP-2026-000658,付款单,通用报销单（费用报销）,人民币,191126.63,,--,2026-01-16,FSSC审核岗,应付成本组,审核员03,审核通过,2026-02-27 17:49:06,2026-02-27 17:50:56,2026-02-27 17:57:47,2026-02-27 19:16:56,,--,,示例集团财务共享中心（本部）,通用报销单（费用报销）,非自动审批,1
A01,示例集团·甲公司,AP-2026-000659,付款单,其他专项付款单,人民币,88976.29,,--,2026-04-13,FSSC审核岗,应付成本组,审核员07,审核通过,2026-04-17 11:49:38,2026-04-17 11:49:47,2026-04-17 11:57:37,2026-04-17 13:49:47,,--,,示例集团财务共享中心（本部）,其他专项付款单,非自动审批,1
A01,示例集团·甲公司,AP-2026-000659,付款单,其他专项付款单,人民币,31264.18,,--,2026-04-13,FSSC审核岗,应付成本组,审核员07,审核通过,2026-04-17 11:49:38,2026-04-17 11:49:47,2026-04-17 11:56:33,2026-04-17 13:08:47,,--,,示例集团财务共享中心（本部）,其他专项付款单,非自动审批,1
A09,示例集团·壬公司,AP-2026-000660,通用报销单,应付付款单（材料采购）,人民币,3298.44,,--,2026-02-06,FSSC审核岗,应付成本组,审核员07,审核驳回,2026-04-22 16:28:39,2026-04-22 16:28:55,2026-04-22 16:33:42,--,,--,,示例集团财务共享中心（本部）,应付付款单（材料采购）,非自动审批,1
A09,示例集团·壬公司,AP-2026-000660,通用报销单,应付付款单（材料采购）,人民币,39391.03,,--,2026-02-06,FSSC审核岗,应付成本组,审核员07,审核驳回,2026-04-22 16:28:39,2026-04-22 16:28:55,2026-04-22 16:31:34,--,,--,,示例集团财务共享中心（本部）,应付付款单（材料采购）,非自动审批,1
A04,示例集团·丁公司,AP-2026-000661,应付发票,应付确认单（物料类）,人民币,124178.82,,--,2026-02-13,FSSC审核岗,应付成本组,审核员01,审核通过,2026-02-07 12:12:37,2026-02-07 12:13:54,2026-02-07 12:18:29,2026-02-07 15:21:54,,--,,示例集团财务共享中心（本部）,应付确认单（物料类）,非自动审批,1
A04,示例集团·丁公司,AP-2026-000661,应付发票,应付确认单（物料类）,人民币,21365.62,,--,2026-02-13,FSSC审核岗,应付成本组,审核员01,审核通过,2026-02-07 12:12:37,2026-02-07 12:13:54,2026-02-07 12:18:18,2026-02-07 14:01:54,,--,,示例集团财务共享中心（本部）,应付确认单（物料类）,非自动审批,1
A07,示例集团·庚公司,AP-2026-000662,付款单,应付确认单（物料类）,人民币,11968.67,,--,2026-05-02,FSSC审核岗,应付成本组,审核员02,审核通过,2026-05-08 09:34:24,2026-05-08 09:34:53,2026-05-08 09:34:37,2026-05-08 14:10:53,,--,,示例集团财务共享中心（本部）,应付确认单（物料类）,非自动审批,1
A05,示例集团·戊公司,AP-2026-000663,通用报销单,应付付款单（材料采购）,人民币,50401.15,,--,2026-06-21,FSSC审核岗,应付成本组,审核员02,审核通过,2026-05-10 19:00:18,2026-05-10 19:01:23,2026-05-10 19:04:24,2026-05-10 22:45:23,,--,,示例集团财务共享中心（本部）,应付付款单（材料采购）,非自动审批,1
A02,示例集团·乙公司,AP-2026-000664,应付发票,应付确认单（物料类）,人民币,95711.75,,--,2026-01-01,FSSC审核岗,应付成本组,审核员04,审核通过,2026-02-11 08:12:13,2026-02-11 08:12:23,2026-02-11 08:15:16,2026-02-11 09:15:23,,--,,示例集团财务共享中心（本部）,应付确认单（物料类）,非自动审批,1
A02,示例集团·乙公司,AP-2026-000664,应付发票,应付确认单（物料类）,人民币,3641.3,,--,2026-01-01,FSSC审核岗,应付成本组,审核员04,审核通过,2026-02-11 08:12:13,2026-02-11 08:12:23,2026-02-11 08:16:38,2026-02-11 10:09:23,,--,,示例集团财务共享中心（本部）,应付确认单（物料类）,非自动审批,1
A05,示例集团·戊公司,AP-2026-000665,应付发票,通用报销单（费用报销）,人民币,398559.79,,--,2026-06-27,FSSC审核岗,应付成本组,审核员01,审核通过,2026-03-10 11:33:43,2026-03-10 11:35:20,2026-03-10 11:35:18,2026-03-10 13:50:20,,--,,示例集团财务共享中心（本部）,通用报销单（费用报销）,非自动审批,1
A05,示例集团·戊公司,AP-2026-000665,应付发票,通用报销单（费用报销）,人民币,10417.29,,--,2026-06-27,FSSC审核岗,应付成本组,审核员01,审核通过,2026-03-10 11:33:43,2026-03-10 11:35:20,2026-03-10 11:41:28,2026-03-10 12:45:20,,--,,示例集团财务共享中心（本部）,通用报销单（费用报销）,非自动审批,1
A19,示例集团·子公司壬,AP-2026-000666,通用报销单,通用报销单（费用报销）,人民币,33127.01,,--,2026-04-12,FSSC审核岗,应付成本组,审核员04,审核通过,2026-03-12 12:46:19,2026-03-12 12:47:26,2026-03-12 12:51:11,2026-03-12 16:56:26,,--,,示例集团财务共享中心（本部）,通用报销单（费用报销）,非自动审批,1
A09,示例集团·壬公司,AP-2026-000667,应付发票,应付付款单（差旅费）,人民币,312943.97,,--,2026-03-28,FSSC审核岗,应付成本组,审核员07,审核通过,2026-02-12 15:01:52,2026-02-12 15:03:27,2026-02-12 15:07:50,2026-02-12 19:49:27,,--,,示例集团财务共享中心（本部）,应付付款单（差旅费）,非自动审批,1
A07,示例集团·庚公司,AP-2026-000668,付款单,其他专项付款单,人民币,71360.71,,--,2026-04-22,FSSC审核岗,应付成本组,审核员07,审核通过,2026-02-15 16:12:15,2026-02-15 16:13:42,2026-02-15 16:13:15,2026-02-15 19:16:42,,--,,示例集团财务共享中心（本部）,其他专项付款单,非自动审批,1
A07,示例集团·庚公司,AP-2026-000668,付款单,其他专项付款单,人民币,277764.25,,--,2026-04-22,FSSC审核岗,应付成本组,审核员07,审核通过,2026-02-15 16:12:15,2026-02-15 16:13:42,2026-02-15 16:13:16,2026-02-15 18:37:42,,--,,示例集团财务共享中心（本部）,其他专项付款单,非自动审批,1
A05,示例集团·戊公司,AP-2026-000670,付款单,应付付款单（服务费）,人民币,527102.63,,--,2026-06-06,FSSC审核岗,应付成本组,审核员04,审核通过,2026-06-03 20:18:30,2026-06-03 20:18:36,2026-06-03 20:27:38,2026-06-03 23:04:36,,--,,示例集团财务共享中心（本部）,应付付款单（服务费）,非自动审批,1
A05,示例集团·戊公司,AP-2026-000670,付款单,应付付款单（服务费）,人民币,7757.8,,--,2026-06-06,FSSC审核岗,应付成本组,审核员04,审核通过,2026-06-03 20:18:30,2026-06-03 20:18:36,2026-06-03 20:19:58,2026-06-03 21:21:36,,--,,示例集团财务共享中心（本部）,应付付款单（服务费）,非自动审批,1
A05,示例集团·戊公司,AP-2026-000670,付款单,应付付款单（服务费）,人民币,211686.45,,--,2026-06-06,FSSC审核岗,应付成本组,审核员04,审核通过,2026-06-03 20:18:30,2026-06-03 20:18:36,2026-06-03 20:26:12,2026-06-03 22:28:36,,--,,示例集团财务共享中心（本部）,应付付款单（服务费）,非自动审批,1
A04,示例集团·丁公司,AP-2026-000671,付款单,其他专项付款单,人民币,382958.38,,--,2026-05-09,FSSC审核岗,应付成本组,审核员01,审核通过,2026-03-10 20:55:15,2026-03-10 20:56:54,2026-03-10 20:57:15,2026-03-11 00:11:54,,--,,示例集团财务共享中心（本部）,其他专项付款单,非自动审批,1
A04,示例集团·丁公司,AP-2026-000671,付款单,其他专项付款单,人民币,35378.95,,--,2026-05-09,FSSC审核岗,应付成本组,审核员01,审核通过,2026-03-10 20:55:15,2026-03-10 20:56:54,2026-03-10 20:58:39,2026-03-11 00:04:54,,--,,示例集团财务共享中心（本部）,其他专项付款单,非自动审批,1
A02,示例集团·乙公司,AP-2026-000673,应付发票,通用报销单（费用报销）,人民币,39549.18,,--,2026-04-26,FSSC审核岗,应付成本组,审核员07,审核通过,2026-04-25 11:16:35,2026-04-25 11:17:46,2026-04-25 11:18:12,2026-04-25 13:44:46,,--,,示例集团财务共享中心（本部）,通用报销单（费用报销）,非自动审批,1
A02,示例集团·乙公司,AP-2026-000673,应付发票,通用报销单（费用报销）,人民币,4112.3,,--,2026-04-26,FSSC审核岗,应付成本组,审核员07,审核通过,2026-04-25 11:16:35,2026-04-25 11:17:46,2026-04-25 11:19:46,2026-04-25 12:10:46,,--,,示例集团财务共享中心（本部）,通用报销单（费用报销）,非自动审批,1
A02,示例集团·乙公司,AP-2026-000673,应付发票,通用报销单（费用报销）,人民币,178708.49,,--,2026-04-26,FSSC审核岗,应付成本组,审核员07,审核通过,2026-04-25 11:16:35,2026-04-25 11:17:46,2026-04-25 11:19:39,2026-04-25 12:31:46,,--,,示例集团财务共享中心（本部）,通用报销单（费用报销）,非自动审批,1
A10,示例集团·癸公司,AP-2026-000674,应付发票,应付确认单（物料类）,人民币,1721.9,,--,2026-03-17,FSSC审核岗,应付成本组,审核员01,审核通过,2026-02-17 18:45:52,2026-02-17 18:46:38,2026-02-17 18:54:21,2026-02-17 21:20:38,,--,,示例集团财务共享中心（本部）,应付确认单（物料类）,非自动审批,1
A01,示例集团·甲公司,AP-2026-000675,通用报销单,应付确认单（物料类）,人民币,232426.88,,--,2026-05-05,FSSC审核岗,应付成本组,审核员01,审核通过,2026-05-26 11:37:56,2026-05-26 11:38:13,2026-05-26 11:46:52,2026-05-26 14:23:13,,--,,示例集团财务共享中心（本部）,应付确认单（物料类）,非自动审批,1
A01,示例集团·甲公司,AP-2026-000675,通用报销单,应付确认单（物料类）,人民币,8227.71,,--,2026-05-05,FSSC审核岗,应付成本组,审核员01,审核通过,2026-05-26 11:37:56,2026-05-26 11:38:13,2026-05-26 11:43:51,2026-05-26 15:13:13,,--,,示例集团财务共享中心（本部）,应付确认单（物料类）,非自动审批,1
A01,示例集团·甲公司,AP-2026-000676,应付发票,应付付款单（服务费）,人民币,419560.99,,--,2026-01-25,FSSC审核岗,应付成本组,审核员04,审核通过,2026-02-02 09:04:11,2026-02-02 09:05:35,2026-02-02 09:13:22,2026-02-02 11:07:35,,--,,示例集团财务共享中心（本部）,应付付款单（服务费）,非自动审批,1
A13,示例集团·子公司丙,AP-2026-000677,应付发票,应付付款单（材料采购）,人民币,104274.57,,--,2026-06-17,FSSC审核岗,应付成本组,审核员05,审核通过,2026-06-23 11:33:45,2026-06-23 11:35:20,2026-06-23 11:38:31,2026-06-23 13:58:20,,--,,示例集团财务共享中心（本部）,应付付款单（材料采购）,非自动审批,1
A13,示例集团·子公司丙,AP-2026-000677,应付发票,应付付款单（材料采购）,人民币,245869.15,,--,2026-06-17,FSSC审核岗,应付成本组,审核员05,审核通过,2026-06-23 11:33:45,2026-06-23 11:35:20,2026-06-23 11:37:11,2026-06-23 14:10:20,,--,,示例集团财务共享中心（本部）,应付付款单（材料采购）,非自动审批,1
A09,示例集团·壬公司,AP-2026-000678,付款单,应付付款单（差旅费）,人民币,19189.38,,--,2026-02-20,FSSC审核岗,应付成本组,审核员06,审核驳回,2026-05-03 08:10:35,2026-05-03 08:10:51,2026-05-03 08:17:26,--,,--,,示例集团财务共享中心（本部）,应付付款单（差旅费）,非自动审批,1
A09,示例集团·壬公司,AP-2026-000678,付款单,应付付款单（差旅费）,人民币,9257.27,,--,2026-02-20,FSSC审核岗,应付成本组,审核员06,审核驳回,2026-05-03 08:10:35,2026-05-03 08:10:51,2026-05-03 08:16:53,--,,--,,示例集团财务共享中心（本部）,应付付款单（差旅费）,非自动审批,1
A04,示例集团·丁公司,AP-2026-000679,应付发票,应付付款单（服务费）,人民币,5069.15,,--,2026-02-16,FSSC审核岗,应付成本组,审核员03,审核通过,2026-03-27 16:17:32,2026-03-27 16:19:00,2026-03-27 16:20:05,2026-03-27 19:19:00,,--,,示例集团财务共享中心（本部）,应付付款单（服务费）,非自动审批,1
A02,示例集团·乙公司,AP-2026-000680,应付发票,应付付款单（服务费）,人民币,275869.78,,--,2026-06-06,FSSC审核岗,应付成本组,审核员05,审核通过,2026-05-18 11:30:49,2026-05-18 11:31:27,2026-05-18 11:32:07,2026-05-18 15:05:27,,--,,示例集团财务共享中心（本部）,应付付款单（服务费）,非自动审批,1
A02,示例集团·乙公司,AP-2026-000680,应付发票,应付付款单（服务费）,人民币,151465.95,,--,2026-06-06,FSSC审核岗,应付成本组,审核员05,审核通过,2026-05-18 11:30:49,2026-05-18 11:31:27,2026-05-18 11:38:20,2026-05-18 15:52:27,,--,,示例集团财务共享中心（本部）,应付付款单（服务费）,非自动审批,1
A02,示例集团·乙公司,AP-2026-000680,应付发票,应付付款单（服务费）,人民币,159177.99,,--,2026-06-06,FSSC审核岗,应付成本组,审核员05,审核通过,2026-05-18 11:30:49,2026-05-18 11:31:27,2026-05-18 11:36:26,2026-05-18 15:33:27,,--,,示例集团财务共享中心（本部）,应付付款单（服务费）,非自动审批,1
A05,示例集团·戊公司,AP-2026-000682,应付发票,通用报销单（费用报销）,人民币,90040.9,,--,2026-02-06,FSSC审核岗,应付成本组,审核员02,审核通过,2026-01-28 16:14:20,2026-01-28 16:15:51,2026-01-28 16:20:52,2026-01-28 20:04:51,,--,,示例集团财务共享中心（本部）,通用报销单（费用报销）,非自动审批,1
A03,示例集团·丙公司,AP-2026-000683,通用报销单,应付付款单（差旅费）,人民币,128209.41,,--,2026-04-09,FSSC审核岗,应付成本组,审核员06,审核通过,2026-06-10 14:05:52,2026-06-10 14:07:15,2026-06-10 14:15:41,2026-06-10 16:19:15,,--,,示例集团财务共享中心（本部）,应付付款单（差旅费）,非自动审批,1
A10,示例集团·癸公司,AP-2026-000684,付款单,应付确认单（物料类）,人民币,39801.86,,--,2026-01-11,FSSC审核岗,应付成本组,审核员01,审核通过,2026-04-19 17:53:30,2026-04-19 17:53:36,2026-04-19 17:58:51,2026-04-19 19:17:36,,--,,示例集团财务共享中心（本部）,应付确认单（物料类）,非自动审批,1
A03,示例集团·丙公司,AP-2026-000685,付款单,其他专项付款单,人民币,100551.05,,--,2026-01-24,FSSC审核岗,应付成本组,审核员06,审核驳回,2026-01-06 19:58:13,2026-01-06 19:59:07,2026-01-06 20:00:21,--,,--,,示例集团财务共享中心（本部）,其他专项付款单,非自动审批,1
A07,示例集团·庚公司,AP-2026-000686,应付发票,通用报销单（费用报销）,人民币,18041.47,,--,2026-06-11,FSSC审核岗,应付成本组,审核员07,审核通过,2026-06-13 10:41:12,2026-06-13 10:41:38,2026-06-13 10:46:11,2026-06-13 11:53:38,,--,,示例集团财务共享中心（本部）,通用报销单（费用报销）,非自动审批,1
A04,示例集团·丁公司,AP-2026-000687,通用报销单,应付付款单（差旅费）,人民币,37055.56,,--,2026-04-03,FSSC审核岗,应付成本组,审核员06,审核通过,2026-06-22 09:13:54,2026-06-22 09:14:12,2026-06-22 09:18:40,2026-06-22 10:21:12,,--,,示例集团财务共享中心（本部）,应付付款单（差旅费）,非自动审批,1
A04,示例集团·丁公司,AP-2026-000687,通用报销单,应付付款单（差旅费）,人民币,4242491.59,,--,2026-04-03,FSSC审核岗,应付成本组,审核员06,审核通过,2026-06-22 09:13:54,2026-06-22 09:14:12,2026-06-22 09:15:59,2026-06-22 09:54:12,,--,,示例集团财务共享中心（本部）,应付付款单（差旅费）,非自动审批,1
A04,示例集团·丁公司,AP-2026-000687,通用报销单,应付付款单（差旅费）,人民币,63227.2,,--,2026-04-03,FSSC审核岗,应付成本组,审核员06,审核通过,2026-06-22 09:13:54,2026-06-22 09:14:12,2026-06-22 09:15:56,2026-06-22 09:53:12,,--,,示例集团财务共享中心（本部）,应付付款单（差旅费）,非自动审批,1
A01,示例集团·甲公司,AP-2026-000690,应付发票,其他专项付款单,人民币,3788.52,,--,2026-03-03,FSSC审核岗,应付成本组,审核员07,审核通过,2026-01-28 17:00:12,2026-01-28 17:00:52,2026-01-28 17:07:08,2026-01-28 20:39:52,,--,,示例集团财务共享中心（本部）,其他专项付款单,非自动审批,1
A01,示例集团·甲公司,AP-2026-000690,应付发票,其他专项付款单,人民币,33791.82,,--,2026-03-03,FSSC审核岗,应付成本组,审核员07,审核通过,2026-01-28 17:00:12,2026-01-28 17:00:52,2026-01-28 17:03:36,2026-01-28 19:58:52,,--,,示例集团财务共享中心（本部）,其他专项付款单,非自动审批,1
A11,示例集团·子公司甲,AP-2026-000692,应付发票,应付确认单（物料类）,人民币,13622.37,,--,2026-01-27,FSSC审核岗,应付成本组,审核员05,审核通过,2026-01-12 09:27:26,2026-01-12 09:28:45,2026-01-12 09:33:05,2026-01-12 10:09:45,,--,,示例集团财务共享中心（本部）,应付确认单（物料类）,非自动审批,1
A11,示例集团·子公司甲,AP-2026-000692,应付发票,应付确认单（物料类）,人民币,74824.89,,--,2026-01-27,FSSC审核岗,应付成本组,审核员05,审核通过,2026-01-12 09:27:26,2026-01-12 09:28:45,2026-01-12 09:27:41,2026-01-12 11:45:45,,--,,示例集团财务共享中心（本部）,应付确认单（物料类）,非自动审批,1
A01,示例集团·甲公司,AP-2026-000694,应付发票,应付确认单（物料类）,人民币,17238.44,,--,2026-06-14,FSSC审核岗,应付成本组,审核员05,审核通过,2026-03-05 09:29:05,2026-03-05 09:30:24,2026-03-05 09:29:46,2026-03-05 11:19:24,,--,,示例集团财务共享中心（本部）,应付确认单（物料类）,非自动审批,1
A01,示例集团·甲公司,AP-2026-000694,应付发票,应付确认单（物料类）,人民币,44508.53,,--,2026-06-14,FSSC审核岗,应付成本组,审核员05,审核通过,2026-03-05 09:29:05,2026-03-05 09:30:24,2026-03-05 09:36:56,2026-03-05 11:44:24,,--,,示例集团财务共享中心（本部）,应付确认单（物料类）,非自动审批,1
A01,示例集团·甲公司,AP-2026-000694,应付发票,应付确认单（物料类）,人民币,21252.38,,--,2026-06-14,FSSC审核岗,应付成本组,审核员05,审核通过,2026-03-05 09:29:05,2026-03-05 09:30:24,2026-03-05 09:29:58,2026-03-05 11:25:24,,--,,示例集团财务共享中心（本部）,应付确认单（物料类）,非自动审批,1
A20,示例集团·子公司癸,AP-2026-000696,通用报销单,其他专项付款单,人民币,78909.57,,--,2026-03-22,FSSC审核岗,应付成本组,审核员03,审核通过,2026-05-03 12:34:45,2026-05-03 12:36:16,2026-05-03 12:40:04,2026-05-03 17:15:16,,--,,示例集团财务共享中心（本部）,其他专项付款单,非自动审批,1
A20,示例集团·子公司癸,AP-2026-000696,通用报销单,其他专项付款单,人民币,24875.57,,--,2026-03-22,FSSC审核岗,应付成本组,审核员03,审核通过,2026-05-03 12:34:45,2026-05-03 12:36:16,2026-05-03 12:40:09,2026-05-03 16:41:16,,--,,示例集团财务共享中心（本部）,其他专项付款单,非自动审批,1
A20,示例集团·子公司癸,AP-2026-000696,通用报销单,其他专项付款单,人民币,98679.46,,--,2026-03-22,FSSC审核岗,应付成本组,审核员03,审核通过,2026-05-03 12:34:45,2026-05-03 12:36:16,2026-05-03 12:43:30,2026-05-03 16:51:16,,--,,示例集团财务共享中心（本部）,其他专项付款单,非自动审批,1
A16,示例集团·子公司己,AP-2026-000697,应付发票,应付付款单（材料采购）,人民币,916222.06,,--,2026-02-21,FSSC审核岗,应付成本组,审核员03,审核通过,2026-06-09 13:45:07,2026-06-09 13:45:21,2026-06-09 13:52:09,2026-06-09 14:46:21,,--,,示例集团财务共享中心（本部）,应付付款单（材料采购）,非自动审批,1
A16,示例集团·子公司己,AP-2026-000697,应付发票,应付付款单（材料采购）,人民币,11894.4,,--,2026-02-21,FSSC审核岗,应付成本组,审核员03,审核通过,2026-06-09 13:45:07,2026-06-09 13:45:21,2026-06-09 13:50:21,2026-06-09 15:09:21,,--,,示例集团财务共享中心（本部）,应付付款单（材料采购）,非自动审批,1
A12,示例集团·子公司乙,AP-2026-000699,应付发票,其他专项付款单,人民币,164949.94,,--,2026-04-10,FSSC审核岗,应付成本组,审核员05,审核通过,2026-06-28 17:24:33,2026-06-28 17:26:24,2026-06-28 17:27:54,2026-06-28 20:47:24,,--,,示例集团财务共享中心（本部）,其他专项付款单,非自动审批,1
A12,示例集团·子公司乙,AP-2026-000699,应付发票,其他专项付款单,人民币,1931.47,,--,2026-04-10,FSSC审核岗,应付成本组,审核员05,审核通过,2026-06-28 17:24:33,2026-06-28 17:26:24,2026-06-28 17:26:50,2026-06-28 19:36:24,,--,,示例集团财务共享中心（本部）,其他专项付款单,非自动审批,1
A01,示例集团·甲公司,AP-2026-000700,应付发票,通用报销单（费用报销）,人民币,43222.65,,--,2026-03-20,FSSC审核岗,应付成本组,审核员07,审核驳回,2026-05-27 12:52:26,2026-05-27 12:52:54,2026-05-27 12:58:10,--,,--,,示例集团财务共享中心（本部）,通用报销单（费用报销）,非自动审批,1
A01,示例集团·甲公司,AP-2026-000700,应付发票,通用报销单（费用报销）,人民币,82492.83,,--,2026-03-20,FSSC审核岗,应付成本组,审核员07,审核驳回,2026-05-27 12:52:26,2026-05-27 12:52:54,2026-05-27 12:54:20,--,,--,,示例集团财务共享中心（本部）,通用报销单（费用报销）,非自动审批,1
A06,示例集团·己公司,AP-2026-000701,应付发票,通用报销单（费用报销）,人民币,21010.6,,--,2026-03-10,FSSC审核岗,应付成本组,审核员07,审核通过,2026-06-19 19:37:23,2026-06-19 19:37:57,2026-06-19 19:42:12,2026-06-19 21:48:57,,--,,示例集团财务共享中心（本部）,通用报销单（费用报销）,非自动审批,1
A06,示例集团·己公司,AP-2026-000701,应付发票,通用报销单（费用报销）,人民币,4903.23,,--,2026-03-10,FSSC审核岗,应付成本组,审核员07,审核通过,2026-06-19 19:37:23,2026-06-19 19:37:57,2026-06-19 19:47:23,2026-06-19 20:35:57,,--,,示例集团财务共享中心（本部）,通用报销单（费用报销）,非自动审批,1
A03,示例集团·丙公司,AP-2026-000702,应付发票,应付付款单（材料采购）,人民币,56768.92,,--,2026-02-08,FSSC审核岗,应付成本组,审核员02,审核通过,2026-01-11 17:25:42,2026-01-11 17:26:18,2026-01-11 17:29:07,2026-01-11 20:41:18,,--,,示例集团财务共享中心（本部）,应付付款单（材料采购）,非自动审批,1
A03,示例集团·丙公司,AP-2026-000702,应付发票,应付付款单（材料采购）,人民币,511427.73,,--,2026-02-08,FSSC审核岗,应付成本组,审核员02,审核通过,2026-01-11 17:25:42,2026-01-11 17:26:18,2026-01-11 17:28:25,2026-01-11 20:32:18,,--,,示例集团财务共享中心（本部）,应付付款单（材料采购）,非自动审批,1
A03,示例集团·丙公司,AP-2026-000704,通用报销单,通用报销单（费用报销）,人民币,48774.89,,--,2026-01-25,FSSC审核岗,应付成本组,审核员02,审核通过,2026-02-28 15:08:55,2026-02-28 15:09:18,2026-02-28 15:10:45,2026-02-28 16:12:18,,--,,示例集团财务共享中心（本部）,通用报销单（费用报销）,非自动审批,1
A03,示例集团·丙公司,AP-2026-000706,应付发票,应付付款单（服务费）,人民币,130875.69,,--,2026-06-17,FSSC审核岗,应付成本组,审核员04,审核驳回,2026-06-11 17:24:46,2026-06-11 17:26:14,2026-06-11 17:28:38,--,,--,,示例集团财务共享中心（本部）,应付付款单（服务费）,非自动审批,1
A16,示例集团·子公司己,AP-2026-000708,通用报销单,应付确认单（物料类）,人民币,289999.04,,--,2026-04-22,FSSC审核岗,应付成本组,审核员05,审核通过,2026-06-25 18:06:04,2026-06-25 18:06:33,2026-06-25 18:09:08,2026-06-25 22:25:33,,--,,示例集团财务共享中心（本部）,应付确认单（物料类）,非自动审批,1
A16,示例集团·子公司己,AP-2026-000708,通用报销单,应付确认单（物料类）,人民币,1905136.78,,--,2026-04-22,FSSC审核岗,应付成本组,审核员05,审核通过,2026-06-25 18:06:04,2026-06-25 18:06:33,2026-06-25 18:10:15,2026-06-25 21:09:33,,--,,示例集团财务共享中心（本部）,应付确认单（物料类）,非自动审批,1
A16,示例集团·子公司己,AP-2026-000708,通用报销单,应付确认单（物料类）,人民币,13722.57,,--,2026-04-22,FSSC审核岗,应付成本组,审核员05,审核通过,2026-06-25 18:06:04,2026-06-25 18:06:33,2026-06-25 18:09:21,2026-06-25 21:41:33,,--,,示例集团财务共享中心（本部）,应付确认单（物料类）,非自动审批,1
A12,示例集团·子公司乙,AP-2026-000709,通用报销单,其他专项付款单,人民币,15855.08,,--,2026-06-16,FSSC审核岗,应付成本组,审核员01,审核通过,2026-03-15 13:18:06,2026-03-15 13:19:20,2026-03-15 13:18:28,2026-03-15 16:09:20,,--,,示例集团财务共享中心（本部）,其他专项付款单,非自动审批,1
A12,示例集团·子公司乙,AP-2026-000709,通用报销单,其他专项付款单,人民币,39770.14,,--,2026-06-16,FSSC审核岗,应付成本组,审核员01,审核通过,2026-03-15 13:18:06,2026-03-15 13:19:20,2026-03-15 13:20:24,2026-03-15 14:54:20,,--,,示例集团财务共享中心（本部）,其他专项付款单,非自动审批,1
A12,示例集团·子公司乙,AP-2026-000709,通用报销单,其他专项付款单,人民币,141720.39,,--,2026-06-16,FSSC审核岗,应付成本组,审核员01,审核通过,2026-03-15 13:18:06,2026-03-15 13:19:20,2026-03-15 13:22:33,2026-03-15 15:26:20,,--,,示例集团财务共享中心（本部）,其他专项付款单,非自动审批,1
A09,示例集团·壬公司,AP-2026-000710,通用报销单,通用报销单（费用报销）,人民币,2323.94,,--,2026-02-24,FSSC审核岗,应付成本组,审核员02,审核通过,2026-01-12 16:33:03,2026-01-12 16:33:50,2026-01-12 16:41:21,2026-01-12 21:08:50,,--,,示例集团财务共享中心（本部）,通用报销单（费用报销）,非自动审批,1
A09,示例集团·壬公司,AP-2026-000710,通用报销单,通用报销单（费用报销）,人民币,149531.52,,--,2026-02-24,FSSC审核岗,应付成本组,审核员02,审核通过,2026-01-12 16:33:03,2026-01-12 16:33:50,2026-01-12 16:34:36,2026-01-12 20:42:50,,--,,示例集团财务共享中心（本部）,通用报销单（费用报销）,非自动审批,1
A15,示例集团·子公司戊,AP-2026-000711,应付发票,应付付款单（材料采购）,人民币,73686.12,,--,2026-03-22,FSSC审核岗,应付成本组,审核员07,审核驳回,2026-05-20 12:50:40,2026-05-20 12:51:21,2026-05-20 12:51:00,--,,--,,示例集团财务共享中心（本部）,应付付款单（材料采购）,非自动审批,1
A13,示例集团·子公司丙,AP-2026-000712,通用报销单,应付付款单（材料采购）,人民币,28352.71,,--,2026-05-09,FSSC审核岗,应付成本组,审核员01,审核驳回,2026-02-16 19:07:04,2026-02-16 19:07:09,2026-02-16 19:11:26,--,,--,,示例集团财务共享中心（本部）,应付付款单（材料采购）,非自动审批,1
A13,示例集团·子公司丙,AP-2026-000712,通用报销单,应付付款单（材料采购）,人民币,108631.2,,--,2026-05-09,FSSC审核岗,应付成本组,审核员01,审核驳回,2026-02-16 19:07:04,2026-02-16 19:07:09,2026-02-16 19:11:33,--,,--,,示例集团财务共享中心（本部）,应付付款单（材料采购）,非自动审批,1
A14,示例集团·子公司丁,AP-2026-000713,付款单,其他专项付款单,人民币,208044.84,,--,2026-03-18,FSSC审核岗,应付成本组,审核员03,审核通过,2026-02-04 13:58:50,2026-02-04 13:59:34,2026-02-04 14:06:14,2026-02-04 17:28:34,,--,,示例集团财务共享中心（本部）,其他专项付款单,非自动审批,1
A14,示例集团·子公司丁,AP-2026-000713,付款单,其他专项付款单,人民币,252516.15,,--,2026-03-18,FSSC审核岗,应付成本组,审核员03,审核通过,2026-02-04 13:58:50,2026-02-04 13:59:34,2026-02-04 13:59:40,2026-02-04 18:16:34,,--,,示例集团财务共享中心（本部）,其他专项付款单,非自动审批,1
A14,示例集团·子公司丁,AP-2026-000713,付款单,其他专项付款单,人民币,61124.54,,--,2026-03-18,FSSC审核岗,应付成本组,审核员03,审核通过,2026-02-04 13:58:50,2026-02-04 13:59:34,2026-02-04 14:06:38,2026-02-04 17:32:34,,--,,示例集团财务共享中心（本部）,其他专项付款单,非自动审批,1
A17,示例集团·子公司庚,AP-2026-000714,应付发票,应付确认单（物料类）,人民币,94508.61,,--,2026-03-24,FSSC审核岗,应付成本组,审核员05,审核通过,2026-03-16 19:08:58,2026-03-16 19:10:31,2026-03-16 19:11:25,2026-03-16 23:47:31,,--,,示例集团财务共享中心（本部）,应付确认单（物料类）,非自动审批,1
A17,示例集团·子公司庚,AP-2026-000714,应付发票,应付确认单（物料类）,人民币,89648.39,,--,2026-03-24,FSSC审核岗,应付成本组,审核员05,审核通过,2026-03-16 19:08:58,2026-03-16 19:10:31,2026-03-16 19:12:30,2026-03-16 23:51:31,,--,,示例集团财务共享中心（本部）,应付确认单（物料类）,非自动审批,1
A06,示例集团·己公司,AP-2026-000715,付款单,应付付款单（服务费）,人民币,335600.32,,--,2026-04-13,FSSC审核岗,应付成本组,审核员05,审核通过,2026-03-17 19:38:07,2026-03-17 19:38:20,2026-03-17 19:47:25,2026-03-17 21:42:20,,--,,示例集团财务共享中心（本部）,应付付款单（服务费）,非自动审批,1
A06,示例集团·己公司,AP-2026-000715,付款单,应付付款单（服务费）,人民币,102099.46,,--,2026-04-13,FSSC审核岗,应付成本组,审核员05,审核通过,2026-03-17 19:38:07,2026-03-17 19:38:20,2026-03-17 19:45:33,2026-03-17 22:09:20,,--,,示例集团财务共享中心（本部）,应付付款单（服务费）,非自动审批,1
A06,示例集团·己公司,AP-2026-000715,付款单,应付付款单（服务费）,人民币,147755.27,,--,2026-04-13,FSSC审核岗,应付成本组,审核员05,审核通过,2026-03-17 19:38:07,2026-03-17 19:38:20,2026-03-17 19:45:01,2026-03-17 22:35:20,,--,,示例集团财务共享中心（本部）,应付付款单（服务费）,非自动审批,1
A12,示例集团·子公司乙,AP-2026-000716,通用报销单,其他专项付款单,人民币,208923.78,,--,2026-02-11,FSSC审核岗,应付成本组,审核员03,审核通过,2026-05-02 19:57:00,2026-05-02 19:57:56,2026-05-02 20:06:22,2026-05-02 23:40:56,,--,,示例集团财务共享中心（本部）,其他专项付款单,非自动审批,1
A02,示例集团·乙公司,AP-2026-000717,通用报销单,应付付款单（服务费）,人民币,929116.76,,--,2026-02-08,FSSC审核岗,应付成本组,审核员04,审核通过,2026-01-09 17:49:06,2026-01-09 17:49:36,2026-01-09 17:57:34,2026-01-09 22:31:36,,--,,示例集团财务共享中心（本部）,应付付款单（服务费）,非自动审批,1
A02,示例集团·乙公司,AP-2026-000717,通用报销单,应付付款单（服务费）,人民币,26366.75,,--,2026-02-08,FSSC审核岗,应付成本组,审核员04,审核通过,2026-01-09 17:49:06,2026-01-09 17:49:36,2026-01-09 17:51:33,2026-01-09 20:50:36,,--,,示例集团财务共享中心（本部）,应付付款单（服务费）,非自动审批,1
A12,示例集团·子公司乙,AP-2026-000719,付款单,应付付款单（差旅费）,人民币,583028.98,,--,2026-01-23,FSSC审核岗,应付成本组,审核员01,审核通过,2026-06-14 15:17:01,2026-06-14 15:17:19,2026-06-14 15:22:10,2026-06-14 18:17:19,,--,,示例集团财务共享中心（本部）,应付付款单（差旅费）,非自动审批,1
A09,示例集团·壬公司,AP-2026-000720,应付发票,应付付款单（材料采购）,人民币,1904137.47,,--,2026-02-09,FSSC审核岗,应付成本组,审核员04,审核通过,2026-01-17 18:49:50,2026-01-17 18:51:19,2026-01-17 18:54:06,2026-01-17 21:59:19,,--,,示例集团财务共享中心（本部）,应付付款单（材料采购）,非自动审批,1
A16,示例集团·子公司己,AP-2026-000721,通用报销单,应付付款单（服务费）,人民币,28829.09,,--,2026-02-19,FSSC审核岗,应付成本组,审核员02,审核通过,2026-05-22 11:16:40,2026-05-22 11:17:43,2026-05-22 11:23:09,2026-05-22 13:55:43,,--,,示例集团财务共享中心（本部）,应付付款单（服务费）,非自动审批,1
A12,示例集团·子公司乙,AP-2026-000723,付款单,应付确认单（物料类）,人民币,44200.61,,--,2026-02-16,FSSC审核岗,应付成本组,审核员05,审核通过,2026-05-20 13:34:49,2026-05-20 13:35:02,2026-05-20 13:43:23,2026-05-20 16:30:02,,--,,示例集团财务共享中心（本部）,应付确认单（物料类）,非自动审批,1
A12,示例集团·子公司乙,AP-2026-000723,付款单,应付确认单（物料类）,人民币,32865.17,,--,2026-02-16,FSSC审核岗,应付成本组,审核员05,审核通过,2026-05-20 13:34:49,2026-05-20 13:35:02,2026-05-20 13:37:27,2026-05-20 15:09:02,,--,,示例集团财务共享中心（本部）,应付确认单（物料类）,非自动审批,1
A12,示例集团·子公司乙,AP-2026-000723,付款单,应付确认单（物料类）,人民币,150188.1,,--,2026-02-16,FSSC审核岗,应付成本组,审核员05,审核通过,2026-05-20 13:34:49,2026-05-20 13:35:02,2026-05-20 13:42:52,2026-05-20 16:15:02,,--,,示例集团财务共享中心（本部）,应付确认单（物料类）,非自动审批,1
A02,示例集团·乙公司,AP-2026-000724,通用报销单,通用报销单（费用报销）,人民币,4418.93,,--,2026-02-11,FSSC审核岗,应付成本组,审核员02,审核通过,2026-06-23 14:45:58,2026-06-23 14:47:51,2026-06-23 14:50:51,2026-06-23 17:15:51,,--,,示例集团财务共享中心（本部）,通用报销单（费用报销）,非自动审批,1
A02,示例集团·乙公司,AP-2026-000724,通用报销单,通用报销单（费用报销）,人民币,29753.52,,--,2026-02-11,FSSC审核岗,应付成本组,审核员02,审核通过,2026-06-23 14:45:58,2026-06-23 14:47:51,2026-06-23 14:53:30,2026-06-23 17:36:51,,--,,示例集团财务共享中心（本部）,通用报销单（费用报销）,非自动审批,1
A03,示例集团·丙公司,AP-2026-000725,应付发票,应付付款单（服务费）,人民币,40818.92,,--,2026-01-14,FSSC审核岗,应付成本组,审核员06,审核通过,2026-03-11 12:43:47,2026-03-11 12:44:38,2026-03-11 12:51:24,2026-03-11 16:14:38,,--,,示例集团财务共享中心（本部）,应付付款单（服务费）,非自动审批,1
A03,示例集团·丙公司,AP-2026-000726,应付发票,通用报销单（费用报销）,人民币,36115.16,,--,2026-03-14,FSSC审核岗,应付成本组,审核员03,审核通过,2026-01-06 16:14:30,2026-01-06 16:14:45,2026-01-06 16:18:12,2026-01-06 20:08:45,,--,,示例集团财务共享中心（本部）,通用报销单（费用报销）,非自动审批,1
A03,示例集团·丙公司,AP-2026-000726,应付发票,通用报销单（费用报销）,人民币,35609.67,,--,2026-03-14,FSSC审核岗,应付成本组,审核员03,审核通过,2026-01-06 16:14:30,2026-01-06 16:14:45,2026-01-06 16:17:42,2026-01-06 19:55:45,,--,,示例集团财务共享中心（本部）,通用报销单（费用报销）,非自动审批,1
A03,示例集团·丙公司,AP-2026-000726,应付发票,通用报销单（费用报销）,人民币,30183.07,,--,2026-03-14,FSSC审核岗,应付成本组,审核员03,审核通过,2026-01-06 16:14:30,2026-01-06 16:14:45,2026-01-06 16:22:04,2026-01-06 20:29:45,,--,,示例集团财务共享中心（本部）,通用报销单（费用报销）,非自动审批,1
A11,示例集团·子公司甲,AP-2026-000727,应付发票,应付付款单（差旅费）,人民币,177786.72,,--,2026-01-12,FSSC审核岗,应付成本组,审核员05,审核通过,2026-01-03 18:03:47,2026-01-03 18:04:34,2026-01-03 18:07:56,2026-01-03 21:37:34,,--,,示例集团财务共享中心（本部）,应付付款单（差旅费）,非自动审批,1
A11,示例集团·子公司甲,AP-2026-000727,应付发票,应付付款单（差旅费）,人民币,127203.3,,--,2026-01-12,FSSC审核岗,应付成本组,审核员05,审核通过,2026-01-03 18:03:47,2026-01-03 18:04:34,2026-01-03 18:13:21,2026-01-03 21:03:34,,--,,示例集团财务共享中心（本部）,应付付款单（差旅费）,非自动审批,1
A11,示例集团·子公司甲,AP-2026-000727,应付发票,应付付款单（差旅费）,人民币,650021.89,,--,2026-01-12,FSSC审核岗,应付成本组,审核员05,审核通过,2026-01-03 18:03:47,2026-01-03 18:04:34,2026-01-03 18:07:06,2026-01-03 20:51:34,,--,,示例集团财务共享中心（本部）,应付付款单（差旅费）,非自动审批,1
A03,示例集团·丙公司,AP-2026-000728,通用报销单,其他专项付款单,人民币,178421.98,,--,2026-01-14,FSSC审核岗,应付成本组,审核员03,审核通过,2026-01-08 08:02:56,2026-01-08 08:04:33,2026-01-08 08:12:30,2026-01-08 10:41:33,,--,,示例集团财务共享中心（本部）,其他专项付款单,非自动审批,1
A03,示例集团·丙公司,AP-2026-000729,应付发票,应付确认单（物料类）,人民币,12879.28,,--,2026-04-08,FSSC审核岗,应付成本组,审核员06,审核通过,2026-02-04 20:25:07,2026-02-04 20:25:24,2026-02-04 20:35:07,2026-02-05 00:00:24,,--,,示例集团财务共享中心（本部）,应付确认单（物料类）,非自动审批,1
A03,示例集团·丙公司,AP-2026-000729,应付发票,应付确认单（物料类）,人民币,47190.51,,--,2026-04-08,FSSC审核岗,应付成本组,审核员06,审核通过,2026-02-04 20:25:07,2026-02-04 20:25:24,2026-02-04 20:31:47,2026-02-05 00:58:24,,--,,示例集团财务共享中心（本部）,应付确认单（物料类）,非自动审批,1
A03,示例集团·丙公司,AP-2026-000729,应付发票,应付确认单（物料类）,人民币,40671.2,,--,2026-04-08,FSSC审核岗,应付成本组,审核员06,审核通过,2026-02-04 20:25:07,2026-02-04 20:25:24,2026-02-04 20:28:33,2026-02-05 01:01:24,,--,,示例集团财务共享中心（本部）,应付确认单（物料类）,非自动审批,1
A01,示例集团·甲公司,AP-2026-000730,付款单,通用报销单（费用报销）,人民币,85590.84,,--,2026-02-05,FSSC审核岗,应付成本组,审核员04,审核通过,2026-03-26 14:13:32,2026-03-26 14:15:22,2026-03-26 14:23:04,2026-03-26 16:59:22,,--,,示例集团财务共享中心（本部）,通用报销单（费用报销）,非自动审批,1
A01,示例集团·甲公司,AP-2026-000730,付款单,通用报销单（费用报销）,人民币,276661.36,,--,2026-02-05,FSSC审核岗,应付成本组,审核员04,审核通过,2026-03-26 14:13:32,2026-03-26 14:15:22,2026-03-26 14:20:58,2026-03-26 16:42:22,,--,,示例集团财务共享中心（本部）,通用报销单（费用报销）,非自动审批,1
A09,示例集团·壬公司,AP-2026-000732,付款单,应付付款单（差旅费）,人民币,77665.71,,--,2026-01-23,FSSC审核岗,应付成本组,审核员06,审核通过,2026-01-19 08:26:04,2026-01-19 08:27:02,2026-01-19 08:26:54,2026-01-19 10:38:02,,--,,示例集团财务共享中心（本部）,应付付款单（差旅费）,非自动审批,1
A09,示例集团·壬公司,AP-2026-000732,付款单,应付付款单（差旅费）,人民币,77955.12,,--,2026-01-23,FSSC审核岗,应付成本组,审核员06,审核通过,2026-01-19 08:26:04,2026-01-19 08:27:02,2026-01-19 08:29:18,2026-01-19 11:26:02,,--,,示例集团财务共享中心（本部）,应付付款单（差旅费）,非自动审批,1
A09,示例集团·壬公司,AP-2026-000732,付款单,应付付款单（差旅费）,人民币,60721.84,,--,2026-01-23,FSSC审核岗,应付成本组,审核员06,审核通过,2026-01-19 08:26:04,2026-01-19 08:27:02,2026-01-19 08:30:11,2026-01-19 10:48:02,,--,,示例集团财务共享中心（本部）,应付付款单（差旅费）,非自动审批,1
A01,示例集团·甲公司,AP-2026-000733,通用报销单,应付付款单（材料采购）,人民币,186244.87,,--,2026-03-16,FSSC审核岗,应付成本组,审核员07,审核通过,2026-01-05 14:40:24,2026-01-05 14:41:31,2026-01-05 14:44:30,2026-01-05 17:58:31,,--,,示例集团财务共享中心（本部）,应付付款单（材料采购）,非自动审批,1
A01,示例集团·甲公司,AP-2026-000733,通用报销单,应付付款单（材料采购）,人民币,26998.4,,--,2026-03-16,FSSC审核岗,应付成本组,审核员07,审核通过,2026-01-05 14:40:24,2026-01-05 14:41:31,2026-01-05 14:49:27,2026-01-05 19:06:31,,--,,示例集团财务共享中心（本部）,应付付款单（材料采购）,非自动审批,1
A03,示例集团·丙公司,AP-2026-000734,付款单,应付付款单（差旅费）,人民币,7786.81,,--,2026-03-11,FSSC审核岗,应付成本组,审核员02,审核通过,2026-04-14 08:17:58,2026-04-14 08:19:35,2026-04-14 08:22:08,2026-04-14 10:53:35,,--,,示例集团财务共享中心（本部）,应付付款单（差旅费）,非自动审批,1
A03,示例集团·丙公司,AP-2026-000734,付款单,应付付款单（差旅费）,人民币,147622.05,,--,2026-03-11,FSSC审核岗,应付成本组,审核员02,审核通过,2026-04-14 08:17:58,2026-04-14 08:19:35,2026-04-14 08:19:30,2026-04-14 12:16:35,,--,,示例集团财务共享中心（本部）,应付付款单（差旅费）,非自动审批,1
A03,示例集团·丙公司,AP-2026-000734,付款单,应付付款单（差旅费）,人民币,101238.46,,--,2026-03-11,FSSC审核岗,应付成本组,审核员02,审核通过,2026-04-14 08:17:58,2026-04-14 08:19:35,2026-04-14 08:25:24,2026-04-14 12:11:35,,--,,示例集团财务共享中心（本部）,应付付款单（差旅费）,非自动审批,1
A09,示例集团·壬公司,AP-2026-000735,通用报销单,应付付款单（差旅费）,人民币,381850.93,,--,2026-03-24,FSSC审核岗,应付成本组,审核员07,审核通过,2026-02-14 19:04:33,2026-02-14 19:06:10,2026-02-14 19:06:05,2026-02-14 20:34:10,,--,,示例集团财务共享中心（本部）,应付付款单（差旅费）,非自动审批,1
A01,示例集团·甲公司,AP-2026-000736,应付发票,其他专项付款单,人民币,2000.04,,--,2026-06-26,FSSC审核岗,应付成本组,审核员02,审核通过,2026-04-24 16:26:26,2026-04-24 16:27:04,2026-04-24 16:31:55,2026-04-24 18:29:04,,--,,示例集团财务共享中心（本部）,其他专项付款单,非自动审批,1
A06,示例集团·己公司,AP-2026-000737,应付发票,通用报销单（费用报销）,人民币,52026.62,,--,2026-01-22,FSSC审核岗,应付成本组,审核员03,审核通过,2026-05-23 13:33:55,2026-05-23 13:34:56,2026-05-23 13:39:59,2026-05-23 15:34:56,,--,,示例集团财务共享中心（本部）,通用报销单（费用报销）,非自动审批,1
A01,示例集团·甲公司,AP-2026-000738,付款单,通用报销单（费用报销）,人民币,69522.03,,--,2026-04-03,FSSC审核岗,应付成本组,审核员02,审核驳回,2026-05-07 11:44:41,2026-05-07 11:45:40,2026-05-07 11:44:54,--,,--,,示例集团财务共享中心（本部）,通用报销单（费用报销）,非自动审批,1
A01,示例集团·甲公司,AP-2026-000738,付款单,通用报销单（费用报销）,人民币,7221.16,,--,2026-04-03,FSSC审核岗,应付成本组,审核员02,审核驳回,2026-05-07 11:44:41,2026-05-07 11:45:40,2026-05-07 11:53:18,--,,--,,示例集团财务共享中心（本部）,通用报销单（费用报销）,非自动审批,1
A01,示例集团·甲公司,AP-2026-000738,付款单,通用报销单（费用报销）,人民币,53038.06,,--,2026-04-03,FSSC审核岗,应付成本组,审核员02,审核驳回,2026-05-07 11:44:41,2026-05-07 11:45:40,2026-05-07 11:53:01,--,,--,,示例集团财务共享中心（本部）,通用报销单（费用报销）,非自动审批,1
A03,示例集团·丙公司,AP-2026-000739,应付发票,应付付款单（服务费）,人民币,315429.9,,--,2026-06-10,FSSC审核岗,应付成本组,审核员02,审核通过,2026-04-10 13:40:15,2026-04-10 13:42:15,2026-04-10 13:49:56,2026-04-10 15:59:15,,--,,示例集团财务共享中心（本部）,应付付款单（服务费）,非自动审批,1
A03,示例集团·丙公司,AP-2026-000739,应付发票,应付付款单（服务费）,人民币,1110766.18,,--,2026-06-10,FSSC审核岗,应付成本组,审核员02,审核通过,2026-04-10 13:40:15,2026-04-10 13:42:15,2026-04-10 13:45:29,2026-04-10 16:01:15,,--,,示例集团财务共享中心（本部）,应付付款单（服务费）,非自动审批,1
A03,示例集团·丙公司,AP-2026-000739,应付发票,应付付款单（服务费）,人民币,236894.38,,--,2026-06-10,FSSC审核岗,应付成本组,审核员02,审核通过,2026-04-10 13:40:15,2026-04-10 13:42:15,2026-04-10 13:45:14,2026-04-10 16:13:15,,--,,示例集团财务共享中心（本部）,应付付款单（服务费）,非自动审批,1
A01,示例集团·甲公司,AP-2026-000740,应付发票,应付付款单（服务费）,人民币,38015.15,,--,2026-04-19,FSSC审核岗,应付成本组,审核员02,审核通过,2026-04-17 17:42:14,2026-04-17 17:42:57,2026-04-17 17:49:13,2026-04-17 20:36:57,,--,,示例集团财务共享中心（本部）,应付付款单（服务费）,非自动审批,1
A01,示例集团·甲公司,AP-2026-000740,应付发票,应付付款单（服务费）,人民币,350151.52,,--,2026-04-19,FSSC审核岗,应付成本组,审核员02,审核通过,2026-04-17 17:42:14,2026-04-17 17:42:57,2026-04-17 17:48:18,2026-04-17 21:09:57,,--,,示例集团财务共享中心（本部）,应付付款单（服务费）,非自动审批,1
A01,示例集团·甲公司,AP-2026-000740,应付发票,应付付款单（服务费）,人民币,214478.26,,--,2026-04-19,FSSC审核岗,应付成本组,审核员02,审核通过,2026-04-17 17:42:14,2026-04-17 17:42:57,2026-04-17 17:48:50,2026-04-17 21:15:57,,--,,示例集团财务共享中心（本部）,应付付款单（服务费）,非自动审批,1
A02,示例集团·乙公司,AP-2026-000741,通用报销单,其他专项付款单,人民币,30389.52,,--,2026-01-07,FSSC审核岗,应付成本组,审核员02,审核通过,2026-01-20 10:09:41,2026-01-20 10:11:33,2026-01-20 10:11:59,2026-01-20 11:51:33,,--,,示例集团财务共享中心（本部）,其他专项付款单,非自动审批,1
A02,示例集团·乙公司,AP-2026-000741,通用报销单,其他专项付款单,人民币,26515.52,,--,2026-01-07,FSSC审核岗,应付成本组,审核员02,审核通过,2026-01-20 10:09:41,2026-01-20 10:11:33,2026-01-20 10:11:03,2026-01-20 10:43:33,,--,,示例集团财务共享中心（本部）,其他专项付款单,非自动审批,1
A04,示例集团·丁公司,AP-2026-000742,付款单,应付付款单（材料采购）,人民币,47292.03,,--,2026-04-25,FSSC审核岗,应付成本组,审核员03,审核通过,2026-04-13 14:50:10,2026-04-13 14:51:11,2026-04-13 14:55:53,2026-04-13 18:19:11,,--,,示例集团财务共享中心（本部）,应付付款单（材料采购）,非自动审批,1
A17,示例集团·子公司庚,AP-2026-000743,通用报销单,应付确认单（物料类）,人民币,13750.24,,--,2026-01-23,FSSC审核岗,应付成本组,审核员06,审核通过,2026-05-18 15:32:35,2026-05-18 15:33:08,2026-05-18 15:37:08,2026-05-18 19:40:08,,--,,示例集团财务共享中心（本部）,应付确认单（物料类）,非自动审批,1
A12,示例集团·子公司乙,AP-2026-000744,付款单,应付付款单（服务费）,人民币,38750.2,,--,2026-06-14,FSSC审核岗,应付成本组,审核员03,审核通过,2026-02-07 14:24:11,2026-02-07 14:25:47,2026-02-07 14:29:05,2026-02-07 16:04:47,,--,,示例集团财务共享中心（本部）,应付付款单（服务费）,非自动审批,1
A12,示例集团·子公司乙,AP-2026-000744,付款单,应付付款单（服务费）,人民币,118356.21,,--,2026-06-14,FSSC审核岗,应付成本组,审核员03,审核通过,2026-02-07 14:24:11,2026-02-07 14:25:47,2026-02-07 14:27:16,2026-02-07 14:49:47,,--,,示例集团财务共享中心（本部）,应付付款单（服务费）,非自动审批,1
A03,示例集团·丙公司,AP-2026-000745,通用报销单,应付付款单（材料采购）,人民币,256250.35,,--,2026-06-17,FSSC审核岗,应付成本组,审核员07,审核通过,2026-03-02 18:18:12,2026-03-02 18:19:03,2026-03-02 18:24:02,2026-03-02 19:15:03,,--,,示例集团财务共享中心（本部）,应付付款单（材料采购）,非自动审批,1
A03,示例集团·丙公司,AP-2026-000745,通用报销单,应付付款单（材料采购）,人民币,35228.37,,--,2026-06-17,FSSC审核岗,应付成本组,审核员07,审核通过,2026-03-02 18:18:12,2026-03-02 18:19:03,2026-03-02 18:20:05,2026-03-02 18:57:03,,--,,示例集团财务共享中心（本部）,应付付款单（材料采购）,非自动审批,1
A03,示例集团·丙公司,AP-2026-000745,通用报销单,应付付款单（材料采购）,人民币,418231.01,,--,2026-06-17,FSSC审核岗,应付成本组,审核员07,审核通过,2026-03-02 18:18:12,2026-03-02 18:19:03,2026-03-02 18:21:35,2026-03-02 20:02:03,,--,,示例集团财务共享中心（本部）,应付付款单（材料采购）,非自动审批,1
A04,示例集团·丁公司,AP-2026-000747,付款单,通用报销单（费用报销）,人民币,148768.64,,--,2026-01-21,FSSC审核岗,应付成本组,审核员01,审核通过,2026-02-04 16:18:07,2026-02-04 16:19:31,2026-02-04 16:24:16,2026-02-04 19:35:31,,--,,示例集团财务共享中心（本部）,通用报销单（费用报销）,非自动审批,1
A08,示例集团·辛公司,AP-2026-000749,通用报销单,通用报销单（费用报销）,人民币,158564.1,,--,2026-03-27,FSSC审核岗,应付成本组,审核员05,审核驳回,2026-05-18 13:07:51,2026-05-18 13:09:04,2026-05-18 13:14:03,--,,--,,示例集团财务共享中心（本部）,通用报销单（费用报销）,非自动审批,1
A08,示例集团·辛公司,AP-2026-000749,通用报销单,通用报销单（费用报销）,人民币,16537.46,,--,2026-03-27,FSSC审核岗,应付成本组,审核员05,审核驳回,2026-05-18 13:07:51,2026-05-18 13:09:04,2026-05-18 13:09:53,--,,--,,示例集团财务共享中心（本部）,通用报销单（费用报销）,非自动审批,1
A08,示例集团·辛公司,AP-2026-000749,通用报销单,通用报销单（费用报销）,人民币,752280.33,,--,2026-03-27,FSSC审核岗,应付成本组,审核员05,审核驳回,2026-05-18 13:07:51,2026-05-18 13:09:04,2026-05-18 13:09:42,--,,--,,示例集团财务共享中心（本部）,通用报销单（费用报销）,非自动审批,1
A04,示例集团·丁公司,AP-2026-000751,付款单,应付确认单（物料类）,人民币,129924.69,,--,2026-04-19,FSSC审核岗,应付成本组,审核员02,审核通过,2026-04-27 11:18:09,2026-04-27 11:18:32,2026-04-27 11:24:09,2026-04-27 12:48:32,,--,,示例集团财务共享中心（本部）,应付确认单（物料类）,非自动审批,1
A04,示例集团·丁公司,AP-2026-000751,付款单,应付确认单（物料类）,人民币,37581.44,,--,2026-04-19,FSSC审核岗,应付成本组,审核员02,审核通过,2026-04-27 11:18:09,2026-04-27 11:18:32,2026-04-27 11:22:14,2026-04-27 14:25:32,,--,,示例集团财务共享中心（本部）,应付确认单（物料类）,非自动审批,1
A03,示例集团·丙公司,AP-2026-000752,付款单,应付付款单（材料采购）,人民币,29355.52,,--,2026-06-21,FSSC审核岗,应付成本组,审核员04,审核通过,2026-01-02 17:24:44,2026-01-02 17:25:57,2026-01-02 17:28:48,2026-01-02 19:11:57,,--,,示例集团财务共享中心（本部）,应付付款单（材料采购）,非自动审批,1
A03,示例集团·丙公司,AP-2026-000752,付款单,应付付款单（材料采购）,人民币,38768.64,,--,2026-06-21,FSSC审核岗,应付成本组,审核员04,审核通过,2026-01-02 17:24:44,2026-01-02 17:25:57,2026-01-02 17:30:58,2026-01-02 19:53:57,,--,,示例集团财务共享中心（本部）,应付付款单（材料采购）,非自动审批,1
A06,示例集团·己公司,AP-2026-000753,付款单,应付付款单（材料采购）,人民币,14390.56,,--,2026-03-17,FSSC审核岗,应付成本组,审核员02,审核通过,2026-03-07 15:17:02,2026-03-07 15:17:17,2026-03-07 15:17:43,2026-03-07 18:03:17,,--,,示例集团财务共享中心（本部）,应付付款单（材料采购）,非自动审批,1
A06,示例集团·己公司,AP-2026-000753,付款单,应付付款单（材料采购）,人民币,238857.1,,--,2026-03-17,FSSC审核岗,应付成本组,审核员02,审核通过,2026-03-07 15:17:02,2026-03-07 15:17:17,2026-03-07 15:18:18,2026-03-07 18:33:17,,--,,示例集团财务共享中心（本部）,应付付款单（材料采购）,非自动审批,1
A04,示例集团·丁公司,AP-2026-000754,通用报销单,应付付款单（差旅费）,人民币,16609.15,,--,2026-01-02,FSSC审核岗,应付成本组,审核员05,审核通过,2026-01-21 13:55:58,2026-01-21 13:56:19,2026-01-21 13:58:32,2026-01-21 16:15:19,,--,,示例集团财务共享中心（本部）,应付付款单（差旅费）,非自动审批,1
A03,示例集团·丙公司,AP-2026-000755,通用报销单,应付付款单（差旅费）,人民币,89837.23,,--,2026-01-01,FSSC审核岗,应付成本组,审核员02,审核通过,2026-04-15 17:37:12,2026-04-15 17:38:46,2026-04-15 17:45:40,2026-04-15 21:09:46,,--,,示例集团财务共享中心（本部）,应付付款单（差旅费）,非自动审批,1
A03,示例集团·丙公司,AP-2026-000755,通用报销单,应付付款单（差旅费）,人民币,31892.17,,--,2026-01-01,FSSC审核岗,应付成本组,审核员02,审核通过,2026-04-15 17:37:12,2026-04-15 17:38:46,2026-04-15 17:45:56,2026-04-15 21:02:46,,--,,示例集团财务共享中心（本部）,应付付款单（差旅费）,非自动审批,1
A08,示例集团·辛公司,AP-2026-000756,付款单,应付付款单（差旅费）,人民币,153141.11,,--,2026-03-08,FSSC审核岗,应付成本组,审核员07,审核通过,2026-01-17 09:27:17,2026-01-17 09:27:52,2026-01-17 09:30:50,2026-01-17 13:49:52,,--,,示例集团财务共享中心（本部）,应付付款单（差旅费）,非自动审批,1
A02,示例集团·乙公司,AP-2026-000757,应付发票,通用报销单（费用报销）,人民币,185236.14,,--,2026-02-05,FSSC审核岗,应付成本组,审核员06,审核通过,2026-01-02 09:20:40,2026-01-02 09:20:59,2026-01-02 09:23:46,2026-01-02 11:17:59,,--,,示例集团财务共享中心（本部）,通用报销单（费用报销）,非自动审批,1
A02,示例集团·乙公司,AP-2026-000757,应付发票,通用报销单（费用报销）,人民币,24307.32,,--,2026-02-05,FSSC审核岗,应付成本组,审核员06,审核通过,2026-01-02 09:20:40,2026-01-02 09:20:59,2026-01-02 09:30:08,2026-01-02 11:04:59,,--,,示例集团财务共享中心（本部）,通用报销单（费用报销）,非自动审批,1
A02,示例集团·乙公司,AP-2026-000757,应付发票,通用报销单（费用报销）,人民币,57101.0,,--,2026-02-05,FSSC审核岗,应付成本组,审核员06,审核通过,2026-01-02 09:20:40,2026-01-02 09:20:59,2026-01-02 09:23:13,2026-01-02 11:56:59,,--,,示例集团财务共享中心（本部）,通用报销单（费用报销）,非自动审批,1
A06,示例集团·己公司,AP-2026-000760,通用报销单,通用报销单（费用报销）,人民币,7936.69,,--,2026-04-19,FSSC审核岗,应付成本组,审核员05,审核通过,2026-05-20 10:49:39,2026-05-20 10:50:26,2026-05-20 10:59:32,2026-05-20 13:55:26,,--,,示例集团财务共享中心（本部）,通用报销单（费用报销）,非自动审批,1
A06,示例集团·己公司,AP-2026-000760,通用报销单,通用报销单（费用报销）,人民币,647426.43,,--,2026-04-19,FSSC审核岗,应付成本组,审核员05,审核通过,2026-05-20 10:49:39,2026-05-20 10:50:26,2026-05-20 10:53:44,2026-05-20 13:04:26,,--,,示例集团财务共享中心（本部）,通用报销单（费用报销）,非自动审批,1
A06,示例集团·己公司,AP-2026-000760,通用报销单,通用报销单（费用报销）,人民币,267053.52,,--,2026-04-19,FSSC审核岗,应付成本组,审核员05,审核通过,2026-05-20 10:49:39,2026-05-20 10:50:26,2026-05-20 10:55:03,2026-05-20 13:45:26,,--,,示例集团财务共享中心（本部）,通用报销单（费用报销）,非自动审批,1
A02,示例集团·乙公司,AP-2026-000761,付款单,通用报销单（费用报销）,人民币,8486.62,,--,2026-02-21,FSSC审核岗,应付成本组,审核员03,审核通过,2026-05-10 12:25:36,2026-05-10 12:26:38,2026-05-10 12:31:13,2026-05-10 14:28:38,,--,,示例集团财务共享中心（本部）,通用报销单（费用报销）,非自动审批,1
A02,示例集团·乙公司,AP-2026-000761,付款单,通用报销单（费用报销）,人民币,17788.97,,--,2026-02-21,FSSC审核岗,应付成本组,审核员03,审核通过,2026-05-10 12:25:36,2026-05-10 12:26:38,2026-05-10 12:28:08,2026-05-10 14:21:38,,--,,示例集团财务共享中心（本部）,通用报销单（费用报销）,非自动审批,1
A02,示例集团·乙公司,AP-2026-000761,付款单,通用报销单（费用报销）,人民币,49575.61,,--,2026-02-21,FSSC审核岗,应付成本组,审核员03,审核通过,2026-05-10 12:25:36,2026-05-10 12:26:38,2026-05-10 12:27:48,2026-05-10 12:45:38,,--,,示例集团财务共享中心（本部）,通用报销单（费用报销）,非自动审批,1
A12,示例集团·子公司乙,AP-2026-000762,付款单,应付付款单（差旅费）,人民币,63212.98,,--,2026-05-22,FSSC审核岗,应付成本组,审核员01,审核通过,2026-04-28 14:51:52,2026-04-28 14:52:13,2026-04-28 14:57:26,2026-04-28 17:29:13,,--,,示例集团财务共享中心（本部）,应付付款单（差旅费）,非自动审批,1
A12,示例集团·子公司乙,AP-2026-000762,付款单,应付付款单（差旅费）,人民币,22914.57,,--,2026-05-22,FSSC审核岗,应付成本组,审核员01,审核通过,2026-04-28 14:51:52,2026-04-28 14:52:13,2026-04-28 14:59:15,2026-04-28 16:46:13,,--,,示例集团财务共享中心（本部）,应付付款单（差旅费）,非自动审批,1
A04,示例集团·丁公司,AP-2026-000763,付款单,应付确认单（物料类）,人民币,12053.38,,--,2026-06-24,FSSC审核岗,应付成本组,审核员03,审核通过,2026-01-26 20:59:01,2026-01-26 20:59:49,2026-01-26 21:02:53,2026-01-27 00:29:49,,--,,示例集团财务共享中心（本部）,应付确认单（物料类）,非自动审批,1
A04,示例集团·丁公司,AP-2026-000763,付款单,应付确认单（物料类）,人民币,104093.4,,--,2026-06-24,FSSC审核岗,应付成本组,审核员03,审核通过,2026-01-26 20:59:01,2026-01-26 20:59:49,2026-01-26 21:00:40,2026-01-27 00:59:49,,--,,示例集团财务共享中心（本部）,应付确认单（物料类）,非自动审批,1
A19,示例集团·子公司壬,AP-2026-000764,通用报销单,应付付款单（差旅费）,人民币,683702.57,,--,2026-02-22,FSSC审核岗,应付成本组,审核员03,审核通过,2026-02-11 19:37:29,2026-02-11 19:38:35,2026-02-11 19:41:43,2026-02-11 22:30:35,,--,,示例集团财务共享中心（本部）,应付付款单（差旅费）,非自动审批,1
A01,示例集团·甲公司,AP-2026-000765,应付发票,应付付款单（差旅费）,人民币,64636.31,,--,2026-04-20,FSSC审核岗,应付成本组,审核员03,审核通过,2026-02-14 13:44:08,2026-02-14 13:45:53,2026-02-14 13:52:53,2026-02-14 14:44:53,,--,,示例集团财务共享中心（本部）,应付付款单（差旅费）,非自动审批,1
A01,示例集团·甲公司,AP-2026-000765,应付发票,应付付款单（差旅费）,人民币,39799.23,,--,2026-04-20,FSSC审核岗,应付成本组,审核员03,审核通过,2026-02-14 13:44:08,2026-02-14 13:45:53,2026-02-14 13:47:03,2026-02-14 14:23:53,,--,,示例集团财务共享中心（本部）,应付付款单（差旅费）,非自动审批,1
A01,示例集团·甲公司,AP-2026-000765,应付发票,应付付款单（差旅费）,人民币,34352.32,,--,2026-04-20,FSSC审核岗,应付成本组,审核员03,审核通过,2026-02-14 13:44:08,2026-02-14 13:45:53,2026-02-14 13:45:13,2026-02-14 15:37:53,,--,,示例集团财务共享中心（本部）,应付付款单（差旅费）,非自动审批,1
A03,示例集团·丙公司,AP-2026-000766,通用报销单,其他专项付款单,人民币,12894.9,,--,2026-03-12,FSSC审核岗,应付成本组,审核员05,审核通过,2026-04-24 14:15:17,2026-04-24 14:16:26,2026-04-24 14:19:52,2026-04-24 16:08:26,,--,,示例集团财务共享中心（本部）,其他专项付款单,非自动审批,1
A03,示例集团·丙公司,AP-2026-000766,通用报销单,其他专项付款单,人民币,23370.3,,--,2026-03-12,FSSC审核岗,应付成本组,审核员05,审核通过,2026-04-24 14:15:17,2026-04-24 14:16:26,2026-04-24 14:15:53,2026-04-24 14:45:26,,--,,示例集团财务共享中心（本部）,其他专项付款单,非自动审批,1
A03,示例集团·丙公司,AP-2026-000767,付款单,应付付款单（服务费）,人民币,293770.91,,--,2026-06-27,FSSC审核岗,应付成本组,审核员05,审核通过,2026-04-19 15:02:25,2026-04-19 15:03:13,2026-04-19 15:04:12,2026-04-19 16:19:13,,--,,示例集团财务共享中心（本部）,应付付款单（服务费）,非自动审批,1
A03,示例集团·丙公司,AP-2026-000767,付款单,应付付款单（服务费）,人民币,3297.14,,--,2026-06-27,FSSC审核岗,应付成本组,审核员05,审核通过,2026-04-19 15:02:25,2026-04-19 15:03:13,2026-04-19 15:02:54,2026-04-19 15:45:13,,--,,示例集团财务共享中心（本部）,应付付款单（服务费）,非自动审批,1
A03,示例集团·丙公司,AP-2026-000767,付款单,应付付款单（服务费）,人民币,66048.5,,--,2026-06-27,FSSC审核岗,应付成本组,审核员05,审核通过,2026-04-19 15:02:25,2026-04-19 15:03:13,2026-04-19 15:09:42,2026-04-19 15:52:13,,--,,示例集团财务共享中心（本部）,应付付款单（服务费）,非自动审批,1
A03,示例集团·丙公司,AP-2026-000768,应付发票,应付付款单（差旅费）,人民币,62263.87,,--,2026-03-13,FSSC审核岗,应付成本组,审核员03,审核通过,2026-01-09 19:42:44,2026-01-09 19:42:55,2026-01-09 19:44:28,2026-01-09 23:00:55,,--,,示例集团财务共享中心（本部）,应付付款单（差旅费）,非自动审批,1
A03,示例集团·丙公司,AP-2026-000768,应付发票,应付付款单（差旅费）,人民币,70668.77,,--,2026-03-13,FSSC审核岗,应付成本组,审核员03,审核通过,2026-01-09 19:42:44,2026-01-09 19:42:55,2026-01-09 19:43:32,2026-01-09 23:31:55,,--,,示例集团财务共享中心（本部）,应付付款单（差旅费）,非自动审批,1
A07,示例集团·庚公司,AP-2026-000771,应付发票,应付付款单（材料采购）,人民币,165774.68,,--,2026-03-15,FSSC审核岗,应付成本组,审核员05,审核驳回,2026-03-20 13:34:55,2026-03-20 13:36:55,2026-03-20 13:39:23,--,,--,,示例集团财务共享中心（本部）,应付付款单（材料采购）,非自动审批,1
A07,示例集团·庚公司,AP-2026-000775,通用报销单,通用报销单（费用报销）,人民币,65226.8,,--,2026-01-21,FSSC审核岗,应付成本组,审核员05,审核通过,2026-05-17 16:34:40,2026-05-17 16:36:30,2026-05-17 16:35:54,2026-05-17 19:15:30,,--,,示例集团财务共享中心（本部）,通用报销单（费用报销）,非自动审批,1
A07,示例集团·庚公司,AP-2026-000775,通用报销单,通用报销单（费用报销）,人民币,31712.2,,--,2026-01-21,FSSC审核岗,应付成本组,审核员05,审核通过,2026-05-17 16:34:40,2026-05-17 16:36:30,2026-05-17 16:44:13,2026-05-17 19:21:30,,--,,示例集团财务共享中心（本部）,通用报销单（费用报销）,非自动审批,1
A04,示例集团·丁公司,AP-2026-000776,付款单,应付付款单（服务费）,人民币,23878.37,,--,2026-01-25,FSSC审核岗,应付成本组,审核员06,审核通过,2026-03-22 09:25:19,2026-03-22 09:26:13,2026-03-22 09:28:45,2026-03-22 11:38:13,,--,,示例集团财务共享中心（本部）,应付付款单（服务费）,非自动审批,1
A04,示例集团·丁公司,AP-2026-000776,付款单,应付付款单（服务费）,人民币,368678.87,,--,2026-01-25,FSSC审核岗,应付成本组,审核员06,审核通过,2026-03-22 09:25:19,2026-03-22 09:26:13,2026-03-22 09:26:34,2026-03-22 11:51:13,,--,,示例集团财务共享中心（本部）,应付付款单（服务费）,非自动审批,1
A04,示例集团·丁公司,AP-2026-000776,付款单,应付付款单（服务费）,人民币,257164.89,,--,2026-01-25,FSSC审核岗,应付成本组,审核员06,审核通过,2026-03-22 09:25:19,2026-03-22 09:26:13,2026-03-22 09:35:10,2026-03-22 12:32:13,,--,,示例集团财务共享中心（本部）,应付付款单（服务费）,非自动审批,1
A20,示例集团·子公司癸,AP-2026-000777,应付发票,其他专项付款单,人民币,3364172.33,,--,2026-02-01,FSSC审核岗,应付成本组,审核员06,审核驳回,2026-01-06 17:41:14,2026-01-06 17:41:26,2026-01-06 17:44:58,--,,--,,示例集团财务共享中心（本部）,其他专项付款单,非自动审批,1
A05,示例集团·戊公司,AP-2026-000778,通用报销单,其他专项付款单,人民币,40401.26,,--,2026-02-16,FSSC审核岗,应付成本组,审核员02,审核通过,2026-01-11 10:19:02,2026-01-11 10:19:06,2026-01-11 10:23:58,2026-01-11 11:37:06,,--,,示例集团财务共享中心（本部）,其他专项付款单,非自动审批,1
A18,示例集团·子公司辛,AP-2026-000779,应付发票,应付确认单（物料类）,人民币,24501.8,,--,2026-02-20,FSSC审核岗,应付成本组,审核员01,审核驳回,2026-03-06 11:29:51,2026-03-06 11:29:52,2026-03-06 11:38:28,--,,--,,示例集团财务共享中心（本部）,应付确认单（物料类）,非自动审批,1
A18,示例集团·子公司辛,AP-2026-000779,应付发票,应付确认单（物料类）,人民币,112919.86,,--,2026-02-20,FSSC审核岗,应付成本组,审核员01,审核驳回,2026-03-06 11:29:51,2026-03-06 11:29:52,2026-03-06 11:34:22,--,,--,,示例集团财务共享中心（本部）,应付确认单（物料类）,非自动审批,1
A18,示例集团·子公司辛,AP-2026-000779,应付发票,应付确认单（物料类）,人民币,109165.8,,--,2026-02-20,FSSC审核岗,应付成本组,审核员01,审核驳回,2026-03-06 11:29:51,2026-03-06 11:29:52,2026-03-06 11:33:39,--,,--,,示例集团财务共享中心（本部）,应付确认单（物料类）,非自动审批,1
A10,示例集团·癸公司,AP-2026-000780,付款单,通用报销单（费用报销）,人民币,145932.16,,--,2026-01-18,FSSC审核岗,应付成本组,审核员07,审核通过,2026-01-20 18:34:47,2026-01-20 18:35:44,2026-01-20 18:40:09,2026-01-20 20:56:44,,--,,示例集团财务共享中心（本部）,通用报销单（费用报销）,非自动审批,1
A10,示例集团·癸公司,AP-2026-000780,付款单,通用报销单（费用报销）,人民币,196022.21,,--,2026-01-18,FSSC审核岗,应付成本组,审核员07,审核通过,2026-01-20 18:34:47,2026-01-20 18:35:44,2026-01-20 18:36:43,2026-01-20 20:45:44,,--,,示例集团财务共享中心（本部）,通用报销单（费用报销）,非自动审批,1
A09,示例集团·壬公司,AP-2026-000781,应付发票,应付付款单（材料采购）,人民币,143967.53,,--,2026-06-14,FSSC审核岗,应付成本组,审核员05,审核通过,2026-05-05 12:49:30,2026-05-05 12:51:07,2026-05-05 12:50:26,2026-05-05 15:04:07,,--,,示例集团财务共享中心（本部）,应付付款单（材料采购）,非自动审批,1
A06,示例集团·己公司,AP-2026-000783,应付发票,应付确认单（物料类）,人民币,269694.27,,--,2026-06-10,FSSC审核岗,应付成本组,审核员02,审核通过,2026-01-12 17:24:04,2026-01-12 17:24:44,2026-01-12 17:25:21,2026-01-12 20:30:44,,--,,示例集团财务共享中心（本部）,应付确认单（物料类）,非自动审批,1
A02,示例集团·乙公司,AP-2026-000784,通用报销单,应付确认单（物料类）,人民币,324878.79,,--,2026-05-20,FSSC审核岗,应付成本组,审核员01,审核通过,2026-01-09 18:14:56,2026-01-09 18:15:24,2026-01-09 18:18:30,2026-01-09 21:01:24,,--,,示例集团财务共享中心（本部）,应付确认单（物料类）,非自动审批,1
A09,示例集团·壬公司,AP-2026-000785,付款单,其他专项付款单,人民币,333094.86,,--,2026-01-20,FSSC审核岗,应付成本组,审核员03,审核通过,2026-06-05 17:54:53,2026-06-05 17:56:00,2026-06-05 18:00:44,2026-06-05 21:08:00,,--,,示例集团财务共享中心（本部）,其他专项付款单,非自动审批,1
A09,示例集团·壬公司,AP-2026-000785,付款单,其他专项付款单,人民币,2525.33,,--,2026-01-20,FSSC审核岗,应付成本组,审核员03,审核通过,2026-06-05 17:54:53,2026-06-05 17:56:00,2026-06-05 18:02:49,2026-06-05 20:46:00,,--,,示例集团财务共享中心（本部）,其他专项付款单,非自动审批,1
A05,示例集团·戊公司,AP-2026-000786,应付发票,其他专项付款单,人民币,82895.27,,--,2026-02-03,FSSC审核岗,应付成本组,审核员05,审核通过,2026-06-07 11:09:56,2026-06-07 11:11:36,2026-06-07 11:18:09,2026-06-07 15:56:36,,--,,示例集团财务共享中心（本部）,其他专项付款单,非自动审批,1
A12,示例集团·子公司乙,AP-2026-000787,通用报销单,应付付款单（差旅费）,人民币,16440.54,,--,2026-02-17,FSSC审核岗,应付成本组,审核员06,审核通过,2026-04-12 18:03:06,2026-04-12 18:03:19,2026-04-12 18:05:26,2026-04-12 20:55:19,,--,,示例集团财务共享中心（本部）,应付付款单（差旅费）,非自动审批,1
A18,示例集团·子公司辛,AP-2026-000788,应付发票,应付付款单（服务费）,人民币,262400.4,,--,2026-01-08,FSSC审核岗,应付成本组,审核员04,审核通过,2026-03-24 10:45:41,2026-03-24 10:47:31,2026-03-24 10:53:04,2026-03-24 13:27:31,,--,,示例集团财务共享中心（本部）,应付付款单（服务费）,非自动审批,1
A18,示例集团·子公司辛,AP-2026-000788,应付发票,应付付款单（服务费）,人民币,2452.29,,--,2026-01-08,FSSC审核岗,应付成本组,审核员04,审核通过,2026-03-24 10:45:41,2026-03-24 10:47:31,2026-03-24 10:53:46,2026-03-24 12:07:31,,--,,示例集团财务共享中心（本部）,应付付款单（服务费）,非自动审批,1
A06,示例集团·己公司,AP-2026-000789,应付发票,通用报销单（费用报销）,人民币,468323.88,,--,2026-01-27,FSSC审核岗,应付成本组,审核员02,审核通过,2026-03-05 16:19:17,2026-03-05 16:19:47,2026-03-05 16:25:53,2026-03-05 19:04:47,,--,,示例集团财务共享中心（本部）,通用报销单（费用报销）,非自动审批,1
A06,示例集团·己公司,AP-2026-000789,应付发票,通用报销单（费用报销）,人民币,17843.96,,--,2026-01-27,FSSC审核岗,应付成本组,审核员02,审核通过,2026-03-05 16:19:17,2026-03-05 16:19:47,2026-03-05 16:20:45,2026-03-05 18:53:47,,--,,示例集团财务共享中心（本部）,通用报销单（费用报销）,非自动审批,1
A03,示例集团·丙公司,AP-2026-000790,付款单,应付付款单（服务费）,人民币,12946.63,,--,2026-01-04,FSSC审核岗,应付成本组,审核员02,审核通过,2026-02-07 09:34:51,2026-02-07 09:36:08,2026-02-07 09:44:33,2026-02-07 12:56:08,,--,,示例集团财务共享中心（本部）,应付付款单（服务费）,非自动审批,1
A03,示例集团·丙公司,AP-2026-000790,付款单,应付付款单（服务费）,人民币,98592.36,,--,2026-01-04,FSSC审核岗,应付成本组,审核员02,审核通过,2026-02-07 09:34:51,2026-02-07 09:36:08,2026-02-07 09:44:28,2026-02-07 12:45:08,,--,,示例集团财务共享中心（本部）,应付付款单（服务费）,非自动审批,1
A03,示例集团·丙公司,AP-2026-000790,付款单,应付付款单（服务费）,人民币,35504.72,,--,2026-01-04,FSSC审核岗,应付成本组,审核员02,审核通过,2026-02-07 09:34:51,2026-02-07 09:36:08,2026-02-07 09:44:28,2026-02-07 13:37:08,,--,,示例集团财务共享中心（本部）,应付付款单（服务费）,非自动审批,1
A06,示例集团·己公司,AP-2026-000791,应付发票,应付确认单（物料类）,人民币,722985.92,,--,2026-02-01,FSSC审核岗,应付成本组,审核员06,审核通过,2026-06-20 12:31:52,2026-06-20 12:32:35,2026-06-20 12:40:24,2026-06-20 15:37:35,,--,,示例集团财务共享中心（本部）,应付确认单（物料类）,非自动审批,1
A06,示例集团·己公司,AP-2026-000791,应付发票,应付确认单（物料类）,人民币,403626.98,,--,2026-02-01,FSSC审核岗,应付成本组,审核员06,审核通过,2026-06-20 12:31:52,2026-06-20 12:32:35,2026-06-20 12:40:09,2026-06-20 16:17:35,,--,,示例集团财务共享中心（本部）,应付确认单（物料类）,非自动审批,1
A02,示例集团·乙公司,AP-2026-000792,应付发票,应付付款单（差旅费）,人民币,29285.02,,--,2026-03-10,FSSC审核岗,应付成本组,审核员04,审核通过,2026-01-25 10:31:21,2026-01-25 10:33:16,2026-01-25 10:32:36,2026-01-25 13:12:16,,--,,示例集团财务共享中心（本部）,应付付款单（差旅费）,非自动审批,1
A02,示例集团·乙公司,AP-2026-000792,应付发票,应付付款单（差旅费）,人民币,257681.33,,--,2026-03-10,FSSC审核岗,应付成本组,审核员04,审核通过,2026-01-25 10:31:21,2026-01-25 10:33:16,2026-01-25 10:40:03,2026-01-25 13:46:16,,--,,示例集团财务共享中心（本部）,应付付款单（差旅费）,非自动审批,1
A01,示例集团·甲公司,AP-2026-000793,通用报销单,应付确认单（物料类）,人民币,27906.04,,--,2026-02-22,FSSC审核岗,应付成本组,审核员03,审核通过,2026-06-07 20:07:03,2026-06-07 20:07:31,2026-06-07 20:09:24,2026-06-07 23:08:31,,--,,示例集团财务共享中心（本部）,应付确认单（物料类）,非自动审批,1
A15,示例集团·子公司戊,AP-2026-000794,应付发票,应付确认单（物料类）,人民币,27570.99,,--,2026-01-11,FSSC审核岗,应付成本组,审核员05,审核通过,2026-01-13 20:11:05,2026-01-13 20:12:24,2026-01-13 20:12:41,2026-01-14 00:11:24,,--,,示例集团财务共享中心（本部）,应付确认单（物料类）,非自动审批,1
A15,示例集团·子公司戊,AP-2026-000794,应付发票,应付确认单（物料类）,人民币,162731.79,,--,2026-01-11,FSSC审核岗,应付成本组,审核员05,审核通过,2026-01-13 20:11:05,2026-01-13 20:12:24,2026-01-13 20:21:02,2026-01-13 23:31:24,,--,,示例集团财务共享中心（本部）,应付确认单（物料类）,非自动审批,1
A15,示例集团·子公司戊,AP-2026-000794,应付发票,应付确认单（物料类）,人民币,459630.2,,--,2026-01-11,FSSC审核岗,应付成本组,审核员05,审核通过,2026-01-13 20:11:05,2026-01-13 20:12:24,2026-01-13 20:19:02,2026-01-14 00:25:24,,--,,示例集团财务共享中心（本部）,应付确认单（物料类）,非自动审批,1
A10,示例集团·癸公司,AP-2026-000795,应付发票,其他专项付款单,人民币,32289.54,,--,2026-06-16,FSSC审核岗,应付成本组,审核员07,审核通过,2026-06-10 13:47:16,2026-06-10 13:48:52,2026-06-10 13:48:08,2026-06-10 15:45:52,,--,,示例集团财务共享中心（本部）,其他专项付款单,非自动审批,1
A01,示例集团·甲公司,AP-2026-000796,应付发票,应付付款单（服务费）,人民币,35921.8,,--,2026-03-05,FSSC审核岗,应付成本组,审核员05,审核通过,2026-01-01 19:12:56,2026-01-01 19:14:28,2026-01-01 19:13:45,2026-01-01 20:56:28,,--,,示例集团财务共享中心（本部）,应付付款单（服务费）,非自动审批,1
A03,示例集团·丙公司,AP-2026-000797,应付发票,应付确认单（物料类）,人民币,91279.97,,--,2026-06-07,FSSC审核岗,应付成本组,审核员02,审核通过,2026-04-28 12:06:20,2026-04-28 12:06:41,2026-04-28 12:10:48,2026-04-28 14:11:41,,--,,示例集团财务共享中心（本部）,应付确认单（物料类）,非自动审批,1
A03,示例集团·丙公司,AP-2026-000797,应付发票,应付确认单（物料类）,人民币,17127.03,,--,2026-06-07,FSSC审核岗,应付成本组,审核员02,审核通过,2026-04-28 12:06:20,2026-04-28 12:06:41,2026-04-28 12:12:19,2026-04-28 15:05:41,,--,,示例集团财务共享中心（本部）,应付确认单（物料类）,非自动审批,1
A03,示例集团·丙公司,AP-2026-000797,应付发票,应付确认单（物料类）,人民币,535831.24,,--,2026-06-07,FSSC审核岗,应付成本组,审核员02,审核通过,2026-04-28 12:06:20,2026-04-28 12:06:41,2026-04-28 12:15:03,2026-04-28 14:23:41,,--,,示例集团财务共享中心（本部）,应付确认单（物料类）,非自动审批,1
A08,示例集团·辛公司,AP-2026-000798,通用报销单,其他专项付款单,人民币,16899.28,,--,2026-01-09,FSSC审核岗,应付成本组,审核员04,审核通过,2026-04-02 09:04:02,2026-04-02 09:04:38,2026-04-02 09:11:59,2026-04-02 13:09:38,,--,,示例集团财务共享中心（本部）,其他专项付款单,非自动审批,1
A03,示例集团·丙公司,AP-2026-000799,通用报销单,应付付款单（差旅费）,人民币,24674.58,,--,2026-03-05,FSSC审核岗,应付成本组,审核员03,审核通过,2026-03-19 11:35:34,2026-03-19 11:36:06,2026-03-19 11:37:40,2026-03-19 14:09:06,,--,,示例集团财务共享中心（本部）,应付付款单（差旅费）,非自动审批,1
A03,示例集团·丙公司,AP-2026-000799,通用报销单,应付付款单（差旅费）,人民币,710791.7,,--,2026-03-05,FSSC审核岗,应付成本组,审核员03,审核通过,2026-03-19 11:35:34,2026-03-19 11:36:06,2026-03-19 11:45:12,2026-03-19 14:56:06,,--,,示例集团财务共享中心（本部）,应付付款单（差旅费）,非自动审批,1
A08,示例集团·辛公司,AP-2026-000800,通用报销单,通用报销单（费用报销）,人民币,80855.9,,--,2026-05-28,FSSC审核岗,应付成本组,审核员06,审核通过,2026-04-24 13:55:21,2026-04-24 13:57:00,2026-04-24 14:02:23,2026-04-24 17:32:00,,--,,示例集团财务共享中心（本部）,通用报销单（费用报销）,非自动审批,1
A08,示例集团·辛公司,AP-2026-000800,通用报销单,通用报销单（费用报销）,人民币,909833.41,,--,2026-05-28,FSSC审核岗,应付成本组,审核员06,审核通过,2026-04-24 13:55:21,2026-04-24 13:57:00,2026-04-24 14:00:50,2026-04-24 17:26:00,,--,,示例集团财务共享中心（本部）,通用报销单（费用报销）,非自动审批,1
A04,示例集团·丁公司,AP-2026-000801,应付发票,其他专项付款单,人民币,44046.95,,--,2026-05-09,FSSC审核岗,应付成本组,审核员07,审核通过,2026-01-01 10:08:08,2026-01-01 10:09:03,2026-01-01 10:10:07,2026-01-01 12:36:03,,--,,示例集团财务共享中心（本部）,其他专项付款单,非自动审批,1
A04,示例集团·丁公司,AP-2026-000802,通用报销单,通用报销单（费用报销）,人民币,2037687.91,,--,2026-04-17,FSSC审核岗,应付成本组,审核员07,审核通过,2026-01-18 15:18:58,2026-01-18 15:20:20,2026-01-18 15:27:50,2026-01-18 16:21:20,,--,,示例集团财务共享中心（本部）,通用报销单（费用报销）,非自动审批,1
A04,示例集团·丁公司,AP-2026-000802,通用报销单,通用报销单（费用报销）,人民币,141762.72,,--,2026-04-17,FSSC审核岗,应付成本组,审核员07,审核通过,2026-01-18 15:18:58,2026-01-18 15:20:20,2026-01-18 15:22:25,2026-01-18 17:35:20,,--,,示例集团财务共享中心（本部）,通用报销单（费用报销）,非自动审批,1
A11,示例集团·子公司甲,AP-2026-000803,付款单,应付付款单（材料采购）,人民币,20880.89,,--,2026-01-15,FSSC审核岗,应付成本组,审核员01,审核通过,2026-06-25 09:50:11,2026-06-25 09:51:56,2026-06-25 09:55:54,2026-06-25 11:33:56,,--,,示例集团财务共享中心（本部）,应付付款单（材料采购）,非自动审批,1
A11,示例集团·子公司甲,AP-2026-000803,付款单,应付付款单（材料采购）,人民币,20435.47,,--,2026-01-15,FSSC审核岗,应付成本组,审核员01,审核通过,2026-06-25 09:50:11,2026-06-25 09:51:56,2026-06-25 09:57:01,2026-06-25 12:35:56,,--,,示例集团财务共享中心（本部）,应付付款单（材料采购）,非自动审批,1
A11,示例集团·子公司甲,AP-2026-000803,付款单,应付付款单（材料采购）,人民币,7784.65,,--,2026-01-15,FSSC审核岗,应付成本组,审核员01,审核通过,2026-06-25 09:50:11,2026-06-25 09:51:56,2026-06-25 09:52:44,2026-06-25 11:07:56,,--,,示例集团财务共享中心（本部）,应付付款单（材料采购）,非自动审批,1
A07,示例集团·庚公司,AP-2026-000804,应付发票,其他专项付款单,人民币,9073.01,,--,2026-03-23,FSSC审核岗,应付成本组,审核员04,审核驳回,2026-02-01 14:36:19,2026-02-01 14:37:39,2026-02-01 14:41:42,--,,--,,示例集团财务共享中心（本部）,其他专项付款单,非自动审批,1
A07,示例集团·庚公司,AP-2026-000804,应付发票,其他专项付款单,人民币,23781.32,,--,2026-03-23,FSSC审核岗,应付成本组,审核员04,审核驳回,2026-02-01 14:36:19,2026-02-01 14:37:39,2026-02-01 14:39:44,--,,--,,示例集团财务共享中心（本部）,其他专项付款单,非自动审批,1
A06,示例集团·己公司,AP-2026-000805,应付发票,应付付款单（服务费）,人民币,14939.47,,--,2026-01-27,FSSC审核岗,应付成本组,审核员02,审核通过,2026-02-23 17:10:02,2026-02-23 17:10:21,2026-02-23 17:13:19,2026-02-23 19:01:21,,--,,示例集团财务共享中心（本部）,应付付款单（服务费）,非自动审批,1
A06,示例集团·己公司,AP-2026-000805,应付发票,应付付款单（服务费）,人民币,1621.16,,--,2026-01-27,FSSC审核岗,应付成本组,审核员02,审核通过,2026-02-23 17:10:02,2026-02-23 17:10:21,2026-02-23 17:11:35,2026-02-23 19:30:21,,--,,示例集团财务共享中心（本部）,应付付款单（服务费）,非自动审批,1
A06,示例集团·己公司,AP-2026-000805,应付发票,应付付款单（服务费）,人民币,194488.71,,--,2026-01-27,FSSC审核岗,应付成本组,审核员02,审核通过,2026-02-23 17:10:02,2026-02-23 17:10:21,2026-02-23 17:19:49,2026-02-23 18:44:21,,--,,示例集团财务共享中心（本部）,应付付款单（服务费）,非自动审批,1
A10,示例集团·癸公司,AP-2026-000806,应付发票,应付付款单（材料采购）,人民币,177277.72,,--,2026-05-11,FSSC审核岗,应付成本组,审核员07,审核通过,2026-06-22 11:12:30,2026-06-22 11:13:25,2026-06-22 11:16:33,2026-06-22 13:30:25,,--,,示例集团财务共享中心（本部）,应付付款单（材料采购）,非自动审批,1
A10,示例集团·癸公司,AP-2026-000806,应付发票,应付付款单（材料采购）,人民币,92201.13,,--,2026-05-11,FSSC审核岗,应付成本组,审核员07,审核通过,2026-06-22 11:12:30,2026-06-22 11:13:25,2026-06-22 11:18:01,2026-06-22 14:12:25,,--,,示例集团财务共享中心（本部）,应付付款单（材料采购）,非自动审批,1
A01,示例集团·甲公司,AP-2026-000807,付款单,其他专项付款单,人民币,12222.66,,--,2026-02-28,FSSC审核岗,应付成本组,审核员01,审核通过,2026-03-07 14:03:57,2026-03-07 14:04:49,2026-03-07 14:04:15,2026-03-07 15:13:49,,--,,示例集团财务共享中心（本部）,其他专项付款单,非自动审批,1
A01,示例集团·甲公司,AP-2026-000807,付款单,其他专项付款单,人民币,600494.61,,--,2026-02-28,FSSC审核岗,应付成本组,审核员01,审核通过,2026-03-07 14:03:57,2026-03-07 14:04:49,2026-03-07 14:05:02,2026-03-07 16:30:49,,--,,示例集团财务共享中心（本部）,其他专项付款单,非自动审批,1
A15,示例集团·子公司戊,AP-2026-000808,应付发票,其他专项付款单,人民币,46656.37,,--,2026-02-25,FSSC审核岗,应付成本组,审核员01,审核通过,2026-05-24 17:23:08,2026-05-24 17:24:02,2026-05-24 17:24:34,2026-05-24 19:52:02,,--,,示例集团财务共享中心（本部）,其他专项付款单,非自动审批,1
A15,示例集团·子公司戊,AP-2026-000808,应付发票,其他专项付款单,人民币,18647.63,,--,2026-02-25,FSSC审核岗,应付成本组,审核员01,审核通过,2026-05-24 17:23:08,2026-05-24 17:24:02,2026-05-24 17:29:21,2026-05-24 18:39:02,,--,,示例集团财务共享中心（本部）,其他专项付款单,非自动审批,1
A15,示例集团·子公司戊,AP-2026-000808,应付发票,其他专项付款单,人民币,82919.09,,--,2026-02-25,FSSC审核岗,应付成本组,审核员01,审核通过,2026-05-24 17:23:08,2026-05-24 17:24:02,2026-05-24 17:31:07,2026-05-24 19:25:02,,--,,示例集团财务共享中心（本部）,其他专项付款单,非自动审批,1
A05,示例集团·戊公司,AP-2026-000809,应付发票,应付付款单（差旅费）,人民币,76522.1,,--,2026-01-13,FSSC审核岗,应付成本组,审核员01,审核通过,2026-01-28 09:22:43,2026-01-28 09:24:31,2026-01-28 09:23:49,2026-01-28 11:09:31,,--,,示例集团财务共享中心（本部）,应付付款单（差旅费）,非自动审批,1
A07,示例集团·庚公司,AP-2026-000810,通用报销单,应付付款单（差旅费）,人民币,1801.09,,--,2026-03-01,FSSC审核岗,应付成本组,审核员07,审核驳回,2026-03-11 08:10:10,2026-03-11 08:10:33,2026-03-11 08:16:16,--,,--,,示例集团财务共享中心（本部）,应付付款单（差旅费）,非自动审批,1
A07,示例集团·庚公司,AP-2026-000810,通用报销单,应付付款单（差旅费）,人民币,57335.57,,--,2026-03-01,FSSC审核岗,应付成本组,审核员07,审核驳回,2026-03-11 08:10:10,2026-03-11 08:10:33,2026-03-11 08:16:04,--,,--,,示例集团财务共享中心（本部）,应付付款单（差旅费）,非自动审批,1
A13,示例集团·子公司丙,AP-2026-000811,通用报销单,应付确认单（物料类）,人民币,70880.78,,--,2026-01-14,FSSC审核岗,应付成本组,审核员03,审核通过,2026-05-06 16:10:39,2026-05-06 16:12:23,2026-05-06 16:16:16,2026-05-06 19:39:23,,--,,示例集团财务共享中心（本部）,应付确认单（物料类）,非自动审批,1
A13,示例集团·子公司丙,AP-2026-000811,通用报销单,应付确认单（物料类）,人民币,35233.84,,--,2026-01-14,FSSC审核岗,应付成本组,审核员03,审核通过,2026-05-06 16:10:39,2026-05-06 16:12:23,2026-05-06 16:15:38,2026-05-06 21:04:23,,--,,示例集团财务共享中心（本部）,应付确认单（物料类）,非自动审批,1
A13,示例集团·子公司丙,AP-2026-000811,通用报销单,应付确认单（物料类）,人民币,9414.09,,--,2026-01-14,FSSC审核岗,应付成本组,审核员03,审核通过,2026-05-06 16:10:39,2026-05-06 16:12:23,2026-05-06 16:11:25,2026-05-06 20:02:23,,--,,示例集团财务共享中心（本部）,应付确认单（物料类）,非自动审批,1
A02,示例集团·乙公司,AP-2026-000812,付款单,应付确认单（物料类）,人民币,9810.49,,--,2026-03-27,FSSC审核岗,应付成本组,审核员03,审核驳回,2026-02-01 20:01:23,2026-02-01 20:03:17,2026-02-01 20:08:36,--,,--,,示例集团财务共享中心（本部）,应付确认单（物料类）,非自动审批,1
A02,示例集团·乙公司,AP-2026-000812,付款单,应付确认单（物料类）,人民币,122969.5,,--,2026-03-27,FSSC审核岗,应付成本组,审核员03,审核驳回,2026-02-01 20:01:23,2026-02-01 20:03:17,2026-02-01 20:09:19,--,,--,,示例集团财务共享中心（本部）,应付确认单（物料类）,非自动审批,1
A02,示例集团·乙公司,AP-2026-000812,付款单,应付确认单（物料类）,人民币,173900.99,,--,2026-03-27,FSSC审核岗,应付成本组,审核员03,审核驳回,2026-02-01 20:01:23,2026-02-01 20:03:17,2026-02-01 20:09:32,--,,--,,示例集团财务共享中心（本部）,应付确认单（物料类）,非自动审批,1
A02,示例集团·乙公司,AP-2026-000813,付款单,其他专项付款单,人民币,31977.46,,--,2026-04-08,FSSC审核岗,应付成本组,审核员03,审核通过,2026-04-04 15:30:21,2026-04-04 15:32:16,2026-04-04 15:39:29,2026-04-04 18:59:16,,--,,示例集团财务共享中心（本部）,其他专项付款单,非自动审批,1
A02,示例集团·乙公司,AP-2026-000813,付款单,其他专项付款单,人民币,102257.03,,--,2026-04-08,FSSC审核岗,应付成本组,审核员03,审核通过,2026-04-04 15:30:21,2026-04-04 15:32:16,2026-04-04 15:33:19,2026-04-04 19:13:16,,--,,示例集团财务共享中心（本部）,其他专项付款单,非自动审批,1
A02,示例集团·乙公司,AP-2026-000813,付款单,其他专项付款单,人民币,31536.93,,--,2026-04-08,FSSC审核岗,应付成本组,审核员03,审核通过,2026-04-04 15:30:21,2026-04-04 15:32:16,2026-04-04 15:32:49,2026-04-04 19:33:16,,--,,示例集团财务共享中心（本部）,其他专项付款单,非自动审批,1
A09,示例集团·壬公司,AP-2026-000815,应付发票,应付付款单（服务费）,人民币,18132.58,,--,2026-02-20,FSSC审核岗,应付成本组,审核员02,审核通过,2026-05-09 10:47:02,2026-05-09 10:47:45,2026-05-09 10:47:51,2026-05-09 14:48:45,,--,,示例集团财务共享中心（本部）,应付付款单（服务费）,非自动审批,1
A09,示例集团·壬公司,AP-2026-000815,应付发票,应付付款单（服务费）,人民币,80845.54,,--,2026-02-20,FSSC审核岗,应付成本组,审核员02,审核通过,2026-05-09 10:47:02,2026-05-09 10:47:45,2026-05-09 10:49:35,2026-05-09 15:16:45,,--,,示例集团财务共享中心（本部）,应付付款单（服务费）,非自动审批,1
A09,示例集团·壬公司,AP-2026-000815,应付发票,应付付款单（服务费）,人民币,11983.27,,--,2026-02-20,FSSC审核岗,应付成本组,审核员02,审核通过,2026-05-09 10:47:02,2026-05-09 10:47:45,2026-05-09 10:47:21,2026-05-09 15:48:45,,--,,示例集团财务共享中心（本部）,应付付款单（服务费）,非自动审批,1
A10,示例集团·癸公司,AP-2026-000816,付款单,应付付款单（服务费）,人民币,848561.4,,--,2026-03-22,FSSC审核岗,应付成本组,审核员03,审核驳回,2026-01-28 08:48:49,2026-01-28 08:49:39,2026-01-28 08:54:16,--,,--,,示例集团财务共享中心（本部）,应付付款单（服务费）,非自动审批,1
A10,示例集团·癸公司,AP-2026-000816,付款单,应付付款单（服务费）,人民币,8002.27,,--,2026-03-22,FSSC审核岗,应付成本组,审核员03,审核驳回,2026-01-28 08:48:49,2026-01-28 08:49:39,2026-01-28 08:57:25,--,,--,,示例集团财务共享中心（本部）,应付付款单（服务费）,非自动审批,1
A10,示例集团·癸公司,AP-2026-000816,付款单,应付付款单（服务费）,人民币,89086.07,,--,2026-03-22,FSSC审核岗,应付成本组,审核员03,审核驳回,2026-01-28 08:48:49,2026-01-28 08:49:39,2026-01-28 08:50:08,--,,--,,示例集团财务共享中心（本部）,应付付款单（服务费）,非自动审批,1
A03,示例集团·丙公司,AP-2026-000817,付款单,应付付款单（服务费）,人民币,73890.17,,--,2026-02-12,FSSC审核岗,应付成本组,审核员04,审核通过,2026-03-27 17:25:42,2026-03-27 17:26:41,2026-03-27 17:30:54,2026-03-27 20:58:41,,--,,示例集团财务共享中心（本部）,应付付款单（服务费）,非自动审批,1
A17,示例集团·子公司庚,AP-2026-000819,应付发票,应付付款单（材料采购）,人民币,65255.52,,--,2026-04-15,FSSC审核岗,应付成本组,审核员02,审核通过,2026-04-23 12:09:18,2026-04-23 12:09:58,2026-04-23 12:17:51,2026-04-23 15:14:58,,--,,示例集团财务共享中心（本部）,应付付款单（材料采购）,非自动审批,1
A17,示例集团·子公司庚,AP-2026-000819,应付发票,应付付款单（材料采购）,人民币,477706.0,,--,2026-04-15,FSSC审核岗,应付成本组,审核员02,审核通过,2026-04-23 12:09:18,2026-04-23 12:09:58,2026-04-23 12:09:43,2026-04-23 16:00:58,,--,,示例集团财务共享中心（本部）,应付付款单（材料采购）,非自动审批,1
A17,示例集团·子公司庚,AP-2026-000819,应付发票,应付付款单（材料采购）,人民币,1393.12,,--,2026-04-15,FSSC审核岗,应付成本组,审核员02,审核通过,2026-04-23 12:09:18,2026-04-23 12:09:58,2026-04-23 12:14:14,2026-04-23 14:18:58,,--,,示例集团财务共享中心（本部）,应付付款单（材料采购）,非自动审批,1
A11,示例集团·子公司甲,AP-2026-000820,付款单,其他专项付款单,人民币,106555.89,,--,2026-01-05,FSSC审核岗,应付成本组,审核员04,审核通过,2026-01-01 11:47:10,2026-01-01 11:48:18,2026-01-01 11:52:38,2026-01-01 15:33:18,,--,,示例集团财务共享中心（本部）,其他专项付款单,非自动审批,1
A04,示例集团·丁公司,AP-2026-000821,通用报销单,应付付款单（材料采购）,人民币,40834.05,,--,2026-04-17,FSSC审核岗,应付成本组,审核员07,审核通过,2026-05-04 18:11:21,2026-05-04 18:13:11,2026-05-04 18:12:54,2026-05-04 21:59:11,,--,,示例集团财务共享中心（本部）,应付付款单（材料采购）,非自动审批,1
A04,示例集团·丁公司,AP-2026-000821,通用报销单,应付付款单（材料采购）,人民币,135613.76,,--,2026-04-17,FSSC审核岗,应付成本组,审核员07,审核通过,2026-05-04 18:11:21,2026-05-04 18:13:11,2026-05-04 18:18:39,2026-05-04 21:25:11,,--,,示例集团财务共享中心（本部）,应付付款单（材料采购）,非自动审批,1
A13,示例集团·子公司丙,AP-2026-000822,付款单,应付付款单（材料采购）,人民币,64637.83,,--,2026-02-13,FSSC审核岗,应付成本组,审核员07,审核通过,2026-01-17 14:58:00,2026-01-17 14:58:42,2026-01-17 15:05:33,2026-01-17 15:50:42,,--,,示例集团财务共享中心（本部）,应付付款单（材料采购）,非自动审批,1
A08,示例集团·辛公司,AP-2026-000823,通用报销单,应付付款单（服务费）,人民币,53904.62,,--,2026-03-20,FSSC审核岗,应付成本组,审核员06,审核通过,2026-04-14 10:10:23,2026-04-14 10:10:44,2026-04-14 10:19:02,2026-04-14 13:34:44,,--,,示例集团财务共享中心（本部）,应付付款单（服务费）,非自动审批,1
A08,示例集团·辛公司,AP-2026-000823,通用报销单,应付付款单（服务费）,人民币,11045.29,,--,2026-03-20,FSSC审核岗,应付成本组,审核员06,审核通过,2026-04-14 10:10:23,2026-04-14 10:10:44,2026-04-14 10:14:57,2026-04-14 14:39:44,,--,,示例集团财务共享中心（本部）,应付付款单（服务费）,非自动审批,1
A07,示例集团·庚公司,AP-2026-000824,应付发票,应付付款单（材料采购）,人民币,23332.62,,--,2026-01-27,FSSC审核岗,应付成本组,审核员02,审核通过,2026-01-09 10:57:33,2026-01-09 10:59:06,2026-01-09 10:59:07,2026-01-09 14:24:06,,--,,示例集团财务共享中心（本部）,应付付款单（材料采购）,非自动审批,1
A07,示例集团·庚公司,AP-2026-000824,应付发票,应付付款单（材料采购）,人民币,4799939.32,,--,2026-01-27,FSSC审核岗,应付成本组,审核员02,审核通过,2026-01-09 10:57:33,2026-01-09 10:59:06,2026-01-09 10:57:59,2026-01-09 14:25:06,,--,,示例集团财务共享中心（本部）,应付付款单（材料采购）,非自动审批,1
A10,示例集团·癸公司,AP-2026-000825,付款单,通用报销单（费用报销）,人民币,137357.59,,--,2026-05-10,FSSC审核岗,应付成本组,审核员01,审核通过,2026-01-21 17:30:57,2026-01-21 17:31:54,2026-01-21 17:31:21,2026-01-21 19:18:54,,--,,示例集团财务共享中心（本部）,通用报销单（费用报销）,非自动审批,1
A10,示例集团·癸公司,AP-2026-000825,付款单,通用报销单（费用报销）,人民币,261353.83,,--,2026-05-10,FSSC审核岗,应付成本组,审核员01,审核通过,2026-01-21 17:30:57,2026-01-21 17:31:54,2026-01-21 17:35:15,2026-01-21 19:09:54,,--,,示例集团财务共享中心（本部）,通用报销单（费用报销）,非自动审批,1
A13,示例集团·子公司丙,AP-2026-000826,通用报销单,应付付款单（材料采购）,人民币,36583.2,,--,2026-06-27,FSSC审核岗,应付成本组,审核员01,审核通过,2026-01-15 14:38:07,2026-01-15 14:39:38,2026-01-15 14:43:09,2026-01-15 19:02:38,,--,,示例集团财务共享中心（本部）,应付付款单（材料采购）,非自动审批,1
A01,示例集团·甲公司,AP-2026-000827,应付发票,应付确认单（物料类）,人民币,18072.5,,--,2026-04-28,FSSC审核岗,应付成本组,审核员07,审核驳回,2026-04-28 18:32:38,2026-04-28 18:33:34,2026-04-28 18:40:42,--,,--,,示例集团财务共享中心（本部）,应付确认单（物料类）,非自动审批,1
A08,示例集团·辛公司,AP-2026-000828,应付发票,应付付款单（材料采购）,人民币,177548.46,,--,2026-01-01,FSSC审核岗,应付成本组,审核员03,审核通过,2026-02-16 11:37:46,2026-02-16 11:39:02,2026-02-16 11:44:21,2026-02-16 14:56:02,,--,,示例集团财务共享中心（本部）,应付付款单（材料采购）,非自动审批,1
A08,示例集团·辛公司,AP-2026-000828,应付发票,应付付款单（材料采购）,人民币,4166.34,,--,2026-01-01,FSSC审核岗,应付成本组,审核员03,审核通过,2026-02-16 11:37:46,2026-02-16 11:39:02,2026-02-16 11:45:09,2026-02-16 15:10:02,,--,,示例集团财务共享中心（本部）,应付付款单（材料采购）,非自动审批,1
A04,示例集团·丁公司,AP-2026-000829,付款单,应付付款单（差旅费）,人民币,24075.89,,--,2026-01-13,FSSC审核岗,应付成本组,审核员07,审核通过,2026-06-19 20:41:43,2026-06-19 20:41:56,2026-06-19 20:50:07,2026-06-19 22:37:56,,--,,示例集团财务共享中心（本部）,应付付款单（差旅费）,非自动审批,1
A04,示例集团·丁公司,AP-2026-000829,付款单,应付付款单（差旅费）,人民币,36446.27,,--,2026-01-13,FSSC审核岗,应付成本组,审核员07,审核通过,2026-06-19 20:41:43,2026-06-19 20:41:56,2026-06-19 20:46:15,2026-06-19 22:29:56,,--,,示例集团财务共享中心（本部）,应付付款单（差旅费）,非自动审批,1
A04,示例集团·丁公司,AP-2026-000829,付款单,应付付款单（差旅费）,人民币,224804.12,,--,2026-01-13,FSSC审核岗,应付成本组,审核员07,审核通过,2026-06-19 20:41:43,2026-06-19 20:41:56,2026-06-19 20:42:54,2026-06-19 22:49:56,,--,,示例集团财务共享中心（本部）,应付付款单（差旅费）,非自动审批,1
A03,示例集团·丙公司,AP-2026-000830,付款单,应付付款单（服务费）,人民币,106851.77,,--,2026-05-19,FSSC审核岗,应付成本组,审核员06,审核通过,2026-02-27 20:41:37,2026-02-27 20:42:33,2026-02-27 20:46:14,2026-02-28 01:17:33,,--,,示例集团财务共享中心（本部）,应付付款单（服务费）,非自动审批,1
A01,示例集团·甲公司,AP-2026-000831,应付发票,应付确认单（物料类）,人民币,30882.36,,--,2026-03-24,FSSC审核岗,应付成本组,审核员06,审核通过,2026-02-09 13:53:06,2026-02-09 13:53:52,2026-02-09 13:54:59,2026-02-09 16:40:52,,--,,示例集团财务共享中心（本部）,应付确认单（物料类）,非自动审批,1
A01,示例集团·甲公司,AP-2026-000831,应付发票,应付确认单（物料类）,人民币,100364.34,,--,2026-03-24,FSSC审核岗,应付成本组,审核员06,审核通过,2026-02-09 13:53:06,2026-02-09 13:53:52,2026-02-09 14:01:11,2026-02-09 15:54:52,,--,,示例集团财务共享中心（本部）,应付确认单（物料类）,非自动审批,1
A01,示例集团·甲公司,AP-2026-000831,应付发票,应付确认单（物料类）,人民币,39166.91,,--,2026-03-24,FSSC审核岗,应付成本组,审核员06,审核通过,2026-02-09 13:53:06,2026-02-09 13:53:52,2026-02-09 14:01:48,2026-02-09 16:57:52,,--,,示例集团财务共享中心（本部）,应付确认单（物料类）,非自动审批,1
A10,示例集团·癸公司,AP-2026-000832,应付发票,应付付款单（服务费）,人民币,267815.31,,--,2026-01-28,FSSC审核岗,应付成本组,审核员04,审核通过,2026-04-24 14:49:12,2026-04-24 14:50:57,2026-04-24 14:53:49,2026-04-24 16:27:57,,--,,示例集团财务共享中心（本部）,应付付款单（服务费）,非自动审批,1
A09,示例集团·壬公司,AP-2026-000833,应付发票,应付付款单（服务费）,人民币,83334.63,,--,2026-03-27,FSSC审核岗,应付成本组,审核员02,审核通过,2026-02-24 09:40:46,2026-02-24 09:42:06,2026-02-24 09:45:46,2026-02-24 12:50:06,,--,,示例集团财务共享中心（本部）,应付付款单（服务费）,非自动审批,1
A07,示例集团·庚公司,AP-2026-000835,应付发票,应付付款单（材料采购）,人民币,680797.32,,--,2026-05-23,FSSC审核岗,应付成本组,审核员01,审核通过,2026-06-22 14:54:26,2026-06-22 14:55:58,2026-06-22 14:56:23,2026-06-22 18:22:58,,--,,示例集团财务共享中心（本部）,应付付款单（材料采购）,非自动审批,1
A07,示例集团·庚公司,AP-2026-000836,应付发票,其他专项付款单,人民币,40582.33,,--,2026-01-08,FSSC审核岗,应付成本组,审核员03,审核通过,2026-05-08 16:10:00,2026-05-08 16:10:04,2026-05-08 16:11:10,2026-05-08 18:29:04,,--,,示例集团财务共享中心（本部）,其他专项付款单,非自动审批,1
A04,示例集团·丁公司,AP-2026-000837,通用报销单,应付付款单（差旅费）,人民币,332885.32,,--,2026-02-10,FSSC审核岗,应付成本组,审核员02,审核通过,2026-05-20 15:53:55,2026-05-20 15:55:07,2026-05-20 15:58:15,2026-05-20 18:35:07,,--,,示例集团财务共享中心（本部）,应付付款单（差旅费）,非自动审批,1
A04,示例集团·丁公司,AP-2026-000837,通用报销单,应付付款单（差旅费）,人民币,67953.55,,--,2026-02-10,FSSC审核岗,应付成本组,审核员02,审核通过,2026-05-20 15:53:55,2026-05-20 15:55:07,2026-05-20 15:58:18,2026-05-20 18:28:07,,--,,示例集团财务共享中心（本部）,应付付款单（差旅费）,非自动审批,1
A07,示例集团·庚公司,AP-2026-000838,应付发票,应付确认单（物料类）,人民币,22558.31,,--,2026-06-24,FSSC审核岗,应付成本组,审核员07,审核通过,2026-05-12 20:51:44,2026-05-12 20:52:32,2026-05-12 20:58:22,2026-05-13 00:11:32,,--,,示例集团财务共享中心（本部）,应付确认单（物料类）,非自动审批,1
A07,示例集团·庚公司,AP-2026-000838,应付发票,应付确认单（物料类）,人民币,2285749.01,,--,2026-06-24,FSSC审核岗,应付成本组,审核员07,审核通过,2026-05-12 20:51:44,2026-05-12 20:52:32,2026-05-12 20:58:14,2026-05-12 22:39:32,,--,,示例集团财务共享中心（本部）,应付确认单（物料类）,非自动审批,1
A17,示例集团·子公司庚,AP-2026-000839,付款单,其他专项付款单,人民币,374591.87,,--,2026-02-23,FSSC审核岗,应付成本组,审核员07,审核通过,2026-01-19 10:07:49,2026-01-19 10:08:54,2026-01-19 10:10:49,2026-01-19 14:10:54,,--,,示例集团财务共享中心（本部）,其他专项付款单,非自动审批,1
A11,示例集团·子公司甲,AP-2026-000840,通用报销单,应付付款单（差旅费）,人民币,83121.0,,--,2026-02-27,FSSC审核岗,应付成本组,审核员02,审核通过,2026-05-15 15:37:32,2026-05-15 15:37:54,2026-05-15 15:45:48,2026-05-15 15:51:54,,--,,示例集团财务共享中心（本部）,应付付款单（差旅费）,非自动审批,1
A03,示例集团·丙公司,AP-2026-000842,应付发票,其他专项付款单,人民币,174974.39,,--,2026-05-08,FSSC审核岗,应付成本组,审核员03,审核通过,2026-06-17 14:10:24,2026-06-17 14:11:52,2026-06-17 14:15:11,2026-06-17 17:08:52,,--,,示例集团财务共享中心（本部）,其他专项付款单,非自动审批,1
A03,示例集团·丙公司,AP-2026-000842,应付发票,其他专项付款单,人民币,13163.11,,--,2026-05-08,FSSC审核岗,应付成本组,审核员03,审核通过,2026-06-17 14:10:24,2026-06-17 14:11:52,2026-06-17 14:13:12,2026-06-17 17:28:52,,--,,示例集团财务共享中心（本部）,其他专项付款单,非自动审批,1
A06,示例集团·己公司,AP-2026-000843,应付发票,应付付款单（差旅费）,人民币,13828.18,,--,2026-04-08,FSSC审核岗,应付成本组,审核员06,审核通过,2026-02-06 10:02:41,2026-02-06 10:03:45,2026-02-06 10:10:51,2026-02-06 13:48:45,,--,,示例集团财务共享中心（本部）,应付付款单（差旅费）,非自动审批,1
A06,示例集团·己公司,AP-2026-000843,应付发票,应付付款单（差旅费）,人民币,284852.39,,--,2026-04-08,FSSC审核岗,应付成本组,审核员06,审核通过,2026-02-06 10:02:41,2026-02-06 10:03:45,2026-02-06 10:03:20,2026-02-06 14:55:45,,--,,示例集团财务共享中心（本部）,应付付款单（差旅费）,非自动审批,1
A06,示例集团·己公司,AP-2026-000843,应付发票,应付付款单（差旅费）,人民币,60277.63,,--,2026-04-08,FSSC审核岗,应付成本组,审核员06,审核通过,2026-02-06 10:02:41,2026-02-06 10:03:45,2026-02-06 10:08:29,2026-02-06 13:37:45,,--,,示例集团财务共享中心（本部）,应付付款单（差旅费）,非自动审批,1
A11,示例集团·子公司甲,AP-2026-000844,应付发票,其他专项付款单,人民币,48139.36,,--,2026-03-28,FSSC审核岗,应付成本组,审核员04,审核通过,2026-01-10 13:12:13,2026-01-10 13:14:06,2026-01-10 13:13:56,2026-01-10 16:12:06,,--,,示例集团财务共享中心（本部）,其他专项付款单,非自动审批,1
A11,示例集团·子公司甲,AP-2026-000844,应付发票,其他专项付款单,人民币,40010.1,,--,2026-03-28,FSSC审核岗,应付成本组,审核员04,审核通过,2026-01-10 13:12:13,2026-01-10 13:14:06,2026-01-10 13:15:01,2026-01-10 14:46:06,,--,,示例集团财务共享中心（本部）,其他专项付款单,非自动审批,1
A06,示例集团·己公司,AP-2026-000846,应付发票,应付付款单（差旅费）,人民币,74079.52,,--,2026-01-07,FSSC审核岗,应付成本组,审核员07,审核通过,2026-06-06 16:13:29,2026-06-06 16:15:21,2026-06-06 16:15:30,2026-06-06 20:32:21,,--,,示例集团财务共享中心（本部）,应付付款单（差旅费）,非自动审批,1
A06,示例集团·己公司,AP-2026-000846,应付发票,应付付款单（差旅费）,人民币,41942.33,,--,2026-01-07,FSSC审核岗,应付成本组,审核员07,审核通过,2026-06-06 16:13:29,2026-06-06 16:15:21,2026-06-06 16:14:47,2026-06-06 19:25:21,,--,,示例集团财务共享中心（本部）,应付付款单（差旅费）,非自动审批,1
A05,示例集团·戊公司,AP-2026-000847,应付发票,应付付款单（材料采购）,人民币,3480.75,,--,2026-04-20,FSSC审核岗,应付成本组,审核员04,审核通过,2026-02-26 09:52:19,2026-02-26 09:54:19,2026-02-26 09:54:49,2026-02-26 11:13:19,,--,,示例集团财务共享中心（本部）,应付付款单（材料采购）,非自动审批,1
A05,示例集团·戊公司,AP-2026-000848,应付发票,应付付款单（差旅费）,人民币,434619.13,,--,2026-06-11,FSSC审核岗,应付成本组,审核员07,审核驳回,2026-02-18 14:50:36,2026-02-18 14:52:02,2026-02-18 14:52:30,--,,--,,示例集团财务共享中心（本部）,应付付款单（差旅费）,非自动审批,1
A05,示例集团·戊公司,AP-2026-000848,应付发票,应付付款单（差旅费）,人民币,51288.17,,--,2026-06-11,FSSC审核岗,应付成本组,审核员07,审核驳回,2026-02-18 14:50:36,2026-02-18 14:52:02,2026-02-18 14:54:59,--,,--,,示例集团财务共享中心（本部）,应付付款单（差旅费）,非自动审批,1
A02,示例集团·乙公司,AP-2026-000849,通用报销单,应付确认单（物料类）,人民币,777734.19,,--,2026-06-16,FSSC审核岗,应付成本组,审核员03,审核驳回,2026-02-22 19:49:31,2026-02-22 19:49:44,2026-02-22 19:53:09,--,,--,,示例集团财务共享中心（本部）,应付确认单（物料类）,非自动审批,1
A02,示例集团·乙公司,AP-2026-000849,通用报销单,应付确认单（物料类）,人民币,5079.28,,--,2026-06-16,FSSC审核岗,应付成本组,审核员03,审核驳回,2026-02-22 19:49:31,2026-02-22 19:49:44,2026-02-22 19:50:35,--,,--,,示例集团财务共享中心（本部）,应付确认单（物料类）,非自动审批,1
A02,示例集团·乙公司,AP-2026-000849,通用报销单,应付确认单（物料类）,人民币,5051.46,,--,2026-06-16,FSSC审核岗,应付成本组,审核员03,审核驳回,2026-02-22 19:49:31,2026-02-22 19:49:44,2026-02-22 19:50:14,--,,--,,示例集团财务共享中心（本部）,应付确认单（物料类）,非自动审批,1
A10,示例集团·癸公司,AP-2026-000850,通用报销单,应付付款单（服务费）,人民币,40717.82,,--,2026-03-05,FSSC审核岗,应付成本组,审核员02,审核通过,2026-06-10 18:27:53,2026-06-10 18:28:42,2026-06-10 18:31:03,2026-06-10 19:00:42,,--,,示例集团财务共享中心（本部）,应付付款单（服务费）,非自动审批,1
A03,示例集团·丙公司,AP-2026-000851,通用报销单,其他专项付款单,人民币,235281.57,,--,2026-06-25,FSSC审核岗,应付成本组,审核员06,审核通过,2026-02-17 08:12:25,2026-02-17 08:14:20,2026-02-17 08:17:06,2026-02-17 11:06:20,,--,,示例集团财务共享中心（本部）,其他专项付款单,非自动审批,1
A03,示例集团·丙公司,AP-2026-000851,通用报销单,其他专项付款单,人民币,10855.92,,--,2026-06-25,FSSC审核岗,应付成本组,审核员06,审核通过,2026-02-17 08:12:25,2026-02-17 08:14:20,2026-02-17 08:19:49,2026-02-17 12:26:20,,--,,示例集团财务共享中心（本部）,其他专项付款单,非自动审批,1
A06,示例集团·己公司,AP-2026-000852,付款单,其他专项付款单,人民币,10281.8,,--,2026-03-07,FSSC审核岗,应付成本组,审核员03,审核通过,2026-03-27 18:56:15,2026-03-27 18:57:21,2026-03-27 19:00:35,2026-03-27 22:48:21,,--,,示例集团财务共享中心（本部）,其他专项付款单,非自动审批,1
A06,示例集团·己公司,AP-2026-000852,付款单,其他专项付款单,人民币,100783.84,,--,2026-03-07,FSSC审核岗,应付成本组,审核员03,审核通过,2026-03-27 18:56:15,2026-03-27 18:57:21,2026-03-27 19:02:39,2026-03-27 22:57:21,,--,,示例集团财务共享中心（本部）,其他专项付款单,非自动审批,1
A06,示例集团·己公司,AP-2026-000852,付款单,其他专项付款单,人民币,38637.43,,--,2026-03-07,FSSC审核岗,应付成本组,审核员03,审核通过,2026-03-27 18:56:15,2026-03-27 18:57:21,2026-03-27 18:59:49,2026-03-27 22:24:21,,--,,示例集团财务共享中心（本部）,其他专项付款单,非自动审批,1
A17,示例集团·子公司庚,AP-2026-000853,通用报销单,应付付款单（服务费）,人民币,128246.81,,--,2026-04-03,FSSC审核岗,应付成本组,审核员05,审核通过,2026-01-07 17:40:40,2026-01-07 17:40:46,2026-01-07 17:46:13,2026-01-07 20:58:46,,--,,示例集团财务共享中心（本部）,应付付款单（服务费）,非自动审批,1
A08,示例集团·辛公司,AP-2026-000854,付款单,通用报销单（费用报销）,人民币,39619.25,,--,2026-04-06,FSSC审核岗,应付成本组,审核员03,审核通过,2026-05-12 14:02:19,2026-05-12 14:03:36,2026-05-12 14:09:28,2026-05-12 15:21:36,,--,,示例集团财务共享中心（本部）,通用报销单（费用报销）,非自动审批,1
A02,示例集团·乙公司,AP-2026-000855,应付发票,应付确认单（物料类）,人民币,102661.47,,--,2026-01-09,FSSC审核岗,应付成本组,审核员06,审核通过,2026-02-14 14:25:11,2026-02-14 14:27:07,2026-02-14 14:35:05,2026-02-14 16:48:07,,--,,示例集团财务共享中心（本部）,应付确认单（物料类）,非自动审批,1
A02,示例集团·乙公司,AP-2026-000855,应付发票,应付确认单（物料类）,人民币,405382.58,,--,2026-01-09,FSSC审核岗,应付成本组,审核员06,审核通过,2026-02-14 14:25:11,2026-02-14 14:27:07,2026-02-14 14:30:39,2026-02-14 15:51:07,,--,,示例集团财务共享中心（本部）,应付确认单（物料类）,非自动审批,1
A01,示例集团·甲公司,AP-2026-000856,应付发票,应付付款单（材料采购）,人民币,10888.2,,--,2026-06-04,FSSC审核岗,应付成本组,审核员01,审核通过,2026-06-26 15:04:46,2026-06-26 15:05:28,2026-06-26 15:06:23,2026-06-26 16:57:28,,--,,示例集团财务共享中心（本部）,应付付款单（材料采购）,非自动审批,1
A01,示例集团·甲公司,AP-2026-000856,应付发票,应付付款单（材料采购）,人民币,314488.2,,--,2026-06-04,FSSC审核岗,应付成本组,审核员01,审核通过,2026-06-26 15:04:46,2026-06-26 15:05:28,2026-06-26 15:09:37,2026-06-26 17:37:28,,--,,示例集团财务共享中心（本部）,应付付款单（材料采购）,非自动审批,1
A03,示例集团·丙公司,AP-2026-000857,应付发票,其他专项付款单,人民币,5509.3,,--,2026-01-04,FSSC审核岗,应付成本组,审核员01,审核通过,2026-05-07 09:36:26,2026-05-07 09:36:52,2026-05-07 09:40:10,2026-05-07 11:06:52,,--,,示例集团财务共享中心（本部）,其他专项付款单,非自动审批,1
A03,示例集团·丙公司,AP-2026-000857,应付发票,其他专项付款单,人民币,140515.24,,--,2026-01-04,FSSC审核岗,应付成本组,审核员01,审核通过,2026-05-07 09:36:26,2026-05-07 09:36:52,2026-05-07 09:42:00,2026-05-07 11:18:52,,--,,示例集团财务共享中心（本部）,其他专项付款单,非自动审批,1
A10,示例集团·癸公司,AP-2026-000858,付款单,通用报销单（费用报销）,人民币,436689.13,,--,2026-02-20,FSSC审核岗,应付成本组,审核员02,审核通过,2026-02-05 15:38:52,2026-02-05 15:40:17,2026-02-05 15:48:04,2026-02-05 18:06:17,,--,,示例集团财务共享中心（本部）,通用报销单（费用报销）,非自动审批,1
A10,示例集团·癸公司,AP-2026-000858,付款单,通用报销单（费用报销）,人民币,28747.46,,--,2026-02-20,FSSC审核岗,应付成本组,审核员02,审核通过,2026-02-05 15:38:52,2026-02-05 15:40:17,2026-02-05 15:45:19,2026-02-05 17:57:17,,--,,示例集团财务共享中心（本部）,通用报销单（费用报销）,非自动审批,1
A16,示例集团·子公司己,AP-2026-000859,应付发票,应付付款单（材料采购）,人民币,147617.12,,--,2026-01-06,FSSC审核岗,应付成本组,审核员07,审核驳回,2026-06-21 08:25:34,2026-06-21 08:26:12,2026-06-21 08:31:02,--,,--,,示例集团财务共享中心（本部）,应付付款单（材料采购）,非自动审批,1
A16,示例集团·子公司己,AP-2026-000859,应付发票,应付付款单（材料采购）,人民币,30274.76,,--,2026-01-06,FSSC审核岗,应付成本组,审核员07,审核驳回,2026-06-21 08:25:34,2026-06-21 08:26:12,2026-06-21 08:26:16,--,,--,,示例集团财务共享中心（本部）,应付付款单（材料采购）,非自动审批,1
A01,示例集团·甲公司,AP-2026-000860,付款单,应付付款单（材料采购）,人民币,135880.84,,--,2026-01-18,FSSC审核岗,应付成本组,审核员04,审核通过,2026-03-11 08:07:48,2026-03-11 08:08:41,2026-03-11 08:10:14,2026-03-11 10:46:41,,--,,示例集团财务共享中心（本部）,应付付款单（材料采购）,非自动审批,1
A02,示例集团·乙公司,AP-2026-000861,通用报销单,应付确认单（物料类）,人民币,2535.39,,--,2026-06-13,FSSC审核岗,应付成本组,审核员02,审核通过,2026-05-27 14:49:44,2026-05-27 14:51:34,2026-05-27 14:53:49,2026-05-27 17:35:34,,--,,示例集团财务共享中心（本部）,应付确认单（物料类）,非自动审批,1
A02,示例集团·乙公司,AP-2026-000861,通用报销单,应付确认单（物料类）,人民币,75133.31,,--,2026-06-13,FSSC审核岗,应付成本组,审核员02,审核通过,2026-05-27 14:49:44,2026-05-27 14:51:34,2026-05-27 14:55:50,2026-05-27 16:55:34,,--,,示例集团财务共享中心（本部）,应付确认单（物料类）,非自动审批,1
A17,示例集团·子公司庚,AP-2026-000863,付款单,应付付款单（服务费）,人民币,104145.82,,--,2026-06-06,FSSC审核岗,应付成本组,审核员02,审核通过,2026-03-14 20:19:12,2026-03-14 20:20:11,2026-03-14 20:25:03,2026-03-14 23:59:11,,--,,示例集团财务共享中心（本部）,应付付款单（服务费）,非自动审批,1
A17,示例集团·子公司庚,AP-2026-000863,付款单,应付付款单（服务费）,人民币,393389.2,,--,2026-06-06,FSSC审核岗,应付成本组,审核员02,审核通过,2026-03-14 20:19:12,2026-03-14 20:20:11,2026-03-14 20:22:17,2026-03-14 23:12:11,,--,,示例集团财务共享中心（本部）,应付付款单（服务费）,非自动审批,1
A17,示例集团·子公司庚,AP-2026-000863,付款单,应付付款单（服务费）,人民币,218678.47,,--,2026-06-06,FSSC审核岗,应付成本组,审核员02,审核通过,2026-03-14 20:19:12,2026-03-14 20:20:11,2026-03-14 20:28:12,2026-03-14 22:10:11,,--,,示例集团财务共享中心（本部）,应付付款单（服务费）,非自动审批,1
A02,示例集团·乙公司,AP-2026-000864,通用报销单,应付付款单（服务费）,人民币,47775.56,,--,2026-06-15,FSSC审核岗,应付成本组,审核员07,审核通过,2026-02-13 15:23:42,2026-02-13 15:25:08,2026-02-13 15:29:15,2026-02-13 17:14:08,,--,,示例集团财务共享中心（本部）,应付付款单（服务费）,非自动审批,1
A02,示例集团·乙公司,AP-2026-000864,通用报销单,应付付款单（服务费）,人民币,87141.69,,--,2026-06-15,FSSC审核岗,应付成本组,审核员07,审核通过,2026-02-13 15:23:42,2026-02-13 15:25:08,2026-02-13 15:32:21,2026-02-13 18:40:08,,--,,示例集团财务共享中心（本部）,应付付款单（服务费）,非自动审批,1
A06,示例集团·己公司,AP-2026-000865,应付发票,其他专项付款单,人民币,7906.47,,--,2026-01-26,FSSC审核岗,应付成本组,审核员06,审核通过,2026-02-15 16:56:39,2026-02-15 16:57:32,2026-02-15 17:04:30,2026-02-15 20:17:32,,--,,示例集团财务共享中心（本部）,其他专项付款单,非自动审批,1
A07,示例集团·庚公司,AP-2026-000866,通用报销单,应付付款单（差旅费）,人民币,598214.65,,--,2026-04-25,FSSC审核岗,应付成本组,审核员06,审核通过,2026-02-07 11:22:32,2026-02-07 11:22:53,2026-02-07 11:27:43,2026-02-07 16:08:53,,--,,示例集团财务共享中心（本部）,应付付款单（差旅费）,非自动审批,1
A07,示例集团·庚公司,AP-2026-000866,通用报销单,应付付款单（差旅费）,人民币,157569.7,,--,2026-04-25,FSSC审核岗,应付成本组,审核员06,审核通过,2026-02-07 11:22:32,2026-02-07 11:22:53,2026-02-07 11:24:56,2026-02-07 14:57:53,,--,,示例集团财务共享中心（本部）,应付付款单（差旅费）,非自动审批,1
A04,示例集团·丁公司,AP-2026-000867,应付发票,其他专项付款单,人民币,4423.73,,--,2026-06-24,FSSC审核岗,应付成本组,审核员02,审核通过,2026-03-05 18:26:27,2026-03-05 18:28:10,2026-03-05 18:34:41,2026-03-05 20:23:10,,--,,示例集团财务共享中心（本部）,其他专项付款单,非自动审批,1
A04,示例集团·丁公司,AP-2026-000867,应付发票,其他专项付款单,人民币,84489.44,,--,2026-06-24,FSSC审核岗,应付成本组,审核员02,审核通过,2026-03-05 18:26:27,2026-03-05 18:28:10,2026-03-05 18:34:57,2026-03-05 20:21:10,,--,,示例集团财务共享中心（本部）,其他专项付款单,非自动审批,1
A04,示例集团·丁公司,AP-2026-000867,应付发票,其他专项付款单,人民币,94021.3,,--,2026-06-24,FSSC审核岗,应付成本组,审核员02,审核通过,2026-03-05 18:26:27,2026-03-05 18:28:10,2026-03-05 18:30:56,2026-03-05 19:56:10,,--,,示例集团财务共享中心（本部）,其他专项付款单,非自动审批,1
A03,示例集团·丙公司,AP-2026-000868,通用报销单,其他专项付款单,人民币,20261.51,,--,2026-02-24,FSSC审核岗,应付成本组,审核员05,审核通过,2026-02-22 09:50:10,2026-02-22 09:50:13,2026-02-22 09:59:59,2026-02-22 10:43:13,,--,,示例集团财务共享中心（本部）,其他专项付款单,非自动审批,1
A03,示例集团·丙公司,AP-2026-000868,通用报销单,其他专项付款单,人民币,68570.09,,--,2026-02-24,FSSC审核岗,应付成本组,审核员05,审核通过,2026-02-22 09:50:10,2026-02-22 09:50:13,2026-02-22 09:54:50,2026-02-22 11:35:13,,--,,示例集团财务共享中心（本部）,其他专项付款单,非自动审批,1
A02,示例集团·乙公司,AP-2026-000869,通用报销单,其他专项付款单,人民币,17601.29,,--,2026-05-27,FSSC审核岗,应付成本组,审核员02,审核通过,2026-02-11 17:58:22,2026-02-11 17:59:23,2026-02-11 18:03:45,2026-02-11 20:21:23,,--,,示例集团财务共享中心（本部）,其他专项付款单,非自动审批,1
A02,示例集团·乙公司,AP-2026-000870,付款单,应付付款单（服务费）,人民币,8379.67,,--,2026-01-14,FSSC审核岗,应付成本组,审核员07,审核通过,2026-06-21 15:45:02,2026-06-21 15:46:51,2026-06-21 15:46:01,2026-06-21 17:46:51,,--,,示例集团财务共享中心（本部）,应付付款单（服务费）,非自动审批,1
A14,示例集团·子公司丁,AP-2026-000872,付款单,通用报销单（费用报销）,人民币,25369.79,,--,2026-06-10,FSSC审核岗,应付成本组,审核员01,审核通过,2026-03-05 10:00:33,2026-03-05 10:00:59,2026-03-05 10:03:01,2026-03-05 13:33:59,,--,,示例集团财务共享中心（本部）,通用报销单（费用报销）,非自动审批,1
A14,示例集团·子公司丁,AP-2026-000872,付款单,通用报销单（费用报销）,人民币,76132.18,,--,2026-06-10,FSSC审核岗,应付成本组,审核员01,审核通过,2026-03-05 10:00:33,2026-03-05 10:00:59,2026-03-05 10:05:47,2026-03-05 13:53:59,,--,,示例集团财务共享中心（本部）,通用报销单（费用报销）,非自动审批,1
A14,示例集团·子公司丁,AP-2026-000872,付款单,通用报销单（费用报销）,人民币,219622.28,,--,2026-06-10,FSSC审核岗,应付成本组,审核员01,审核通过,2026-03-05 10:00:33,2026-03-05 10:00:59,2026-03-05 10:08:07,2026-03-05 13:00:59,,--,,示例集团财务共享中心（本部）,通用报销单（费用报销）,非自动审批,1
A01,示例集团·甲公司,AP-2026-000873,付款单,通用报销单（费用报销）,人民币,66022.17,,--,2026-02-06,FSSC审核岗,应付成本组,审核员03,审核通过,2026-02-07 16:18:31,2026-02-07 16:20:29,2026-02-07 16:26:29,2026-02-07 17:14:29,,--,,示例集团财务共享中心（本部）,通用报销单（费用报销）,非自动审批,1
A01,示例集团·甲公司,AP-2026-000873,付款单,通用报销单（费用报销）,人民币,222643.68,,--,2026-02-06,FSSC审核岗,应付成本组,审核员03,审核通过,2026-02-07 16:18:31,2026-02-07 16:20:29,2026-02-07 16:24:54,2026-02-07 18:10:29,,--,,示例集团财务共享中心（本部）,通用报销单（费用报销）,非自动审批,1
A01,示例集团·甲公司,AP-2026-000873,付款单,通用报销单（费用报销）,人民币,148476.85,,--,2026-02-06,FSSC审核岗,应付成本组,审核员03,审核通过,2026-02-07 16:18:31,2026-02-07 16:20:29,2026-02-07 16:22:13,2026-02-07 17:31:29,,--,,示例集团财务共享中心（本部）,通用报销单（费用报销）,非自动审批,1
A03,示例集团·丙公司,AP-2026-000874,应付发票,其他专项付款单,人民币,14050.91,,--,2026-04-09,FSSC审核岗,应付成本组,审核员03,审核通过,2026-05-15 18:05:57,2026-05-15 18:06:02,2026-05-15 18:15:42,2026-05-15 19:26:02,,--,,示例集团财务共享中心（本部）,其他专项付款单,非自动审批,1
A04,示例集团·丁公司,AP-2026-000875,通用报销单,通用报销单（费用报销）,人民币,146905.42,,--,2026-04-02,FSSC审核岗,应付成本组,审核员03,审核通过,2026-03-23 14:22:15,2026-03-23 14:23:21,2026-03-23 14:28:53,2026-03-23 16:15:21,,--,,示例集团财务共享中心（本部）,通用报销单（费用报销）,非自动审批,1
A04,示例集团·丁公司,AP-2026-000875,通用报销单,通用报销单（费用报销）,人民币,152701.57,,--,2026-04-02,FSSC审核岗,应付成本组,审核员03,审核通过,2026-03-23 14:22:15,2026-03-23 14:23:21,2026-03-23 14:24:08,2026-03-23 16:30:21,,--,,示例集团财务共享中心（本部）,通用报销单（费用报销）,非自动审批,1
A02,示例集团·乙公司,AP-2026-000877,应付发票,应付确认单（物料类）,人民币,685923.56,,--,2026-02-28,FSSC审核岗,应付成本组,审核员06,审核驳回,2026-06-01 19:52:17,2026-06-01 19:54:14,2026-06-01 19:52:51,--,,--,,示例集团财务共享中心（本部）,应付确认单（物料类）,非自动审批,1
A02,示例集团·乙公司,AP-2026-000877,应付发票,应付确认单（物料类）,人民币,106395.24,,--,2026-02-28,FSSC审核岗,应付成本组,审核员06,审核驳回,2026-06-01 19:52:17,2026-06-01 19:54:14,2026-06-01 20:00:26,--,,--,,示例集团财务共享中心（本部）,应付确认单（物料类）,非自动审批,1
A08,示例集团·辛公司,AP-2026-000878,付款单,应付付款单（材料采购）,人民币,10630.22,,--,2026-01-03,FSSC审核岗,应付成本组,审核员06,审核驳回,2026-05-03 08:28:34,2026-05-03 08:29:04,2026-05-03 08:33:03,--,,--,,示例集团财务共享中心（本部）,应付付款单（材料采购）,非自动审批,1
A08,示例集团·辛公司,AP-2026-000878,付款单,应付付款单（材料采购）,人民币,27564.58,,--,2026-01-03,FSSC审核岗,应付成本组,审核员06,审核驳回,2026-05-03 08:28:34,2026-05-03 08:29:04,2026-05-03 08:34:46,--,,--,,示例集团财务共享中心（本部）,应付付款单（材料采购）,非自动审批,1
A09,示例集团·壬公司,AP-2026-000879,通用报销单,应付确认单（物料类）,人民币,4475.71,,--,2026-05-16,FSSC审核岗,应付成本组,审核员05,审核通过,2026-04-19 08:28:44,2026-04-19 08:28:45,2026-04-19 08:36:19,2026-04-19 08:55:45,,--,,示例集团财务共享中心（本部）,应付确认单（物料类）,非自动审批,1
A09,示例集团·壬公司,AP-2026-000879,通用报销单,应付确认单（物料类）,人民币,122353.36,,--,2026-05-16,FSSC审核岗,应付成本组,审核员05,审核通过,2026-04-19 08:28:44,2026-04-19 08:28:45,2026-04-19 08:30:28,2026-04-19 10:26:45,,--,,示例集团财务共享中心（本部）,应付确认单（物料类）,非自动审批,1
A09,示例集团·壬公司,AP-2026-000879,通用报销单,应付确认单（物料类）,人民币,606557.35,,--,2026-05-16,FSSC审核岗,应付成本组,审核员05,审核通过,2026-04-19 08:28:44,2026-04-19 08:28:45,2026-04-19 08:36:18,2026-04-19 08:57:45,,--,,示例集团财务共享中心（本部）,应付确认单（物料类）,非自动审批,1
A08,示例集团·辛公司,AP-2026-000880,应付发票,应付付款单（材料采购）,人民币,2105.68,,--,2026-05-06,FSSC审核岗,应付成本组,审核员01,审核通过,2026-06-06 14:41:31,2026-06-06 14:42:09,2026-06-06 14:45:28,2026-06-06 17:35:09,,--,,示例集团财务共享中心（本部）,应付付款单（材料采购）,非自动审批,1
A08,示例集团·辛公司,AP-2026-000880,应付发票,应付付款单（材料采购）,人民币,643529.07,,--,2026-05-06,FSSC审核岗,应付成本组,审核员01,审核通过,2026-06-06 14:41:31,2026-06-06 14:42:09,2026-06-06 14:45:59,2026-06-06 18:16:09,,--,,示例集团财务共享中心（本部）,应付付款单（材料采购）,非自动审批,1
A08,示例集团·辛公司,AP-2026-000880,应付发票,应付付款单（材料采购）,人民币,120106.3,,--,2026-05-06,FSSC审核岗,应付成本组,审核员01,审核通过,2026-06-06 14:41:31,2026-06-06 14:42:09,2026-06-06 14:42:12,2026-06-06 18:13:09,,--,,示例集团财务共享中心（本部）,应付付款单（材料采购）,非自动审批,1
A09,示例集团·壬公司,AP-2026-000881,付款单,应付付款单（材料采购）,人民币,13263.69,,--,2026-04-22,FSSC审核岗,应付成本组,审核员05,审核驳回,2026-04-06 09:03:36,2026-04-06 09:04:21,2026-04-06 09:06:05,--,,--,,示例集团财务共享中心（本部）,应付付款单（材料采购）,非自动审批,1
A09,示例集团·壬公司,AP-2026-000881,付款单,应付付款单（材料采购）,人民币,85765.53,,--,2026-04-22,FSSC审核岗,应付成本组,审核员05,审核驳回,2026-04-06 09:03:36,2026-04-06 09:04:21,2026-04-06 09:09:55,--,,--,,示例集团财务共享中心（本部）,应付付款单（材料采购）,非自动审批,1
A03,示例集团·丙公司,AP-2026-000882,付款单,通用报销单（费用报销）,人民币,13876.35,,--,2026-03-23,FSSC审核岗,应付成本组,审核员07,审核通过,2026-01-03 17:17:40,2026-01-03 17:18:21,2026-01-03 17:25:58,2026-01-03 19:52:21,,--,,示例集团财务共享中心（本部）,通用报销单（费用报销）,非自动审批,1
A03,示例集团·丙公司,AP-2026-000883,应付发票,应付付款单（服务费）,人民币,110922.57,,--,2026-04-19,FSSC审核岗,应付成本组,审核员02,审核通过,2026-04-12 14:30:26,2026-04-12 14:31:08,2026-04-12 14:37:19,2026-04-12 17:55:08,,--,,示例集团财务共享中心（本部）,应付付款单（服务费）,非自动审批,1
A03,示例集团·丙公司,AP-2026-000883,应付发票,应付付款单（服务费）,人民币,65427.99,,--,2026-04-19,FSSC审核岗,应付成本组,审核员02,审核通过,2026-04-12 14:30:26,2026-04-12 14:31:08,2026-04-12 14:31:34,2026-04-12 16:43:08,,--,,示例集团财务共享中心（本部）,应付付款单（服务费）,非自动审批,1
A03,示例集团·丙公司,AP-2026-000883,应付发票,应付付款单（服务费）,人民币,94947.65,,--,2026-04-19,FSSC审核岗,应付成本组,审核员02,审核通过,2026-04-12 14:30:26,2026-04-12 14:31:08,2026-04-12 14:32:50,2026-04-12 17:03:08,,--,,示例集团财务共享中心（本部）,应付付款单（服务费）,非自动审批,1
A04,示例集团·丁公司,AP-2026-000885,应付发票,应付付款单（服务费）,人民币,16539.14,,--,2026-03-01,FSSC审核岗,应付成本组,审核员03,审核通过,2026-01-10 16:17:27,2026-01-10 16:18:30,2026-01-10 16:22:41,2026-01-10 19:26:30,,--,,示例集团财务共享中心（本部）,应付付款单（服务费）,非自动审批,1
A04,示例集团·丁公司,AP-2026-000885,应付发票,应付付款单（服务费）,人民币,20279.2,,--,2026-03-01,FSSC审核岗,应付成本组,审核员03,审核通过,2026-01-10 16:17:27,2026-01-10 16:18:30,2026-01-10 16:26:17,2026-01-10 20:54:30,,--,,示例集团财务共享中心（本部）,应付付款单（服务费）,非自动审批,1
A04,示例集团·丁公司,AP-2026-000885,应付发票,应付付款单（服务费）,人民币,120879.56,,--,2026-03-01,FSSC审核岗,应付成本组,审核员03,审核通过,2026-01-10 16:17:27,2026-01-10 16:18:30,2026-01-10 16:26:40,2026-01-10 19:28:30,,--,,示例集团财务共享中心（本部）,应付付款单（服务费）,非自动审批,1
A03,示例集团·丙公司,AP-2026-000886,付款单,应付付款单（服务费）,人民币,29619.35,,--,2026-06-23,FSSC审核岗,应付成本组,审核员07,审核通过,2026-05-05 11:34:23,2026-05-05 11:34:51,2026-05-05 11:42:23,2026-05-05 14:33:51,,--,,示例集团财务共享中心（本部）,应付付款单（服务费）,非自动审批,1
A08,示例集团·辛公司,AP-2026-000887,付款单,应付付款单（材料采购）,人民币,73763.91,,--,2026-04-05,FSSC审核岗,应付成本组,审核员01,审核通过,2026-02-24 13:52:40,2026-02-24 13:52:57,2026-02-24 13:56:58,2026-02-24 16:22:57,,--,,示例集团财务共享中心（本部）,应付付款单（材料采购）,非自动审批,1
A09,示例集团·壬公司,AP-2026-000889,付款单,应付付款单（材料采购）,人民币,112890.88,,--,2026-04-08,FSSC审核岗,应付成本组,审核员06,审核通过,2026-04-01 13:33:03,2026-04-01 13:33:53,2026-04-01 13:37:43,2026-04-01 17:59:53,,--,,示例集团财务共享中心（本部）,应付付款单（材料采购）,非自动审批,1
A09,示例集团·壬公司,AP-2026-000889,付款单,应付付款单（材料采购）,人民币,43857.53,,--,2026-04-08,FSSC审核岗,应付成本组,审核员06,审核通过,2026-04-01 13:33:03,2026-04-01 13:33:53,2026-04-01 13:40:17,2026-04-01 18:19:53,,--,,示例集团财务共享中心（本部）,应付付款单（材料采购）,非自动审批,1
A09,示例集团·壬公司,AP-2026-000889,付款单,应付付款单（材料采购）,人民币,301685.89,,--,2026-04-08,FSSC审核岗,应付成本组,审核员06,审核通过,2026-04-01 13:33:03,2026-04-01 13:33:53,2026-04-01 13:37:41,2026-04-01 17:30:53,,--,,示例集团财务共享中心（本部）,应付付款单（材料采购）,非自动审批,1
A01,示例集团·甲公司,AP-2026-000890,应付发票,应付付款单（服务费）,人民币,46176.64,,--,2026-02-25,FSSC审核岗,应付成本组,审核员02,审核驳回,2026-01-12 20:03:46,2026-01-12 20:04:15,2026-01-12 20:09:58,--,,--,,示例集团财务共享中心（本部）,应付付款单（服务费）,非自动审批,1
A01,示例集团·甲公司,AP-2026-000890,应付发票,应付付款单（服务费）,人民币,44275.83,,--,2026-02-25,FSSC审核岗,应付成本组,审核员02,审核驳回,2026-01-12 20:03:46,2026-01-12 20:04:15,2026-01-12 20:09:58,--,,--,,示例集团财务共享中心（本部）,应付付款单（服务费）,非自动审批,1
A07,示例集团·庚公司,AP-2026-000891,付款单,应付付款单（服务费）,人民币,24726.05,,--,2026-02-21,FSSC审核岗,应付成本组,审核员06,审核通过,2026-05-20 09:18:50,2026-05-20 09:20:25,2026-05-20 09:27:39,2026-05-20 12:03:25,,--,,示例集团财务共享中心（本部）,应付付款单（服务费）,非自动审批,1
A07,示例集团·庚公司,AP-2026-000891,付款单,应付付款单（服务费）,人民币,256779.97,,--,2026-02-21,FSSC审核岗,应付成本组,审核员06,审核通过,2026-05-20 09:18:50,2026-05-20 09:20:25,2026-05-20 09:20:58,2026-05-20 10:33:25,,--,,示例集团财务共享中心（本部）,应付付款单（服务费）,非自动审批,1
A07,示例集团·庚公司,AP-2026-000891,付款单,应付付款单（服务费）,人民币,22245.8,,--,2026-02-21,FSSC审核岗,应付成本组,审核员06,审核通过,2026-05-20 09:18:50,2026-05-20 09:20:25,2026-05-20 09:26:39,2026-05-20 11:43:25,,--,,示例集团财务共享中心（本部）,应付付款单（服务费）,非自动审批,1
A03,示例集团·丙公司,AP-2026-000892,应付发票,通用报销单（费用报销）,人民币,346724.67,,--,2026-06-01,FSSC审核岗,应付成本组,审核员03,审核通过,2026-01-14 09:24:19,2026-01-14 09:26:16,2026-01-14 09:32:53,2026-01-14 11:35:16,,--,,示例集团财务共享中心（本部）,通用报销单（费用报销）,非自动审批,1
A01,示例集团·甲公司,AP-2026-000893,应付发票,应付确认单（物料类）,人民币,75233.94,,--,2026-05-23,FSSC审核岗,应付成本组,审核员02,审核通过,2026-06-06 17:08:22,2026-06-06 17:08:38,2026-06-06 17:10:59,2026-06-06 18:19:38,,--,,示例集团财务共享中心（本部）,应付确认单（物料类）,非自动审批,1
A01,示例集团·甲公司,AP-2026-000893,应付发票,应付确认单（物料类）,人民币,2558502.64,,--,2026-05-23,FSSC审核岗,应付成本组,审核员02,审核通过,2026-06-06 17:08:22,2026-06-06 17:08:38,2026-06-06 17:10:21,2026-06-06 18:30:38,,--,,示例集团财务共享中心（本部）,应付确认单（物料类）,非自动审批,1
A01,示例集团·甲公司,AP-2026-000893,应付发票,应付确认单（物料类）,人民币,23750.44,,--,2026-05-23,FSSC审核岗,应付成本组,审核员02,审核通过,2026-06-06 17:08:22,2026-06-06 17:08:38,2026-06-06 17:12:26,2026-06-06 17:39:38,,--,,示例集团财务共享中心（本部）,应付确认单（物料类）,非自动审批,1
A06,示例集团·己公司,AP-2026-000894,付款单,通用报销单（费用报销）,人民币,356921.61,,--,2026-03-13,FSSC审核岗,应付成本组,审核员05,审核通过,2026-03-27 20:03:00,2026-03-27 20:03:42,2026-03-27 20:07:56,2026-03-28 00:24:42,,--,,示例集团财务共享中心（本部）,通用报销单（费用报销）,非自动审批,1
A06,示例集团·己公司,AP-2026-000894,付款单,通用报销单（费用报销）,人民币,122313.02,,--,2026-03-13,FSSC审核岗,应付成本组,审核员05,审核通过,2026-03-27 20:03:00,2026-03-27 20:03:42,2026-03-27 20:03:34,2026-03-27 22:49:42,,--,,示例集团财务共享中心（本部）,通用报销单（费用报销）,非自动审批,1
A06,示例集团·己公司,AP-2026-000894,付款单,通用报销单（费用报销）,人民币,29165.57,,--,2026-03-13,FSSC审核岗,应付成本组,审核员05,审核通过,2026-03-27 20:03:00,2026-03-27 20:03:42,2026-03-27 20:06:48,2026-03-27 23:45:42,,--,,示例集团财务共享中心（本部）,通用报销单（费用报销）,非自动审批,1
A15,示例集团·子公司戊,AP-2026-000895,付款单,应付付款单（材料采购）,人民币,124635.84,,--,2026-02-06,FSSC审核岗,应付成本组,审核员01,审核通过,2026-05-25 13:22:27,2026-05-25 13:23:20,2026-05-25 13:24:49,2026-05-25 15:52:20,,--,,示例集团财务共享中心（本部）,应付付款单（材料采购）,非自动审批,1
A15,示例集团·子公司戊,AP-2026-000895,付款单,应付付款单（材料采购）,人民币,116417.21,,--,2026-02-06,FSSC审核岗,应付成本组,审核员01,审核通过,2026-05-25 13:22:27,2026-05-25 13:23:20,2026-05-25 13:29:13,2026-05-25 15:05:20,,--,,示例集团财务共享中心（本部）,应付付款单（材料采购）,非自动审批,1
A07,示例集团·庚公司,AP-2026-000896,付款单,通用报销单（费用报销）,人民币,37619.81,,--,2026-04-27,FSSC审核岗,应付成本组,审核员02,审核通过,2026-02-15 10:08:47,2026-02-15 10:10:39,2026-02-15 10:09:28,2026-02-15 12:56:39,,--,,示例集团财务共享中心（本部）,通用报销单（费用报销）,非自动审批,1
A07,示例集团·庚公司,AP-2026-000896,付款单,通用报销单（费用报销）,人民币,109053.43,,--,2026-04-27,FSSC审核岗,应付成本组,审核员02,审核通过,2026-02-15 10:08:47,2026-02-15 10:10:39,2026-02-15 10:13:40,2026-02-15 11:23:39,,--,,示例集团财务共享中心（本部）,通用报销单（费用报销）,非自动审批,1
A05,示例集团·戊公司,AP-2026-000897,通用报销单,其他专项付款单,人民币,305229.19,,--,2026-03-05,FSSC审核岗,应付成本组,审核员06,审核通过,2026-01-11 14:49:23,2026-01-11 14:50:14,2026-01-11 14:55:17,2026-01-11 16:20:14,,--,,示例集团财务共享中心（本部）,其他专项付款单,非自动审批,1
A05,示例集团·戊公司,AP-2026-000897,通用报销单,其他专项付款单,人民币,122503.62,,--,2026-03-05,FSSC审核岗,应付成本组,审核员06,审核通过,2026-01-11 14:49:23,2026-01-11 14:50:14,2026-01-11 14:55:48,2026-01-11 15:08:14,,--,,示例集团财务共享中心（本部）,其他专项付款单,非自动审批,1
A06,示例集团·己公司,AP-2026-000899,通用报销单,应付付款单（差旅费）,人民币,33294.28,,--,2026-02-07,FSSC审核岗,应付成本组,审核员02,审核通过,2026-02-11 11:21:14,2026-02-11 11:22:05,2026-02-11 11:30:00,2026-02-11 12:04:05,,--,,示例集团财务共享中心（本部）,应付付款单（差旅费）,非自动审批,1
A10,示例集团·癸公司,AP-2026-000900,付款单,应付付款单（差旅费）,人民币,30770.04,,--,2026-03-13,FSSC审核岗,应付成本组,审核员01,审核通过,2026-04-28 11:13:25,2026-04-28 11:15:00,2026-04-28 11:19:33,2026-04-28 14:28:00,,--,,示例集团财务共享中心（本部）,应付付款单（差旅费）,非自动审批,1
A04,示例集团·丁公司,AP-2026-000901,付款单,应付付款单（服务费）,人民币,52977.69,,--,2026-05-19,FSSC审核岗,应付成本组,审核员05,审核通过,2026-02-01 12:01:07,2026-02-01 12:01:31,2026-02-01 12:03:31,2026-02-01 14:36:31,,--,,示例集团财务共享中心（本部）,应付付款单（服务费）,非自动审批,1
A04,示例集团·丁公司,AP-2026-000901,付款单,应付付款单（服务费）,人民币,284203.79,,--,2026-05-19,FSSC审核岗,应付成本组,审核员05,审核通过,2026-02-01 12:01:07,2026-02-01 12:01:31,2026-02-01 12:04:02,2026-02-01 13:32:31,,--,,示例集团财务共享中心（本部）,应付付款单（服务费）,非自动审批,1
A04,示例集团·丁公司,AP-2026-000901,付款单,应付付款单（服务费）,人民币,20841.37,,--,2026-05-19,FSSC审核岗,应付成本组,审核员05,审核通过,2026-02-01 12:01:07,2026-02-01 12:01:31,2026-02-01 12:09:25,2026-02-01 15:07:31,,--,,示例集团财务共享中心（本部）,应付付款单（服务费）,非自动审批,1
A07,示例集团·庚公司,AP-2026-000902,通用报销单,通用报销单（费用报销）,人民币,103671.62,,--,2026-01-18,FSSC审核岗,应付成本组,审核员04,审核通过,2026-02-22 11:04:46,2026-02-22 11:06:40,2026-02-22 11:10:42,2026-02-22 12:23:40,,--,,示例集团财务共享中心（本部）,通用报销单（费用报销）,非自动审批,1
A07,示例集团·庚公司,AP-2026-000902,通用报销单,通用报销单（费用报销）,人民币,6718.0,,--,2026-01-18,FSSC审核岗,应付成本组,审核员04,审核通过,2026-02-22 11:04:46,2026-02-22 11:06:40,2026-02-22 11:11:01,2026-02-22 11:29:40,,--,,示例集团财务共享中心（本部）,通用报销单（费用报销）,非自动审批,1
A07,示例集团·庚公司,AP-2026-000902,通用报销单,通用报销单（费用报销）,人民币,137648.16,,--,2026-01-18,FSSC审核岗,应付成本组,审核员04,审核通过,2026-02-22 11:04:46,2026-02-22 11:06:40,2026-02-22 11:13:54,2026-02-22 12:39:40,,--,,示例集团财务共享中心（本部）,通用报销单（费用报销）,非自动审批,1
A03,示例集团·丙公司,AP-2026-000903,通用报销单,通用报销单（费用报销）,人民币,171524.13,,--,2026-01-06,FSSC审核岗,应付成本组,审核员04,审核驳回,2026-05-07 18:13:15,2026-05-07 18:15:08,2026-05-07 18:20:35,--,,--,,示例集团财务共享中心（本部）,通用报销单（费用报销）,非自动审批,1
A03,示例集团·丙公司,AP-2026-000903,通用报销单,通用报销单（费用报销）,人民币,1023429.8,,--,2026-01-06,FSSC审核岗,应付成本组,审核员04,审核驳回,2026-05-07 18:13:15,2026-05-07 18:15:08,2026-05-07 18:21:47,--,,--,,示例集团财务共享中心（本部）,通用报销单（费用报销）,非自动审批,1
A03,示例集团·丙公司,AP-2026-000904,应付发票,其他专项付款单,人民币,218689.96,,--,2026-02-26,FSSC审核岗,应付成本组,审核员07,审核通过,2026-04-21 19:43:52,2026-04-21 19:45:45,2026-04-21 19:47:08,2026-04-21 22:14:45,,--,,示例集团财务共享中心（本部）,其他专项付款单,非自动审批,1
A03,示例集团·丙公司,AP-2026-000904,应付发票,其他专项付款单,人民币,34143.2,,--,2026-02-26,FSSC审核岗,应付成本组,审核员07,审核通过,2026-04-21 19:43:52,2026-04-21 19:45:45,2026-04-21 19:47:37,2026-04-21 22:28:45,,--,,示例集团财务共享中心（本部）,其他专项付款单,非自动审批,1
A03,示例集团·丙公司,AP-2026-000905,通用报销单,其他专项付款单,人民币,6985.48,,--,2026-02-03,FSSC审核岗,应付成本组,审核员04,审核通过,2026-05-07 09:26:08,2026-05-07 09:26:12,2026-05-07 09:30:12,2026-05-07 11:21:12,,--,,示例集团财务共享中心（本部）,其他专项付款单,非自动审批,1
A07,示例集团·庚公司,AP-2026-000906,通用报销单,应付付款单（差旅费）,人民币,122992.06,,--,2026-02-23,FSSC审核岗,应付成本组,审核员07,审核通过,2026-06-07 20:17:44,2026-06-07 20:18:19,2026-06-07 20:21:12,2026-06-07 22:41:19,,--,,示例集团财务共享中心（本部）,应付付款单（差旅费）,非自动审批,1
A07,示例集团·庚公司,AP-2026-000906,通用报销单,应付付款单（差旅费）,人民币,37869.03,,--,2026-02-23,FSSC审核岗,应付成本组,审核员07,审核通过,2026-06-07 20:17:44,2026-06-07 20:18:19,2026-06-07 20:20:10,2026-06-07 22:39:19,,--,,示例集团财务共享中心（本部）,应付付款单（差旅费）,非自动审批,1
A12,示例集团·子公司乙,AP-2026-000907,应付发票,应付确认单（物料类）,人民币,95582.34,,--,2026-02-16,FSSC审核岗,应付成本组,审核员07,审核通过,2026-06-28 19:03:42,2026-06-28 19:03:54,2026-06-28 19:11:00,2026-06-28 23:16:54,,--,,示例集团财务共享中心（本部）,应付确认单（物料类）,非自动审批,1
A09,示例集团·壬公司,AP-2026-000908,应付发票,应付付款单（材料采购）,人民币,21845.3,,--,2026-01-21,FSSC审核岗,应付成本组,审核员03,审核通过,2026-02-19 14:23:52,2026-02-19 14:25:31,2026-02-19 14:25:23,2026-02-19 17:26:31,,--,,示例集团财务共享中心（本部）,应付付款单（材料采购）,非自动审批,1
A17,示例集团·子公司庚,AP-2026-000909,应付发票,应付付款单（材料采购）,人民币,46982.26,,--,2026-05-05,FSSC审核岗,应付成本组,审核员02,审核通过,2026-06-21 15:29:23,2026-06-21 15:31:14,2026-06-21 15:30:15,2026-06-21 18:28:14,,--,,示例集团财务共享中心（本部）,应付付款单（材料采购）,非自动审批,1
A09,示例集团·壬公司,AP-2026-000912,付款单,其他专项付款单,人民币,5541.5,,--,2026-06-26,FSSC审核岗,应付成本组,审核员07,审核通过,2026-05-03 19:20:04,2026-05-03 19:20:56,2026-05-03 19:21:23,2026-05-03 21:11:56,,--,,示例集团财务共享中心（本部）,其他专项付款单,非自动审批,1
A01,示例集团·甲公司,AP-2026-000913,通用报销单,应付付款单（服务费）,人民币,13839.91,,--,2026-01-25,FSSC审核岗,应付成本组,审核员02,审核驳回,2026-04-09 15:07:50,2026-04-09 15:09:15,2026-04-09 15:12:17,--,,--,,示例集团财务共享中心（本部）,应付付款单（服务费）,非自动审批,1
A01,示例集团·甲公司,AP-2026-000913,通用报销单,应付付款单（服务费）,人民币,11359.64,,--,2026-01-25,FSSC审核岗,应付成本组,审核员02,审核驳回,2026-04-09 15:07:50,2026-04-09 15:09:15,2026-04-09 15:16:54,--,,--,,示例集团财务共享中心（本部）,应付付款单（服务费）,非自动审批,1
A01,示例集团·甲公司,AP-2026-000913,通用报销单,应付付款单（服务费）,人民币,203191.83,,--,2026-01-25,FSSC审核岗,应付成本组,审核员02,审核驳回,2026-04-09 15:07:50,2026-04-09 15:09:15,2026-04-09 15:14:34,--,,--,,示例集团财务共享中心（本部）,应付付款单（服务费）,非自动审批,1
A07,示例集团·庚公司,AP-2026-000914,应付发票,应付付款单（服务费）,人民币,18804.1,,--,2026-01-02,FSSC审核岗,应付成本组,审核员05,审核通过,2026-05-01 12:45:26,2026-05-01 12:47:09,2026-05-01 12:52:07,2026-05-01 16:08:09,,--,,示例集团财务共享中心（本部）,应付付款单（服务费）,非自动审批,1
A07,示例集团·庚公司,AP-2026-000914,应付发票,应付付款单（服务费）,人民币,412133.29,,--,2026-01-02,FSSC审核岗,应付成本组,审核员05,审核通过,2026-05-01 12:45:26,2026-05-01 12:47:09,2026-05-01 12:51:27,2026-05-01 14:54:09,,--,,示例集团财务共享中心（本部）,应付付款单（服务费）,非自动审批,1
A07,示例集团·庚公司,AP-2026-000914,应付发票,应付付款单（服务费）,人民币,19064.41,,--,2026-01-02,FSSC审核岗,应付成本组,审核员05,审核通过,2026-05-01 12:45:26,2026-05-01 12:47:09,2026-05-01 12:54:04,2026-05-01 14:35:09,,--,,示例集团财务共享中心（本部）,应付付款单（服务费）,非自动审批,1
A16,示例集团·子公司己,AP-2026-000915,付款单,通用报销单（费用报销）,人民币,1126147.75,,--,2026-03-13,FSSC审核岗,应付成本组,审核员07,审核通过,2026-03-03 15:16:40,2026-03-03 15:16:51,2026-03-03 15:24:57,2026-03-03 16:51:51,,--,,示例集团财务共享中心（本部）,通用报销单（费用报销）,非自动审批,1
A16,示例集团·子公司己,AP-2026-000915,付款单,通用报销单（费用报销）,人民币,3911.33,,--,2026-03-13,FSSC审核岗,应付成本组,审核员07,审核通过,2026-03-03 15:16:40,2026-03-03 15:16:51,2026-03-03 15:18:44,2026-03-03 16:23:51,,--,,示例集团财务共享中心（本部）,通用报销单（费用报销）,非自动审批,1
A02,示例集团·乙公司,AP-2026-000916,付款单,其他专项付款单,人民币,108447.61,,--,2026-01-10,FSSC审核岗,应付成本组,审核员01,审核通过,2026-01-28 15:14:06,2026-01-28 15:14:19,2026-01-28 15:23:49,2026-01-28 16:30:19,,--,,示例集团财务共享中心（本部）,其他专项付款单,非自动审批,1
A05,示例集团·戊公司,AP-2026-000917,付款单,应付付款单（材料采购）,人民币,63198.59,,--,2026-05-13,FSSC审核岗,应付成本组,审核员05,审核通过,2026-06-21 19:03:54,2026-06-21 19:04:10,2026-06-21 19:13:33,2026-06-21 23:02:10,,--,,示例集团财务共享中心（本部）,应付付款单（材料采购）,非自动审批,1
A01,示例集团·甲公司,AP-2026-000918,应付发票,应付付款单（服务费）,人民币,10981.66,,--,2026-01-22,FSSC审核岗,应付成本组,审核员03,审核通过,2026-01-07 15:31:16,2026-01-07 15:32:06,2026-01-07 15:41:07,2026-01-07 19:38:06,,--,,示例集团财务共享中心（本部）,应付付款单（服务费）,非自动审批,1
A01,示例集团·甲公司,AP-2026-000918,应付发票,应付付款单（服务费）,人民币,27686.38,,--,2026-01-22,FSSC审核岗,应付成本组,审核员03,审核通过,2026-01-07 15:31:16,2026-01-07 15:32:06,2026-01-07 15:32:18,2026-01-07 19:52:06,,--,,示例集团财务共享中心（本部）,应付付款单（服务费）,非自动审批,1
A01,示例集团·甲公司,AP-2026-000918,应付发票,应付付款单（服务费）,人民币,41531.43,,--,2026-01-22,FSSC审核岗,应付成本组,审核员03,审核通过,2026-01-07 15:31:16,2026-01-07 15:32:06,2026-01-07 15:35:00,2026-01-07 20:39:06,,--,,示例集团财务共享中心（本部）,应付付款单（服务费）,非自动审批,1
A02,示例集团·乙公司,AP-2026-000919,通用报销单,应付付款单（差旅费）,人民币,84942.41,,--,2026-04-28,FSSC审核岗,应付成本组,审核员05,审核通过,2026-02-15 20:45:06,2026-02-15 20:45:19,2026-02-15 20:49:09,2026-02-15 21:42:19,,--,,示例集团财务共享中心（本部）,应付付款单（差旅费）,非自动审批,1
A02,示例集团·乙公司,AP-2026-000919,通用报销单,应付付款单（差旅费）,人民币,16139.37,,--,2026-04-28,FSSC审核岗,应付成本组,审核员05,审核通过,2026-02-15 20:45:06,2026-02-15 20:45:19,2026-02-15 20:47:29,2026-02-15 22:47:19,,--,,示例集团财务共享中心（本部）,应付付款单（差旅费）,非自动审批,1
A11,示例集团·子公司甲,AP-2026-000920,应付发票,应付付款单（材料采购）,人民币,108602.37,,--,2026-05-23,FSSC审核岗,应付成本组,审核员05,审核通过,2026-05-04 14:30:20,2026-05-04 14:31:16,2026-05-04 14:35:11,2026-05-04 17:05:16,,--,,示例集团财务共享中心（本部）,应付付款单（材料采购）,非自动审批,1
A05,示例集团·戊公司,AP-2026-000921,应付发票,应付付款单（服务费）,人民币,70799.94,,--,2026-02-05,FSSC审核岗,应付成本组,审核员02,审核通过,2026-06-03 17:11:55,2026-06-03 17:12:53,2026-06-03 17:17:53,2026-06-03 20:08:53,,--,,示例集团财务共享中心（本部）,应付付款单（服务费）,非自动审批,1
A05,示例集团·戊公司,AP-2026-000921,应付发票,应付付款单（服务费）,人民币,178235.09,,--,2026-02-05,FSSC审核岗,应付成本组,审核员02,审核通过,2026-06-03 17:11:55,2026-06-03 17:12:53,2026-06-03 17:14:48,2026-06-03 21:29:53,,--,,示例集团财务共享中心（本部）,应付付款单（服务费）,非自动审批,1
A05,示例集团·戊公司,AP-2026-000921,应付发票,应付付款单（服务费）,人民币,17902.46,,--,2026-02-05,FSSC审核岗,应付成本组,审核员02,审核通过,2026-06-03 17:11:55,2026-06-03 17:12:53,2026-06-03 17:19:49,2026-06-03 21:27:53,,--,,示例集团财务共享中心（本部）,应付付款单（服务费）,非自动审批,1
A06,示例集团·己公司,AP-2026-000922,应付发票,应付付款单（材料采购）,人民币,33756.69,,--,2026-05-07,FSSC审核岗,应付成本组,审核员01,审核通过,2026-03-24 19:25:24,2026-03-24 19:25:32,2026-03-24 19:26:01,2026-03-24 22:44:32,,--,,示例集团财务共享中心（本部）,应付付款单（材料采购）,非自动审批,1
A06,示例集团·己公司,AP-2026-000922,应付发票,应付付款单（材料采购）,人民币,450884.16,,--,2026-05-07,FSSC审核岗,应付成本组,审核员01,审核通过,2026-03-24 19:25:24,2026-03-24 19:25:32,2026-03-24 19:28:06,2026-03-24 22:29:32,,--,,示例集团财务共享中心（本部）,应付付款单（材料采购）,非自动审批,1
A03,示例集团·丙公司,AP-2026-000923,付款单,应付付款单（材料采购）,人民币,16840.57,,--,2026-02-08,FSSC审核岗,应付成本组,审核员03,审核通过,2026-01-07 18:31:01,2026-01-07 18:31:29,2026-01-07 18:31:11,2026-01-07 20:15:29,,--,,示例集团财务共享中心（本部）,应付付款单（材料采购）,非自动审批,1
A01,示例集团·甲公司,AP-2026-000925,付款单,其他专项付款单,人民币,8523.08,,--,2026-01-07,FSSC审核岗,应付成本组,审核员03,审核通过,2026-05-12 14:29:32,2026-05-12 14:31:23,2026-05-12 14:39:16,2026-05-12 16:53:23,,--,,示例集团财务共享中心（本部）,其他专项付款单,非自动审批,1
A02,示例集团·乙公司,AP-2026-000926,付款单,通用报销单（费用报销）,人民币,24752.03,,--,2026-04-03,FSSC审核岗,应付成本组,审核员04,审核通过,2026-05-14 09:35:51,2026-05-14 09:37:46,2026-05-14 09:38:41,2026-05-14 14:33:46,,--,,示例集团财务共享中心（本部）,通用报销单（费用报销）,非自动审批,1
A08,示例集团·辛公司,AP-2026-000928,付款单,应付付款单（服务费）,人民币,4982.42,,--,2026-01-20,FSSC审核岗,应付成本组,审核员04,审核通过,2026-01-21 13:00:13,2026-01-21 13:00:50,2026-01-21 13:06:18,2026-01-21 15:57:50,,--,,示例集团财务共享中心（本部）,应付付款单（服务费）,非自动审批,1
A08,示例集团·辛公司,AP-2026-000928,付款单,应付付款单（服务费）,人民币,622843.69,,--,2026-01-20,FSSC审核岗,应付成本组,审核员04,审核通过,2026-01-21 13:00:13,2026-01-21 13:00:50,2026-01-21 13:04:34,2026-01-21 16:50:50,,--,,示例集团财务共享中心（本部）,应付付款单（服务费）,非自动审批,1
A03,示例集团·丙公司,AP-2026-000929,付款单,其他专项付款单,人民币,40300.99,,--,2026-02-17,FSSC审核岗,应付成本组,审核员06,审核通过,2026-02-09 17:28:25,2026-02-09 17:28:50,2026-02-09 17:34:06,2026-02-09 21:58:50,,--,,示例集团财务共享中心（本部）,其他专项付款单,非自动审批,1
A03,示例集团·丙公司,AP-2026-000929,付款单,其他专项付款单,人民币,40849.61,,--,2026-02-17,FSSC审核岗,应付成本组,审核员06,审核通过,2026-02-09 17:28:25,2026-02-09 17:28:50,2026-02-09 17:35:38,2026-02-09 22:24:50,,--,,示例集团财务共享中心（本部）,其他专项付款单,非自动审批,1
A03,示例集团·丙公司,AP-2026-000929,付款单,其他专项付款单,人民币,169318.65,,--,2026-02-17,FSSC审核岗,应付成本组,审核员06,审核通过,2026-02-09 17:28:25,2026-02-09 17:28:50,2026-02-09 17:29:13,2026-02-09 21:02:50,,--,,示例集团财务共享中心（本部）,其他专项付款单,非自动审批,1
A09,示例集团·壬公司,AP-2026-000930,通用报销单,通用报销单（费用报销）,人民币,21681.62,,--,2026-01-15,FSSC审核岗,应付成本组,审核员02,审核通过,2026-06-04 19:47:15,2026-06-04 19:48:37,2026-06-04 19:53:00,2026-06-04 22:36:37,,--,,示例集团财务共享中心（本部）,通用报销单（费用报销）,非自动审批,1
A04,示例集团·丁公司,AP-2026-000931,应付发票,应付付款单（服务费）,人民币,44253.84,,--,2026-04-19,FSSC审核岗,应付成本组,审核员06,审核通过,2026-06-05 12:38:21,2026-06-05 12:38:37,2026-06-05 12:47:19,2026-06-05 15:48:37,,--,,示例集团财务共享中心（本部）,应付付款单（服务费）,非自动审批,1
A04,示例集团·丁公司,AP-2026-000931,应付发票,应付付款单（服务费）,人民币,20895.29,,--,2026-04-19,FSSC审核岗,应付成本组,审核员06,审核通过,2026-06-05 12:38:21,2026-06-05 12:38:37,2026-06-05 12:46:26,2026-06-05 15:00:37,,--,,示例集团财务共享中心（本部）,应付付款单（服务费）,非自动审批,1
A04,示例集团·丁公司,AP-2026-000931,应付发票,应付付款单（服务费）,人民币,5130.49,,--,2026-04-19,FSSC审核岗,应付成本组,审核员06,审核通过,2026-06-05 12:38:21,2026-06-05 12:38:37,2026-06-05 12:40:28,2026-06-05 15:14:37,,--,,示例集团财务共享中心（本部）,应付付款单（服务费）,非自动审批,1
A15,示例集团·子公司戊,AP-2026-000932,付款单,其他专项付款单,人民币,64283.68,,--,2026-03-19,FSSC审核岗,应付成本组,审核员07,审核通过,2026-06-14 11:17:31,2026-06-14 11:18:52,2026-06-14 11:18:11,2026-06-14 13:50:52,,--,,示例集团财务共享中心（本部）,其他专项付款单,非自动审批,1
A15,示例集团·子公司戊,AP-2026-000932,付款单,其他专项付款单,人民币,251706.35,,--,2026-03-19,FSSC审核岗,应付成本组,审核员07,审核通过,2026-06-14 11:17:31,2026-06-14 11:18:52,2026-06-14 11:20:32,2026-06-14 13:50:52,,--,,示例集团财务共享中心（本部）,其他专项付款单,非自动审批,1
A15,示例集团·子公司戊,AP-2026-000932,付款单,其他专项付款单,人民币,66903.93,,--,2026-03-19,FSSC审核岗,应付成本组,审核员07,审核通过,2026-06-14 11:17:31,2026-06-14 11:18:52,2026-06-14 11:17:55,2026-06-14 15:09:52,,--,,示例集团财务共享中心（本部）,其他专项付款单,非自动审批,1
A02,示例集团·乙公司,AP-2026-000933,付款单,应付确认单（物料类）,人民币,217011.98,,--,2026-01-02,FSSC审核岗,应付成本组,审核员06,审核通过,2026-02-09 09:35:52,2026-02-09 09:36:09,2026-02-09 09:45:13,2026-02-09 10:09:09,,--,,示例集团财务共享中心（本部）,应付确认单（物料类）,非自动审批,1
A02,示例集团·乙公司,AP-2026-000933,付款单,应付确认单（物料类）,人民币,12911.73,,--,2026-01-02,FSSC审核岗,应付成本组,审核员06,审核通过,2026-02-09 09:35:52,2026-02-09 09:36:09,2026-02-09 09:43:26,2026-02-09 11:52:09,,--,,示例集团财务共享中心（本部）,应付确认单（物料类）,非自动审批,1
A02,示例集团·乙公司,AP-2026-000933,付款单,应付确认单（物料类）,人民币,20834.07,,--,2026-01-02,FSSC审核岗,应付成本组,审核员06,审核通过,2026-02-09 09:35:52,2026-02-09 09:36:09,2026-02-09 09:36:05,2026-02-09 11:55:09,,--,,示例集团财务共享中心（本部）,应付确认单（物料类）,非自动审批,1
A01,示例集团·甲公司,AP-2026-000934,应付发票,通用报销单（费用报销）,人民币,9778.92,,--,2026-02-24,FSSC审核岗,应付成本组,审核员07,审核通过,2026-01-08 11:15:18,2026-01-08 11:16:32,2026-01-08 11:23:24,2026-01-08 15:13:32,,--,,示例集团财务共享中心（本部）,通用报销单（费用报销）,非自动审批,1
A12,示例集团·子公司乙,AP-2026-000936,应付发票,应付付款单（材料采购）,人民币,100025.51,,--,2026-06-06,FSSC审核岗,应付成本组,审核员04,审核通过,2026-02-09 09:00:58,2026-02-09 09:01:38,2026-02-09 09:05:54,2026-02-09 11:09:38,,--,,示例集团财务共享中心（本部）,应付付款单（材料采购）,非自动审批,1
A12,示例集团·子公司乙,AP-2026-000936,应付发票,应付付款单（材料采购）,人民币,38382.16,,--,2026-06-06,FSSC审核岗,应付成本组,审核员04,审核通过,2026-02-09 09:00:58,2026-02-09 09:01:38,2026-02-09 09:04:54,2026-02-09 12:53:38,,--,,示例集团财务共享中心（本部）,应付付款单（材料采购）,非自动审批,1
A12,示例集团·子公司乙,AP-2026-000936,应付发票,应付付款单（材料采购）,人民币,36421.63,,--,2026-06-06,FSSC审核岗,应付成本组,审核员04,审核通过,2026-02-09 09:00:58,2026-02-09 09:01:38,2026-02-09 09:01:32,2026-02-09 11:00:38,,--,,示例集团财务共享中心（本部）,应付付款单（材料采购）,非自动审批,1
A01,示例集团·甲公司,AP-2026-000937,应付发票,通用报销单（费用报销）,人民币,152753.48,,--,2026-01-15,FSSC审核岗,应付成本组,审核员05,审核通过,2026-01-13 17:48:26,2026-01-13 17:49:36,2026-01-13 17:57:55,2026-01-13 22:00:36,,--,,示例集团财务共享中心（本部）,通用报销单（费用报销）,非自动审批,1
A01,示例集团·甲公司,AP-2026-000937,应付发票,通用报销单（费用报销）,人民币,30878.76,,--,2026-01-15,FSSC审核岗,应付成本组,审核员05,审核通过,2026-01-13 17:48:26,2026-01-13 17:49:36,2026-01-13 17:57:01,2026-01-13 22:29:36,,--,,示例集团财务共享中心（本部）,通用报销单（费用报销）,非自动审批,1
A01,示例集团·甲公司,AP-2026-000937,应付发票,通用报销单（费用报销）,人民币,271451.94,,--,2026-01-15,FSSC审核岗,应付成本组,审核员05,审核通过,2026-01-13 17:48:26,2026-01-13 17:49:36,2026-01-13 17:54:33,2026-01-13 22:12:36,,--,,示例集团财务共享中心（本部）,通用报销单（费用报销）,非自动审批,1
A03,示例集团·丙公司,AP-2026-000938,付款单,应付付款单（材料采购）,人民币,83276.41,,--,2026-03-13,FSSC审核岗,应付成本组,审核员04,审核通过,2026-06-12 10:45:43,2026-06-12 10:47:31,2026-06-12 10:51:25,2026-06-12 14:30:31,,--,,示例集团财务共享中心（本部）,应付付款单（材料采购）,非自动审批,1
A03,示例集团·丙公司,AP-2026-000938,付款单,应付付款单（材料采购）,人民币,35860.55,,--,2026-03-13,FSSC审核岗,应付成本组,审核员04,审核通过,2026-06-12 10:45:43,2026-06-12 10:47:31,2026-06-12 10:55:07,2026-06-12 14:30:31,,--,,示例集团财务共享中心（本部）,应付付款单（材料采购）,非自动审批,1
A03,示例集团·丙公司,AP-2026-000939,通用报销单,应付确认单（物料类）,人民币,6820.96,,--,2026-06-08,FSSC审核岗,应付成本组,审核员06,审核通过,2026-05-16 08:44:36,2026-05-16 08:45:08,2026-05-16 08:50:32,2026-05-16 12:45:08,,--,,示例集团财务共享中心（本部）,应付确认单（物料类）,非自动审批,1
A04,示例集团·丁公司,AP-2026-000940,应付发票,其他专项付款单,人民币,151536.83,,--,2026-06-15,FSSC审核岗,应付成本组,审核员04,审核通过,2026-02-09 13:14:41,2026-02-09 13:16:38,2026-02-09 13:20:34,2026-02-09 14:29:38,,--,,示例集团财务共享中心（本部）,其他专项付款单,非自动审批,1
A04,示例集团·丁公司,AP-2026-000940,应付发票,其他专项付款单,人民币,88974.93,,--,2026-06-15,FSSC审核岗,应付成本组,审核员04,审核通过,2026-02-09 13:14:41,2026-02-09 13:16:38,2026-02-09 13:19:54,2026-02-09 15:43:38,,--,,示例集团财务共享中心（本部）,其他专项付款单,非自动审批,1
A12,示例集团·子公司乙,AP-2026-000941,应付发票,应付确认单（物料类）,人民币,95177.22,,--,2026-02-25,FSSC审核岗,应付成本组,审核员03,审核驳回,2026-05-06 09:40:20,2026-05-06 09:40:27,2026-05-06 09:43:30,--,,--,,示例集团财务共享中心（本部）,应付确认单（物料类）,非自动审批,1
A12,示例集团·子公司乙,AP-2026-000941,应付发票,应付确认单（物料类）,人民币,99523.5,,--,2026-02-25,FSSC审核岗,应付成本组,审核员03,审核驳回,2026-05-06 09:40:20,2026-05-06 09:40:27,2026-05-06 09:44:44,--,,--,,示例集团财务共享中心（本部）,应付确认单（物料类）,非自动审批,1
A02,示例集团·乙公司,AP-2026-000942,通用报销单,应付付款单（服务费）,人民币,28546.21,,--,2026-06-08,FSSC审核岗,应付成本组,审核员04,审核通过,2026-04-19 18:51:46,2026-04-19 18:53:37,2026-04-19 18:56:54,2026-04-19 23:30:37,,--,,示例集团财务共享中心（本部）,应付付款单（服务费）,非自动审批,1
A02,示例集团·乙公司,AP-2026-000942,通用报销单,应付付款单（服务费）,人民币,48439.76,,--,2026-06-08,FSSC审核岗,应付成本组,审核员04,审核通过,2026-04-19 18:51:46,2026-04-19 18:53:37,2026-04-19 18:58:38,2026-04-19 22:20:37,,--,,示例集团财务共享中心（本部）,应付付款单（服务费）,非自动审批,1
A02,示例集团·乙公司,AP-2026-000942,通用报销单,应付付款单（服务费）,人民币,31508.99,,--,2026-06-08,FSSC审核岗,应付成本组,审核员04,审核通过,2026-04-19 18:51:46,2026-04-19 18:53:37,2026-04-19 18:59:32,2026-04-19 22:26:37,,--,,示例集团财务共享中心（本部）,应付付款单（服务费）,非自动审批,1
A11,示例集团·子公司甲,AP-2026-000943,通用报销单,通用报销单（费用报销）,人民币,344583.0,,--,2026-05-03,FSSC审核岗,应付成本组,审核员05,审核通过,2026-03-27 20:11:42,2026-03-27 20:13:22,2026-03-27 20:13:38,2026-03-27 23:22:22,,--,,示例集团财务共享中心（本部）,通用报销单（费用报销）,非自动审批,1
A11,示例集团·子公司甲,AP-2026-000943,通用报销单,通用报销单（费用报销）,人民币,40734.54,,--,2026-05-03,FSSC审核岗,应付成本组,审核员05,审核通过,2026-03-27 20:11:42,2026-03-27 20:13:22,2026-03-27 20:13:59,2026-03-27 22:49:22,,--,,示例集团财务共享中心（本部）,通用报销单（费用报销）,非自动审批,1
A02,示例集团·乙公司,AP-2026-000944,通用报销单,应付付款单（差旅费）,人民币,25161.33,,--,2026-02-25,FSSC审核岗,应付成本组,审核员06,审核通过,2026-02-01 16:33:01,2026-02-01 16:33:52,2026-02-01 16:33:51,2026-02-01 17:48:52,,--,,示例集团财务共享中心（本部）,应付付款单（差旅费）,非自动审批,1
A06,示例集团·己公司,AP-2026-000945,应付发票,应付付款单（材料采购）,人民币,379370.93,,--,2026-03-06,FSSC审核岗,应付成本组,审核员02,审核通过,2026-05-08 10:41:27,2026-05-08 10:41:33,2026-05-08 10:51:03,2026-05-08 11:34:33,,--,,示例集团财务共享中心（本部）,应付付款单（材料采购）,非自动审批,1
A08,示例集团·辛公司,AP-2026-000946,通用报销单,应付确认单（物料类）,人民币,325774.18,,--,2026-03-13,FSSC审核岗,应付成本组,审核员04,审核通过,2026-01-17 13:51:15,2026-01-17 13:52:47,2026-01-17 13:52:12,2026-01-17 18:32:47,,--,,示例集团财务共享中心（本部）,应付确认单（物料类）,非自动审批,1
A08,示例集团·辛公司,AP-2026-000946,通用报销单,应付确认单（物料类）,人民币,83360.01,,--,2026-03-13,FSSC审核岗,应付成本组,审核员04,审核通过,2026-01-17 13:51:15,2026-01-17 13:52:47,2026-01-17 13:55:50,2026-01-17 19:01:47,,--,,示例集团财务共享中心（本部）,应付确认单（物料类）,非自动审批,1
A01,示例集团·甲公司,AP-2026-000947,应付发票,应付付款单（差旅费）,人民币,49920.37,,--,2026-04-12,FSSC审核岗,应付成本组,审核员01,审核通过,2026-04-14 14:24:43,2026-04-14 14:24:47,2026-04-14 14:33:11,2026-04-14 17:38:47,,--,,示例集团财务共享中心（本部）,应付付款单（差旅费）,非自动审批,1
A05,示例集团·戊公司,AP-2026-000948,付款单,其他专项付款单,人民币,35193.99,,--,2026-02-05,FSSC审核岗,应付成本组,审核员06,审核通过,2026-04-13 11:09:59,2026-04-13 11:10:29,2026-04-13 11:13:27,2026-04-13 15:02:29,,--,,示例集团财务共享中心（本部）,其他专项付款单,非自动审批,1
A05,示例集团·戊公司,AP-2026-000948,付款单,其他专项付款单,人民币,56299.24,,--,2026-02-05,FSSC审核岗,应付成本组,审核员06,审核通过,2026-04-13 11:09:59,2026-04-13 11:10:29,2026-04-13 11:15:11,2026-04-13 14:21:29,,--,,示例集团财务共享中心（本部）,其他专项付款单,非自动审批,1
A05,示例集团·戊公司,AP-2026-000948,付款单,其他专项付款单,人民币,17595.59,,--,2026-02-05,FSSC审核岗,应付成本组,审核员06,审核通过,2026-04-13 11:09:59,2026-04-13 11:10:29,2026-04-13 11:13:35,2026-04-13 14:53:29,,--,,示例集团财务共享中心（本部）,其他专项付款单,非自动审批,1
A05,示例集团·戊公司,AP-2026-000949,应付发票,其他专项付款单,人民币,117796.49,,--,2026-03-05,FSSC审核岗,应付成本组,审核员01,审核通过,2026-05-10 13:03:52,2026-05-10 13:05:49,2026-05-10 13:05:51,2026-05-10 15:39:49,,--,,示例集团财务共享中心（本部）,其他专项付款单,非自动审批,1
A05,示例集团·戊公司,AP-2026-000949,应付发票,其他专项付款单,人民币,605314.93,,--,2026-03-05,FSSC审核岗,应付成本组,审核员01,审核通过,2026-05-10 13:03:52,2026-05-10 13:05:49,2026-05-10 13:10:28,2026-05-10 15:42:49,,--,,示例集团财务共享中心（本部）,其他专项付款单,非自动审批,1
A11,示例集团·子公司甲,AP-2026-000950,通用报销单,应付付款单（材料采购）,人民币,131619.15,,--,2026-04-28,FSSC审核岗,应付成本组,审核员01,审核通过,2026-05-11 11:20:32,2026-05-11 11:20:54,2026-05-11 11:28:14,2026-05-11 12:35:54,,--,,示例集团财务共享中心（本部）,应付付款单（材料采购）,非自动审批,1
A05,示例集团·戊公司,AP-2026-000951,通用报销单,其他专项付款单,人民币,12777.86,,--,2026-06-15,FSSC审核岗,应付成本组,审核员03,审核驳回,2026-05-20 15:23:00,2026-05-20 15:23:37,2026-05-20 15:30:19,--,,--,,示例集团财务共享中心（本部）,其他专项付款单,非自动审批,1
A05,示例集团·戊公司,AP-2026-000951,通用报销单,其他专项付款单,人民币,113226.0,,--,2026-06-15,FSSC审核岗,应付成本组,审核员03,审核驳回,2026-05-20 15:23:00,2026-05-20 15:23:37,2026-05-20 15:32:47,--,,--,,示例集团财务共享中心（本部）,其他专项付款单,非自动审批,1
A05,示例集团·戊公司,AP-2026-000951,通用报销单,其他专项付款单,人民币,78617.85,,--,2026-06-15,FSSC审核岗,应付成本组,审核员03,审核驳回,2026-05-20 15:23:00,2026-05-20 15:23:37,2026-05-20 15:31:53,--,,--,,示例集团财务共享中心（本部）,其他专项付款单,非自动审批,1
A09,示例集团·壬公司,AP-2026-000952,应付发票,通用报销单（费用报销）,人民币,111838.68,,--,2026-01-05,FSSC审核岗,应付成本组,审核员01,审核通过,2026-05-23 15:47:27,2026-05-23 15:48:02,2026-05-23 15:53:45,2026-05-23 17:34:02,,--,,示例集团财务共享中心（本部）,通用报销单（费用报销）,非自动审批,1
A09,示例集团·壬公司,AP-2026-000952,应付发票,通用报销单（费用报销）,人民币,19007.78,,--,2026-01-05,FSSC审核岗,应付成本组,审核员01,审核通过,2026-05-23 15:47:27,2026-05-23 15:48:02,2026-05-23 15:52:59,2026-05-23 17:23:02,,--,,示例集团财务共享中心（本部）,通用报销单（费用报销）,非自动审批,1
A09,示例集团·壬公司,AP-2026-000952,应付发票,通用报销单（费用报销）,人民币,60156.23,,--,2026-01-05,FSSC审核岗,应付成本组,审核员01,审核通过,2026-05-23 15:47:27,2026-05-23 15:48:02,2026-05-23 15:52:14,2026-05-23 17:45:02,,--,,示例集团财务共享中心（本部）,通用报销单（费用报销）,非自动审批,1
A13,示例集团·子公司丙,AP-2026-000954,通用报销单,应付付款单（材料采购）,人民币,206145.7,,--,2026-06-03,FSSC审核岗,应付成本组,审核员04,审核通过,2026-04-06 18:31:13,2026-04-06 18:32:39,2026-04-06 18:38:07,2026-04-06 21:53:39,,--,,示例集团财务共享中心（本部）,应付付款单（材料采购）,非自动审批,1
A06,示例集团·己公司,AP-2026-000955,应付发票,通用报销单（费用报销）,人民币,13386.51,,--,2026-03-21,FSSC审核岗,应付成本组,审核员06,审核通过,2026-02-05 18:44:39,2026-02-05 18:45:55,2026-02-05 18:52:37,2026-02-05 22:22:55,,--,,示例集团财务共享中心（本部）,通用报销单（费用报销）,非自动审批,1
A06,示例集团·己公司,AP-2026-000955,应付发票,通用报销单（费用报销）,人民币,31927.64,,--,2026-03-21,FSSC审核岗,应付成本组,审核员06,审核通过,2026-02-05 18:44:39,2026-02-05 18:45:55,2026-02-05 18:47:23,2026-02-05 21:54:55,,--,,示例集团财务共享中心（本部）,通用报销单（费用报销）,非自动审批,1
A04,示例集团·丁公司,AP-2026-000956,通用报销单,应付付款单（服务费）,人民币,40014.81,,--,2026-02-10,FSSC审核岗,应付成本组,审核员07,审核通过,2026-06-02 17:20:47,2026-06-02 17:21:20,2026-06-02 17:29:33,2026-06-02 18:47:20,,--,,示例集团财务共享中心（本部）,应付付款单（服务费）,非自动审批,1
A15,示例集团·子公司戊,AP-2026-000957,通用报销单,应付确认单（物料类）,人民币,242247.2,,--,2026-03-14,FSSC审核岗,应付成本组,审核员04,审核通过,2026-05-19 13:19:21,2026-05-19 13:19:42,2026-05-19 13:27:11,2026-05-19 17:08:42,,--,,示例集团财务共享中心（本部）,应付确认单（物料类）,非自动审批,1
A15,示例集团·子公司戊,AP-2026-000957,通用报销单,应付确认单（物料类）,人民币,298492.16,,--,2026-03-14,FSSC审核岗,应付成本组,审核员04,审核通过,2026-05-19 13:19:21,2026-05-19 13:19:42,2026-05-19 13:24:55,2026-05-19 16:27:42,,--,,示例集团财务共享中心（本部）,应付确认单（物料类）,非自动审批,1
A15,示例集团·子公司戊,AP-2026-000957,通用报销单,应付确认单（物料类）,人民币,4100.3,,--,2026-03-14,FSSC审核岗,应付成本组,审核员04,审核通过,2026-05-19 13:19:21,2026-05-19 13:19:42,2026-05-19 13:27:16,2026-05-19 17:00:42,,--,,示例集团财务共享中心（本部）,应付确认单（物料类）,非自动审批,1
A03,示例集团·丙公司,AP-2026-000959,通用报销单,应付确认单（物料类）,人民币,241956.27,,--,2026-01-28,FSSC审核岗,应付成本组,审核员05,审核通过,2026-03-03 20:47:10,2026-03-03 20:48:20,2026-03-03 20:57:08,2026-03-03 23:06:20,,--,,示例集团财务共享中心（本部）,应付确认单（物料类）,非自动审批,1
A03,示例集团·丙公司,AP-2026-000959,通用报销单,应付确认单（物料类）,人民币,311930.95,,--,2026-01-28,FSSC审核岗,应付成本组,审核员05,审核通过,2026-03-03 20:47:10,2026-03-03 20:48:20,2026-03-03 20:49:12,2026-03-03 23:34:20,,--,,示例集团财务共享中心（本部）,应付确认单（物料类）,非自动审批,1
A02,示例集团·乙公司,AP-2026-000960,通用报销单,应付付款单（差旅费）,人民币,285090.63,,--,2026-01-12,FSSC审核岗,应付成本组,审核员07,审核通过,2026-05-27 19:23:19,2026-05-27 19:23:31,2026-05-27 19:32:23,2026-05-27 19:53:31,,--,,示例集团财务共享中心（本部）,应付付款单（差旅费）,非自动审批,1
A02,示例集团·乙公司,AP-2026-000960,通用报销单,应付付款单（差旅费）,人民币,28524.59,,--,2026-01-12,FSSC审核岗,应付成本组,审核员07,审核通过,2026-05-27 19:23:19,2026-05-27 19:23:31,2026-05-27 19:27:53,2026-05-27 20:06:31,,--,,示例集团财务共享中心（本部）,应付付款单（差旅费）,非自动审批,1
A19,示例集团·子公司壬,AP-2026-000961,通用报销单,应付付款单（材料采购）,人民币,43402.71,,--,2026-02-07,FSSC审核岗,应付成本组,审核员06,审核通过,2026-03-13 15:06:55,2026-03-13 15:07:33,2026-03-13 15:16:24,2026-03-13 17:47:33,,--,,示例集团财务共享中心（本部）,应付付款单（材料采购）,非自动审批,1
A19,示例集团·子公司壬,AP-2026-000961,通用报销单,应付付款单（材料采购）,人民币,6671.57,,--,2026-02-07,FSSC审核岗,应付成本组,审核员06,审核通过,2026-03-13 15:06:55,2026-03-13 15:07:33,2026-03-13 15:11:41,2026-03-13 18:42:33,,--,,示例集团财务共享中心（本部）,应付付款单（材料采购）,非自动审批,1
A02,示例集团·乙公司,AP-2026-000964,付款单,应付付款单（差旅费）,人民币,3187.73,,--,2026-06-23,FSSC审核岗,应付成本组,审核员06,审核通过,2026-01-23 15:27:34,2026-01-23 15:29:34,2026-01-23 15:34:22,2026-01-23 18:59:34,,--,,示例集团财务共享中心（本部）,应付付款单（差旅费）,非自动审批,1
A09,示例集团·壬公司,AP-2026-000966,通用报销单,应付确认单（物料类）,人民币,36093.92,,--,2026-02-25,FSSC审核岗,应付成本组,审核员05,审核驳回,2026-06-06 08:56:01,2026-06-06 08:56:34,2026-06-06 09:02:33,--,,--,,示例集团财务共享中心（本部）,应付确认单（物料类）,非自动审批,1
A09,示例集团·壬公司,AP-2026-000966,通用报销单,应付确认单（物料类）,人民币,66639.73,,--,2026-02-25,FSSC审核岗,应付成本组,审核员05,审核驳回,2026-06-06 08:56:01,2026-06-06 08:56:34,2026-06-06 09:02:54,--,,--,,示例集团财务共享中心（本部）,应付确认单（物料类）,非自动审批,1
A17,示例集团·子公司庚,AP-2026-000967,付款单,应付付款单（材料采购）,人民币,76686.22,,--,2026-04-14,FSSC审核岗,应付成本组,审核员06,审核通过,2026-06-21 13:46:13,2026-06-21 13:47:32,2026-06-21 13:53:45,2026-06-21 17:19:32,,--,,示例集团财务共享中心（本部）,应付付款单（材料采购）,非自动审批,1
A03,示例集团·丙公司,AP-2026-000968,通用报销单,应付付款单（服务费）,人民币,189017.62,,--,2026-06-17,FSSC审核岗,应付成本组,审核员06,审核通过,2026-05-17 17:40:39,2026-05-17 17:41:05,2026-05-17 17:43:11,2026-05-17 21:10:05,,--,,示例集团财务共享中心（本部）,应付付款单（服务费）,非自动审批,1
A03,示例集团·丙公司,AP-2026-000968,通用报销单,应付付款单（服务费）,人民币,4349581.1,,--,2026-06-17,FSSC审核岗,应付成本组,审核员06,审核通过,2026-05-17 17:40:39,2026-05-17 17:41:05,2026-05-17 17:41:40,2026-05-17 21:20:05,,--,,示例集团财务共享中心（本部）,应付付款单（服务费）,非自动审批,1
A03,示例集团·丙公司,AP-2026-000968,通用报销单,应付付款单（服务费）,人民币,34393.16,,--,2026-06-17,FSSC审核岗,应付成本组,审核员06,审核通过,2026-05-17 17:40:39,2026-05-17 17:41:05,2026-05-17 17:44:34,2026-05-17 20:59:05,,--,,示例集团财务共享中心（本部）,应付付款单（服务费）,非自动审批,1
A03,示例集团·丙公司,AP-2026-000969,应付发票,其他专项付款单,人民币,13659.67,,--,2026-05-10,FSSC审核岗,应付成本组,审核员04,审核通过,2026-06-19 18:50:35,2026-06-19 18:52:22,2026-06-19 18:53:27,2026-06-19 21:40:22,,--,,示例集团财务共享中心（本部）,其他专项付款单,非自动审批,1
A03,示例集团·丙公司,AP-2026-000969,应付发票,其他专项付款单,人民币,128616.26,,--,2026-05-10,FSSC审核岗,应付成本组,审核员04,审核通过,2026-06-19 18:50:35,2026-06-19 18:52:22,2026-06-19 18:54:18,2026-06-19 21:23:22,,--,,示例集团财务共享中心（本部）,其他专项付款单,非自动审批,1
A03,示例集团·丙公司,AP-2026-000969,应付发票,其他专项付款单,人民币,81726.97,,--,2026-05-10,FSSC审核岗,应付成本组,审核员04,审核通过,2026-06-19 18:50:35,2026-06-19 18:52:22,2026-06-19 18:59:13,2026-06-19 20:55:22,,--,,示例集团财务共享中心（本部）,其他专项付款单,非自动审批,1
A06,示例集团·己公司,AP-2026-000971,付款单,应付确认单（物料类）,人民币,26786.95,,--,2026-02-01,FSSC审核岗,应付成本组,审核员07,审核通过,2026-01-26 20:41:10,2026-01-26 20:42:49,2026-01-26 20:44:29,2026-01-26 23:26:49,,--,,示例集团财务共享中心（本部）,应付确认单（物料类）,非自动审批,1
A06,示例集团·己公司,AP-2026-000971,付款单,应付确认单（物料类）,人民币,214313.04,,--,2026-02-01,FSSC审核岗,应付成本组,审核员07,审核通过,2026-01-26 20:41:10,2026-01-26 20:42:49,2026-01-26 20:43:58,2026-01-27 01:06:49,,--,,示例集团财务共享中心（本部）,应付确认单（物料类）,非自动审批,1
A03,示例集团·丙公司,AP-2026-000972,通用报销单,应付付款单（差旅费）,人民币,19212.01,,--,2026-02-13,FSSC审核岗,应付成本组,审核员02,审核驳回,2026-05-06 16:41:13,2026-05-06 16:42:41,2026-05-06 16:50:48,--,,--,,示例集团财务共享中心（本部）,应付付款单（差旅费）,非自动审批,1
A08,示例集团·辛公司,AP-2026-000973,应付发票,应付付款单（材料采购）,人民币,50011.42,,--,2026-01-07,FSSC审核岗,应付成本组,审核员07,审核通过,2026-02-04 20:59:38,2026-02-04 21:00:48,2026-02-04 21:08:26,2026-02-05 01:49:48,,--,,示例集团财务共享中心（本部）,应付付款单（材料采购）,非自动审批,1
A08,示例集团·辛公司,AP-2026-000973,应付发票,应付付款单（材料采购）,人民币,54215.12,,--,2026-01-07,FSSC审核岗,应付成本组,审核员07,审核通过,2026-02-04 20:59:38,2026-02-04 21:00:48,2026-02-04 21:09:37,2026-02-05 00:43:48,,--,,示例集团财务共享中心（本部）,应付付款单（材料采购）,非自动审批,1
A17,示例集团·子公司庚,AP-2026-000974,付款单,应付确认单（物料类）,人民币,15886.14,,--,2026-01-25,FSSC审核岗,应付成本组,审核员06,审核通过,2026-05-25 15:21:40,2026-05-25 15:23:19,2026-05-25 15:28:06,2026-05-25 19:13:19,,--,,示例集团财务共享中心（本部）,应付确认单（物料类）,非自动审批,1
A20,示例集团·子公司癸,AP-2026-000976,付款单,应付付款单（材料采购）,人民币,5466.6,,--,2026-02-11,FSSC审核岗,应付成本组,审核员03,审核通过,2026-03-14 09:52:22,2026-03-14 09:54:06,2026-03-14 09:59:09,2026-03-14 12:27:06,,--,,示例集团财务共享中心（本部）,应付付款单（材料采购）,非自动审批,1
A20,示例集团·子公司癸,AP-2026-000976,付款单,应付付款单（材料采购）,人民币,81351.13,,--,2026-02-11,FSSC审核岗,应付成本组,审核员03,审核通过,2026-03-14 09:52:22,2026-03-14 09:54:06,2026-03-14 09:52:52,2026-03-14 11:39:06,,--,,示例集团财务共享中心（本部）,应付付款单（材料采购）,非自动审批,1
A18,示例集团·子公司辛,AP-2026-000977,通用报销单,通用报销单（费用报销）,人民币,406850.75,,--,2026-01-25,FSSC审核岗,应付成本组,审核员06,审核驳回,2026-02-15 14:21:05,2026-02-15 14:21:31,2026-02-15 14:21:15,--,,--,,示例集团财务共享中心（本部）,通用报销单（费用报销）,非自动审批,1
A18,示例集团·子公司辛,AP-2026-000977,通用报销单,通用报销单（费用报销）,人民币,229868.48,,--,2026-01-25,FSSC审核岗,应付成本组,审核员06,审核驳回,2026-02-15 14:21:05,2026-02-15 14:21:31,2026-02-15 14:26:56,--,,--,,示例集团财务共享中心（本部）,通用报销单（费用报销）,非自动审批,1
A18,示例集团·子公司辛,AP-2026-000977,通用报销单,通用报销单（费用报销）,人民币,252437.61,,--,2026-01-25,FSSC审核岗,应付成本组,审核员06,审核驳回,2026-02-15 14:21:05,2026-02-15 14:21:31,2026-02-15 14:29:37,--,,--,,示例集团财务共享中心（本部）,通用报销单（费用报销）,非自动审批,1
A04,示例集团·丁公司,AP-2026-000978,通用报销单,应付付款单（差旅费）,人民币,19564.47,,--,2026-02-28,FSSC审核岗,应付成本组,审核员07,审核通过,2026-02-27 09:39:09,2026-02-27 09:40:48,2026-02-27 09:46:16,2026-02-27 11:34:48,,--,,示例集团财务共享中心（本部）,应付付款单（差旅费）,非自动审批,1
A01,示例集团·甲公司,AP-2026-000979,通用报销单,应付付款单（材料采购）,人民币,80797.18,,--,2026-03-21,FSSC审核岗,应付成本组,审核员06,审核通过,2026-04-18 14:18:57,2026-04-18 14:19:11,2026-04-18 14:22:37,2026-04-18 14:38:11,,--,,示例集团财务共享中心（本部）,应付付款单（材料采购）,非自动审批,1
A01,示例集团·甲公司,AP-2026-000979,通用报销单,应付付款单（材料采购）,人民币,8153.29,,--,2026-03-21,FSSC审核岗,应付成本组,审核员06,审核通过,2026-04-18 14:18:57,2026-04-18 14:19:11,2026-04-18 14:22:34,2026-04-18 16:30:11,,--,,示例集团财务共享中心（本部）,应付付款单（材料采购）,非自动审批,1
A01,示例集团·甲公司,AP-2026-000979,通用报销单,应付付款单（材料采购）,人民币,75847.58,,--,2026-03-21,FSSC审核岗,应付成本组,审核员06,审核通过,2026-04-18 14:18:57,2026-04-18 14:19:11,2026-04-18 14:23:42,2026-04-18 14:44:11,,--,,示例集团财务共享中心（本部）,应付付款单（材料采购）,非自动审批,1
A20,示例集团·子公司癸,AP-2026-000980,应付发票,其他专项付款单,人民币,418443.98,,--,2026-01-03,FSSC审核岗,应付成本组,审核员06,审核通过,2026-03-16 12:47:46,2026-03-16 12:47:49,2026-03-16 12:54:51,2026-03-16 13:38:49,,--,,示例集团财务共享中心（本部）,其他专项付款单,非自动审批,1
A07,示例集团·庚公司,AP-2026-000981,通用报销单,通用报销单（费用报销）,人民币,437036.49,,--,2026-02-04,FSSC审核岗,应付成本组,审核员03,审核通过,2026-01-11 09:11:50,2026-01-11 09:13:05,2026-01-11 09:20:47,2026-01-11 10:16:05,,--,,示例集团财务共享中心（本部）,通用报销单（费用报销）,非自动审批,1
A11,示例集团·子公司甲,AP-2026-000982,通用报销单,应付付款单（服务费）,人民币,1027488.6,,--,2026-03-23,FSSC审核岗,应付成本组,审核员05,审核通过,2026-04-18 18:20:04,2026-04-18 18:20:56,2026-04-18 18:24:47,2026-04-18 22:52:56,,--,,示例集团财务共享中心（本部）,应付付款单（服务费）,非自动审批,1
A11,示例集团·子公司甲,AP-2026-000982,通用报销单,应付付款单（服务费）,人民币,239150.71,,--,2026-03-23,FSSC审核岗,应付成本组,审核员05,审核通过,2026-04-18 18:20:04,2026-04-18 18:20:56,2026-04-18 18:27:48,2026-04-18 23:24:56,,--,,示例集团财务共享中心（本部）,应付付款单（服务费）,非自动审批,1
A11,示例集团·子公司甲,AP-2026-000982,通用报销单,应付付款单（服务费）,人民币,116546.86,,--,2026-03-23,FSSC审核岗,应付成本组,审核员05,审核通过,2026-04-18 18:20:04,2026-04-18 18:20:56,2026-04-18 18:27:45,2026-04-18 23:18:56,,--,,示例集团财务共享中心（本部）,应付付款单（服务费）,非自动审批,1
A03,示例集团·丙公司,AP-2026-000983,付款单,其他专项付款单,人民币,203742.55,,--,2026-05-19,FSSC审核岗,应付成本组,审核员01,审核通过,2026-04-16 08:31:15,2026-04-16 08:32:07,2026-04-16 08:39:55,2026-04-16 12:34:07,,--,,示例集团财务共享中心（本部）,其他专项付款单,非自动审批,1
A03,示例集团·丙公司,AP-2026-000983,付款单,其他专项付款单,人民币,155251.84,,--,2026-05-19,FSSC审核岗,应付成本组,审核员01,审核通过,2026-04-16 08:31:15,2026-04-16 08:32:07,2026-04-16 08:32:09,2026-04-16 11:46:07,,--,,示例集团财务共享中心（本部）,其他专项付款单,非自动审批,1
A03,示例集团·丙公司,AP-2026-000983,付款单,其他专项付款单,人民币,19338.32,,--,2026-05-19,FSSC审核岗,应付成本组,审核员01,审核通过,2026-04-16 08:31:15,2026-04-16 08:32:07,2026-04-16 08:32:10,2026-04-16 10:55:07,,--,,示例集团财务共享中心（本部）,其他专项付款单,非自动审批,1
A02,示例集团·乙公司,AP-2026-000984,通用报销单,其他专项付款单,人民币,7176.29,,--,2026-04-28,FSSC审核岗,应付成本组,审核员04,审核通过,2026-05-01 15:14:32,2026-05-01 15:14:49,2026-05-01 15:16:23,2026-05-01 17:45:49,,--,,示例集团财务共享中心（本部）,其他专项付款单,非自动审批,1
A02,示例集团·乙公司,AP-2026-000984,通用报销单,其他专项付款单,人民币,206047.54,,--,2026-04-28,FSSC审核岗,应付成本组,审核员04,审核通过,2026-05-01 15:14:32,2026-05-01 15:14:49,2026-05-01 15:19:26,2026-05-01 17:39:49,,--,,示例集团财务共享中心（本部）,其他专项付款单,非自动审批,1
A08,示例集团·辛公司,AP-2026-000985,通用报销单,其他专项付款单,人民币,1122072.03,,--,2026-06-24,FSSC审核岗,应付成本组,审核员05,审核通过,2026-03-16 16:15:31,2026-03-16 16:15:59,2026-03-16 16:16:13,2026-03-16 18:59:59,,--,,示例集团财务共享中心（本部）,其他专项付款单,非自动审批,1
A08,示例集团·辛公司,AP-2026-000985,通用报销单,其他专项付款单,人民币,218285.69,,--,2026-06-24,FSSC审核岗,应付成本组,审核员05,审核通过,2026-03-16 16:15:31,2026-03-16 16:15:59,2026-03-16 16:20:25,2026-03-16 20:26:59,,--,,示例集团财务共享中心（本部）,其他专项付款单,非自动审批,1
A04,示例集团·丁公司,AP-2026-000986,应付发票,应付付款单（服务费）,人民币,4254.73,,--,2026-01-10,FSSC审核岗,应付成本组,审核员07,审核通过,2026-01-28 09:45:43,2026-01-28 09:47:06,2026-01-28 09:54:12,2026-01-28 13:02:06,,--,,示例集团财务共享中心（本部）,应付付款单（服务费）,非自动审批,1
A04,示例集团·丁公司,AP-2026-000986,应付发票,应付付款单（服务费）,人民币,28939.93,,--,2026-01-10,FSSC审核岗,应付成本组,审核员07,审核通过,2026-01-28 09:45:43,2026-01-28 09:47:06,2026-01-28 09:50:43,2026-01-28 12:48:06,,--,,示例集团财务共享中心（本部）,应付付款单（服务费）,非自动审批,1
A04,示例集团·丁公司,AP-2026-000986,应付发票,应付付款单（服务费）,人民币,45461.91,,--,2026-01-10,FSSC审核岗,应付成本组,审核员07,审核通过,2026-01-28 09:45:43,2026-01-28 09:47:06,2026-01-28 09:52:29,2026-01-28 13:34:06,,--,,示例集团财务共享中心（本部）,应付付款单（服务费）,非自动审批,1
A08,示例集团·辛公司,AP-2026-000987,通用报销单,应付付款单（服务费）,人民币,4453.92,,--,2026-02-19,FSSC审核岗,应付成本组,审核员06,审核通过,2026-02-05 19:02:30,2026-02-05 19:04:06,2026-02-05 19:09:10,2026-02-05 19:47:06,,--,,示例集团财务共享中心（本部）,应付付款单（服务费）,非自动审批,1
A08,示例集团·辛公司,AP-2026-000987,通用报销单,应付付款单（服务费）,人民币,8711.02,,--,2026-02-19,FSSC审核岗,应付成本组,审核员06,审核通过,2026-02-05 19:02:30,2026-02-05 19:04:06,2026-02-05 19:11:15,2026-02-05 21:13:06,,--,,示例集团财务共享中心（本部）,应付付款单（服务费）,非自动审批,1
A08,示例集团·辛公司,AP-2026-000987,通用报销单,应付付款单（服务费）,人民币,56845.61,,--,2026-02-19,FSSC审核岗,应付成本组,审核员06,审核通过,2026-02-05 19:02:30,2026-02-05 19:04:06,2026-02-05 19:10:29,2026-02-05 20:12:06,,--,,示例集团财务共享中心（本部）,应付付款单（服务费）,非自动审批,1
A06,示例集团·己公司,AP-2026-000988,付款单,应付付款单（服务费）,人民币,86360.71,,--,2026-02-27,FSSC审核岗,应付成本组,审核员06,审核通过,2026-02-04 13:13:38,2026-02-04 13:13:57,2026-02-04 13:19:54,2026-02-04 18:14:57,,--,,示例集团财务共享中心（本部）,应付付款单（服务费）,非自动审批,1
A08,示例集团·辛公司,AP-2026-000989,应付发票,应付付款单（差旅费）,人民币,15056.73,,--,2026-05-07,FSSC审核岗,应付成本组,审核员04,审核通过,2026-02-13 13:13:38,2026-02-13 13:15:28,2026-02-13 13:18:56,2026-02-13 17:52:28,,--,,示例集团财务共享中心（本部）,应付付款单（差旅费）,非自动审批,1
A08,示例集团·辛公司,AP-2026-000989,应付发票,应付付款单（差旅费）,人民币,8167.23,,--,2026-05-07,FSSC审核岗,应付成本组,审核员04,审核通过,2026-02-13 13:13:38,2026-02-13 13:15:28,2026-02-13 13:13:54,2026-02-13 17:40:28,,--,,示例集团财务共享中心（本部）,应付付款单（差旅费）,非自动审批,1
A01,示例集团·甲公司,AP-2026-000990,付款单,通用报销单（费用报销）,人民币,318261.37,,--,2026-05-27,FSSC审核岗,应付成本组,审核员01,审核通过,2026-06-17 12:13:34,2026-06-17 12:15:27,2026-06-17 12:22:17,2026-06-17 14:25:27,,--,,示例集团财务共享中心（本部）,通用报销单（费用报销）,非自动审批,1
A01,示例集团·甲公司,AP-2026-000990,付款单,通用报销单（费用报销）,人民币,35047.5,,--,2026-05-27,FSSC审核岗,应付成本组,审核员01,审核通过,2026-06-17 12:13:34,2026-06-17 12:15:27,2026-06-17 12:21:03,2026-06-17 13:45:27,,--,,示例集团财务共享中心（本部）,通用报销单（费用报销）,非自动审批,1
A01,示例集团·甲公司,AP-2026-000991,付款单,应付付款单（材料采购）,人民币,42822.67,,--,2026-01-08,FSSC审核岗,应付成本组,审核员03,审核通过,2026-05-28 12:53:55,2026-05-28 12:54:30,2026-05-28 13:03:17,2026-05-28 15:09:30,,--,,示例集团财务共享中心（本部）,应付付款单（材料采购）,非自动审批,1
A01,示例集团·甲公司,AP-2026-000991,付款单,应付付款单（材料采购）,人民币,27852.04,,--,2026-01-08,FSSC审核岗,应付成本组,审核员03,审核通过,2026-05-28 12:53:55,2026-05-28 12:54:30,2026-05-28 13:02:36,2026-05-28 14:16:30,,--,,示例集团财务共享中心（本部）,应付付款单（材料采购）,非自动审批,1
A01,示例集团·甲公司,AP-2026-000993,通用报销单,通用报销单（费用报销）,人民币,20340.2,,--,2026-06-08,FSSC审核岗,应付成本组,审核员07,审核通过,2026-06-08 20:43:35,2026-06-08 20:45:25,2026-06-08 20:49:55,2026-06-09 01:16:25,,--,,示例集团财务共享中心（本部）,通用报销单（费用报销）,非自动审批,1
A01,示例集团·甲公司,AP-2026-000993,通用报销单,通用报销单（费用报销）,人民币,370977.46,,--,2026-06-08,FSSC审核岗,应付成本组,审核员07,审核通过,2026-06-08 20:43:35,2026-06-08 20:45:25,2026-06-08 20:47:44,2026-06-09 00:44:25,,--,,示例集团财务共享中心（本部）,通用报销单（费用报销）,非自动审批,1
A01,示例集团·甲公司,AP-2026-000993,通用报销单,通用报销单（费用报销）,人民币,17470.78,,--,2026-06-08,FSSC审核岗,应付成本组,审核员07,审核通过,2026-06-08 20:43:35,2026-06-08 20:45:25,2026-06-08 20:44:50,2026-06-08 23:56:25,,--,,示例集团财务共享中心（本部）,通用报销单（费用报销）,非自动审批,1
A07,示例集团·庚公司,AP-2026-000995,付款单,其他专项付款单,人民币,76999.71,,--,2026-01-19,FSSC审核岗,应付成本组,审核员07,审核驳回,2026-02-13 15:40:09,2026-02-13 15:40:41,2026-02-13 15:48:51,--,,--,,示例集团财务共享中心（本部）,其他专项付款单,非自动审批,1
A07,示例集团·庚公司,AP-2026-000995,付款单,其他专项付款单,人民币,60608.24,,--,2026-01-19,FSSC审核岗,应付成本组,审核员07,审核驳回,2026-02-13 15:40:09,2026-02-13 15:40:41,2026-02-13 15:48:20,--,,--,,示例集团财务共享中心（本部）,其他专项付款单,非自动审批,1
A07,示例集团·庚公司,AP-2026-000995,付款单,其他专项付款单,人民币,3914.95,,--,2026-01-19,FSSC审核岗,应付成本组,审核员07,审核驳回,2026-02-13 15:40:09,2026-02-13 15:40:41,2026-02-13 15:43:16,--,,--,,示例集团财务共享中心（本部）,其他专项付款单,非自动审批,1
A04,示例集团·丁公司,AP-2026-000996,通用报销单,应付付款单（服务费）,人民币,83895.36,,--,2026-03-04,FSSC审核岗,应付成本组,审核员05,审核通过,2026-01-08 14:55:16,2026-01-08 14:56:16,2026-01-08 14:59:50,2026-01-08 18:10:16,,--,,示例集团财务共享中心（本部）,应付付款单（服务费）,非自动审批,1
A04,示例集团·丁公司,AP-2026-000996,通用报销单,应付付款单（服务费）,人民币,6894.25,,--,2026-03-04,FSSC审核岗,应付成本组,审核员05,审核通过,2026-01-08 14:55:16,2026-01-08 14:56:16,2026-01-08 15:05:11,2026-01-08 17:05:16,,--,,示例集团财务共享中心（本部）,应付付款单（服务费）,非自动审批,1
A04,示例集团·丁公司,AP-2026-000996,通用报销单,应付付款单（服务费）,人民币,145749.42,,--,2026-03-04,FSSC审核岗,应付成本组,审核员05,审核通过,2026-01-08 14:55:16,2026-01-08 14:56:16,2026-01-08 14:56:50,2026-01-08 18:04:16,,--,,示例集团财务共享中心（本部）,应付付款单（服务费）,非自动审批,1
A02,示例集团·乙公司,AP-2026-000997,付款单,其他专项付款单,人民币,11373.22,,--,2026-01-02,FSSC审核岗,应付成本组,审核员03,审核通过,2026-04-19 14:07:59,2026-04-19 14:09:15,2026-04-19 14:11:53,2026-04-19 17:19:15,,--,,示例集团财务共享中心（本部）,其他专项付款单,非自动审批,1
A11,示例集团·子公司甲,AP-2026-000998,应付发票,通用报销单（费用报销）,人民币,124346.34,,--,2026-02-21,FSSC审核岗,应付成本组,审核员04,审核通过,2026-03-16 19:17:45,2026-03-16 19:19:10,2026-03-16 19:20:38,2026-03-16 22:49:10,,--,,示例集团财务共享中心（本部）,通用报销单（费用报销）,非自动审批,1
A11,示例集团·子公司甲,AP-2026-000998,应付发票,通用报销单（费用报销）,人民币,32816.67,,--,2026-02-21,FSSC审核岗,应付成本组,审核员04,审核通过,2026-03-16 19:17:45,2026-03-16 19:19:10,2026-03-16 19:23:16,2026-03-16 23:46:10,,--,,示例集团财务共享中心（本部）,通用报销单（费用报销）,非自动审批,1
A11,示例集团·子公司甲,AP-2026-000998,应付发票,通用报销单（费用报销）,人民币,23293.87,,--,2026-02-21,FSSC审核岗,应付成本组,审核员04,审核通过,2026-03-16 19:17:45,2026-03-16 19:19:10,2026-03-16 19:18:19,2026-03-16 22:35:10,,--,,示例集团财务共享中心（本部）,通用报销单（费用报销）,非自动审批,1
A05,示例集团·戊公司,AP-2026-000999,通用报销单,其他专项付款单,人民币,80401.9,,--,2026-06-01,FSSC审核岗,应付成本组,审核员05,审核通过,2026-04-12 20:29:20,2026-04-12 20:29:42,2026-04-12 20:33:06,2026-04-12 22:27:42,,--,,示例集团财务共享中心（本部）,其他专项付款单,非自动审批,1
A11,示例集团·子公司甲,AP-2026-001000,付款单,应付确认单（物料类）,人民币,7626.6,,--,2026-04-06,FSSC审核岗,应付成本组,审核员01,审核通过,2026-03-07 10:18:33,2026-03-07 10:19:58,2026-03-07 10:18:49,2026-03-07 12:53:58,,--,,示例集团财务共享中心（本部）,应付确认单（物料类）,非自动审批,1
A11,示例集团·子公司甲,AP-2026-001000,付款单,应付确认单（物料类）,人民币,54344.09,,--,2026-04-06,FSSC审核岗,应付成本组,审核员01,审核通过,2026-03-07 10:18:33,2026-03-07 10:19:58,2026-03-07 10:23:22,2026-03-07 13:21:58,,--,,示例集团财务共享中心（本部）,应付确认单（物料类）,非自动审批,1
A11,示例集团·子公司甲,AP-2026-001000,付款单,应付确认单（物料类）,人民币,179001.61,,--,2026-04-06,FSSC审核岗,应付成本组,审核员01,审核通过,2026-03-07 10:18:33,2026-03-07 10:19:58,2026-03-07 10:23:07,2026-03-07 14:14:58,,--,,示例集团财务共享中心（本部）,应付确认单（物料类）,非自动审批,1
A12,示例集团·子公司乙,AP-2026-001001,通用报销单,其他专项付款单,人民币,257724.43,,--,2026-01-27,FSSC审核岗,应付成本组,审核员05,审核通过,2026-03-01 10:23:37,2026-03-01 10:24:00,2026-03-01 10:31:31,2026-03-01 15:19:00,,--,,示例集团财务共享中心（本部）,其他专项付款单,非自动审批,1
A12,示例集团·子公司乙,AP-2026-001001,通用报销单,其他专项付款单,人民币,31329.54,,--,2026-01-27,FSSC审核岗,应付成本组,审核员05,审核通过,2026-03-01 10:23:37,2026-03-01 10:24:00,2026-03-01 10:32:01,2026-03-01 13:30:00,,--,,示例集团财务共享中心（本部）,其他专项付款单,非自动审批,1
A02,示例集团·乙公司,AP-2026-001002,应付发票,应付付款单（服务费）,人民币,38433.58,,--,2026-05-27,FSSC审核岗,应付成本组,审核员02,审核通过,2026-05-17 19:36:40,2026-05-17 19:37:48,2026-05-17 19:41:22,2026-05-17 22:24:48,,--,,示例集团财务共享中心（本部）,应付付款单（服务费）,非自动审批,1
A02,示例集团·乙公司,AP-2026-001002,应付发票,应付付款单（服务费）,人民币,7415.57,,--,2026-05-27,FSSC审核岗,应付成本组,审核员02,审核通过,2026-05-17 19:36:40,2026-05-17 19:37:48,2026-05-17 19:44:45,2026-05-17 23:33:48,,--,,示例集团财务共享中心（本部）,应付付款单（服务费）,非自动审批,1
A02,示例集团·乙公司,AP-2026-001002,应付发票,应付付款单（服务费）,人民币,20931.31,,--,2026-05-27,FSSC审核岗,应付成本组,审核员02,审核通过,2026-05-17 19:36:40,2026-05-17 19:37:48,2026-05-17 19:43:18,2026-05-17 22:59:48,,--,,示例集团财务共享中心（本部）,应付付款单（服务费）,非自动审批,1
A10,示例集团·癸公司,AP-2026-001004,付款单,通用报销单（费用报销）,人民币,6740.2,,--,2026-01-19,FSSC审核岗,应付成本组,审核员01,审核通过,2026-05-05 08:15:32,2026-05-05 08:16:41,2026-05-05 08:19:38,2026-05-05 09:59:41,,--,,示例集团财务共享中心（本部）,通用报销单（费用报销）,非自动审批,1
A10,示例集团·癸公司,AP-2026-001004,付款单,通用报销单（费用报销）,人民币,110868.83,,--,2026-01-19,FSSC审核岗,应付成本组,审核员01,审核通过,2026-05-05 08:15:32,2026-05-05 08:16:41,2026-05-05 08:17:08,2026-05-05 10:40:41,,--,,示例集团财务共享中心（本部）,通用报销单（费用报销）,非自动审批,1
A10,示例集团·癸公司,AP-2026-001004,付款单,通用报销单（费用报销）,人民币,194664.61,,--,2026-01-19,FSSC审核岗,应付成本组,审核员01,审核通过,2026-05-05 08:15:32,2026-05-05 08:16:41,2026-05-05 08:17:23,2026-05-05 09:37:41,,--,,示例集团财务共享中心（本部）,通用报销单（费用报销）,非自动审批,1
A06,示例集团·己公司,AP-2026-001005,应付发票,应付确认单（物料类）,人民币,31700.45,,--,2026-02-02,FSSC审核岗,应付成本组,审核员01,审核通过,2026-03-18 09:16:10,2026-03-18 09:16:21,2026-03-18 09:21:37,2026-03-18 11:31:21,,--,,示例集团财务共享中心（本部）,应付确认单（物料类）,非自动审批,1
A06,示例集团·己公司,AP-2026-001005,应付发票,应付确认单（物料类）,人民币,13608.84,,--,2026-02-02,FSSC审核岗,应付成本组,审核员01,审核通过,2026-03-18 09:16:10,2026-03-18 09:16:21,2026-03-18 09:23:50,2026-03-18 12:07:21,,--,,示例集团财务共享中心（本部）,应付确认单（物料类）,非自动审批,1
A06,示例集团·己公司,AP-2026-001005,应付发票,应付确认单（物料类）,人民币,92177.24,,--,2026-02-02,FSSC审核岗,应付成本组,审核员01,审核通过,2026-03-18 09:16:10,2026-03-18 09:16:21,2026-03-18 09:23:10,2026-03-18 11:46:21,,--,,示例集团财务共享中心（本部）,应付确认单（物料类）,非自动审批,1
A12,示例集团·子公司乙,AP-2026-001006,应付发票,应付确认单（物料类）,人民币,17762.56,,--,2026-06-27,FSSC审核岗,应付成本组,审核员04,审核通过,2026-06-26 11:44:46,2026-06-26 11:45:53,2026-06-26 11:52:36,2026-06-26 14:00:53,,--,,示例集团财务共享中心（本部）,应付确认单（物料类）,非自动审批,1
A12,示例集团·子公司乙,AP-2026-001006,应付发票,应付确认单（物料类）,人民币,153386.23,,--,2026-06-27,FSSC审核岗,应付成本组,审核员04,审核通过,2026-06-26 11:44:46,2026-06-26 11:45:53,2026-06-26 11:51:45,2026-06-26 14:23:53,,--,,示例集团财务共享中心（本部）,应付确认单（物料类）,非自动审批,1
A12,示例集团·子公司乙,AP-2026-001006,应付发票,应付确认单（物料类）,人民币,899507.25,,--,2026-06-27,FSSC审核岗,应付成本组,审核员04,审核通过,2026-06-26 11:44:46,2026-06-26 11:45:53,2026-06-26 11:51:17,2026-06-26 14:08:53,,--,,示例集团财务共享中心（本部）,应付确认单（物料类）,非自动审批,1
A05,示例集团·戊公司,AP-2026-001007,付款单,应付付款单（差旅费）,人民币,17357.74,,--,2026-06-11,FSSC审核岗,应付成本组,审核员07,审核通过,2026-06-01 20:02:32,2026-06-01 20:04:01,2026-06-01 20:09:16,2026-06-01 21:03:01,,--,,示例集团财务共享中心（本部）,应付付款单（差旅费）,非自动审批,1
A05,示例集团·戊公司,AP-2026-001007,付款单,应付付款单（差旅费）,人民币,21197.83,,--,2026-06-11,FSSC审核岗,应付成本组,审核员07,审核通过,2026-06-01 20:02:32,2026-06-01 20:04:01,2026-06-01 20:06:59,2026-06-01 21:13:01,,--,,示例集团财务共享中心（本部）,应付付款单（差旅费）,非自动审批,1
A01,示例集团·甲公司,AP-2026-001008,应付发票,其他专项付款单,人民币,7758.94,,--,2026-05-04,FSSC审核岗,应付成本组,审核员07,审核通过,2026-04-18 18:23:54,2026-04-18 18:25:15,2026-04-18 18:33:39,2026-04-18 22:23:15,,--,,示例集团财务共享中心（本部）,其他专项付款单,非自动审批,1
A05,示例集团·戊公司,AP-2026-001010,应付发票,应付付款单（服务费）,人民币,73464.14,,--,2026-04-16,FSSC审核岗,应付成本组,审核员03,审核通过,2026-01-15 08:02:42,2026-01-15 08:02:43,2026-01-15 08:08:42,2026-01-15 12:41:43,,--,,示例集团财务共享中心（本部）,应付付款单（服务费）,非自动审批,1
A05,示例集团·戊公司,AP-2026-001010,应付发票,应付付款单（服务费）,人民币,66794.34,,--,2026-04-16,FSSC审核岗,应付成本组,审核员03,审核通过,2026-01-15 08:02:42,2026-01-15 08:02:43,2026-01-15 08:05:15,2026-01-15 12:08:43,,--,,示例集团财务共享中心（本部）,应付付款单（服务费）,非自动审批,1
A05,示例集团·戊公司,AP-2026-001010,应付发票,应付付款单（服务费）,人民币,40995.48,,--,2026-04-16,FSSC审核岗,应付成本组,审核员03,审核通过,2026-01-15 08:02:42,2026-01-15 08:02:43,2026-01-15 08:10:18,2026-01-15 11:32:43,,--,,示例集团财务共享中心（本部）,应付付款单（服务费）,非自动审批,1
A09,示例集团·壬公司,AP-2026-001011,应付发票,应付付款单（材料采购）,人民币,61243.06,,--,2026-03-13,FSSC审核岗,应付成本组,审核员02,审核通过,2026-01-14 10:51:50,2026-01-14 10:52:20,2026-01-14 10:55:09,2026-01-14 12:25:20,,--,,示例集团财务共享中心（本部）,应付付款单（材料采购）,非自动审批,1
A09,示例集团·壬公司,AP-2026-001011,应付发票,应付付款单（材料采购）,人民币,13889.04,,--,2026-03-13,FSSC审核岗,应付成本组,审核员02,审核通过,2026-01-14 10:51:50,2026-01-14 10:52:20,2026-01-14 11:00:22,2026-01-14 13:02:20,,--,,示例集团财务共享中心（本部）,应付付款单（材料采购）,非自动审批,1
A01,示例集团·甲公司,AP-2026-001013,通用报销单,应付付款单（服务费）,人民币,5834.36,,--,2026-06-28,FSSC审核岗,应付成本组,审核员07,审核驳回,2026-02-17 09:57:34,2026-02-17 09:58:42,2026-02-17 10:06:35,--,,--,,示例集团财务共享中心（本部）,应付付款单（服务费）,非自动审批,1
A01,示例集团·甲公司,AP-2026-001013,通用报销单,应付付款单（服务费）,人民币,20687.86,,--,2026-06-28,FSSC审核岗,应付成本组,审核员07,审核驳回,2026-02-17 09:57:34,2026-02-17 09:58:42,2026-02-17 10:06:10,--,,--,,示例集团财务共享中心（本部）,应付付款单（服务费）,非自动审批,1
A01,示例集团·甲公司,AP-2026-001013,通用报销单,应付付款单（服务费）,人民币,4098.06,,--,2026-06-28,FSSC审核岗,应付成本组,审核员07,审核驳回,2026-02-17 09:57:34,2026-02-17 09:58:42,2026-02-17 10:06:45,--,,--,,示例集团财务共享中心（本部）,应付付款单（服务费）,非自动审批,1
A04,示例集团·丁公司,AP-2026-001015,付款单,应付付款单（材料采购）,人民币,17355.43,,--,2026-01-14,FSSC审核岗,应付成本组,审核员02,审核通过,2026-05-12 19:47:28,2026-05-12 19:48:24,2026-05-12 19:50:05,2026-05-12 21:43:24,,--,,示例集团财务共享中心（本部）,应付付款单（材料采购）,非自动审批,1
A04,示例集团·丁公司,AP-2026-001015,付款单,应付付款单（材料采购）,人民币,92375.62,,--,2026-01-14,FSSC审核岗,应付成本组,审核员02,审核通过,2026-05-12 19:47:28,2026-05-12 19:48:24,2026-05-12 19:53:47,2026-05-12 21:22:24,,--,,示例集团财务共享中心（本部）,应付付款单（材料采购）,非自动审批,1
A11,示例集团·子公司甲,AP-2026-001016,付款单,应付付款单（差旅费）,人民币,65090.33,,--,2026-06-13,FSSC审核岗,应付成本组,审核员07,审核通过,2026-05-12 20:19:51,2026-05-12 20:19:57,2026-05-12 20:22:51,2026-05-12 21:08:57,,--,,示例集团财务共享中心（本部）,应付付款单（差旅费）,非自动审批,1
A03,示例集团·丙公司,AP-2026-001017,通用报销单,其他专项付款单,人民币,4997.56,,--,2026-06-01,FSSC审核岗,应付成本组,审核员07,审核通过,2026-02-13 12:27:08,2026-02-13 12:28:59,2026-02-13 12:36:45,2026-02-13 14:30:59,,--,,示例集团财务共享中心（本部）,其他专项付款单,非自动审批,1
A03,示例集团·丙公司,AP-2026-001017,通用报销单,其他专项付款单,人民币,260168.6,,--,2026-06-01,FSSC审核岗,应付成本组,审核员07,审核通过,2026-02-13 12:27:08,2026-02-13 12:28:59,2026-02-13 12:27:59,2026-02-13 14:37:59,,--,,示例集团财务共享中心（本部）,其他专项付款单,非自动审批,1
A03,示例集团·丙公司,AP-2026-001017,通用报销单,其他专项付款单,人民币,45597.16,,--,2026-06-01,FSSC审核岗,应付成本组,审核员07,审核通过,2026-02-13 12:27:08,2026-02-13 12:28:59,2026-02-13 12:30:12,2026-02-13 15:00:59,,--,,示例集团财务共享中心（本部）,其他专项付款单,非自动审批,1
A10,示例集团·癸公司,AP-2026-001018,付款单,其他专项付款单,人民币,9710.34,,--,2026-02-18,FSSC审核岗,应付成本组,审核员03,审核通过,2026-04-06 12:21:55,2026-04-06 12:22:55,2026-04-06 12:26:02,2026-04-06 16:22:55,,--,,示例集团财务共享中心（本部）,其他专项付款单,非自动审批,1
A10,示例集团·癸公司,AP-2026-001018,付款单,其他专项付款单,人民币,35950.67,,--,2026-02-18,FSSC审核岗,应付成本组,审核员03,审核通过,2026-04-06 12:21:55,2026-04-06 12:22:55,2026-04-06 12:31:03,2026-04-06 15:55:55,,--,,示例集团财务共享中心（本部）,其他专项付款单,非自动审批,1
A20,示例集团·子公司癸,AP-2026-001019,通用报销单,应付付款单（服务费）,人民币,26470.43,,--,2026-03-07,FSSC审核岗,应付成本组,审核员02,审核通过,2026-02-12 11:53:50,2026-02-12 11:55:06,2026-02-12 11:54:35,2026-02-12 13:24:06,,--,,示例集团财务共享中心（本部）,应付付款单（服务费）,非自动审批,1
A20,示例集团·子公司癸,AP-2026-001019,通用报销单,应付付款单（服务费）,人民币,17768.2,,--,2026-03-07,FSSC审核岗,应付成本组,审核员02,审核通过,2026-02-12 11:53:50,2026-02-12 11:55:06,2026-02-12 12:00:29,2026-02-12 14:59:06,,--,,示例集团财务共享中心（本部）,应付付款单（服务费）,非自动审批,1
A01,示例集团·甲公司,AP-2026-001020,通用报销单,应付付款单（服务费）,人民币,186769.36,,--,2026-04-15,FSSC审核岗,应付成本组,审核员04,审核驳回,2026-01-04 16:03:51,2026-01-04 16:04:22,2026-01-04 16:11:05,--,,--,,示例集团财务共享中心（本部）,应付付款单（服务费）,非自动审批,1
A01,示例集团·甲公司,AP-2026-001020,通用报销单,应付付款单（服务费）,人民币,12722.72,,--,2026-04-15,FSSC审核岗,应付成本组,审核员04,审核驳回,2026-01-04 16:03:51,2026-01-04 16:04:22,2026-01-04 16:11:23,--,,--,,示例集团财务共享中心（本部）,应付付款单（服务费）,非自动审批,1
A13,示例集团·子公司丙,AP-2026-001021,付款单,应付付款单（材料采购）,人民币,77536.54,,--,2026-01-03,FSSC审核岗,应付成本组,审核员06,审核通过,2026-01-17 15:48:45,2026-01-17 15:48:58,2026-01-17 15:53:06,2026-01-17 18:08:58,,--,,示例集团财务共享中心（本部）,应付付款单（材料采购）,非自动审批,1
A01,示例集团·甲公司,AP-2026-001022,付款单,应付付款单（材料采购）,人民币,9155.91,,--,2026-02-26,FSSC审核岗,应付成本组,审核员06,审核通过,2026-04-11 20:26:43,2026-04-11 20:27:00,2026-04-11 20:31:16,2026-04-11 23:32:00,,--,,示例集团财务共享中心（本部）,应付付款单（材料采购）,非自动审批,1
A16,示例集团·子公司己,AP-2026-001025,付款单,应付付款单（服务费）,人民币,56859.89,,--,2026-01-03,FSSC审核岗,应付成本组,审核员04,审核通过,2026-05-11 13:26:10,2026-05-11 13:26:43,2026-05-11 13:30:24,2026-05-11 14:07:43,,--,,示例集团财务共享中心（本部）,应付付款单（服务费）,非自动审批,1
A16,示例集团·子公司己,AP-2026-001025,付款单,应付付款单（服务费）,人民币,86819.95,,--,2026-01-03,FSSC审核岗,应付成本组,审核员04,审核通过,2026-05-11 13:26:10,2026-05-11 13:26:43,2026-05-11 13:26:40,2026-05-11 15:31:43,,--,,示例集团财务共享中心（本部）,应付付款单（服务费）,非自动审批,1
A16,示例集团·子公司己,AP-2026-001025,付款单,应付付款单（服务费）,人民币,87053.1,,--,2026-01-03,FSSC审核岗,应付成本组,审核员04,审核通过,2026-05-11 13:26:10,2026-05-11 13:26:43,2026-05-11 13:27:40,2026-05-11 13:50:43,,--,,示例集团财务共享中心（本部）,应付付款单（服务费）,非自动审批,1
A04,示例集团·丁公司,AP-2026-001026,通用报销单,应付付款单（服务费）,人民币,67045.62,,--,2026-05-21,FSSC审核岗,应付成本组,审核员06,审核通过,2026-06-11 11:32:25,2026-06-11 11:33:20,2026-06-11 11:37:04,2026-06-11 14:51:20,,--,,示例集团财务共享中心（本部）,应付付款单（服务费）,非自动审批,1
A04,示例集团·丁公司,AP-2026-001026,通用报销单,应付付款单（服务费）,人民币,42846.47,,--,2026-05-21,FSSC审核岗,应付成本组,审核员06,审核通过,2026-06-11 11:32:25,2026-06-11 11:33:20,2026-06-11 11:32:56,2026-06-11 14:17:20,,--,,示例集团财务共享中心（本部）,应付付款单（服务费）,非自动审批,1
A04,示例集团·丁公司,AP-2026-001026,通用报销单,应付付款单（服务费）,人民币,13497.61,,--,2026-05-21,FSSC审核岗,应付成本组,审核员06,审核通过,2026-06-11 11:32:25,2026-06-11 11:33:20,2026-06-11 11:38:37,2026-06-11 13:58:20,,--,,示例集团财务共享中心（本部）,应付付款单（服务费）,非自动审批,1
A04,示例集团·丁公司,AP-2026-001027,付款单,通用报销单（费用报销）,人民币,13717.5,,--,2026-01-07,FSSC审核岗,应付成本组,审核员07,审核通过,2026-03-07 13:25:22,2026-03-07 13:26:40,2026-03-07 13:31:23,2026-03-07 14:56:40,,--,,示例集团财务共享中心（本部）,通用报销单（费用报销）,非自动审批,1
A04,示例集团·丁公司,AP-2026-001027,付款单,通用报销单（费用报销）,人民币,90976.85,,--,2026-01-07,FSSC审核岗,应付成本组,审核员07,审核通过,2026-03-07 13:25:22,2026-03-07 13:26:40,2026-03-07 13:34:02,2026-03-07 14:30:40,,--,,示例集团财务共享中心（本部）,通用报销单（费用报销）,非自动审批,1
A01,示例集团·甲公司,AP-2026-001028,应付发票,应付付款单（材料采购）,人民币,10239.7,,--,2026-05-06,FSSC审核岗,应付成本组,审核员02,审核通过,2026-05-11 13:04:20,2026-05-11 13:05:26,2026-05-11 13:09:26,2026-05-11 16:12:26,,--,,示例集团财务共享中心（本部）,应付付款单（材料采购）,非自动审批,1
A01,示例集团·甲公司,AP-2026-001028,应付发票,应付付款单（材料采购）,人民币,7427.98,,--,2026-05-06,FSSC审核岗,应付成本组,审核员02,审核通过,2026-05-11 13:04:20,2026-05-11 13:05:26,2026-05-11 13:07:07,2026-05-11 16:39:26,,--,,示例集团财务共享中心（本部）,应付付款单（材料采购）,非自动审批,1
A01,示例集团·甲公司,AP-2026-001028,应付发票,应付付款单（材料采购）,人民币,443156.27,,--,2026-05-06,FSSC审核岗,应付成本组,审核员02,审核通过,2026-05-11 13:04:20,2026-05-11 13:05:26,2026-05-11 13:11:12,2026-05-11 15:40:26,,--,,示例集团财务共享中心（本部）,应付付款单（材料采购）,非自动审批,1
A07,示例集团·庚公司,AP-2026-001029,通用报销单,应付确认单（物料类）,人民币,41622.51,,--,2026-03-17,FSSC审核岗,应付成本组,审核员02,审核通过,2026-01-02 09:16:17,2026-01-02 09:17:28,2026-01-02 09:19:44,2026-01-02 10:12:28,,--,,示例集团财务共享中心（本部）,应付确认单（物料类）,非自动审批,1
A07,示例集团·庚公司,AP-2026-001029,通用报销单,应付确认单（物料类）,人民币,145658.56,,--,2026-03-17,FSSC审核岗,应付成本组,审核员02,审核通过,2026-01-02 09:16:17,2026-01-02 09:17:28,2026-01-02 09:24:15,2026-01-02 11:19:28,,--,,示例集团财务共享中心（本部）,应付确认单（物料类）,非自动审批,1
A05,示例集团·戊公司,AP-2026-001030,应付发票,通用报销单（费用报销）,人民币,203390.59,,--,2026-04-17,FSSC审核岗,应付成本组,审核员04,审核驳回,2026-02-07 11:42:03,2026-02-07 11:43:36,2026-02-07 11:51:08,--,,--,,示例集团财务共享中心（本部）,通用报销单（费用报销）,非自动审批,1
A05,示例集团·戊公司,AP-2026-001030,应付发票,通用报销单（费用报销）,人民币,64316.91,,--,2026-04-17,FSSC审核岗,应付成本组,审核员04,审核驳回,2026-02-07 11:42:03,2026-02-07 11:43:36,2026-02-07 11:45:49,--,,--,,示例集团财务共享中心（本部）,通用报销单（费用报销）,非自动审批,1
A05,示例集团·戊公司,AP-2026-001031,应付发票,应付付款单（服务费）,人民币,35330.88,,--,2026-06-03,FSSC审核岗,应付成本组,审核员05,审核通过,2026-06-19 10:59:47,2026-06-19 11:00:45,2026-06-19 11:09:42,2026-06-19 13:59:45,,--,,示例集团财务共享中心（本部）,应付付款单（服务费）,非自动审批,1
A05,示例集团·戊公司,AP-2026-001031,应付发票,应付付款单（服务费）,人民币,36181.41,,--,2026-06-03,FSSC审核岗,应付成本组,审核员05,审核通过,2026-06-19 10:59:47,2026-06-19 11:00:45,2026-06-19 11:09:16,2026-06-19 12:32:45,,--,,示例集团财务共享中心（本部）,应付付款单（服务费）,非自动审批,1
A13,示例集团·子公司丙,AP-2026-001032,应付发票,应付付款单（服务费）,人民币,568776.48,,--,2026-06-21,FSSC审核岗,应付成本组,审核员06,审核驳回,2026-01-24 19:44:32,2026-01-24 19:46:22,2026-01-24 19:46:13,--,,--,,示例集团财务共享中心（本部）,应付付款单（服务费）,非自动审批,1
A13,示例集团·子公司丙,AP-2026-001032,应付发票,应付付款单（服务费）,人民币,27382.76,,--,2026-06-21,FSSC审核岗,应付成本组,审核员06,审核驳回,2026-01-24 19:44:32,2026-01-24 19:46:22,2026-01-24 19:48:49,--,,--,,示例集团财务共享中心（本部）,应付付款单（服务费）,非自动审批,1
A02,示例集团·乙公司,AP-2026-001033,付款单,应付付款单（服务费）,人民币,76649.98,,--,2026-01-25,FSSC审核岗,应付成本组,审核员03,审核通过,2026-04-19 17:51:07,2026-04-19 17:51:30,2026-04-19 17:58:31,2026-04-19 20:37:30,,--,,示例集团财务共享中心（本部）,应付付款单（服务费）,非自动审批,1
A02,示例集团·乙公司,AP-2026-001033,付款单,应付付款单（服务费）,人民币,154545.96,,--,2026-01-25,FSSC审核岗,应付成本组,审核员03,审核通过,2026-04-19 17:51:07,2026-04-19 17:51:30,2026-04-19 17:58:39,2026-04-19 20:33:30,,--,,示例集团财务共享中心（本部）,应付付款单（服务费）,非自动审批,1
A10,示例集团·癸公司,AP-2026-001034,通用报销单,通用报销单（费用报销）,人民币,85049.92,,--,2026-04-02,FSSC审核岗,应付成本组,审核员04,审核通过,2026-01-01 16:30:35,2026-01-01 16:31:57,2026-01-01 16:40:00,2026-01-01 18:34:57,,--,,示例集团财务共享中心（本部）,通用报销单（费用报销）,非自动审批,1
A03,示例集团·丙公司,AP-2026-001035,通用报销单,应付付款单（差旅费）,人民币,273248.55,,--,2026-01-17,FSSC审核岗,应付成本组,审核员06,审核通过,2026-01-22 18:39:22,2026-01-22 18:40:46,2026-01-22 18:48:42,2026-01-22 20:39:46,,--,,示例集团财务共享中心（本部）,应付付款单（差旅费）,非自动审批,1
A03,示例集团·丙公司,AP-2026-001035,通用报销单,应付付款单（差旅费）,人民币,34847.53,,--,2026-01-17,FSSC审核岗,应付成本组,审核员06,审核通过,2026-01-22 18:39:22,2026-01-22 18:40:46,2026-01-22 18:43:48,2026-01-22 19:52:46,,--,,示例集团财务共享中心（本部）,应付付款单（差旅费）,非自动审批,1
A12,示例集团·子公司乙,AP-2026-001036,付款单,应付付款单（材料采购）,人民币,153689.6,,--,2026-01-22,FSSC审核岗,应付成本组,审核员07,审核通过,2026-01-23 17:39:49,2026-01-23 17:39:53,2026-01-23 17:42:23,2026-01-23 20:42:53,,--,,示例集团财务共享中心（本部）,应付付款单（材料采购）,非自动审批,1
A12,示例集团·子公司乙,AP-2026-001036,付款单,应付付款单（材料采购）,人民币,4853.95,,--,2026-01-22,FSSC审核岗,应付成本组,审核员07,审核通过,2026-01-23 17:39:49,2026-01-23 17:39:53,2026-01-23 17:46:35,2026-01-23 21:56:53,,--,,示例集团财务共享中心（本部）,应付付款单（材料采购）,非自动审批,1
A12,示例集团·子公司乙,AP-2026-001036,付款单,应付付款单（材料采购）,人民币,394621.22,,--,2026-01-22,FSSC审核岗,应付成本组,审核员07,审核通过,2026-01-23 17:39:49,2026-01-23 17:39:53,2026-01-23 17:40:46,2026-01-23 21:29:53,,--,,示例集团财务共享中心（本部）,应付付款单（材料采购）,非自动审批,1
A10,示例集团·癸公司,AP-2026-001038,通用报销单,应付确认单（物料类）,人民币,288488.4,,--,2026-01-11,FSSC审核岗,应付成本组,审核员03,审核通过,2026-03-27 11:49:43,2026-03-27 11:50:53,2026-03-27 11:51:46,2026-03-27 14:09:53,,--,,示例集团财务共享中心（本部）,应付确认单（物料类）,非自动审批,1
A10,示例集团·癸公司,AP-2026-001038,通用报销单,应付确认单（物料类）,人民币,39097.1,,--,2026-01-11,FSSC审核岗,应付成本组,审核员03,审核通过,2026-03-27 11:49:43,2026-03-27 11:50:53,2026-03-27 11:57:15,2026-03-27 12:46:53,,--,,示例集团财务共享中心（本部）,应付确认单（物料类）,非自动审批,1
A10,示例集团·癸公司,AP-2026-001038,通用报销单,应付确认单（物料类）,人民币,110677.27,,--,2026-01-11,FSSC审核岗,应付成本组,审核员03,审核通过,2026-03-27 11:49:43,2026-03-27 11:50:53,2026-03-27 11:54:23,2026-03-27 14:20:53,,--,,示例集团财务共享中心（本部）,应付确认单（物料类）,非自动审批,1
A12,示例集团·子公司乙,AP-2026-001039,付款单,其他专项付款单,人民币,208457.6,,--,2026-01-25,FSSC审核岗,应付成本组,审核员02,审核驳回,2026-05-22 16:28:04,2026-05-22 16:30:01,2026-05-22 16:33:27,--,,--,,示例集团财务共享中心（本部）,其他专项付款单,非自动审批,1
A12,示例集团·子公司乙,AP-2026-001039,付款单,其他专项付款单,人民币,14004.67,,--,2026-01-25,FSSC审核岗,应付成本组,审核员02,审核驳回,2026-05-22 16:28:04,2026-05-22 16:30:01,2026-05-22 16:36:15,--,,--,,示例集团财务共享中心（本部）,其他专项付款单,非自动审批,1
A12,示例集团·子公司乙,AP-2026-001039,付款单,其他专项付款单,人民币,48906.4,,--,2026-01-25,FSSC审核岗,应付成本组,审核员02,审核驳回,2026-05-22 16:28:04,2026-05-22 16:30:01,2026-05-22 16:35:25,--,,--,,示例集团财务共享中心（本部）,其他专项付款单,非自动审批,1
A11,示例集团·子公司甲,AP-2026-001040,应付发票,应付付款单（服务费）,人民币,9623.37,,--,2026-06-28,FSSC审核岗,应付成本组,审核员07,审核通过,2026-02-13 16:04:21,2026-02-13 16:04:57,2026-02-13 16:07:51,2026-02-13 17:16:57,,--,,示例集团财务共享中心（本部）,应付付款单（服务费）,非自动审批,1
A10,示例集团·癸公司,AP-2026-001041,付款单,应付付款单（服务费）,人民币,294720.58,,--,2026-03-28,FSSC审核岗,应付成本组,审核员04,审核通过,2026-03-14 18:09:50,2026-03-14 18:10:38,2026-03-14 18:19:09,2026-03-14 19:44:38,,--,,示例集团财务共享中心（本部）,应付付款单（服务费）,非自动审批,1
A10,示例集团·癸公司,AP-2026-001041,付款单,应付付款单（服务费）,人民币,189447.05,,--,2026-03-28,FSSC审核岗,应付成本组,审核员04,审核通过,2026-03-14 18:09:50,2026-03-14 18:10:38,2026-03-14 18:12:20,2026-03-14 20:03:38,,--,,示例集团财务共享中心（本部）,应付付款单（服务费）,非自动审批,1
A10,示例集团·癸公司,AP-2026-001041,付款单,应付付款单（服务费）,人民币,40403.49,,--,2026-03-28,FSSC审核岗,应付成本组,审核员04,审核通过,2026-03-14 18:09:50,2026-03-14 18:10:38,2026-03-14 18:18:57,2026-03-14 20:58:38,,--,,示例集团财务共享中心（本部）,应付付款单（服务费）,非自动审批,1
A04,示例集团·丁公司,AP-2026-001042,通用报销单,应付付款单（服务费）,人民币,34348.77,,--,2026-06-05,FSSC审核岗,应付成本组,审核员07,审核驳回,2026-06-28 14:42:47,2026-06-28 14:43:05,2026-06-28 14:51:13,--,,--,,示例集团财务共享中心（本部）,应付付款单（服务费）,非自动审批,1
A08,示例集团·辛公司,AP-2026-001043,通用报销单,应付付款单（材料采购）,人民币,48603.99,,--,2026-06-09,FSSC审核岗,应付成本组,审核员06,审核通过,2026-04-17 18:34:21,2026-04-17 18:34:46,2026-04-17 18:37:46,2026-04-17 20:21:46,,--,,示例集团财务共享中心（本部）,应付付款单（材料采购）,非自动审批,1
A08,示例集团·辛公司,AP-2026-001043,通用报销单,应付付款单（材料采购）,人民币,17048.88,,--,2026-06-09,FSSC审核岗,应付成本组,审核员06,审核通过,2026-04-17 18:34:21,2026-04-17 18:34:46,2026-04-17 18:42:43,2026-04-17 20:38:46,,--,,示例集团财务共享中心（本部）,应付付款单（材料采购）,非自动审批,1
A02,示例集团·乙公司,AP-2026-001044,付款单,应付付款单（服务费）,人民币,46926.95,,--,2026-04-15,FSSC审核岗,应付成本组,审核员03,审核通过,2026-02-15 08:14:52,2026-02-15 08:16:49,2026-02-15 08:15:51,2026-02-15 09:11:49,,--,,示例集团财务共享中心（本部）,应付付款单（服务费）,非自动审批,1
A02,示例集团·乙公司,AP-2026-001044,付款单,应付付款单（服务费）,人民币,14005.1,,--,2026-04-15,FSSC审核岗,应付成本组,审核员03,审核通过,2026-02-15 08:14:52,2026-02-15 08:16:49,2026-02-15 08:15:06,2026-02-15 09:16:49,,--,,示例集团财务共享中心（本部）,应付付款单（服务费）,非自动审批,1
A02,示例集团·乙公司,AP-2026-001044,付款单,应付付款单（服务费）,人民币,210588.98,,--,2026-04-15,FSSC审核岗,应付成本组,审核员03,审核通过,2026-02-15 08:14:52,2026-02-15 08:16:49,2026-02-15 08:23:28,2026-02-15 10:44:49,,--,,示例集团财务共享中心（本部）,应付付款单（服务费）,非自动审批,1
A06,示例集团·己公司,AP-2026-001046,通用报销单,应付付款单（服务费）,人民币,294110.25,,--,2026-06-19,FSSC审核岗,应付成本组,审核员02,审核通过,2026-01-28 14:18:35,2026-01-28 14:20:20,2026-01-28 14:24:05,2026-01-28 16:35:20,,--,,示例集团财务共享中心（本部）,应付付款单（服务费）,非自动审批,1
A06,示例集团·己公司,AP-2026-001046,通用报销单,应付付款单（服务费）,人民币,224868.3,,--,2026-06-19,FSSC审核岗,应付成本组,审核员02,审核通过,2026-01-28 14:18:35,2026-01-28 14:20:20,2026-01-28 14:20:55,2026-01-28 16:33:20,,--,,示例集团财务共享中心（本部）,应付付款单（服务费）,非自动审批,1
A06,示例集团·己公司,AP-2026-001046,通用报销单,应付付款单（服务费）,人民币,11249.96,,--,2026-06-19,FSSC审核岗,应付成本组,审核员02,审核通过,2026-01-28 14:18:35,2026-01-28 14:20:20,2026-01-28 14:18:54,2026-01-28 15:10:20,,--,,示例集团财务共享中心（本部）,应付付款单（服务费）,非自动审批,1
A08,示例集团·辛公司,AP-2026-001047,应付发票,应付确认单（物料类）,人民币,44719.68,,--,2026-04-18,FSSC审核岗,应付成本组,审核员03,审核通过,2026-06-15 19:51:14,2026-06-15 19:52:20,2026-06-15 19:59:09,2026-06-15 20:57:20,,--,,示例集团财务共享中心（本部）,应付确认单（物料类）,非自动审批,1
A08,示例集团·辛公司,AP-2026-001047,应付发票,应付确认单（物料类）,人民币,135756.85,,--,2026-04-18,FSSC审核岗,应付成本组,审核员03,审核通过,2026-06-15 19:51:14,2026-06-15 19:52:20,2026-06-15 19:53:07,2026-06-15 22:34:20,,--,,示例集团财务共享中心（本部）,应付确认单（物料类）,非自动审批,1
A08,示例集团·辛公司,AP-2026-001047,应付发票,应付确认单（物料类）,人民币,175652.21,,--,2026-04-18,FSSC审核岗,应付成本组,审核员03,审核通过,2026-06-15 19:51:14,2026-06-15 19:52:20,2026-06-15 19:53:35,2026-06-15 20:52:20,,--,,示例集团财务共享中心（本部）,应付确认单（物料类）,非自动审批,1
A14,示例集团·子公司丁,AP-2026-001048,付款单,通用报销单（费用报销）,人民币,4562.33,,--,2026-01-04,FSSC审核岗,应付成本组,审核员06,审核通过,2026-06-17 14:11:11,2026-06-17 14:11:55,2026-06-17 14:12:38,2026-06-17 18:34:55,,--,,示例集团财务共享中心（本部）,通用报销单（费用报销）,非自动审批,1
A14,示例集团·子公司丁,AP-2026-001048,付款单,通用报销单（费用报销）,人民币,168836.39,,--,2026-01-04,FSSC审核岗,应付成本组,审核员06,审核通过,2026-06-17 14:11:11,2026-06-17 14:11:55,2026-06-17 14:12:03,2026-06-17 18:42:55,,--,,示例集团财务共享中心（本部）,通用报销单（费用报销）,非自动审批,1
A13,示例集团·子公司丙,AP-2026-001049,应付发票,其他专项付款单,人民币,10503.09,,--,2026-01-08,FSSC审核岗,应付成本组,审核员06,审核通过,2026-02-06 16:43:47,2026-02-06 16:43:51,2026-02-06 16:50:28,2026-02-06 18:32:51,,--,,示例集团财务共享中心（本部）,其他专项付款单,非自动审批,1
A13,示例集团·子公司丙,AP-2026-001049,应付发票,其他专项付款单,人民币,48264.42,,--,2026-01-08,FSSC审核岗,应付成本组,审核员06,审核通过,2026-02-06 16:43:47,2026-02-06 16:43:51,2026-02-06 16:49:09,2026-02-06 19:55:51,,--,,示例集团财务共享中心（本部）,其他专项付款单,非自动审批,1
A09,示例集团·壬公司,AP-2026-001050,付款单,其他专项付款单,人民币,348182.73,,--,2026-02-04,FSSC审核岗,应付成本组,审核员05,审核通过,2026-06-02 14:55:47,2026-06-02 14:57:43,2026-06-02 15:03:04,2026-06-02 18:10:43,,--,,示例集团财务共享中心（本部）,其他专项付款单,非自动审批,1
A09,示例集团·壬公司,AP-2026-001050,付款单,其他专项付款单,人民币,288052.63,,--,2026-02-04,FSSC审核岗,应付成本组,审核员05,审核通过,2026-06-02 14:55:47,2026-06-02 14:57:43,2026-06-02 14:59:04,2026-06-02 17:01:43,,--,,示例集团财务共享中心（本部）,其他专项付款单,非自动审批,1
A08,示例集团·辛公司,AP-2026-001052,应付发票,应付付款单（材料采购）,人民币,383303.46,,--,2026-04-03,FSSC审核岗,应付成本组,审核员02,审核通过,2026-06-06 09:36:29,2026-06-06 09:37:42,2026-06-06 09:43:36,2026-06-06 11:47:42,,--,,示例集团财务共享中心（本部）,应付付款单（材料采购）,非自动审批,1
A08,示例集团·辛公司,AP-2026-001052,应付发票,应付付款单（材料采购）,人民币,13456.55,,--,2026-04-03,FSSC审核岗,应付成本组,审核员02,审核通过,2026-06-06 09:36:29,2026-06-06 09:37:42,2026-06-06 09:40:40,2026-06-06 12:37:42,,--,,示例集团财务共享中心（本部）,应付付款单（材料采购）,非自动审批,1
A10,示例集团·癸公司,AP-2026-001053,通用报销单,应付付款单（服务费）,人民币,19015.19,,--,2026-05-20,FSSC审核岗,应付成本组,审核员04,审核通过,2026-05-18 08:11:06,2026-05-18 08:13:04,2026-05-18 08:17:17,2026-05-18 08:28:04,,--,,示例集团财务共享中心（本部）,应付付款单（服务费）,非自动审批,1
A10,示例集团·癸公司,AP-2026-001053,通用报销单,应付付款单（服务费）,人民币,27230.11,,--,2026-05-20,FSSC审核岗,应付成本组,审核员04,审核通过,2026-05-18 08:11:06,2026-05-18 08:13:04,2026-05-18 08:20:10,2026-05-18 08:43:04,,--,,示例集团财务共享中心（本部）,应付付款单（服务费）,非自动审批,1
A10,示例集团·癸公司,AP-2026-001053,通用报销单,应付付款单（服务费）,人民币,48775.49,,--,2026-05-20,FSSC审核岗,应付成本组,审核员04,审核通过,2026-05-18 08:11:06,2026-05-18 08:13:04,2026-05-18 08:16:10,2026-05-18 08:48:04,,--,,示例集团财务共享中心（本部）,应付付款单（服务费）,非自动审批,1
A05,示例集团·戊公司,AP-2026-001054,通用报销单,应付确认单（物料类）,人民币,81095.41,,--,2026-01-20,FSSC审核岗,应付成本组,审核员01,审核通过,2026-02-20 16:35:45,2026-02-20 16:37:08,2026-02-20 16:38:06,2026-02-20 17:41:08,,--,,示例集团财务共享中心（本部）,应付确认单（物料类）,非自动审批,1
A05,示例集团·戊公司,AP-2026-001054,通用报销单,应付确认单（物料类）,人民币,357952.99,,--,2026-01-20,FSSC审核岗,应付成本组,审核员01,审核通过,2026-02-20 16:35:45,2026-02-20 16:37:08,2026-02-20 16:40:01,2026-02-20 18:26:08,,--,,示例集团财务共享中心（本部）,应付确认单（物料类）,非自动审批,1
A08,示例集团·辛公司,AP-2026-001055,付款单,应付付款单（服务费）,人民币,16316.68,,--,2026-05-06,FSSC审核岗,应付成本组,审核员03,审核通过,2026-03-13 15:24:43,2026-03-13 15:25:53,2026-03-13 15:25:07,2026-03-13 19:13:53,,--,,示例集团财务共享中心（本部）,应付付款单（服务费）,非自动审批,1
A08,示例集团·辛公司,AP-2026-001055,付款单,应付付款单（服务费）,人民币,24824.98,,--,2026-05-06,FSSC审核岗,应付成本组,审核员03,审核通过,2026-03-13 15:24:43,2026-03-13 15:25:53,2026-03-13 15:25:47,2026-03-13 20:05:53,,--,,示例集团财务共享中心（本部）,应付付款单（服务费）,非自动审批,1
A17,示例集团·子公司庚,AP-2026-001056,付款单,应付付款单（服务费）,人民币,439370.15,,--,2026-05-15,FSSC审核岗,应付成本组,审核员05,审核通过,2026-02-16 14:35:04,2026-02-16 14:36:24,2026-02-16 14:44:13,2026-02-16 18:52:24,,--,,示例集团财务共享中心（本部）,应付付款单（服务费）,非自动审批,1
A17,示例集团·子公司庚,AP-2026-001056,付款单,应付付款单（服务费）,人民币,11817.46,,--,2026-05-15,FSSC审核岗,应付成本组,审核员05,审核通过,2026-02-16 14:35:04,2026-02-16 14:36:24,2026-02-16 14:40:04,2026-02-16 17:13:24,,--,,示例集团财务共享中心（本部）,应付付款单（服务费）,非自动审批,1
A06,示例集团·己公司,AP-2026-001057,通用报销单,通用报销单（费用报销）,人民币,165643.55,,--,2026-04-26,FSSC审核岗,应付成本组,审核员06,审核通过,2026-02-22 16:01:07,2026-02-22 16:01:31,2026-02-22 16:02:19,2026-02-22 19:15:31,,--,,示例集团财务共享中心（本部）,通用报销单（费用报销）,非自动审批,1
A08,示例集团·辛公司,AP-2026-001058,通用报销单,应付确认单（物料类）,人民币,52885.96,,--,2026-03-13,FSSC审核岗,应付成本组,审核员06,审核通过,2026-01-11 18:29:39,2026-01-11 18:29:43,2026-01-11 18:34:53,2026-01-11 21:47:43,,--,,示例集团财务共享中心（本部）,应付确认单（物料类）,非自动审批,1
A08,示例集团·辛公司,AP-2026-001058,通用报销单,应付确认单（物料类）,人民币,103084.39,,--,2026-03-13,FSSC审核岗,应付成本组,审核员06,审核通过,2026-01-11 18:29:39,2026-01-11 18:29:43,2026-01-11 18:35:43,2026-01-11 21:29:43,,--,,示例集团财务共享中心（本部）,应付确认单（物料类）,非自动审批,1
A08,示例集团·辛公司,AP-2026-001058,通用报销单,应付确认单（物料类）,人民币,19227.19,,--,2026-03-13,FSSC审核岗,应付成本组,审核员06,审核通过,2026-01-11 18:29:39,2026-01-11 18:29:43,2026-01-11 18:38:08,2026-01-11 21:58:43,,--,,示例集团财务共享中心（本部）,应付确认单（物料类）,非自动审批,1
A12,示例集团·子公司乙,AP-2026-001059,应付发票,应付付款单（材料采购）,人民币,161142.9,,--,2026-03-17,FSSC审核岗,应付成本组,审核员02,审核通过,2026-05-13 11:09:15,2026-05-13 11:11:00,2026-05-13 11:13:02,2026-05-13 15:23:00,,--,,示例集团财务共享中心（本部）,应付付款单（材料采购）,非自动审批,1
A12,示例集团·子公司乙,AP-2026-001059,应付发票,应付付款单（材料采购）,人民币,23959.21,,--,2026-03-17,FSSC审核岗,应付成本组,审核员02,审核通过,2026-05-13 11:09:15,2026-05-13 11:11:00,2026-05-13 11:13:37,2026-05-13 14:12:00,,--,,示例集团财务共享中心（本部）,应付付款单（材料采购）,非自动审批,1
A12,示例集团·子公司乙,AP-2026-001059,应付发票,应付付款单（材料采购）,人民币,8205.51,,--,2026-03-17,FSSC审核岗,应付成本组,审核员02,审核通过,2026-05-13 11:09:15,2026-05-13 11:11:00,2026-05-13 11:18:12,2026-05-13 13:55:00,,--,,示例集团财务共享中心（本部）,应付付款单（材料采购）,非自动审批,1
A10,示例集团·癸公司,AP-2026-001060,应付发票,应付付款单（服务费）,人民币,117248.96,,--,2026-03-07,FSSC审核岗,应付成本组,审核员02,审核通过,2026-03-19 09:21:36,2026-03-19 09:22:10,2026-03-19 09:31:24,2026-03-19 11:01:10,,--,,示例集团财务共享中心（本部）,应付付款单（服务费）,非自动审批,1
A10,示例集团·癸公司,AP-2026-001060,应付发票,应付付款单（服务费）,人民币,1800.24,,--,2026-03-07,FSSC审核岗,应付成本组,审核员02,审核通过,2026-03-19 09:21:36,2026-03-19 09:22:10,2026-03-19 09:29:42,2026-03-19 09:47:10,,--,,示例集团财务共享中心（本部）,应付付款单（服务费）,非自动审批,1
A10,示例集团·癸公司,AP-2026-001060,应付发票,应付付款单（服务费）,人民币,27032.56,,--,2026-03-07,FSSC审核岗,应付成本组,审核员02,审核通过,2026-03-19 09:21:36,2026-03-19 09:22:10,2026-03-19 09:24:09,2026-03-19 10:17:10,,--,,示例集团财务共享中心（本部）,应付付款单（服务费）,非自动审批,1
A09,示例集团·壬公司,AP-2026-001061,付款单,应付付款单（材料采购）,人民币,90002.55,,--,2026-03-11,FSSC审核岗,应付成本组,审核员02,审核通过,2026-05-06 14:38:10,2026-05-06 14:39:39,2026-05-06 14:41:47,2026-05-06 15:48:39,,--,,示例集团财务共享中心（本部）,应付付款单（材料采购）,非自动审批,1
A09,示例集团·壬公司,AP-2026-001061,付款单,应付付款单（材料采购）,人民币,172973.24,,--,2026-03-11,FSSC审核岗,应付成本组,审核员02,审核通过,2026-05-06 14:38:10,2026-05-06 14:39:39,2026-05-06 14:38:44,2026-05-06 17:33:39,,--,,示例集团财务共享中心（本部）,应付付款单（材料采购）,非自动审批,1
A01,示例集团·甲公司,AP-2026-001062,付款单,应付付款单（服务费）,人民币,333409.54,,--,2026-03-01,FSSC审核岗,应付成本组,审核员03,审核通过,2026-01-09 14:54:56,2026-01-09 14:54:59,2026-01-09 15:03:21,2026-01-09 17:44:59,,--,,示例集团财务共享中心（本部）,应付付款单（服务费）,非自动审批,1
A01,示例集团·甲公司,AP-2026-001062,付款单,应付付款单（服务费）,人民币,721121.44,,--,2026-03-01,FSSC审核岗,应付成本组,审核员03,审核通过,2026-01-09 14:54:56,2026-01-09 14:54:59,2026-01-09 15:04:36,2026-01-09 17:54:59,,--,,示例集团财务共享中心（本部）,应付付款单（服务费）,非自动审批,1
A02,示例集团·乙公司,AP-2026-001063,付款单,应付确认单（物料类）,人民币,469980.98,,--,2026-04-22,FSSC审核岗,应付成本组,审核员01,审核驳回,2026-01-03 09:59:09,2026-01-03 10:00:11,2026-01-03 10:03:26,--,,--,,示例集团财务共享中心（本部）,应付确认单（物料类）,非自动审批,1
A02,示例集团·乙公司,AP-2026-001063,付款单,应付确认单（物料类）,人民币,78289.37,,--,2026-04-22,FSSC审核岗,应付成本组,审核员01,审核驳回,2026-01-03 09:59:09,2026-01-03 10:00:11,2026-01-03 10:01:31,--,,--,,示例集团财务共享中心（本部）,应付确认单（物料类）,非自动审批,1
A02,示例集团·乙公司,AP-2026-001064,通用报销单,应付付款单（材料采购）,人民币,289486.77,,--,2026-03-15,FSSC审核岗,应付成本组,审核员03,审核通过,2026-01-11 11:07:00,2026-01-11 11:07:23,2026-01-11 11:15:16,2026-01-11 14:02:23,,--,,示例集团财务共享中心（本部）,应付付款单（材料采购）,非自动审批,1
A02,示例集团·乙公司,AP-2026-001064,通用报销单,应付付款单（材料采购）,人民币,76615.78,,--,2026-03-15,FSSC审核岗,应付成本组,审核员03,审核通过,2026-01-11 11:07:00,2026-01-11 11:07:23,2026-01-11 11:10:55,2026-01-11 13:44:23,,--,,示例集团财务共享中心（本部）,应付付款单（材料采购）,非自动审批,1
A01,示例集团·甲公司,AP-2026-001065,通用报销单,应付付款单（服务费）,人民币,156414.98,,--,2026-01-11,FSSC审核岗,应付成本组,审核员04,审核通过,2026-04-09 10:45:37,2026-04-09 10:47:20,2026-04-09 10:50:10,2026-04-09 12:12:20,,--,,示例集团财务共享中心（本部）,应付付款单（服务费）,非自动审批,1
A01,示例集团·甲公司,AP-2026-001065,通用报销单,应付付款单（服务费）,人民币,25871.96,,--,2026-01-11,FSSC审核岗,应付成本组,审核员04,审核通过,2026-04-09 10:45:37,2026-04-09 10:47:20,2026-04-09 10:52:34,2026-04-09 11:24:20,,--,,示例集团财务共享中心（本部）,应付付款单（服务费）,非自动审批,1
A02,示例集团·乙公司,AP-2026-001066,应付发票,应付付款单（材料采购）,人民币,114337.07,,--,2026-02-04,FSSC审核岗,应付成本组,审核员04,审核通过,2026-02-16 16:04:25,2026-02-16 16:06:12,2026-02-16 16:10:40,2026-02-16 17:41:12,,--,,示例集团财务共享中心（本部）,应付付款单（材料采购）,非自动审批,1
A02,示例集团·乙公司,AP-2026-001066,应付发票,应付付款单（材料采购）,人民币,30867.38,,--,2026-02-04,FSSC审核岗,应付成本组,审核员04,审核通过,2026-02-16 16:04:25,2026-02-16 16:06:12,2026-02-16 16:08:25,2026-02-16 17:24:12,,--,,示例集团财务共享中心（本部）,应付付款单（材料采购）,非自动审批,1
A06,示例集团·己公司,AP-2026-001067,应付发票,通用报销单（费用报销）,人民币,46959.38,,--,2026-04-05,FSSC审核岗,应付成本组,审核员03,审核通过,2026-06-26 20:27:30,2026-06-26 20:28:12,2026-06-26 20:29:29,2026-06-27 00:23:12,,--,,示例集团财务共享中心（本部）,通用报销单（费用报销）,非自动审批,1
A06,示例集团·己公司,AP-2026-001067,应付发票,通用报销单（费用报销）,人民币,114842.91,,--,2026-04-05,FSSC审核岗,应付成本组,审核员03,审核通过,2026-06-26 20:27:30,2026-06-26 20:28:12,2026-06-26 20:35:39,2026-06-26 23:59:12,,--,,示例集团财务共享中心（本部）,通用报销单（费用报销）,非自动审批,1
A06,示例集团·己公司,AP-2026-001067,应付发票,通用报销单（费用报销）,人民币,1118982.9,,--,2026-04-05,FSSC审核岗,应付成本组,审核员03,审核通过,2026-06-26 20:27:30,2026-06-26 20:28:12,2026-06-26 20:30:44,2026-06-27 01:43:12,,--,,示例集团财务共享中心（本部）,通用报销单（费用报销）,非自动审批,1
A03,示例集团·丙公司,AP-2026-001068,付款单,应付付款单（材料采购）,人民币,104055.38,,--,2026-03-11,FSSC审核岗,应付成本组,审核员04,审核通过,2026-01-22 12:35:02,2026-01-22 12:36:36,2026-01-22 12:37:00,2026-01-22 15:51:36,,--,,示例集团财务共享中心（本部）,应付付款单（材料采购）,非自动审批,1
A03,示例集团·丙公司,AP-2026-001068,付款单,应付付款单（材料采购）,人民币,58900.74,,--,2026-03-11,FSSC审核岗,应付成本组,审核员04,审核通过,2026-01-22 12:35:02,2026-01-22 12:36:36,2026-01-22 12:39:24,2026-01-22 16:22:36,,--,,示例集团财务共享中心（本部）,应付付款单（材料采购）,非自动审批,1
A05,示例集团·戊公司,AP-2026-001069,通用报销单,通用报销单（费用报销）,人民币,18685.69,,--,2026-06-04,FSSC审核岗,应付成本组,审核员05,审核通过,2026-06-14 13:02:08,2026-06-14 13:03:57,2026-06-14 13:04:28,2026-06-14 14:23:57,,--,,示例集团财务共享中心（本部）,通用报销单（费用报销）,非自动审批,1
A05,示例集团·戊公司,AP-2026-001069,通用报销单,通用报销单（费用报销）,人民币,209962.08,,--,2026-06-04,FSSC审核岗,应付成本组,审核员05,审核通过,2026-06-14 13:02:08,2026-06-14 13:03:57,2026-06-14 13:06:50,2026-06-14 13:28:57,,--,,示例集团财务共享中心（本部）,通用报销单（费用报销）,非自动审批,1
A05,示例集团·戊公司,AP-2026-001069,通用报销单,通用报销单（费用报销）,人民币,37434.8,,--,2026-06-04,FSSC审核岗,应付成本组,审核员05,审核通过,2026-06-14 13:02:08,2026-06-14 13:03:57,2026-06-14 13:10:11,2026-06-14 14:36:57,,--,,示例集团财务共享中心（本部）,通用报销单（费用报销）,非自动审批,1
A04,示例集团·丁公司,AP-2026-001074,付款单,应付付款单（服务费）,人民币,101094.78,,--,2026-01-18,FSSC审核岗,应付成本组,审核员02,审核驳回,2026-06-18 10:49:56,2026-06-18 10:51:03,2026-06-18 10:54:26,--,,--,,示例集团财务共享中心（本部）,应付付款单（服务费）,非自动审批,1
A09,示例集团·壬公司,AP-2026-001075,通用报销单,应付付款单（服务费）,人民币,159966.41,,--,2026-06-16,FSSC审核岗,应付成本组,审核员05,审核通过,2026-03-28 17:02:30,2026-03-28 17:03:50,2026-03-28 17:06:55,2026-03-28 18:40:50,,--,,示例集团财务共享中心（本部）,应付付款单（服务费）,非自动审批,1
A17,示例集团·子公司庚,AP-2026-001077,付款单,应付确认单（物料类）,人民币,351425.41,,--,2026-01-06,FSSC审核岗,应付成本组,审核员03,审核通过,2026-06-20 11:48:23,2026-06-20 11:48:45,2026-06-20 11:57:45,2026-06-20 13:33:45,,--,,示例集团财务共享中心（本部）,应付确认单（物料类）,非自动审批,1
A17,示例集团·子公司庚,AP-2026-001077,付款单,应付确认单（物料类）,人民币,194720.69,,--,2026-01-06,FSSC审核岗,应付成本组,审核员03,审核通过,2026-06-20 11:48:23,2026-06-20 11:48:45,2026-06-20 11:54:11,2026-06-20 13:19:45,,--,,示例集团财务共享中心（本部）,应付确认单（物料类）,非自动审批,1
A17,示例集团·子公司庚,AP-2026-001077,付款单,应付确认单（物料类）,人民币,10798.46,,--,2026-01-06,FSSC审核岗,应付成本组,审核员03,审核通过,2026-06-20 11:48:23,2026-06-20 11:48:45,2026-06-20 11:51:38,2026-06-20 14:09:45,,--,,示例集团财务共享中心（本部）,应付确认单（物料类）,非自动审批,1
A06,示例集团·己公司,AP-2026-001078,付款单,通用报销单（费用报销）,人民币,5409.56,,--,2026-04-21,FSSC审核岗,应付成本组,审核员02,审核通过,2026-04-26 17:55:32,2026-04-26 17:55:59,2026-04-26 18:03:46,2026-04-26 19:42:59,,--,,示例集团财务共享中心（本部）,通用报销单（费用报销）,非自动审批,1
A06,示例集团·己公司,AP-2026-001078,付款单,通用报销单（费用报销）,人民币,159861.07,,--,2026-04-21,FSSC审核岗,应付成本组,审核员02,审核通过,2026-04-26 17:55:32,2026-04-26 17:55:59,2026-04-26 17:59:22,2026-04-26 20:48:59,,--,,示例集团财务共享中心（本部）,通用报销单（费用报销）,非自动审批,1
A09,示例集团·壬公司,AP-2026-001079,通用报销单,通用报销单（费用报销）,人民币,67535.33,,--,2026-02-26,FSSC审核岗,应付成本组,审核员02,审核通过,2026-05-01 17:22:12,2026-05-01 17:22:45,2026-05-01 17:23:33,2026-05-01 21:37:45,,--,,示例集团财务共享中心（本部）,通用报销单（费用报销）,非自动审批,1
A09,示例集团·壬公司,AP-2026-001079,通用报销单,通用报销单（费用报销）,人民币,103575.64,,--,2026-02-26,FSSC审核岗,应付成本组,审核员02,审核通过,2026-05-01 17:22:12,2026-05-01 17:22:45,2026-05-01 17:24:36,2026-05-01 21:08:45,,--,,示例集团财务共享中心（本部）,通用报销单（费用报销）,非自动审批,1
A09,示例集团·壬公司,AP-2026-001079,通用报销单,通用报销单（费用报销）,人民币,665078.67,,--,2026-02-26,FSSC审核岗,应付成本组,审核员02,审核通过,2026-05-01 17:22:12,2026-05-01 17:22:45,2026-05-01 17:23:06,2026-05-01 20:19:45,,--,,示例集团财务共享中心（本部）,通用报销单（费用报销）,非自动审批,1
A07,示例集团·庚公司,AP-2026-001080,付款单,应付付款单（差旅费）,人民币,25254.93,,--,2026-01-01,FSSC审核岗,应付成本组,审核员05,审核通过,2026-01-15 09:10:25,2026-01-15 09:10:57,2026-01-15 09:12:27,2026-01-15 12:20:57,,--,,示例集团财务共享中心（本部）,应付付款单（差旅费）,非自动审批,1
A02,示例集团·乙公司,AP-2026-001081,通用报销单,其他专项付款单,人民币,365116.93,,--,2026-01-05,FSSC审核岗,应付成本组,审核员06,审核通过,2026-06-17 11:08:11,2026-06-17 11:09:55,2026-06-17 11:12:29,2026-06-17 15:15:55,,--,,示例集团财务共享中心（本部）,其他专项付款单,非自动审批,1
A02,示例集团·乙公司,AP-2026-001081,通用报销单,其他专项付款单,人民币,25608.29,,--,2026-01-05,FSSC审核岗,应付成本组,审核员06,审核通过,2026-06-17 11:08:11,2026-06-17 11:09:55,2026-06-17 11:14:32,2026-06-17 14:43:55,,--,,示例集团财务共享中心（本部）,其他专项付款单,非自动审批,1
A06,示例集团·己公司,AP-2026-001082,付款单,应付付款单（服务费）,人民币,535725.0,,--,2026-01-09,FSSC审核岗,应付成本组,审核员07,审核通过,2026-01-20 20:44:26,2026-01-20 20:45:33,2026-01-20 20:49:30,2026-01-21 00:37:33,,--,,示例集团财务共享中心（本部）,应付付款单（服务费）,非自动审批,1
A08,示例集团·辛公司,AP-2026-001083,付款单,通用报销单（费用报销）,人民币,171223.65,,--,2026-06-18,FSSC审核岗,应付成本组,审核员02,审核驳回,2026-05-26 20:51:42,2026-05-26 20:51:48,2026-05-26 20:53:23,--,,--,,示例集团财务共享中心（本部）,通用报销单（费用报销）,非自动审批,1
A08,示例集团·辛公司,AP-2026-001083,付款单,通用报销单（费用报销）,人民币,7259.17,,--,2026-06-18,FSSC审核岗,应付成本组,审核员02,审核驳回,2026-05-26 20:51:42,2026-05-26 20:51:48,2026-05-26 20:59:03,--,,--,,示例集团财务共享中心（本部）,通用报销单（费用报销）,非自动审批,1
A08,示例集团·辛公司,AP-2026-001083,付款单,通用报销单（费用报销）,人民币,33383.26,,--,2026-06-18,FSSC审核岗,应付成本组,审核员02,审核驳回,2026-05-26 20:51:42,2026-05-26 20:51:48,2026-05-26 20:55:03,--,,--,,示例集团财务共享中心（本部）,通用报销单（费用报销）,非自动审批,1
A01,示例集团·甲公司,AP-2026-001084,通用报销单,应付付款单（服务费）,人民币,874961.6,,--,2026-02-06,FSSC审核岗,应付成本组,审核员06,审核通过,2026-05-19 09:01:59,2026-05-19 09:03:22,2026-05-19 09:08:49,2026-05-19 13:21:22,,--,,示例集团财务共享中心（本部）,应付付款单（服务费）,非自动审批,1
A02,示例集团·乙公司,AP-2026-001085,付款单,应付付款单（差旅费）,人民币,734003.11,,--,2026-01-17,FSSC审核岗,应付成本组,审核员07,审核驳回,2026-04-27 11:58:37,2026-04-27 11:59:31,2026-04-27 12:04:20,--,,--,,示例集团财务共享中心（本部）,应付付款单（差旅费）,非自动审批,1
A02,示例集团·乙公司,AP-2026-001085,付款单,应付付款单（差旅费）,人民币,139512.56,,--,2026-01-17,FSSC审核岗,应付成本组,审核员07,审核驳回,2026-04-27 11:58:37,2026-04-27 11:59:31,2026-04-27 12:00:17,--,,--,,示例集团财务共享中心（本部）,应付付款单（差旅费）,非自动审批,1
A02,示例集团·乙公司,AP-2026-001085,付款单,应付付款单（差旅费）,人民币,98314.68,,--,2026-01-17,FSSC审核岗,应付成本组,审核员07,审核驳回,2026-04-27 11:58:37,2026-04-27 11:59:31,2026-04-27 11:59:33,--,,--,,示例集团财务共享中心（本部）,应付付款单（差旅费）,非自动审批,1
A01,示例集团·甲公司,AP-2026-001087,通用报销单,应付付款单（材料采购）,人民币,83753.11,,--,2026-04-06,FSSC审核岗,应付成本组,审核员01,审核通过,2026-05-24 08:28:55,2026-05-24 08:29:39,2026-05-24 08:32:19,2026-05-24 12:10:39,,--,,示例集团财务共享中心（本部）,应付付款单（材料采购）,非自动审批,1
A01,示例集团·甲公司,AP-2026-001087,通用报销单,应付付款单（材料采购）,人民币,110397.05,,--,2026-04-06,FSSC审核岗,应付成本组,审核员01,审核通过,2026-05-24 08:28:55,2026-05-24 08:29:39,2026-05-24 08:33:22,2026-05-24 13:12:39,,--,,示例集团财务共享中心（本部）,应付付款单（材料采购）,非自动审批,1
A01,示例集团·甲公司,AP-2026-001088,应付发票,应付付款单（服务费）,人民币,49162.15,,--,2026-06-11,FSSC审核岗,应付成本组,审核员04,审核通过,2026-06-22 10:30:38,2026-06-22 10:32:04,2026-06-22 10:35:45,2026-06-22 12:23:04,,--,,示例集团财务共享中心（本部）,应付付款单（服务费）,非自动审批,1
A01,示例集团·甲公司,AP-2026-001088,应付发票,应付付款单（服务费）,人民币,326252.52,,--,2026-06-11,FSSC审核岗,应付成本组,审核员04,审核通过,2026-06-22 10:30:38,2026-06-22 10:32:04,2026-06-22 10:34:23,2026-06-22 13:36:04,,--,,示例集团财务共享中心（本部）,应付付款单（服务费）,非自动审批,1
A03,示例集团·丙公司,AP-2026-001089,付款单,通用报销单（费用报销）,人民币,134455.67,,--,2026-01-21,FSSC审核岗,应付成本组,审核员05,审核通过,2026-01-11 08:37:03,2026-01-11 08:37:21,2026-01-11 08:44:21,2026-01-11 10:32:21,,--,,示例集团财务共享中心（本部）,通用报销单（费用报销）,非自动审批,1
A03,示例集团·丙公司,AP-2026-001089,付款单,通用报销单（费用报销）,人民币,15498.56,,--,2026-01-21,FSSC审核岗,应付成本组,审核员05,审核通过,2026-01-11 08:37:03,2026-01-11 08:37:21,2026-01-11 08:38:48,2026-01-11 09:49:21,,--,,示例集团财务共享中心（本部）,通用报销单（费用报销）,非自动审批,1
A03,示例集团·丙公司,AP-2026-001089,付款单,通用报销单（费用报销）,人民币,149789.84,,--,2026-01-21,FSSC审核岗,应付成本组,审核员05,审核通过,2026-01-11 08:37:03,2026-01-11 08:37:21,2026-01-11 08:39:43,2026-01-11 09:37:21,,--,,示例集团财务共享中心（本部）,通用报销单（费用报销）,非自动审批,1
A20,示例集团·子公司癸,AP-2026-001090,应付发票,应付付款单（服务费）,人民币,75431.32,,--,2026-02-26,FSSC审核岗,应付成本组,审核员03,审核通过,2026-04-24 18:01:51,2026-04-24 18:02:19,2026-04-24 18:02:08,2026-04-24 22:27:19,,--,,示例集团财务共享中心（本部）,应付付款单（服务费）,非自动审批,1
A20,示例集团·子公司癸,AP-2026-001090,应付发票,应付付款单（服务费）,人民币,38659.72,,--,2026-02-26,FSSC审核岗,应付成本组,审核员03,审核通过,2026-04-24 18:01:51,2026-04-24 18:02:19,2026-04-24 18:02:58,2026-04-24 22:06:19,,--,,示例集团财务共享中心（本部）,应付付款单（服务费）,非自动审批,1
A20,示例集团·子公司癸,AP-2026-001090,应付发票,应付付款单（服务费）,人民币,854214.49,,--,2026-02-26,FSSC审核岗,应付成本组,审核员03,审核通过,2026-04-24 18:01:51,2026-04-24 18:02:19,2026-04-24 18:04:34,2026-04-24 21:28:19,,--,,示例集团财务共享中心（本部）,应付付款单（服务费）,非自动审批,1
A10,示例集团·癸公司,AP-2026-001091,付款单,应付付款单（服务费）,人民币,69236.17,,--,2026-03-05,FSSC审核岗,应付成本组,审核员04,审核通过,2026-03-12 16:20:58,2026-03-12 16:21:48,2026-03-12 16:27:55,2026-03-12 19:12:48,,--,,示例集团财务共享中心（本部）,应付付款单（服务费）,非自动审批,1
A10,示例集团·癸公司,AP-2026-001091,付款单,应付付款单（服务费）,人民币,3867.74,,--,2026-03-05,FSSC审核岗,应付成本组,审核员04,审核通过,2026-03-12 16:20:58,2026-03-12 16:21:48,2026-03-12 16:29:40,2026-03-12 18:11:48,,--,,示例集团财务共享中心（本部）,应付付款单（服务费）,非自动审批,1
A01,示例集团·甲公司,AP-2026-001092,通用报销单,应付付款单（差旅费）,人民币,42707.38,,--,2026-05-14,FSSC审核岗,应付成本组,审核员07,审核通过,2026-05-06 15:15:07,2026-05-06 15:15:43,2026-05-06 15:23:57,2026-05-06 15:38:43,,--,,示例集团财务共享中心（本部）,应付付款单（差旅费）,非自动审批,1
A01,示例集团·甲公司,AP-2026-001092,通用报销单,应付付款单（差旅费）,人民币,240598.26,,--,2026-05-14,FSSC审核岗,应付成本组,审核员07,审核通过,2026-05-06 15:15:07,2026-05-06 15:15:43,2026-05-06 15:23:56,2026-05-06 17:27:43,,--,,示例集团财务共享中心（本部）,应付付款单（差旅费）,非自动审批,1
A13,示例集团·子公司丙,AP-2026-001093,付款单,应付付款单（材料采购）,人民币,16365.57,,--,2026-06-05,FSSC审核岗,应付成本组,审核员02,审核通过,2026-03-04 13:21:12,2026-03-04 13:21:33,2026-03-04 13:30:40,2026-03-04 16:58:33,,--,,示例集团财务共享中心（本部）,应付付款单（材料采购）,非自动审批,1
A13,示例集团·子公司丙,AP-2026-001093,付款单,应付付款单（材料采购）,人民币,229419.44,,--,2026-06-05,FSSC审核岗,应付成本组,审核员02,审核通过,2026-03-04 13:21:12,2026-03-04 13:21:33,2026-03-04 13:29:35,2026-03-04 16:31:33,,--,,示例集团财务共享中心（本部）,应付付款单（材料采购）,非自动审批,1
A12,示例集团·子公司乙,AP-2026-001095,付款单,应付付款单（服务费）,人民币,14812.64,,--,2026-02-27,FSSC审核岗,应付成本组,审核员02,审核通过,2026-03-26 12:29:28,2026-03-26 12:29:43,2026-03-26 12:38:51,2026-03-26 14:18:43,,--,,示例集团财务共享中心（本部）,应付付款单（服务费）,非自动审批,1
A01,示例集团·甲公司,AP-2026-001096,付款单,应付付款单（差旅费）,人民币,389003.31,,--,2026-03-18,FSSC审核岗,应付成本组,审核员06,审核通过,2026-04-13 12:48:37,2026-04-13 12:48:58,2026-04-13 12:49:01,2026-04-13 14:43:58,,--,,示例集团财务共享中心（本部）,应付付款单（差旅费）,非自动审批,1
A04,示例集团·丁公司,AP-2026-001097,应付发票,应付付款单（差旅费）,人民币,26860.35,,--,2026-05-24,FSSC审核岗,应付成本组,审核员01,审核通过,2026-01-02 15:05:45,2026-01-02 15:05:51,2026-01-02 15:13:08,2026-01-02 17:18:51,,--,,示例集团财务共享中心（本部）,应付付款单（差旅费）,非自动审批,1
A18,示例集团·子公司辛,AP-2026-001098,通用报销单,应付付款单（差旅费）,人民币,36588.61,,--,2026-02-17,FSSC审核岗,应付成本组,审核员03,审核驳回,2026-01-07 20:25:19,2026-01-07 20:26:50,2026-01-07 20:31:19,--,,--,,示例集团财务共享中心（本部）,应付付款单（差旅费）,非自动审批,1
A04,示例集团·丁公司,AP-2026-001099,付款单,应付付款单（材料采购）,人民币,32981.61,,--,2026-03-16,FSSC审核岗,应付成本组,审核员05,审核通过,2026-02-18 08:21:55,2026-02-18 08:23:38,2026-02-18 08:30:12,2026-02-18 13:42:38,,--,,示例集团财务共享中心（本部）,应付付款单（材料采购）,非自动审批,1
A04,示例集团·丁公司,AP-2026-001099,付款单,应付付款单（材料采购）,人民币,138196.76,,--,2026-03-16,FSSC审核岗,应付成本组,审核员05,审核通过,2026-02-18 08:21:55,2026-02-18 08:23:38,2026-02-18 08:29:41,2026-02-18 13:36:38,,--,,示例集团财务共享中心（本部）,应付付款单（材料采购）,非自动审批,1
A14,示例集团·子公司丁,AP-2026-001100,付款单,应付确认单（物料类）,人民币,791565.08,,--,2026-02-12,FSSC审核岗,应付成本组,审核员02,审核驳回,2026-03-08 10:45:25,2026-03-08 10:45:28,2026-03-08 10:51:53,--,,--,,示例集团财务共享中心（本部）,应付确认单（物料类）,非自动审批,1
A14,示例集团·子公司丁,AP-2026-001100,付款单,应付确认单（物料类）,人民币,61130.53,,--,2026-02-12,FSSC审核岗,应付成本组,审核员02,审核驳回,2026-03-08 10:45:25,2026-03-08 10:45:28,2026-03-08 10:54:59,--,,--,,示例集团财务共享中心（本部）,应付确认单（物料类）,非自动审批,1
A10,示例集团·癸公司,AP-2026-001101,应付发票,应付付款单（服务费）,人民币,58967.06,,--,2026-01-19,FSSC审核岗,应付成本组,审核员01,审核通过,2026-06-04 12:02:49,2026-06-04 12:04:13,2026-06-04 12:05:48,2026-06-04 14:23:13,,--,,示例集团财务共享中心（本部）,应付付款单（服务费）,非自动审批,1
A10,示例集团·癸公司,AP-2026-001101,应付发票,应付付款单（服务费）,人民币,26833.97,,--,2026-01-19,FSSC审核岗,应付成本组,审核员01,审核通过,2026-06-04 12:02:49,2026-06-04 12:04:13,2026-06-04 12:08:15,2026-06-04 14:12:13,,--,,示例集团财务共享中心（本部）,应付付款单（服务费）,非自动审批,1
A10,示例集团·癸公司,AP-2026-001102,应付发票,其他专项付款单,人民币,6134.69,,--,2026-05-09,FSSC审核岗,应付成本组,审核员05,审核驳回,2026-02-08 18:45:25,2026-02-08 18:47:06,2026-02-08 18:50:31,--,,--,,示例集团财务共享中心（本部）,其他专项付款单,非自动审批,1
A15,示例集团·子公司戊,AP-2026-001103,通用报销单,通用报销单（费用报销）,人民币,30855.42,,--,2026-01-16,FSSC审核岗,应付成本组,审核员05,审核通过,2026-06-03 11:30:06,2026-06-03 11:31:34,2026-06-03 11:33:57,2026-06-03 12:31:34,,--,,示例集团财务共享中心（本部）,通用报销单（费用报销）,非自动审批,1
A15,示例集团·子公司戊,AP-2026-001103,通用报销单,通用报销单（费用报销）,人民币,10274.25,,--,2026-01-16,FSSC审核岗,应付成本组,审核员05,审核通过,2026-06-03 11:30:06,2026-06-03 11:31:34,2026-06-03 11:33:24,2026-06-03 13:34:34,,--,,示例集团财务共享中心（本部）,通用报销单（费用报销）,非自动审批,1
A15,示例集团·子公司戊,AP-2026-001104,通用报销单,通用报销单（费用报销）,人民币,4263.12,,--,2026-01-16,FSSC审核岗,应付成本组,审核员02,审核通过,2026-06-16 17:17:30,2026-06-16 17:19:17,2026-06-16 17:23:42,2026-06-16 19:28:17,,--,,示例集团财务共享中心（本部）,通用报销单（费用报销）,非自动审批,1
A15,示例集团·子公司戊,AP-2026-001104,通用报销单,通用报销单（费用报销）,人民币,53755.71,,--,2026-01-16,FSSC审核岗,应付成本组,审核员02,审核通过,2026-06-16 17:17:30,2026-06-16 17:19:17,2026-06-16 17:24:43,2026-06-16 19:54:17,,--,,示例集团财务共享中心（本部）,通用报销单（费用报销）,非自动审批,1
A06,示例集团·己公司,AP-2026-001105,通用报销单,通用报销单（费用报销）,人民币,28011.4,,--,2026-04-15,FSSC审核岗,应付成本组,审核员07,审核通过,2026-01-23 12:11:24,2026-01-23 12:13:13,2026-01-23 12:12:40,2026-01-23 15:46:13,,--,,示例集团财务共享中心（本部）,通用报销单（费用报销）,非自动审批,1
A06,示例集团·己公司,AP-2026-001105,通用报销单,通用报销单（费用报销）,人民币,411350.7,,--,2026-04-15,FSSC审核岗,应付成本组,审核员07,审核通过,2026-01-23 12:11:24,2026-01-23 12:13:13,2026-01-23 12:16:37,2026-01-23 16:39:13,,--,,示例集团财务共享中心（本部）,通用报销单（费用报销）,非自动审批,1
A12,示例集团·子公司乙,AP-2026-001106,应付发票,应付付款单（差旅费）,人民币,18072.68,,--,2026-06-27,FSSC审核岗,应付成本组,审核员03,审核驳回,2026-04-22 08:41:34,2026-04-22 08:42:55,2026-04-22 08:47:24,--,,--,,示例集团财务共享中心（本部）,应付付款单（差旅费）,非自动审批,1
A18,示例集团·子公司辛,AP-2026-001108,通用报销单,通用报销单（费用报销）,人民币,153049.15,,--,2026-06-10,FSSC审核岗,应付成本组,审核员07,审核通过,2026-04-25 09:29:53,2026-04-25 09:30:39,2026-04-25 09:35:24,2026-04-25 13:21:39,,--,,示例集团财务共享中心（本部）,通用报销单（费用报销）,非自动审批,1
A01,示例集团·甲公司,AP-2026-001110,通用报销单,其他专项付款单,人民币,148918.09,,--,2026-03-06,FSSC审核岗,应付成本组,审核员01,审核通过,2026-06-22 17:18:01,2026-06-22 17:19:18,2026-06-22 17:20:01,2026-06-22 21:52:18,,--,,示例集团财务共享中心（本部）,其他专项付款单,非自动审批,1
A01,示例集团·甲公司,AP-2026-001110,通用报销单,其他专项付款单,人民币,389253.6,,--,2026-03-06,FSSC审核岗,应付成本组,审核员01,审核通过,2026-06-22 17:18:01,2026-06-22 17:19:18,2026-06-22 17:26:42,2026-06-22 21:02:18,,--,,示例集团财务共享中心（本部）,其他专项付款单,非自动审批,1
A06,示例集团·己公司,AP-2026-001111,付款单,应付付款单（差旅费）,人民币,46262.36,,--,2026-05-16,FSSC审核岗,应付成本组,审核员07,审核通过,2026-03-09 08:37:37,2026-03-09 08:39:09,2026-03-09 08:43:54,2026-03-09 10:41:09,,--,,示例集团财务共享中心（本部）,应付付款单（差旅费）,非自动审批,1
A06,示例集团·己公司,AP-2026-001111,付款单,应付付款单（差旅费）,人民币,379518.8,,--,2026-05-16,FSSC审核岗,应付成本组,审核员07,审核通过,2026-03-09 08:37:37,2026-03-09 08:39:09,2026-03-09 08:47:26,2026-03-09 09:57:09,,--,,示例集团财务共享中心（本部）,应付付款单（差旅费）,非自动审批,1
A01,示例集团·甲公司,AP-2026-001112,应付发票,应付付款单（服务费）,人民币,131311.2,,--,2026-06-06,FSSC审核岗,应付成本组,审核员05,审核通过,2026-04-26 19:35:50,2026-04-26 19:36:33,2026-04-26 19:41:35,2026-04-27 00:24:33,,--,,示例集团财务共享中心（本部）,应付付款单（服务费）,非自动审批,1
A01,示例集团·甲公司,AP-2026-001112,应付发票,应付付款单（服务费）,人民币,295079.03,,--,2026-06-06,FSSC审核岗,应付成本组,审核员05,审核通过,2026-04-26 19:35:50,2026-04-26 19:36:33,2026-04-26 19:43:01,2026-04-26 22:44:33,,--,,示例集团财务共享中心（本部）,应付付款单（服务费）,非自动审批,1
A03,示例集团·丙公司,AP-2026-001114,应付发票,应付付款单（差旅费）,人民币,1709684.55,,--,2026-01-18,FSSC审核岗,应付成本组,审核员01,审核通过,2026-01-05 11:00:00,2026-01-05 11:01:38,2026-01-05 11:03:54,2026-01-05 13:02:38,,--,,示例集团财务共享中心（本部）,应付付款单（差旅费）,非自动审批,1
A05,示例集团·戊公司,AP-2026-001115,应付发票,应付付款单（材料采购）,人民币,50386.94,,--,2026-01-08,FSSC审核岗,应付成本组,审核员06,审核通过,2026-06-18 19:32:54,2026-06-18 19:33:00,2026-06-18 19:36:10,2026-06-18 22:38:00,,--,,示例集团财务共享中心（本部）,应付付款单（材料采购）,非自动审批,1
A04,示例集团·丁公司,AP-2026-001116,付款单,通用报销单（费用报销）,人民币,76049.01,,--,2026-02-20,FSSC审核岗,应付成本组,审核员03,审核通过,2026-05-03 11:53:45,2026-05-03 11:55:40,2026-05-03 11:58:33,2026-05-03 16:16:40,,--,,示例集团财务共享中心（本部）,通用报销单（费用报销）,非自动审批,1
A04,示例集团·丁公司,AP-2026-001116,付款单,通用报销单（费用报销）,人民币,36078.68,,--,2026-02-20,FSSC审核岗,应付成本组,审核员03,审核通过,2026-05-03 11:53:45,2026-05-03 11:55:40,2026-05-03 11:58:17,2026-05-03 16:31:40,,--,,示例集团财务共享中心（本部）,通用报销单（费用报销）,非自动审批,1
A04,示例集团·丁公司,AP-2026-001116,付款单,通用报销单（费用报销）,人民币,518779.12,,--,2026-02-20,FSSC审核岗,应付成本组,审核员03,审核通过,2026-05-03 11:53:45,2026-05-03 11:55:40,2026-05-03 11:56:18,2026-05-03 15:21:40,,--,,示例集团财务共享中心（本部）,通用报销单（费用报销）,非自动审批,1
A09,示例集团·壬公司,AP-2026-001118,应付发票,其他专项付款单,人民币,2295620.84,,--,2026-01-20,FSSC审核岗,应付成本组,审核员02,审核驳回,2026-05-21 08:55:57,2026-05-21 08:56:35,2026-05-21 09:01:40,--,,--,,示例集团财务共享中心（本部）,其他专项付款单,非自动审批,1
A01,示例集团·甲公司,AP-2026-001120,应付发票,通用报销单（费用报销）,人民币,167348.06,,--,2026-03-04,FSSC审核岗,应付成本组,审核员04,审核通过,2026-06-11 17:12:24,2026-06-11 17:13:45,2026-06-11 17:20:45,2026-06-11 20:48:45,,--,,示例集团财务共享中心（本部）,通用报销单（费用报销）,非自动审批,1
A01,示例集团·甲公司,AP-2026-001120,应付发票,通用报销单（费用报销）,人民币,6284.78,,--,2026-03-04,FSSC审核岗,应付成本组,审核员04,审核通过,2026-06-11 17:12:24,2026-06-11 17:13:45,2026-06-11 17:18:51,2026-06-11 20:38:45,,--,,示例集团财务共享中心（本部）,通用报销单（费用报销）,非自动审批,1
A08,示例集团·辛公司,AP-2026-001121,通用报销单,应付确认单（物料类）,人民币,17389.92,,--,2026-02-18,FSSC审核岗,应付成本组,审核员05,审核通过,2026-02-17 14:37:04,2026-02-17 14:38:59,2026-02-17 14:39:27,2026-02-17 15:32:59,,--,,示例集团财务共享中心（本部）,应付确认单（物料类）,非自动审批,1
A08,示例集团·辛公司,AP-2026-001121,通用报销单,应付确认单（物料类）,人民币,303587.71,,--,2026-02-18,FSSC审核岗,应付成本组,审核员05,审核通过,2026-02-17 14:37:04,2026-02-17 14:38:59,2026-02-17 14:45:30,2026-02-17 15:53:59,,--,,示例集团财务共享中心（本部）,应付确认单（物料类）,非自动审批,1
A07,示例集团·庚公司,AP-2026-001122,通用报销单,应付付款单（服务费）,人民币,12063.03,,--,2026-01-02,FSSC审核岗,应付成本组,审核员05,审核驳回,2026-03-12 11:45:24,2026-03-12 11:47:18,2026-03-12 11:46:45,--,,--,,示例集团财务共享中心（本部）,应付付款单（服务费）,非自动审批,1
A07,示例集团·庚公司,AP-2026-001122,通用报销单,应付付款单（服务费）,人民币,25829.03,,--,2026-01-02,FSSC审核岗,应付成本组,审核员05,审核驳回,2026-03-12 11:45:24,2026-03-12 11:47:18,2026-03-12 11:50:25,--,,--,,示例集团财务共享中心（本部）,应付付款单（服务费）,非自动审批,1
A01,示例集团·甲公司,AP-2026-001124,应付发票,通用报销单（费用报销）,人民币,24591.33,,--,2026-04-26,FSSC审核岗,应付成本组,审核员05,审核通过,2026-01-19 12:11:22,2026-01-19 12:13:20,2026-01-19 12:12:30,2026-01-19 14:14:20,,--,,示例集团财务共享中心（本部）,通用报销单（费用报销）,非自动审批,1
A04,示例集团·丁公司,AP-2026-001125,应付发票,应付付款单（材料采购）,人民币,53744.11,,--,2026-03-14,FSSC审核岗,应付成本组,审核员03,审核通过,2026-01-27 20:59:40,2026-01-27 21:00:35,2026-01-27 21:00:37,2026-01-27 23:44:35,,--,,示例集团财务共享中心（本部）,应付付款单（材料采购）,非自动审批,1
A04,示例集团·丁公司,AP-2026-001125,应付发票,应付付款单（材料采购）,人民币,85767.4,,--,2026-03-14,FSSC审核岗,应付成本组,审核员03,审核通过,2026-01-27 20:59:40,2026-01-27 21:00:35,2026-01-27 21:01:09,2026-01-27 23:03:35,,--,,示例集团财务共享中心（本部）,应付付款单（材料采购）,非自动审批,1
A10,示例集团·癸公司,AP-2026-001126,应付发票,应付付款单（服务费）,人民币,4250.52,,--,2026-04-08,FSSC审核岗,应付成本组,审核员03,审核通过,2026-04-26 17:01:36,2026-04-26 17:02:08,2026-04-26 17:04:49,2026-04-26 19:53:08,,--,,示例集团财务共享中心（本部）,应付付款单（服务费）,非自动审批,1
A10,示例集团·癸公司,AP-2026-001127,应付发票,应付确认单（物料类）,人民币,7055.66,,--,2026-01-04,FSSC审核岗,应付成本组,审核员03,审核通过,2026-04-20 17:23:14,2026-04-20 17:23:21,2026-04-20 17:23:40,2026-04-20 18:46:21,,--,,示例集团财务共享中心（本部）,应付确认单（物料类）,非自动审批,1
A02,示例集团·乙公司,AP-2026-001128,付款单,应付付款单（服务费）,人民币,7295.39,,--,2026-01-15,FSSC审核岗,应付成本组,审核员06,审核通过,2026-05-23 18:30:45,2026-05-23 18:31:03,2026-05-23 18:33:27,2026-05-23 22:27:03,,--,,示例集团财务共享中心（本部）,应付付款单（服务费）,非自动审批,1
A02,示例集团·乙公司,AP-2026-001128,付款单,应付付款单（服务费）,人民币,8624.49,,--,2026-01-15,FSSC审核岗,应付成本组,审核员06,审核通过,2026-05-23 18:30:45,2026-05-23 18:31:03,2026-05-23 18:34:09,2026-05-23 23:05:03,,--,,示例集团财务共享中心（本部）,应付付款单（服务费）,非自动审批,1
A03,示例集团·丙公司,AP-2026-001129,应付发票,应付付款单（差旅费）,人民币,61231.05,,--,2026-01-28,FSSC审核岗,应付成本组,审核员01,审核通过,2026-02-18 20:34:05,2026-02-18 20:34:13,2026-02-18 20:40:33,2026-02-18 20:41:13,,--,,示例集团财务共享中心（本部）,应付付款单（差旅费）,非自动审批,1
A03,示例集团·丙公司,AP-2026-001129,应付发票,应付付款单（差旅费）,人民币,78622.19,,--,2026-01-28,FSSC审核岗,应付成本组,审核员01,审核通过,2026-02-18 20:34:05,2026-02-18 20:34:13,2026-02-18 20:35:44,2026-02-18 22:08:13,,--,,示例集团财务共享中心（本部）,应付付款单（差旅费）,非自动审批,1
A03,示例集团·丙公司,AP-2026-001129,应付发票,应付付款单（差旅费）,人民币,247324.85,,--,2026-01-28,FSSC审核岗,应付成本组,审核员01,审核通过,2026-02-18 20:34:05,2026-02-18 20:34:13,2026-02-18 20:39:27,2026-02-18 21:49:13,,--,,示例集团财务共享中心（本部）,应付付款单（差旅费）,非自动审批,1
A19,示例集团·子公司壬,AP-2026-001130,应付发票,应付付款单（差旅费）,人民币,130209.66,,--,2026-04-18,FSSC审核岗,应付成本组,审核员04,审核通过,2026-04-03 10:37:35,2026-04-03 10:38:21,2026-04-03 10:47:15,2026-04-03 13:06:21,,--,,示例集团财务共享中心（本部）,应付付款单（差旅费）,非自动审批,1
A08,示例集团·辛公司,AP-2026-001132,通用报销单,应付付款单（服务费）,人民币,26498.4,,--,2026-06-18,FSSC审核岗,应付成本组,审核员07,审核通过,2026-02-12 18:10:40,2026-02-12 18:11:46,2026-02-12 18:16:26,2026-02-12 19:22:46,,--,,示例集团财务共享中心（本部）,应付付款单（服务费）,非自动审批,1
A08,示例集团·辛公司,AP-2026-001132,通用报销单,应付付款单（服务费）,人民币,82611.12,,--,2026-06-18,FSSC审核岗,应付成本组,审核员07,审核通过,2026-02-12 18:10:40,2026-02-12 18:11:46,2026-02-12 18:11:45,2026-02-12 20:54:46,,--,,示例集团财务共享中心（本部）,应付付款单（服务费）,非自动审批,1
A08,示例集团·辛公司,AP-2026-001132,通用报销单,应付付款单（服务费）,人民币,261952.76,,--,2026-06-18,FSSC审核岗,应付成本组,审核员07,审核通过,2026-02-12 18:10:40,2026-02-12 18:11:46,2026-02-12 18:20:08,2026-02-12 19:56:46,,--,,示例集团财务共享中心（本部）,应付付款单（服务费）,非自动审批,1
A13,示例集团·子公司丙,AP-2026-001133,付款单,应付付款单（服务费）,人民币,43549.97,,--,2026-04-09,FSSC审核岗,应付成本组,审核员06,审核通过,2026-03-14 12:20:05,2026-03-14 12:20:42,2026-03-14 12:25:16,2026-03-14 16:44:42,,--,,示例集团财务共享中心（本部）,应付付款单（服务费）,非自动审批,1
A16,示例集团·子公司己,AP-2026-001134,通用报销单,应付确认单（物料类）,人民币,38770.46,,--,2026-02-15,FSSC审核岗,应付成本组,审核员05,审核通过,2026-06-20 20:48:18,2026-06-20 20:49:46,2026-06-20 20:48:52,2026-06-20 23:35:46,,--,,示例集团财务共享中心（本部）,应付确认单（物料类）,非自动审批,1
A16,示例集团·子公司己,AP-2026-001134,通用报销单,应付确认单（物料类）,人民币,15947.54,,--,2026-02-15,FSSC审核岗,应付成本组,审核员05,审核通过,2026-06-20 20:48:18,2026-06-20 20:49:46,2026-06-20 20:55:56,2026-06-21 00:33:46,,--,,示例集团财务共享中心（本部）,应付确认单（物料类）,非自动审批,1
A10,示例集团·癸公司,AP-2026-001135,应付发票,应付付款单（差旅费）,人民币,19404.18,,--,2026-01-21,FSSC审核岗,应付成本组,审核员03,审核通过,2026-03-16 10:02:08,2026-03-16 10:03:55,2026-03-16 10:09:06,2026-03-16 13:22:55,,--,,示例集团财务共享中心（本部）,应付付款单（差旅费）,非自动审批,1
A10,示例集团·癸公司,AP-2026-001135,应付发票,应付付款单（差旅费）,人民币,156342.44,,--,2026-01-21,FSSC审核岗,应付成本组,审核员03,审核通过,2026-03-16 10:02:08,2026-03-16 10:03:55,2026-03-16 10:08:59,2026-03-16 13:15:55,,--,,示例集团财务共享中心（本部）,应付付款单（差旅费）,非自动审批,1
A07,示例集团·庚公司,AP-2026-001136,通用报销单,应付付款单（材料采购）,人民币,59554.42,,--,2026-03-20,FSSC审核岗,应付成本组,审核员06,审核驳回,2026-01-27 08:17:07,2026-01-27 08:18:29,2026-01-27 08:26:52,--,,--,,示例集团财务共享中心（本部）,应付付款单（材料采购）,非自动审批,1
A07,示例集团·庚公司,AP-2026-001136,通用报销单,应付付款单（材料采购）,人民币,928891.69,,--,2026-03-20,FSSC审核岗,应付成本组,审核员06,审核驳回,2026-01-27 08:17:07,2026-01-27 08:18:29,2026-01-27 08:21:04,--,,--,,示例集团财务共享中心（本部）,应付付款单（材料采购）,非自动审批,1
A07,示例集团·庚公司,AP-2026-001136,通用报销单,应付付款单（材料采购）,人民币,23216.3,,--,2026-03-20,FSSC审核岗,应付成本组,审核员06,审核驳回,2026-01-27 08:17:07,2026-01-27 08:18:29,2026-01-27 08:24:38,--,,--,,示例集团财务共享中心（本部）,应付付款单（材料采购）,非自动审批,1
A03,示例集团·丙公司,AP-2026-001137,通用报销单,应付确认单（物料类）,人民币,173845.53,,--,2026-06-02,FSSC审核岗,应付成本组,审核员03,审核通过,2026-06-24 09:32:50,2026-06-24 09:34:42,2026-06-24 09:42:38,2026-06-24 12:38:42,,--,,示例集团财务共享中心（本部）,应付确认单（物料类）,非自动审批,1
A03,示例集团·丙公司,AP-2026-001138,通用报销单,应付付款单（服务费）,人民币,102844.44,,--,2026-01-22,FSSC审核岗,应付成本组,审核员02,审核通过,2026-05-14 08:52:48,2026-05-14 08:54:33,2026-05-14 08:59:56,2026-05-14 12:16:33,,--,,示例集团财务共享中心（本部）,应付付款单（服务费）,非自动审批,1
A03,示例集团·丙公司,AP-2026-001138,通用报销单,应付付款单（服务费）,人民币,52832.18,,--,2026-01-22,FSSC审核岗,应付成本组,审核员02,审核通过,2026-05-14 08:52:48,2026-05-14 08:54:33,2026-05-14 08:55:40,2026-05-14 13:04:33,,--,,示例集团财务共享中心（本部）,应付付款单（服务费）,非自动审批,1
A03,示例集团·丙公司,AP-2026-001138,通用报销单,应付付款单（服务费）,人民币,32542.34,,--,2026-01-22,FSSC审核岗,应付成本组,审核员02,审核通过,2026-05-14 08:52:48,2026-05-14 08:54:33,2026-05-14 08:59:02,2026-05-14 13:07:33,,--,,示例集团财务共享中心（本部）,应付付款单（服务费）,非自动审批,1
A05,示例集团·戊公司,AP-2026-001139,通用报销单,其他专项付款单,人民币,138710.27,,--,2026-04-21,FSSC审核岗,应付成本组,审核员01,审核通过,2026-03-26 19:42:36,2026-03-26 19:43:59,2026-03-26 19:48:20,2026-03-26 22:59:59,,--,,示例集团财务共享中心（本部）,其他专项付款单,非自动审批,1
A05,示例集团·戊公司,AP-2026-001139,通用报销单,其他专项付款单,人民币,127994.59,,--,2026-04-21,FSSC审核岗,应付成本组,审核员01,审核通过,2026-03-26 19:42:36,2026-03-26 19:43:59,2026-03-26 19:45:51,2026-03-26 22:59:59,,--,,示例集团财务共享中心（本部）,其他专项付款单,非自动审批,1
A05,示例集团·戊公司,AP-2026-001139,通用报销单,其他专项付款单,人民币,79442.11,,--,2026-04-21,FSSC审核岗,应付成本组,审核员01,审核通过,2026-03-26 19:42:36,2026-03-26 19:43:59,2026-03-26 19:50:03,2026-03-26 22:38:59,,--,,示例集团财务共享中心（本部）,其他专项付款单,非自动审批,1
A13,示例集团·子公司丙,AP-2026-001140,应付发票,通用报销单（费用报销）,人民币,108650.13,,--,2026-02-19,FSSC审核岗,应付成本组,审核员06,审核通过,2026-03-17 16:50:06,2026-03-17 16:52:00,2026-03-17 16:56:42,2026-03-17 20:57:00,,--,,示例集团财务共享中心（本部）,通用报销单（费用报销）,非自动审批,1
A12,示例集团·子公司乙,AP-2026-001141,付款单,应付付款单（材料采购）,人民币,63012.06,,--,2026-06-22,FSSC审核岗,应付成本组,审核员06,审核通过,2026-05-08 08:52:01,2026-05-08 08:53:35,2026-05-08 08:55:46,2026-05-08 13:11:35,,--,,示例集团财务共享中心（本部）,应付付款单（材料采购）,非自动审批,1
A14,示例集团·子公司丁,AP-2026-001142,通用报销单,应付付款单（服务费）,人民币,6017.02,,--,2026-04-19,FSSC审核岗,应付成本组,审核员05,审核通过,2026-03-08 11:36:57,2026-03-08 11:37:17,2026-03-08 11:42:42,2026-03-08 13:04:17,,--,,示例集团财务共享中心（本部）,应付付款单（服务费）,非自动审批,1
A16,示例集团·子公司己,AP-2026-001143,通用报销单,其他专项付款单,人民币,67381.31,,--,2026-04-17,FSSC审核岗,应付成本组,审核员07,审核通过,2026-02-23 17:36:13,2026-02-23 17:36:35,2026-02-23 17:44:42,2026-02-23 18:46:35,,--,,示例集团财务共享中心（本部）,其他专项付款单,非自动审批,1
A14,示例集团·子公司丁,AP-2026-001144,付款单,应付付款单（材料采购）,人民币,41110.94,,--,2026-06-13,FSSC审核岗,应付成本组,审核员05,审核通过,2026-03-04 08:58:34,2026-03-04 09:00:22,2026-03-04 09:05:46,2026-03-04 13:40:22,,--,,示例集团财务共享中心（本部）,应付付款单（材料采购）,非自动审批,1
A14,示例集团·子公司丁,AP-2026-001144,付款单,应付付款单（材料采购）,人民币,913228.06,,--,2026-06-13,FSSC审核岗,应付成本组,审核员05,审核通过,2026-03-04 08:58:34,2026-03-04 09:00:22,2026-03-04 09:07:57,2026-03-04 13:27:22,,--,,示例集团财务共享中心（本部）,应付付款单（材料采购）,非自动审批,1
A06,示例集团·己公司,AP-2026-001145,应付发票,其他专项付款单,人民币,145326.74,,--,2026-01-13,FSSC审核岗,应付成本组,审核员02,审核通过,2026-03-02 19:16:33,2026-03-02 19:17:11,2026-03-02 19:19:32,2026-03-02 21:40:11,,--,,示例集团财务共享中心（本部）,其他专项付款单,非自动审批,1
A06,示例集团·己公司,AP-2026-001145,应付发票,其他专项付款单,人民币,79388.82,,--,2026-01-13,FSSC审核岗,应付成本组,审核员02,审核通过,2026-03-02 19:16:33,2026-03-02 19:17:11,2026-03-02 19:17:39,2026-03-02 22:13:11,,--,,示例集团财务共享中心（本部）,其他专项付款单,非自动审批,1
A06,示例集团·己公司,AP-2026-001145,应付发票,其他专项付款单,人民币,114457.87,,--,2026-01-13,FSSC审核岗,应付成本组,审核员02,审核通过,2026-03-02 19:16:33,2026-03-02 19:17:11,2026-03-02 19:21:19,2026-03-02 21:39:11,,--,,示例集团财务共享中心（本部）,其他专项付款单,非自动审批,1
A10,示例集团·癸公司,AP-2026-001146,应付发票,通用报销单（费用报销）,人民币,14294.56,,--,2026-04-25,FSSC审核岗,应付成本组,审核员06,审核通过,2026-04-07 13:20:22,2026-04-07 13:21:38,2026-04-07 13:24:38,2026-04-07 15:15:38,,--,,示例集团财务共享中心（本部）,通用报销单（费用报销）,非自动审批,1
A10,示例集团·癸公司,AP-2026-001146,应付发票,通用报销单（费用报销）,人民币,25497.2,,--,2026-04-25,FSSC审核岗,应付成本组,审核员06,审核通过,2026-04-07 13:20:22,2026-04-07 13:21:38,2026-04-07 13:24:49,2026-04-07 16:35:38,,--,,示例集团财务共享中心（本部）,通用报销单（费用报销）,非自动审批,1
A10,示例集团·癸公司,AP-2026-001146,应付发票,通用报销单（费用报销）,人民币,37469.99,,--,2026-04-25,FSSC审核岗,应付成本组,审核员06,审核通过,2026-04-07 13:20:22,2026-04-07 13:21:38,2026-04-07 13:27:52,2026-04-07 15:36:38,,--,,示例集团财务共享中心（本部）,通用报销单（费用报销）,非自动审批,1
A05,示例集团·戊公司,AP-2026-001147,付款单,其他专项付款单,人民币,103134.73,,--,2026-06-01,FSSC审核岗,应付成本组,审核员07,审核通过,2026-04-09 13:48:02,2026-04-09 13:48:59,2026-04-09 13:54:13,2026-04-09 14:21:59,,--,,示例集团财务共享中心（本部）,其他专项付款单,非自动审批,1
A04,示例集团·丁公司,AP-2026-001148,应付发票,通用报销单（费用报销）,人民币,32576.51,,--,2026-01-21,FSSC审核岗,应付成本组,审核员01,审核通过,2026-04-10 09:45:51,2026-04-10 09:47:39,2026-04-10 09:52:36,2026-04-10 10:57:39,,--,,示例集团财务共享中心（本部）,通用报销单（费用报销）,非自动审批,1
A04,示例集团·丁公司,AP-2026-001148,应付发票,通用报销单（费用报销）,人民币,29672.8,,--,2026-01-21,FSSC审核岗,应付成本组,审核员01,审核通过,2026-04-10 09:45:51,2026-04-10 09:47:39,2026-04-10 09:55:20,2026-04-10 10:52:39,,--,,示例集团财务共享中心（本部）,通用报销单（费用报销）,非自动审批,1
A10,示例集团·癸公司,AP-2026-001149,通用报销单,应付付款单（材料采购）,人民币,13426.57,,--,2026-06-01,FSSC审核岗,应付成本组,审核员04,审核通过,2026-04-25 11:28:02,2026-04-25 11:28:28,2026-04-25 11:34:57,2026-04-25 13:06:28,,--,,示例集团财务共享中心（本部）,应付付款单（材料采购）,非自动审批,1
A10,示例集团·癸公司,AP-2026-001149,通用报销单,应付付款单（材料采购）,人民币,62017.35,,--,2026-06-01,FSSC审核岗,应付成本组,审核员04,审核通过,2026-04-25 11:28:02,2026-04-25 11:28:28,2026-04-25 11:36:46,2026-04-25 14:29:28,,--,,示例集团财务共享中心（本部）,应付付款单（材料采购）,非自动审批,1
A10,示例集团·癸公司,AP-2026-001149,通用报销单,应付付款单（材料采购）,人民币,75492.81,,--,2026-06-01,FSSC审核岗,应付成本组,审核员04,审核通过,2026-04-25 11:28:02,2026-04-25 11:28:28,2026-04-25 11:37:34,2026-04-25 13:34:28,,--,,示例集团财务共享中心（本部）,应付付款单（材料采购）,非自动审批,1
A10,示例集团·癸公司,AP-2026-001150,通用报销单,应付付款单（材料采购）,人民币,109090.45,,--,2026-03-18,FSSC审核岗,应付成本组,审核员04,审核通过,2026-03-21 17:08:04,2026-03-21 17:09:32,2026-03-21 17:17:06,2026-03-21 21:29:32,,--,,示例集团财务共享中心（本部）,应付付款单（材料采购）,非自动审批,1
A10,示例集团·癸公司,AP-2026-001150,通用报销单,应付付款单（材料采购）,人民币,22597.11,,--,2026-03-18,FSSC审核岗,应付成本组,审核员04,审核通过,2026-03-21 17:08:04,2026-03-21 17:09:32,2026-03-21 17:17:08,2026-03-21 21:00:32,,--,,示例集团财务共享中心（本部）,应付付款单（材料采购）,非自动审批,1
A10,示例集团·癸公司,AP-2026-001150,通用报销单,应付付款单（材料采购）,人民币,100617.96,,--,2026-03-18,FSSC审核岗,应付成本组,审核员04,审核通过,2026-03-21 17:08:04,2026-03-21 17:09:32,2026-03-21 17:11:07,2026-03-21 20:34:32,,--,,示例集团财务共享中心（本部）,应付付款单（材料采购）,非自动审批,1
A11,示例集团·子公司甲,AP-2026-001151,通用报销单,应付付款单（材料采购）,人民币,13955.32,,--,2026-04-28,FSSC审核岗,应付成本组,审核员03,审核通过,2026-02-13 08:44:54,2026-02-13 08:45:11,2026-02-13 08:49:24,2026-02-13 10:45:11,,--,,示例集团财务共享中心（本部）,应付付款单（材料采购）,非自动审批,1
A11,示例集团·子公司甲,AP-2026-001151,通用报销单,应付付款单（材料采购）,人民币,44060.14,,--,2026-04-28,FSSC审核岗,应付成本组,审核员03,审核通过,2026-02-13 08:44:54,2026-02-13 08:45:11,2026-02-13 08:45:23,2026-02-13 10:28:11,,--,,示例集团财务共享中心（本部）,应付付款单（材料采购）,非自动审批,1
A11,示例集团·子公司甲,AP-2026-001151,通用报销单,应付付款单（材料采购）,人民币,91326.93,,--,2026-04-28,FSSC审核岗,应付成本组,审核员03,审核通过,2026-02-13 08:44:54,2026-02-13 08:45:11,2026-02-13 08:49:15,2026-02-13 10:19:11,,--,,示例集团财务共享中心（本部）,应付付款单（材料采购）,非自动审批,1
A06,示例集团·己公司,AP-2026-001152,付款单,应付付款单（差旅费）,人民币,41681.09,,--,2026-01-01,FSSC审核岗,应付成本组,审核员02,审核通过,2026-05-28 08:49:34,2026-05-28 08:50:22,2026-05-28 08:55:52,2026-05-28 09:37:22,,--,,示例集团财务共享中心（本部）,应付付款单（差旅费）,非自动审批,1
A06,示例集团·己公司,AP-2026-001152,付款单,应付付款单（差旅费）,人民币,6723.86,,--,2026-01-01,FSSC审核岗,应付成本组,审核员02,审核通过,2026-05-28 08:49:34,2026-05-28 08:50:22,2026-05-28 08:58:36,2026-05-28 10:21:22,,--,,示例集团财务共享中心（本部）,应付付款单（差旅费）,非自动审批,1
A06,示例集团·己公司,AP-2026-001152,付款单,应付付款单（差旅费）,人民币,7945.13,,--,2026-01-01,FSSC审核岗,应付成本组,审核员02,审核通过,2026-05-28 08:49:34,2026-05-28 08:50:22,2026-05-28 08:55:15,2026-05-28 10:20:22,,--,,示例集团财务共享中心（本部）,应付付款单（差旅费）,非自动审批,1
A18,示例集团·子公司辛,AP-2026-001153,通用报销单,应付付款单（差旅费）,人民币,81572.94,,--,2026-04-10,FSSC审核岗,应付成本组,审核员04,审核通过,2026-03-24 10:31:43,2026-03-24 10:33:01,2026-03-24 10:36:59,2026-03-24 11:56:01,,--,,示例集团财务共享中心（本部）,应付付款单（差旅费）,非自动审批,1
A01,示例集团·甲公司,AP-2026-001155,应付发票,应付付款单（材料采购）,人民币,134795.2,,--,2026-04-12,FSSC审核岗,应付成本组,审核员05,审核通过,2026-01-02 13:28:22,2026-01-02 13:28:39,2026-01-02 13:32:25,2026-01-02 14:59:39,,--,,示例集团财务共享中心（本部）,应付付款单（材料采购）,非自动审批,1
A01,示例集团·甲公司,AP-2026-001155,应付发票,应付付款单（材料采购）,人民币,96282.66,,--,2026-04-12,FSSC审核岗,应付成本组,审核员05,审核通过,2026-01-02 13:28:22,2026-01-02 13:28:39,2026-01-02 13:32:32,2026-01-02 15:21:39,,--,,示例集团财务共享中心（本部）,应付付款单（材料采购）,非自动审批,1
A01,示例集团·甲公司,AP-2026-001155,应付发票,应付付款单（材料采购）,人民币,139419.0,,--,2026-04-12,FSSC审核岗,应付成本组,审核员05,审核通过,2026-01-02 13:28:22,2026-01-02 13:28:39,2026-01-02 13:30:15,2026-01-02 14:39:39,,--,,示例集团财务共享中心（本部）,应付付款单（材料采购）,非自动审批,1
A09,示例集团·壬公司,AP-2026-001156,应付发票,应付付款单（差旅费）,人民币,40426.49,,--,2026-06-03,FSSC审核岗,应付成本组,审核员06,审核通过,2026-03-23 13:26:21,2026-03-23 13:27:20,2026-03-23 13:28:35,2026-03-23 15:02:20,,--,,示例集团财务共享中心（本部）,应付付款单（差旅费）,非自动审批,1
A15,示例集团·子公司戊,AP-2026-001157,付款单,应付付款单（服务费）,人民币,168353.07,,--,2026-04-26,FSSC审核岗,应付成本组,审核员07,审核通过,2026-03-03 15:34:40,2026-03-03 15:36:25,2026-03-03 15:39:24,2026-03-03 18:50:25,,--,,示例集团财务共享中心（本部）,应付付款单（服务费）,非自动审批,1
A20,示例集团·子公司癸,AP-2026-001158,付款单,应付确认单（物料类）,人民币,95844.67,,--,2026-05-18,FSSC审核岗,应付成本组,审核员07,审核通过,2026-02-01 15:04:54,2026-02-01 15:05:39,2026-02-01 15:07:22,2026-02-01 18:52:39,,--,,示例集团财务共享中心（本部）,应付确认单（物料类）,非自动审批,1
A18,示例集团·子公司辛,AP-2026-001159,应付发票,应付付款单（材料采购）,人民币,24459.17,,--,2026-03-26,FSSC审核岗,应付成本组,审核员06,审核通过,2026-03-03 13:11:33,2026-03-03 13:13:09,2026-03-03 13:20:08,2026-03-03 14:29:09,,--,,示例集团财务共享中心（本部）,应付付款单（材料采购）,非自动审批,1
A02,示例集团·乙公司,AP-2026-001160,通用报销单,其他专项付款单,人民币,123036.36,,--,2026-06-14,FSSC审核岗,应付成本组,审核员01,审核驳回,2026-01-01 08:31:14,2026-01-01 08:32:44,2026-01-01 08:40:48,--,,--,,示例集团财务共享中心（本部）,其他专项付款单,非自动审批,1
A11,示例集团·子公司甲,AP-2026-001161,付款单,应付付款单（服务费）,人民币,90623.63,,--,2026-02-18,FSSC审核岗,应付成本组,审核员03,审核通过,2026-04-28 14:22:47,2026-04-28 14:23:20,2026-04-28 14:25:38,2026-04-28 15:56:20,,--,,示例集团财务共享中心（本部）,应付付款单（服务费）,非自动审批,1
A15,示例集团·子公司戊,AP-2026-001162,付款单,应付付款单（材料采购）,人民币,622495.53,,--,2026-05-10,FSSC审核岗,应付成本组,审核员02,审核通过,2026-04-07 20:46:54,2026-04-07 20:46:59,2026-04-07 20:48:22,2026-04-07 22:43:59,,--,,示例集团财务共享中心（本部）,应付付款单（材料采购）,非自动审批,1
A08,示例集团·辛公司,AP-2026-001163,付款单,应付付款单（差旅费）,人民币,412936.02,,--,2026-03-07,FSSC审核岗,应付成本组,审核员07,审核通过,2026-02-12 15:17:22,2026-02-12 15:19:15,2026-02-12 15:23:47,2026-02-12 16:45:15,,--,,示例集团财务共享中心（本部）,应付付款单（差旅费）,非自动审批,1
A08,示例集团·辛公司,AP-2026-001163,付款单,应付付款单（差旅费）,人民币,52615.97,,--,2026-03-07,FSSC审核岗,应付成本组,审核员07,审核通过,2026-02-12 15:17:22,2026-02-12 15:19:15,2026-02-12 15:18:03,2026-02-12 16:22:15,,--,,示例集团财务共享中心（本部）,应付付款单（差旅费）,非自动审批,1
A08,示例集团·辛公司,AP-2026-001163,付款单,应付付款单（差旅费）,人民币,33364.48,,--,2026-03-07,FSSC审核岗,应付成本组,审核员07,审核通过,2026-02-12 15:17:22,2026-02-12 15:19:15,2026-02-12 15:20:08,2026-02-12 16:52:15,,--,,示例集团财务共享中心（本部）,应付付款单（差旅费）,非自动审批,1
A13,示例集团·子公司丙,AP-2026-001164,通用报销单,应付付款单（差旅费）,人民币,531126.63,,--,2026-04-24,FSSC审核岗,应付成本组,审核员04,审核通过,2026-03-19 16:15:02,2026-03-19 16:16:57,2026-03-19 16:17:47,2026-03-19 18:01:57,,--,,示例集团财务共享中心（本部）,应付付款单（差旅费）,非自动审批,1
A13,示例集团·子公司丙,AP-2026-001164,通用报销单,应付付款单（差旅费）,人民币,129593.17,,--,2026-04-24,FSSC审核岗,应付成本组,审核员04,审核通过,2026-03-19 16:15:02,2026-03-19 16:16:57,2026-03-19 16:16:26,2026-03-19 19:32:57,,--,,示例集团财务共享中心（本部）,应付付款单（差旅费）,非自动审批,1
A11,示例集团·子公司甲,AP-2026-001165,通用报销单,应付付款单（差旅费）,人民币,46919.71,,--,2026-04-21,FSSC审核岗,应付成本组,审核员07,审核通过,2026-01-05 16:03:43,2026-01-05 16:03:50,2026-01-05 16:07:35,2026-01-05 19:25:50,,--,,示例集团财务共享中心（本部）,应付付款单（差旅费）,非自动审批,1
A11,示例集团·子公司甲,AP-2026-001165,通用报销单,应付付款单（差旅费）,人民币,3697.14,,--,2026-04-21,FSSC审核岗,应付成本组,审核员07,审核通过,2026-01-05 16:03:43,2026-01-05 16:03:50,2026-01-05 16:05:01,2026-01-05 18:36:50,,--,,示例集团财务共享中心（本部）,应付付款单（差旅费）,非自动审批,1
A07,示例集团·庚公司,AP-2026-001166,应付发票,其他专项付款单,人民币,20791.53,,--,2026-01-13,FSSC审核岗,应付成本组,审核员03,审核通过,2026-05-06 19:52:39,2026-05-06 19:52:44,2026-05-06 20:02:15,2026-05-06 22:34:44,,--,,示例集团财务共享中心（本部）,其他专项付款单,非自动审批,1
A07,示例集团·庚公司,AP-2026-001166,应付发票,其他专项付款单,人民币,18863.06,,--,2026-01-13,FSSC审核岗,应付成本组,审核员03,审核通过,2026-05-06 19:52:39,2026-05-06 19:52:44,2026-05-06 19:54:10,2026-05-06 22:33:44,,--,,示例集团财务共享中心（本部）,其他专项付款单,非自动审批,1
A07,示例集团·庚公司,AP-2026-001166,应付发票,其他专项付款单,人民币,48779.58,,--,2026-01-13,FSSC审核岗,应付成本组,审核员03,审核通过,2026-05-06 19:52:39,2026-05-06 19:52:44,2026-05-06 20:01:05,2026-05-06 22:17:44,,--,,示例集团财务共享中心（本部）,其他专项付款单,非自动审批,1
A07,示例集团·庚公司,AP-2026-001167,通用报销单,应付付款单（材料采购）,人民币,142333.14,,--,2026-06-20,FSSC审核岗,应付成本组,审核员01,审核驳回,2026-02-04 09:07:19,2026-02-04 09:08:24,2026-02-04 09:16:51,--,,--,,示例集团财务共享中心（本部）,应付付款单（材料采购）,非自动审批,1
A08,示例集团·辛公司,AP-2026-001168,应付发票,其他专项付款单,人民币,176266.88,,--,2026-06-06,FSSC审核岗,应付成本组,审核员05,审核通过,2026-05-23 17:24:13,2026-05-23 17:24:54,2026-05-23 17:32:38,2026-05-23 18:57:54,,--,,示例集团财务共享中心（本部）,其他专项付款单,非自动审批,1
A08,示例集团·辛公司,AP-2026-001168,应付发票,其他专项付款单,人民币,488966.84,,--,2026-06-06,FSSC审核岗,应付成本组,审核员05,审核通过,2026-05-23 17:24:13,2026-05-23 17:24:54,2026-05-23 17:24:58,2026-05-23 20:20:54,,--,,示例集团财务共享中心（本部）,其他专项付款单,非自动审批,1
A02,示例集团·乙公司,AP-2026-001170,付款单,其他专项付款单,人民币,220566.42,,--,2026-05-12,FSSC审核岗,应付成本组,审核员02,审核通过,2026-04-22 17:17:09,2026-04-22 17:19:03,2026-04-22 17:17:37,2026-04-22 21:53:03,,--,,示例集团财务共享中心（本部）,其他专项付款单,非自动审批,1
A02,示例集团·乙公司,AP-2026-001170,付款单,其他专项付款单,人民币,9694.8,,--,2026-05-12,FSSC审核岗,应付成本组,审核员02,审核通过,2026-04-22 17:17:09,2026-04-22 17:19:03,2026-04-22 17:21:29,2026-04-22 20:11:03,,--,,示例集团财务共享中心（本部）,其他专项付款单,非自动审批,1
A02,示例集团·乙公司,AP-2026-001170,付款单,其他专项付款单,人民币,253219.15,,--,2026-05-12,FSSC审核岗,应付成本组,审核员02,审核通过,2026-04-22 17:17:09,2026-04-22 17:19:03,2026-04-22 17:25:06,2026-04-22 21:01:03,,--,,示例集团财务共享中心（本部）,其他专项付款单,非自动审批,1
A08,示例集团·辛公司,AP-2026-001171,通用报销单,其他专项付款单,人民币,677831.89,,--,2026-03-18,FSSC审核岗,应付成本组,审核员04,审核通过,2026-06-23 19:38:07,2026-06-23 19:39:30,2026-06-23 19:48:06,2026-06-23 21:17:30,,--,,示例集团财务共享中心（本部）,其他专项付款单,非自动审批,1
A08,示例集团·辛公司,AP-2026-001171,通用报销单,其他专项付款单,人民币,632434.1,,--,2026-03-18,FSSC审核岗,应付成本组,审核员04,审核通过,2026-06-23 19:38:07,2026-06-23 19:39:30,2026-06-23 19:38:31,2026-06-23 19:48:30,,--,,示例集团财务共享中心（本部）,其他专项付款单,非自动审批,1
A03,示例集团·丙公司,AP-2026-001172,通用报销单,应付确认单（物料类）,人民币,10959.82,,--,2026-05-10,FSSC审核岗,应付成本组,审核员02,审核通过,2026-02-07 19:57:45,2026-02-07 19:57:46,2026-02-07 19:59:42,2026-02-07 22:33:46,,--,,示例集团财务共享中心（本部）,应付确认单（物料类）,非自动审批,1
A03,示例集团·丙公司,AP-2026-001172,通用报销单,应付确认单（物料类）,人民币,45819.49,,--,2026-05-10,FSSC审核岗,应付成本组,审核员02,审核通过,2026-02-07 19:57:45,2026-02-07 19:57:46,2026-02-07 19:59:16,2026-02-07 22:09:46,,--,,示例集团财务共享中心（本部）,应付确认单（物料类）,非自动审批,1
A03,示例集团·丙公司,AP-2026-001172,通用报销单,应付确认单（物料类）,人民币,229891.62,,--,2026-05-10,FSSC审核岗,应付成本组,审核员02,审核通过,2026-02-07 19:57:45,2026-02-07 19:57:46,2026-02-07 20:04:20,2026-02-07 23:01:46,,--,,示例集团财务共享中心（本部）,应付确认单（物料类）,非自动审批,1
A07,示例集团·庚公司,AP-2026-001173,应付发票,通用报销单（费用报销）,人民币,11829.12,,--,2026-01-03,FSSC审核岗,应付成本组,审核员02,审核通过,2026-02-20 09:15:03,2026-02-20 09:16:56,2026-02-20 09:18:11,2026-02-20 12:32:56,,--,,示例集团财务共享中心（本部）,通用报销单（费用报销）,非自动审批,1
A15,示例集团·子公司戊,AP-2026-001174,应付发票,应付付款单（材料采购）,人民币,5351.43,,--,2026-03-02,FSSC审核岗,应付成本组,审核员03,审核通过,2026-01-02 08:27:08,2026-01-02 08:28:22,2026-01-02 08:31:22,2026-01-02 09:05:22,,--,,示例集团财务共享中心（本部）,应付付款单（材料采购）,非自动审批,1
A15,示例集团·子公司戊,AP-2026-001174,应付发票,应付付款单（材料采购）,人民币,92924.07,,--,2026-03-02,FSSC审核岗,应付成本组,审核员03,审核通过,2026-01-02 08:27:08,2026-01-02 08:28:22,2026-01-02 08:31:01,2026-01-02 10:13:22,,--,,示例集团财务共享中心（本部）,应付付款单（材料采购）,非自动审批,1
A15,示例集团·子公司戊,AP-2026-001174,应付发票,应付付款单（材料采购）,人民币,23252.59,,--,2026-03-02,FSSC审核岗,应付成本组,审核员03,审核通过,2026-01-02 08:27:08,2026-01-02 08:28:22,2026-01-02 08:36:00,2026-01-02 10:29:22,,--,,示例集团财务共享中心（本部）,应付付款单（材料采购）,非自动审批,1
A06,示例集团·己公司,AP-2026-001175,付款单,通用报销单（费用报销）,人民币,6099.54,,--,2026-02-02,FSSC审核岗,应付成本组,审核员04,审核通过,2026-02-08 15:33:02,2026-02-08 15:34:30,2026-02-08 15:39:33,2026-02-08 18:04:30,,--,,示例集团财务共享中心（本部）,通用报销单（费用报销）,非自动审批,1
A03,示例集团·丙公司,AP-2026-001177,应付发票,应付付款单（材料采购）,人民币,334813.39,,--,2026-05-10,FSSC审核岗,应付成本组,审核员03,审核通过,2026-04-09 10:37:44,2026-04-09 10:38:08,2026-04-09 10:43:05,2026-04-09 14:24:08,,--,,示例集团财务共享中心（本部）,应付付款单（材料采购）,非自动审批,1
A03,示例集团·丙公司,AP-2026-001177,应付发票,应付付款单（材料采购）,人民币,75360.44,,--,2026-05-10,FSSC审核岗,应付成本组,审核员03,审核通过,2026-04-09 10:37:44,2026-04-09 10:38:08,2026-04-09 10:39:52,2026-04-09 13:43:08,,--,,示例集团财务共享中心（本部）,应付付款单（材料采购）,非自动审批,1
A03,示例集团·丙公司,AP-2026-001178,付款单,应付确认单（物料类）,人民币,28883.64,,--,2026-06-24,FSSC审核岗,应付成本组,审核员01,审核驳回,2026-01-02 18:58:24,2026-01-02 19:00:12,2026-01-02 18:59:33,--,,--,,示例集团财务共享中心（本部）,应付确认单（物料类）,非自动审批,1
A03,示例集团·丙公司,AP-2026-001178,付款单,应付确认单（物料类）,人民币,15534.87,,--,2026-06-24,FSSC审核岗,应付成本组,审核员01,审核驳回,2026-01-02 18:58:24,2026-01-02 19:00:12,2026-01-02 19:07:59,--,,--,,示例集团财务共享中心（本部）,应付确认单（物料类）,非自动审批,1
A03,示例集团·丙公司,AP-2026-001178,付款单,应付确认单（物料类）,人民币,76450.03,,--,2026-06-24,FSSC审核岗,应付成本组,审核员01,审核驳回,2026-01-02 18:58:24,2026-01-02 19:00:12,2026-01-02 19:06:17,--,,--,,示例集团财务共享中心（本部）,应付确认单（物料类）,非自动审批,1
A06,示例集团·己公司,AP-2026-001180,通用报销单,应付付款单（差旅费）,人民币,123202.43,,--,2026-03-28,FSSC审核岗,应付成本组,审核员04,审核通过,2026-01-03 10:38:25,2026-01-03 10:40:04,2026-01-03 10:41:45,2026-01-03 14:25:04,,--,,示例集团财务共享中心（本部）,应付付款单（差旅费）,非自动审批,1
A06,示例集团·己公司,AP-2026-001180,通用报销单,应付付款单（差旅费）,人民币,94495.33,,--,2026-03-28,FSSC审核岗,应付成本组,审核员04,审核通过,2026-01-03 10:38:25,2026-01-03 10:40:04,2026-01-03 10:39:08,2026-01-03 14:18:04,,--,,示例集团财务共享中心（本部）,应付付款单（差旅费）,非自动审批,1
A06,示例集团·己公司,AP-2026-001180,通用报销单,应付付款单（差旅费）,人民币,7140.38,,--,2026-03-28,FSSC审核岗,应付成本组,审核员04,审核通过,2026-01-03 10:38:25,2026-01-03 10:40:04,2026-01-03 10:42:55,2026-01-03 12:36:04,,--,,示例集团财务共享中心（本部）,应付付款单（差旅费）,非自动审批,1
A02,示例集团·乙公司,AP-2026-001182,应付发票,应付付款单（材料采购）,人民币,116726.97,,--,2026-02-07,FSSC审核岗,应付成本组,审核员01,审核驳回,2026-05-04 18:51:25,2026-05-04 18:52:50,2026-05-04 19:00:27,--,,--,,示例集团财务共享中心（本部）,应付付款单（材料采购）,非自动审批,1
A02,示例集团·乙公司,AP-2026-001182,应付发票,应付付款单（材料采购）,人民币,158297.16,,--,2026-02-07,FSSC审核岗,应付成本组,审核员01,审核驳回,2026-05-04 18:51:25,2026-05-04 18:52:50,2026-05-04 18:51:44,--,,--,,示例集团财务共享中心（本部）,应付付款单（材料采购）,非自动审批,1
A02,示例集团·乙公司,AP-2026-001182,应付发票,应付付款单（材料采购）,人民币,37020.77,,--,2026-02-07,FSSC审核岗,应付成本组,审核员01,审核驳回,2026-05-04 18:51:25,2026-05-04 18:52:50,2026-05-04 19:00:53,--,,--,,示例集团财务共享中心（本部）,应付付款单（材料采购）,非自动审批,1
A08,示例集团·辛公司,AP-2026-001183,应付发票,通用报销单（费用报销）,人民币,256646.4,,--,2026-05-25,FSSC审核岗,应付成本组,审核员04,审核通过,2026-05-07 16:23:57,2026-05-07 16:25:08,2026-05-07 16:28:56,2026-05-07 18:07:08,,--,,示例集团财务共享中心（本部）,通用报销单（费用报销）,非自动审批,1
A04,示例集团·丁公司,AP-2026-001184,付款单,应付确认单（物料类）,人民币,18166.16,,--,2026-06-25,FSSC审核岗,应付成本组,审核员05,审核通过,2026-04-08 15:35:40,2026-04-08 15:37:10,2026-04-08 15:37:46,2026-04-08 18:35:10,,--,,示例集团财务共享中心（本部）,应付确认单（物料类）,非自动审批,1
A04,示例集团·丁公司,AP-2026-001184,付款单,应付确认单（物料类）,人民币,364695.74,,--,2026-06-25,FSSC审核岗,应付成本组,审核员05,审核通过,2026-04-08 15:35:40,2026-04-08 15:37:10,2026-04-08 15:39:19,2026-04-08 18:34:10,,--,,示例集团财务共享中心（本部）,应付确认单（物料类）,非自动审批,1
A04,示例集团·丁公司,AP-2026-001184,付款单,应付确认单（物料类）,人民币,72059.1,,--,2026-06-25,FSSC审核岗,应付成本组,审核员05,审核通过,2026-04-08 15:35:40,2026-04-08 15:37:10,2026-04-08 15:37:45,2026-04-08 19:01:10,,--,,示例集团财务共享中心（本部）,应付确认单（物料类）,非自动审批,1
A15,示例集团·子公司戊,AP-2026-001185,付款单,其他专项付款单,人民币,29892.5,,--,2026-01-17,FSSC审核岗,应付成本组,审核员02,审核通过,2026-05-10 08:42:39,2026-05-10 08:42:57,2026-05-10 08:43:14,2026-05-10 10:14:57,,--,,示例集团财务共享中心（本部）,其他专项付款单,非自动审批,1
A02,示例集团·乙公司,AP-2026-001186,通用报销单,应付付款单（材料采购）,人民币,38337.05,,--,2026-04-27,FSSC审核岗,应付成本组,审核员01,审核通过,2026-01-05 08:16:23,2026-01-05 08:16:59,2026-01-05 08:20:12,2026-01-05 10:44:59,,--,,示例集团财务共享中心（本部）,应付付款单（材料采购）,非自动审批,1
A02,示例集团·乙公司,AP-2026-001186,通用报销单,应付付款单（材料采购）,人民币,242558.66,,--,2026-04-27,FSSC审核岗,应付成本组,审核员01,审核通过,2026-01-05 08:16:23,2026-01-05 08:16:59,2026-01-05 08:21:04,2026-01-05 11:51:59,,--,,示例集团财务共享中心（本部）,应付付款单（材料采购）,非自动审批,1
A02,示例集团·乙公司,AP-2026-001186,通用报销单,应付付款单（材料采购）,人民币,83461.38,,--,2026-04-27,FSSC审核岗,应付成本组,审核员01,审核通过,2026-01-05 08:16:23,2026-01-05 08:16:59,2026-01-05 08:17:50,2026-01-05 11:31:59,,--,,示例集团财务共享中心（本部）,应付付款单（材料采购）,非自动审批,1
A01,示例集团·甲公司,AP-2026-001187,通用报销单,应付确认单（物料类）,人民币,147723.01,,--,2026-05-19,FSSC审核岗,应付成本组,审核员07,审核驳回,2026-06-23 08:43:56,2026-06-23 08:45:17,2026-06-23 08:50:04,--,,--,,示例集团财务共享中心（本部）,应付确认单（物料类）,非自动审批,1
A01,示例集团·甲公司,AP-2026-001187,通用报销单,应付确认单（物料类）,人民币,269557.51,,--,2026-05-19,FSSC审核岗,应付成本组,审核员07,审核驳回,2026-06-23 08:43:56,2026-06-23 08:45:17,2026-06-23 08:47:17,--,,--,,示例集团财务共享中心（本部）,应付确认单（物料类）,非自动审批,1
A01,示例集团·甲公司,AP-2026-001187,通用报销单,应付确认单（物料类）,人民币,28670.73,,--,2026-05-19,FSSC审核岗,应付成本组,审核员07,审核驳回,2026-06-23 08:43:56,2026-06-23 08:45:17,2026-06-23 08:51:47,--,,--,,示例集团财务共享中心（本部）,应付确认单（物料类）,非自动审批,1
A02,示例集团·乙公司,AP-2026-001188,付款单,应付付款单（差旅费）,人民币,71554.71,,--,2026-06-16,FSSC审核岗,应付成本组,审核员06,审核通过,2026-06-05 19:56:22,2026-06-05 19:57:10,2026-06-05 19:59:03,2026-06-06 00:25:10,,--,,示例集团财务共享中心（本部）,应付付款单（差旅费）,非自动审批,1
A02,示例集团·乙公司,AP-2026-001188,付款单,应付付款单（差旅费）,人民币,43728.78,,--,2026-06-16,FSSC审核岗,应付成本组,审核员06,审核通过,2026-06-05 19:56:22,2026-06-05 19:57:10,2026-06-05 19:57:15,2026-06-06 00:55:10,,--,,示例集团财务共享中心（本部）,应付付款单（差旅费）,非自动审批,1
A03,示例集团·丙公司,AP-2026-001189,应付发票,应付付款单（材料采购）,人民币,248669.79,,--,2026-05-07,FSSC审核岗,应付成本组,审核员02,审核通过,2026-02-02 13:46:29,2026-02-02 13:46:59,2026-02-02 13:48:33,2026-02-02 15:52:59,,--,,示例集团财务共享中心（本部）,应付付款单（材料采购）,非自动审批,1
A01,示例集团·甲公司,AP-2026-001190,应付发票,其他专项付款单,人民币,35051.1,,--,2026-03-06,FSSC审核岗,应付成本组,审核员01,审核通过,2026-06-22 18:47:35,2026-06-22 18:48:14,2026-06-22 18:53:39,2026-06-22 21:58:14,,--,,示例集团财务共享中心（本部）,其他专项付款单,非自动审批,1
A01,示例集团·甲公司,AP-2026-001190,应付发票,其他专项付款单,人民币,64020.87,,--,2026-03-06,FSSC审核岗,应付成本组,审核员01,审核通过,2026-06-22 18:47:35,2026-06-22 18:48:14,2026-06-22 18:52:42,2026-06-22 20:47:14,,--,,示例集团财务共享中心（本部）,其他专项付款单,非自动审批,1
A01,示例集团·甲公司,AP-2026-001190,应付发票,其他专项付款单,人民币,1489594.42,,--,2026-03-06,FSSC审核岗,应付成本组,审核员01,审核通过,2026-06-22 18:47:35,2026-06-22 18:48:14,2026-06-22 18:56:46,2026-06-22 22:21:14,,--,,示例集团财务共享中心（本部）,其他专项付款单,非自动审批,1
A01,示例集团·甲公司,AP-2026-001191,付款单,通用报销单（费用报销）,人民币,361914.32,,--,2026-06-27,FSSC审核岗,应付成本组,审核员02,审核通过,2026-03-09 09:39:50,2026-03-09 09:40:11,2026-03-09 09:46:35,2026-03-09 11:23:11,,--,,示例集团财务共享中心（本部）,通用报销单（费用报销）,非自动审批,1
A01,示例集团·甲公司,AP-2026-001192,付款单,应付付款单（差旅费）,人民币,14054.26,,--,2026-03-12,FSSC审核岗,应付成本组,审核员03,审核通过,2026-01-13 15:49:54,2026-01-13 15:50:00,2026-01-13 15:51:29,2026-01-13 18:21:00,,--,,示例集团财务共享中心（本部）,应付付款单（差旅费）,非自动审批,1
A11,示例集团·子公司甲,AP-2026-001193,应付发票,通用报销单（费用报销）,人民币,211666.36,,--,2026-01-19,FSSC审核岗,应付成本组,审核员01,审核通过,2026-01-26 12:19:44,2026-01-26 12:20:41,2026-01-26 12:21:49,2026-01-26 15:54:41,,--,,示例集团财务共享中心（本部）,通用报销单（费用报销）,非自动审批,1
A09,示例集团·壬公司,AP-2026-001194,通用报销单,应付付款单（材料采购）,人民币,157043.33,,--,2026-03-10,FSSC审核岗,应付成本组,审核员03,审核通过,2026-04-06 15:13:03,2026-04-06 15:13:25,2026-04-06 15:22:22,2026-04-06 17:45:25,,--,,示例集团财务共享中心（本部）,应付付款单（材料采购）,非自动审批,1
A09,示例集团·壬公司,AP-2026-001194,通用报销单,应付付款单（材料采购）,人民币,12824.45,,--,2026-03-10,FSSC审核岗,应付成本组,审核员03,审核通过,2026-04-06 15:13:03,2026-04-06 15:13:25,2026-04-06 15:15:31,2026-04-06 18:09:25,,--,,示例集团财务共享中心（本部）,应付付款单（材料采购）,非自动审批,1
A16,示例集团·子公司己,AP-2026-001196,通用报销单,通用报销单（费用报销）,人民币,51324.42,,--,2026-05-04,FSSC审核岗,应付成本组,审核员05,审核驳回,2026-05-14 10:41:02,2026-05-14 10:41:42,2026-05-14 10:44:25,--,,--,,示例集团财务共享中心（本部）,通用报销单（费用报销）,非自动审批,1
A16,示例集团·子公司己,AP-2026-001196,通用报销单,通用报销单（费用报销）,人民币,15886.35,,--,2026-05-04,FSSC审核岗,应付成本组,审核员05,审核驳回,2026-05-14 10:41:02,2026-05-14 10:41:42,2026-05-14 10:49:51,--,,--,,示例集团财务共享中心（本部）,通用报销单（费用报销）,非自动审批,1
A14,示例集团·子公司丁,AP-2026-001197,付款单,应付付款单（材料采购）,人民币,2101.4,,--,2026-03-10,FSSC审核岗,应付成本组,审核员07,审核通过,2026-04-12 18:03:58,2026-04-12 18:04:29,2026-04-12 18:07:01,2026-04-12 19:58:29,,--,,示例集团财务共享中心（本部）,应付付款单（材料采购）,非自动审批,1
A14,示例集团·子公司丁,AP-2026-001197,付款单,应付付款单（材料采购）,人民币,48807.53,,--,2026-03-10,FSSC审核岗,应付成本组,审核员07,审核通过,2026-04-12 18:03:58,2026-04-12 18:04:29,2026-04-12 18:11:41,2026-04-12 19:32:29,,--,,示例集团财务共享中心（本部）,应付付款单（材料采购）,非自动审批,1
A08,示例集团·辛公司,AP-2026-001198,付款单,应付确认单（物料类）,人民币,29480.19,,--,2026-03-16,FSSC审核岗,应付成本组,审核员05,审核通过,2026-04-24 12:24:25,2026-04-24 12:26:05,2026-04-24 12:27:30,2026-04-24 15:39:05,,--,,示例集团财务共享中心（本部）,应付确认单（物料类）,非自动审批,1
A04,示例集团·丁公司,AP-2026-001199,应付发票,其他专项付款单,人民币,12819.68,,--,2026-01-09,FSSC审核岗,应付成本组,审核员06,审核通过,2026-03-21 13:12:39,2026-03-21 13:13:35,2026-03-21 13:14:14,2026-03-21 15:50:35,,--,,示例集团财务共享中心（本部）,其他专项付款单,非自动审批,1
A04,示例集团·丁公司,AP-2026-001199,应付发票,其他专项付款单,人民币,59075.95,,--,2026-01-09,FSSC审核岗,应付成本组,审核员06,审核通过,2026-03-21 13:12:39,2026-03-21 13:13:35,2026-03-21 13:18:35,2026-03-21 15:15:35,,--,,示例集团财务共享中心（本部）,其他专项付款单,非自动审批,1
A04,示例集团·丁公司,AP-2026-001200,应付发票,其他专项付款单,人民币,3075.25,,--,2026-06-09,FSSC审核岗,应付成本组,审核员04,审核通过,2026-03-11 12:23:36,2026-03-11 12:25:06,2026-03-11 12:28:35,2026-03-11 13:55:06,,--,,示例集团财务共享中心（本部）,其他专项付款单,非自动审批,1
A02,示例集团·乙公司,AP-2026-001202,通用报销单,应付付款单（材料采购）,人民币,63435.88,,--,2026-02-02,FSSC审核岗,应付成本组,审核员06,审核通过,2026-05-18 17:13:06,2026-05-18 17:15:01,2026-05-18 17:22:10,2026-05-18 18:32:01,,--,,示例集团财务共享中心（本部）,应付付款单（材料采购）,非自动审批,1
A02,示例集团·乙公司,AP-2026-001203,应付发票,应付确认单（物料类）,人民币,61178.88,,--,2026-06-14,FSSC审核岗,应付成本组,审核员04,审核驳回,2026-03-15 11:07:42,2026-03-15 11:09:38,2026-03-15 11:13:42,--,,--,,示例集团财务共享中心（本部）,应付确认单（物料类）,非自动审批,1
A03,示例集团·丙公司,AP-2026-001205,通用报销单,其他专项付款单,人民币,154853.59,,--,2026-01-22,FSSC审核岗,应付成本组,审核员05,审核驳回,2026-02-16 11:42:06,2026-02-16 11:43:29,2026-02-16 11:42:18,--,,--,,示例集团财务共享中心（本部）,其他专项付款单,非自动审批,1
A03,示例集团·丙公司,AP-2026-001205,通用报销单,其他专项付款单,人民币,6345.8,,--,2026-01-22,FSSC审核岗,应付成本组,审核员05,审核驳回,2026-02-16 11:42:06,2026-02-16 11:43:29,2026-02-16 11:51:16,--,,--,,示例集团财务共享中心（本部）,其他专项付款单,非自动审批,1
A05,示例集团·戊公司,AP-2026-001206,付款单,应付确认单（物料类）,人民币,1196838.38,,--,2026-01-22,FSSC审核岗,应付成本组,审核员04,审核通过,2026-02-07 15:00:25,2026-02-07 15:02:22,2026-02-07 15:03:22,2026-02-07 16:29:22,,--,,示例集团财务共享中心（本部）,应付确认单（物料类）,非自动审批,1
A05,示例集团·戊公司,AP-2026-001206,付款单,应付确认单（物料类）,人民币,699501.43,,--,2026-01-22,FSSC审核岗,应付成本组,审核员04,审核通过,2026-02-07 15:00:25,2026-02-07 15:02:22,2026-02-07 15:05:33,2026-02-07 16:11:22,,--,,示例集团财务共享中心（本部）,应付确认单（物料类）,非自动审批,1
A15,示例集团·子公司戊,AP-2026-001207,通用报销单,应付付款单（差旅费）,人民币,20282.21,,--,2026-02-22,FSSC审核岗,应付成本组,审核员05,审核驳回,2026-04-05 15:54:55,2026-04-05 15:56:29,2026-04-05 15:56:08,--,,--,,示例集团财务共享中心（本部）,应付付款单（差旅费）,非自动审批,1
A15,示例集团·子公司戊,AP-2026-001207,通用报销单,应付付款单（差旅费）,人民币,462145.2,,--,2026-02-22,FSSC审核岗,应付成本组,审核员05,审核驳回,2026-04-05 15:54:55,2026-04-05 15:56:29,2026-04-05 15:59:03,--,,--,,示例集团财务共享中心（本部）,应付付款单（差旅费）,非自动审批,1
A01,示例集团·甲公司,AP-2026-001208,付款单,应付付款单（材料采购）,人民币,198769.46,,--,2026-05-19,FSSC审核岗,应付成本组,审核员03,审核通过,2026-02-25 11:48:59,2026-02-25 11:50:43,2026-02-25 11:53:25,2026-02-25 15:27:43,,--,,示例集团财务共享中心（本部）,应付付款单（材料采购）,非自动审批,1
A01,示例集团·甲公司,AP-2026-001208,付款单,应付付款单（材料采购）,人民币,32364.09,,--,2026-05-19,FSSC审核岗,应付成本组,审核员03,审核通过,2026-02-25 11:48:59,2026-02-25 11:50:43,2026-02-25 11:56:51,2026-02-25 15:50:43,,--,,示例集团财务共享中心（本部）,应付付款单（材料采购）,非自动审批,1
A01,示例集团·甲公司,AP-2026-001208,付款单,应付付款单（材料采购）,人民币,25601.49,,--,2026-05-19,FSSC审核岗,应付成本组,审核员03,审核通过,2026-02-25 11:48:59,2026-02-25 11:50:43,2026-02-25 11:57:32,2026-02-25 14:38:43,,--,,示例集团财务共享中心（本部）,应付付款单（材料采购）,非自动审批,1
A02,示例集团·乙公司,AP-2026-001209,应付发票,通用报销单（费用报销）,人民币,28460.87,,--,2026-02-05,FSSC审核岗,应付成本组,审核员03,审核通过,2026-03-06 19:02:20,2026-03-06 19:02:44,2026-03-06 19:06:22,2026-03-06 21:34:44,,--,,示例集团财务共享中心（本部）,通用报销单（费用报销）,非自动审批,1
A02,示例集团·乙公司,AP-2026-001209,应付发票,通用报销单（费用报销）,人民币,3131167.29,,--,2026-02-05,FSSC审核岗,应付成本组,审核员03,审核通过,2026-03-06 19:02:20,2026-03-06 19:02:44,2026-03-06 19:10:10,2026-03-06 22:21:44,,--,,示例集团财务共享中心（本部）,通用报销单（费用报销）,非自动审批,1
A02,示例集团·乙公司,AP-2026-001209,应付发票,通用报销单（费用报销）,人民币,401983.85,,--,2026-02-05,FSSC审核岗,应付成本组,审核员03,审核通过,2026-03-06 19:02:20,2026-03-06 19:02:44,2026-03-06 19:07:09,2026-03-06 22:55:44,,--,,示例集团财务共享中心（本部）,通用报销单（费用报销）,非自动审批,1
A18,示例集团·子公司辛,AP-2026-001210,应付发票,应付确认单（物料类）,人民币,45076.57,,--,2026-04-22,FSSC审核岗,应付成本组,审核员07,审核通过,2026-06-08 10:10:50,2026-06-08 10:12:19,2026-06-08 10:16:47,2026-06-08 15:30:19,,--,,示例集团财务共享中心（本部）,应付确认单（物料类）,非自动审批,1
A01,示例集团·甲公司,AP-2026-001211,通用报销单,其他专项付款单,人民币,50868.98,,--,2026-06-23,FSSC审核岗,应付成本组,审核员04,审核驳回,2026-06-26 13:14:23,2026-06-26 13:15:18,2026-06-26 13:20:08,--,,--,,示例集团财务共享中心（本部）,其他专项付款单,非自动审批,1
A01,示例集团·甲公司,AP-2026-001211,通用报销单,其他专项付款单,人民币,196109.31,,--,2026-06-23,FSSC审核岗,应付成本组,审核员04,审核驳回,2026-06-26 13:14:23,2026-06-26 13:15:18,2026-06-26 13:14:40,--,,--,,示例集团财务共享中心（本部）,其他专项付款单,非自动审批,1
A08,示例集团·辛公司,AP-2026-001213,付款单,其他专项付款单,人民币,184444.14,,--,2026-04-03,FSSC审核岗,应付成本组,审核员02,审核通过,2026-06-27 18:28:45,2026-06-27 18:30:23,2026-06-27 18:31:46,2026-06-27 20:37:23,,--,,示例集团财务共享中心（本部）,其他专项付款单,非自动审批,1
A08,示例集团·辛公司,AP-2026-001213,付款单,其他专项付款单,人民币,15683.64,,--,2026-04-03,FSSC审核岗,应付成本组,审核员02,审核通过,2026-06-27 18:28:45,2026-06-27 18:30:23,2026-06-27 18:36:28,2026-06-27 20:10:23,,--,,示例集团财务共享中心（本部）,其他专项付款单,非自动审批,1
A04,示例集团·丁公司,AP-2026-001214,付款单,应付付款单（差旅费）,人民币,90812.67,,--,2026-03-07,FSSC审核岗,应付成本组,审核员02,审核通过,2026-01-06 19:32:42,2026-01-06 19:32:56,2026-01-06 19:42:13,2026-01-06 23:10:56,,--,,示例集团财务共享中心（本部）,应付付款单（差旅费）,非自动审批,1
A02,示例集团·乙公司,AP-2026-001215,通用报销单,应付确认单（物料类）,人民币,27623.97,,--,2026-06-21,FSSC审核岗,应付成本组,审核员07,审核通过,2026-03-12 14:03:36,2026-03-12 14:05:22,2026-03-12 14:13:06,2026-03-12 18:41:22,,--,,示例集团财务共享中心（本部）,应付确认单（物料类）,非自动审批,1
A02,示例集团·乙公司,AP-2026-001216,应付发票,应付付款单（材料采购）,人民币,74093.25,,--,2026-06-16,FSSC审核岗,应付成本组,审核员06,审核通过,2026-03-28 18:07:38,2026-03-28 18:08:13,2026-03-28 18:13:57,2026-03-28 20:04:13,,--,,示例集团财务共享中心（本部）,应付付款单（材料采购）,非自动审批,1
A08,示例集团·辛公司,AP-2026-001218,应付发票,应付付款单（材料采购）,人民币,55981.78,,--,2026-01-16,FSSC审核岗,应付成本组,审核员06,审核通过,2026-01-03 13:47:08,2026-01-03 13:48:09,2026-01-03 13:51:39,2026-01-03 14:04:09,,--,,示例集团财务共享中心（本部）,应付付款单（材料采购）,非自动审批,1
A04,示例集团·丁公司,AP-2026-001219,应付发票,应付付款单（服务费）,人民币,248874.06,,--,2026-03-03,FSSC审核岗,应付成本组,审核员06,审核通过,2026-01-22 13:21:45,2026-01-22 13:21:48,2026-01-22 13:28:27,2026-01-22 16:56:48,,--,,示例集团财务共享中心（本部）,应付付款单（服务费）,非自动审批,1
A02,示例集团·乙公司,AP-2026-001221,应付发票,应付确认单（物料类）,人民币,41126.68,,--,2026-02-08,FSSC审核岗,应付成本组,审核员02,审核通过,2026-02-20 14:30:11,2026-02-20 14:31:34,2026-02-20 14:31:01,2026-02-20 17:15:34,,--,,示例集团财务共享中心（本部）,应付确认单（物料类）,非自动审批,1
A02,示例集团·乙公司,AP-2026-001221,应付发票,应付确认单（物料类）,人民币,70660.68,,--,2026-02-08,FSSC审核岗,应付成本组,审核员02,审核通过,2026-02-20 14:30:11,2026-02-20 14:31:34,2026-02-20 14:30:51,2026-02-20 16:51:34,,--,,示例集团财务共享中心（本部）,应付确认单（物料类）,非自动审批,1
A02,示例集团·乙公司,AP-2026-001221,应付发票,应付确认单（物料类）,人民币,4318.53,,--,2026-02-08,FSSC审核岗,应付成本组,审核员02,审核通过,2026-02-20 14:30:11,2026-02-20 14:31:34,2026-02-20 14:35:31,2026-02-20 16:34:34,,--,,示例集团财务共享中心（本部）,应付确认单（物料类）,非自动审批,1
A02,示例集团·乙公司,AP-2026-001222,应付发票,其他专项付款单,人民币,94194.22,,--,2026-02-03,FSSC审核岗,应付成本组,审核员04,审核驳回,2026-05-06 10:29:06,2026-05-06 10:30:33,2026-05-06 10:30:23,--,,--,,示例集团财务共享中心（本部）,其他专项付款单,非自动审批,1
A02,示例集团·乙公司,AP-2026-001223,应付发票,应付付款单（材料采购）,人民币,20132.07,,--,2026-04-21,FSSC审核岗,应付成本组,审核员02,审核通过,2026-04-23 19:19:20,2026-04-23 19:20:38,2026-04-23 19:24:09,2026-04-23 21:34:38,,--,,示例集团财务共享中心（本部）,应付付款单（材料采购）,非自动审批,1
A02,示例集团·乙公司,AP-2026-001223,应付发票,应付付款单（材料采购）,人民币,7158.18,,--,2026-04-21,FSSC审核岗,应付成本组,审核员02,审核通过,2026-04-23 19:19:20,2026-04-23 19:20:38,2026-04-23 19:27:36,2026-04-23 21:27:38,,--,,示例集团财务共享中心（本部）,应付付款单（材料采购）,非自动审批,1
A02,示例集团·乙公司,AP-2026-001223,应付发票,应付付款单（材料采购）,人民币,290907.29,,--,2026-04-21,FSSC审核岗,应付成本组,审核员02,审核通过,2026-04-23 19:19:20,2026-04-23 19:20:38,2026-04-23 19:20:49,2026-04-23 21:17:38,,--,,示例集团财务共享中心（本部）,应付付款单（材料采购）,非自动审批,1
A06,示例集团·己公司,AP-2026-001226,应付发票,应付确认单（物料类）,人民币,56473.28,,--,2026-01-03,FSSC审核岗,应付成本组,审核员07,审核驳回,2026-01-13 13:27:47,2026-01-13 13:28:20,2026-01-13 13:33:57,--,,--,,示例集团财务共享中心（本部）,应付确认单（物料类）,非自动审批,1
A06,示例集团·己公司,AP-2026-001226,应付发票,应付确认单（物料类）,人民币,3268.14,,--,2026-01-03,FSSC审核岗,应付成本组,审核员07,审核驳回,2026-01-13 13:27:47,2026-01-13 13:28:20,2026-01-13 13:35:27,--,,--,,示例集团财务共享中心（本部）,应付确认单（物料类）,非自动审批,1
A06,示例集团·己公司,AP-2026-001226,应付发票,应付确认单（物料类）,人民币,19988.79,,--,2026-01-03,FSSC审核岗,应付成本组,审核员07,审核驳回,2026-01-13 13:27:47,2026-01-13 13:28:20,2026-01-13 13:37:37,--,,--,,示例集团财务共享中心（本部）,应付确认单（物料类）,非自动审批,1
A06,示例集团·己公司,AP-2026-001227,应付发票,应付付款单（差旅费）,人民币,60294.88,,--,2026-05-14,FSSC审核岗,应付成本组,审核员02,审核通过,2026-06-15 09:08:37,2026-06-15 09:09:50,2026-06-15 09:18:16,2026-06-15 12:48:50,,--,,示例集团财务共享中心（本部）,应付付款单（差旅费）,非自动审批,1
A06,示例集团·己公司,AP-2026-001227,应付发票,应付付款单（差旅费）,人民币,62858.96,,--,2026-05-14,FSSC审核岗,应付成本组,审核员02,审核通过,2026-06-15 09:08:37,2026-06-15 09:09:50,2026-06-15 09:12:06,2026-06-15 13:17:50,,--,,示例集团财务共享中心（本部）,应付付款单（差旅费）,非自动审批,1
A06,示例集团·己公司,AP-2026-001227,应付发票,应付付款单（差旅费）,人民币,29757.37,,--,2026-05-14,FSSC审核岗,应付成本组,审核员02,审核通过,2026-06-15 09:08:37,2026-06-15 09:09:50,2026-06-15 09:10:18,2026-06-15 12:17:50,,--,,示例集团财务共享中心（本部）,应付付款单（差旅费）,非自动审批,1
A01,示例集团·甲公司,AP-2026-001228,付款单,应付付款单（服务费）,人民币,538.39,,--,2026-01-01,FSSC审核岗,应付成本组,审核员04,审核通过,2026-01-04 10:33:40,2026-01-04 10:34:33,2026-01-04 10:34:47,2026-01-04 14:25:33,,--,,示例集团财务共享中心（本部）,应付付款单（服务费）,非自动审批,1
A01,示例集团·甲公司,AP-2026-001228,付款单,应付付款单（服务费）,人民币,27648.4,,--,2026-01-01,FSSC审核岗,应付成本组,审核员04,审核通过,2026-01-04 10:33:40,2026-01-04 10:34:33,2026-01-04 10:34:15,2026-01-04 14:07:33,,--,,示例集团财务共享中心（本部）,应付付款单（服务费）,非自动审批,1
A15,示例集团·子公司戊,AP-2026-001229,付款单,应付付款单（服务费）,人民币,268188.84,,--,2026-01-19,FSSC审核岗,应付成本组,审核员04,审核通过,2026-03-13 13:59:45,2026-03-13 14:01:10,2026-03-13 14:01:17,2026-03-13 16:25:10,,--,,示例集团财务共享中心（本部）,应付付款单（服务费）,非自动审批,1
A15,示例集团·子公司戊,AP-2026-001229,付款单,应付付款单（服务费）,人民币,426493.43,,--,2026-01-19,FSSC审核岗,应付成本组,审核员04,审核通过,2026-03-13 13:59:45,2026-03-13 14:01:10,2026-03-13 14:09:10,2026-03-13 17:18:10,,--,,示例集团财务共享中心（本部）,应付付款单（服务费）,非自动审批,1
A15,示例集团·子公司戊,AP-2026-001229,付款单,应付付款单（服务费）,人民币,25578.63,,--,2026-01-19,FSSC审核岗,应付成本组,审核员04,审核通过,2026-03-13 13:59:45,2026-03-13 14:01:10,2026-03-13 14:08:48,2026-03-13 16:09:10,,--,,示例集团财务共享中心（本部）,应付付款单（服务费）,非自动审批,1
A03,示例集团·丙公司,AP-2026-001230,应付发票,其他专项付款单,人民币,836237.34,,--,2026-05-10,FSSC审核岗,应付成本组,审核员01,审核通过,2026-06-19 17:38:04,2026-06-19 17:39:22,2026-06-19 17:39:56,2026-06-19 20:19:22,,--,,示例集团财务共享中心（本部）,其他专项付款单,非自动审批,1
A03,示例集团·丙公司,AP-2026-001231,通用报销单,应付付款单（服务费）,人民币,6224.1,,--,2026-01-14,FSSC审核岗,应付成本组,审核员02,审核通过,2026-03-25 18:54:27,2026-03-25 18:55:39,2026-03-25 19:00:20,2026-03-25 21:09:39,,--,,示例集团财务共享中心（本部）,应付付款单（服务费）,非自动审批,1
A03,示例集团·丙公司,AP-2026-001231,通用报销单,应付付款单（服务费）,人民币,19263.28,,--,2026-01-14,FSSC审核岗,应付成本组,审核员02,审核通过,2026-03-25 18:54:27,2026-03-25 18:55:39,2026-03-25 19:01:33,2026-03-25 20:43:39,,--,,示例集团财务共享中心（本部）,应付付款单（服务费）,非自动审批,1
A19,示例集团·子公司壬,AP-2026-001232,付款单,应付付款单（服务费）,人民币,208583.47,,--,2026-03-25,FSSC审核岗,应付成本组,审核员04,审核通过,2026-02-09 09:15:17,2026-02-09 09:15:19,2026-02-09 09:23:22,2026-02-09 13:27:19,,--,,示例集团财务共享中心（本部）,应付付款单（服务费）,非自动审批,1
A19,示例集团·子公司壬,AP-2026-001232,付款单,应付付款单（服务费）,人民币,167322.32,,--,2026-03-25,FSSC审核岗,应付成本组,审核员04,审核通过,2026-02-09 09:15:17,2026-02-09 09:15:19,2026-02-09 09:22:33,2026-02-09 14:26:19,,--,,示例集团财务共享中心（本部）,应付付款单（服务费）,非自动审批,1
A01,示例集团·甲公司,AP-2026-001234,付款单,应付付款单（服务费）,人民币,59073.24,,--,2026-05-10,FSSC审核岗,应付成本组,审核员04,审核通过,2026-05-05 19:39:51,2026-05-05 19:39:58,2026-05-05 19:44:35,2026-05-05 21:00:58,,--,,示例集团财务共享中心（本部）,应付付款单（服务费）,非自动审批,1
A02,示例集团·乙公司,AP-2026-001235,应付发票,应付付款单（服务费）,人民币,12496.75,,--,2026-03-13,FSSC审核岗,应付成本组,审核员03,审核通过,2026-04-20 14:12:59,2026-04-20 14:13:43,2026-04-20 14:14:47,2026-04-20 17:56:43,,--,,示例集团财务共享中心（本部）,应付付款单（服务费）,非自动审批,1
A14,示例集团·子公司丁,AP-2026-001237,付款单,其他专项付款单,人民币,12450.09,,--,2026-06-27,FSSC审核岗,应付成本组,审核员02,审核通过,2026-04-22 19:08:57,2026-04-22 19:09:29,2026-04-22 19:16:47,2026-04-22 20:54:29,,--,,示例集团财务共享中心（本部）,其他专项付款单,非自动审批,1
A01,示例集团·甲公司,AP-2026-001238,应付发票,应付付款单（差旅费）,人民币,21677.77,,--,2026-01-19,FSSC审核岗,应付成本组,审核员04,审核通过,2026-03-23 18:52:08,2026-03-23 18:53:49,2026-03-23 19:00:32,2026-03-23 23:04:49,,--,,示例集团财务共享中心（本部）,应付付款单（差旅费）,非自动审批,1
A10,示例集团·癸公司,AP-2026-001239,付款单,应付付款单（材料采购）,人民币,13231.06,,--,2026-03-26,FSSC审核岗,应付成本组,审核员02,审核通过,2026-01-22 15:29:15,2026-01-22 15:29:24,2026-01-22 15:31:37,2026-01-22 19:23:24,,--,,示例集团财务共享中心（本部）,应付付款单（材料采购）,非自动审批,1
A01,示例集团·甲公司,AP-2026-001240,付款单,应付付款单（差旅费）,人民币,71896.61,,--,2026-03-27,FSSC审核岗,应付成本组,审核员06,审核通过,2026-01-06 16:39:45,2026-01-06 16:40:36,2026-01-06 16:49:23,2026-01-06 18:08:36,,--,,示例集团财务共享中心（本部）,应付付款单（差旅费）,非自动审批,1
A05,示例集团·戊公司,AP-2026-001241,付款单,应付确认单（物料类）,人民币,52618.64,,--,2026-01-01,FSSC审核岗,应付成本组,审核员06,审核通过,2026-01-11 14:36:20,2026-01-11 14:36:47,2026-01-11 14:40:25,2026-01-11 15:19:47,,--,,示例集团财务共享中心（本部）,应付确认单（物料类）,非自动审批,1
A05,示例集团·戊公司,AP-2026-001241,付款单,应付确认单（物料类）,人民币,11779.23,,--,2026-01-01,FSSC审核岗,应付成本组,审核员06,审核通过,2026-01-11 14:36:20,2026-01-11 14:36:47,2026-01-11 14:44:12,2026-01-11 15:44:47,,--,,示例集团财务共享中心（本部）,应付确认单（物料类）,非自动审批,1
A01,示例集团·甲公司,AP-2026-001242,通用报销单,应付付款单（差旅费）,人民币,36430.59,,--,2026-02-14,FSSC审核岗,应付成本组,审核员05,审核通过,2026-02-27 08:29:22,2026-02-27 08:29:41,2026-02-27 08:37:23,2026-02-27 13:13:41,,--,,示例集团财务共享中心（本部）,应付付款单（差旅费）,非自动审批,1
A01,示例集团·甲公司,AP-2026-001242,通用报销单,应付付款单（差旅费）,人民币,1466.73,,--,2026-02-14,FSSC审核岗,应付成本组,审核员05,审核通过,2026-02-27 08:29:22,2026-02-27 08:29:41,2026-02-27 08:31:51,2026-02-27 12:30:41,,--,,示例集团财务共享中心（本部）,应付付款单（差旅费）,非自动审批,1
A02,示例集团·乙公司,AP-2026-001243,付款单,应付确认单（物料类）,人民币,96269.68,,--,2026-06-03,FSSC审核岗,应付成本组,审核员02,审核通过,2026-06-24 17:36:06,2026-06-24 17:37:51,2026-06-24 17:38:48,2026-06-24 19:50:51,,--,,示例集团财务共享中心（本部）,应付确认单（物料类）,非自动审批,1
A02,示例集团·乙公司,AP-2026-001243,付款单,应付确认单（物料类）,人民币,163311.69,,--,2026-06-03,FSSC审核岗,应付成本组,审核员02,审核通过,2026-06-24 17:36:06,2026-06-24 17:37:51,2026-06-24 17:42:17,2026-06-24 21:04:51,,--,,示例集团财务共享中心（本部）,应付确认单（物料类）,非自动审批,1
A02,示例集团·乙公司,AP-2026-001243,付款单,应付确认单（物料类）,人民币,16705.04,,--,2026-06-03,FSSC审核岗,应付成本组,审核员02,审核通过,2026-06-24 17:36:06,2026-06-24 17:37:51,2026-06-24 17:39:22,2026-06-24 20:51:51,,--,,示例集团财务共享中心（本部）,应付确认单（物料类）,非自动审批,1
A16,示例集团·子公司己,AP-2026-001244,通用报销单,应付付款单（服务费）,人民币,19911.92,,--,2026-05-26,FSSC审核岗,应付成本组,审核员06,审核通过,2026-03-15 19:10:53,2026-03-15 19:12:36,2026-03-15 19:20:31,2026-03-15 20:47:36,,--,,示例集团财务共享中心（本部）,应付付款单（服务费）,非自动审批,1
A16,示例集团·子公司己,AP-2026-001244,通用报销单,应付付款单（服务费）,人民币,85909.03,,--,2026-05-26,FSSC审核岗,应付成本组,审核员06,审核通过,2026-03-15 19:10:53,2026-03-15 19:12:36,2026-03-15 19:15:04,2026-03-15 20:33:36,,--,,示例集团财务共享中心（本部）,应付付款单（服务费）,非自动审批,1
A16,示例集团·子公司己,AP-2026-001244,通用报销单,应付付款单（服务费）,人民币,69478.5,,--,2026-05-26,FSSC审核岗,应付成本组,审核员06,审核通过,2026-03-15 19:10:53,2026-03-15 19:12:36,2026-03-15 19:19:37,2026-03-15 20:50:36,,--,,示例集团财务共享中心（本部）,应付付款单（服务费）,非自动审批,1
A15,示例集团·子公司戊,AP-2026-001245,应付发票,通用报销单（费用报销）,人民币,176727.75,,--,2026-05-15,FSSC审核岗,应付成本组,审核员07,审核通过,2026-05-27 15:42:25,2026-05-27 15:43:29,2026-05-27 15:45:30,2026-05-27 18:26:29,,--,,示例集团财务共享中心（本部）,通用报销单（费用报销）,非自动审批,1
A15,示例集团·子公司戊,AP-2026-001245,应付发票,通用报销单（费用报销）,人民币,20184.06,,--,2026-05-15,FSSC审核岗,应付成本组,审核员07,审核通过,2026-05-27 15:42:25,2026-05-27 15:43:29,2026-05-27 15:45:49,2026-05-27 17:34:29,,--,,示例集团财务共享中心（本部）,通用报销单（费用报销）,非自动审批,1
A04,示例集团·丁公司,AP-2026-001246,应付发票,其他专项付款单,人民币,23747.2,,--,2026-02-15,FSSC审核岗,应付成本组,审核员04,审核通过,2026-06-16 18:09:54,2026-06-16 18:11:46,2026-06-16 18:18:07,2026-06-16 20:23:46,,--,,示例集团财务共享中心（本部）,其他专项付款单,非自动审批,1
A04,示例集团·丁公司,AP-2026-001246,应付发票,其他专项付款单,人民币,43959.42,,--,2026-02-15,FSSC审核岗,应付成本组,审核员04,审核通过,2026-06-16 18:09:54,2026-06-16 18:11:46,2026-06-16 18:10:20,2026-06-16 18:49:46,,--,,示例集团财务共享中心（本部）,其他专项付款单,非自动审批,1
A04,示例集团·丁公司,AP-2026-001247,应付发票,通用报销单（费用报销）,人民币,13459.35,,--,2026-04-09,FSSC审核岗,应付成本组,审核员02,审核通过,2026-02-05 11:31:56,2026-02-05 11:32:21,2026-02-05 11:32:36,2026-02-05 15:23:21,,--,,示例集团财务共享中心（本部）,通用报销单（费用报销）,非自动审批,1
A04,示例集团·丁公司,AP-2026-001247,应付发票,通用报销单（费用报销）,人民币,42639.2,,--,2026-04-09,FSSC审核岗,应付成本组,审核员02,审核通过,2026-02-05 11:31:56,2026-02-05 11:32:21,2026-02-05 11:36:14,2026-02-05 14:42:21,,--,,示例集团财务共享中心（本部）,通用报销单（费用报销）,非自动审批,1
A01,示例集团·甲公司,AP-2026-001248,通用报销单,通用报销单（费用报销）,人民币,13770.96,,--,2026-03-17,FSSC审核岗,应付成本组,审核员04,审核通过,2026-06-12 19:36:18,2026-06-12 19:38:16,2026-06-12 19:43:41,2026-06-12 23:15:16,,--,,示例集团财务共享中心（本部）,通用报销单（费用报销）,非自动审批,1
A01,示例集团·甲公司,AP-2026-001248,通用报销单,通用报销单（费用报销）,人民币,107430.38,,--,2026-03-17,FSSC审核岗,应付成本组,审核员04,审核通过,2026-06-12 19:36:18,2026-06-12 19:38:16,2026-06-12 19:45:29,2026-06-12 23:29:16,,--,,示例集团财务共享中心（本部）,通用报销单（费用报销）,非自动审批,1
A01,示例集团·甲公司,AP-2026-001248,通用报销单,通用报销单（费用报销）,人民币,16164.48,,--,2026-03-17,FSSC审核岗,应付成本组,审核员04,审核通过,2026-06-12 19:36:18,2026-06-12 19:38:16,2026-06-12 19:43:01,2026-06-12 23:26:16,,--,,示例集团财务共享中心（本部）,通用报销单（费用报销）,非自动审批,1
A13,示例集团·子公司丙,AP-2026-001249,应付发票,通用报销单（费用报销）,人民币,85310.25,,--,2026-01-26,FSSC审核岗,应付成本组,审核员05,审核通过,2026-03-20 10:22:44,2026-03-20 10:24:04,2026-03-20 10:25:12,2026-03-20 14:30:04,,--,,示例集团财务共享中心（本部）,通用报销单（费用报销）,非自动审批,1
A13,示例集团·子公司丙,AP-2026-001249,应付发票,通用报销单（费用报销）,人民币,460129.26,,--,2026-01-26,FSSC审核岗,应付成本组,审核员05,审核通过,2026-03-20 10:22:44,2026-03-20 10:24:04,2026-03-20 10:30:39,2026-03-20 13:35:04,,--,,示例集团财务共享中心（本部）,通用报销单（费用报销）,非自动审批,1
A02,示例集团·乙公司,AP-2026-001250,通用报销单,应付付款单（服务费）,人民币,109044.77,,--,2026-04-13,FSSC审核岗,应付成本组,审核员04,审核通过,2026-03-08 16:29:22,2026-03-08 16:29:25,2026-03-08 16:34:58,2026-03-08 19:35:25,,--,,示例集团财务共享中心（本部）,应付付款单（服务费）,非自动审批,1
A08,示例集团·辛公司,AP-2026-001251,付款单,应付付款单（材料采购）,人民币,76591.43,,--,2026-01-21,FSSC审核岗,应付成本组,审核员02,审核通过,2026-04-07 19:47:45,2026-04-07 19:48:55,2026-04-07 19:53:50,2026-04-07 20:56:55,,--,,示例集团财务共享中心（本部）,应付付款单（材料采购）,非自动审批,1
A08,示例集团·辛公司,AP-2026-001251,付款单,应付付款单（材料采购）,人民币,8874.2,,--,2026-01-21,FSSC审核岗,应付成本组,审核员02,审核通过,2026-04-07 19:47:45,2026-04-07 19:48:55,2026-04-07 19:52:00,2026-04-07 21:57:55,,--,,示例集团财务共享中心（本部）,应付付款单（材料采购）,非自动审批,1
A08,示例集团·辛公司,AP-2026-001251,付款单,应付付款单（材料采购）,人民币,418590.48,,--,2026-01-21,FSSC审核岗,应付成本组,审核员02,审核通过,2026-04-07 19:47:45,2026-04-07 19:48:55,2026-04-07 19:49:14,2026-04-07 21:50:55,,--,,示例集团财务共享中心（本部）,应付付款单（材料采购）,非自动审批,1
A03,示例集团·丙公司,AP-2026-001252,通用报销单,应付确认单（物料类）,人民币,285506.34,,--,2026-04-20,FSSC审核岗,应付成本组,审核员04,审核通过,2026-03-01 12:29:53,2026-03-01 12:30:15,2026-03-01 12:37:47,2026-03-01 13:25:15,,--,,示例集团财务共享中心（本部）,应付确认单（物料类）,非自动审批,1
A03,示例集团·丙公司,AP-2026-001252,通用报销单,应付确认单（物料类）,人民币,48103.81,,--,2026-04-20,FSSC审核岗,应付成本组,审核员04,审核通过,2026-03-01 12:29:53,2026-03-01 12:30:15,2026-03-01 12:32:53,2026-03-01 14:14:15,,--,,示例集团财务共享中心（本部）,应付确认单（物料类）,非自动审批,1
A01,示例集团·甲公司,AP-2026-001253,付款单,应付付款单（材料采购）,人民币,34969.66,,--,2026-06-26,FSSC审核岗,应付成本组,审核员03,审核通过,2026-01-09 17:45:09,2026-01-09 17:46:00,2026-01-09 17:49:33,2026-01-09 20:19:00,,--,,示例集团财务共享中心（本部）,应付付款单（材料采购）,非自动审批,1
A01,示例集团·甲公司,AP-2026-001253,付款单,应付付款单（材料采购）,人民币,19157.08,,--,2026-06-26,FSSC审核岗,应付成本组,审核员03,审核通过,2026-01-09 17:45:09,2026-01-09 17:46:00,2026-01-09 17:49:10,2026-01-09 21:23:00,,--,,示例集团财务共享中心（本部）,应付付款单（材料采购）,非自动审批,1
A02,示例集团·乙公司,AP-2026-001254,付款单,应付付款单（服务费）,人民币,733166.22,,--,2026-03-26,FSSC审核岗,应付成本组,审核员04,审核通过,2026-03-12 17:09:28,2026-03-12 17:09:39,2026-03-12 17:09:41,2026-03-12 19:42:39,,--,,示例集团财务共享中心（本部）,应付付款单（服务费）,非自动审批,1
A02,示例集团·乙公司,AP-2026-001254,付款单,应付付款单（服务费）,人民币,179431.79,,--,2026-03-26,FSSC审核岗,应付成本组,审核员04,审核通过,2026-03-12 17:09:28,2026-03-12 17:09:39,2026-03-12 17:12:19,2026-03-12 19:00:39,,--,,示例集团财务共享中心（本部）,应付付款单（服务费）,非自动审批,1
A06,示例集团·己公司,AP-2026-001255,应付发票,其他专项付款单,人民币,20707.04,,--,2026-04-10,FSSC审核岗,应付成本组,审核员02,审核通过,2026-05-28 20:26:16,2026-05-28 20:26:36,2026-05-28 20:33:40,2026-05-28 23:23:36,,--,,示例集团财务共享中心（本部）,其他专项付款单,非自动审批,1
A06,示例集团·己公司,AP-2026-001255,应付发票,其他专项付款单,人民币,279002.92,,--,2026-04-10,FSSC审核岗,应付成本组,审核员02,审核通过,2026-05-28 20:26:16,2026-05-28 20:26:36,2026-05-28 20:30:37,2026-05-28 23:33:36,,--,,示例集团财务共享中心（本部）,其他专项付款单,非自动审批,1
A05,示例集团·戊公司,AP-2026-001256,通用报销单,应付付款单（材料采购）,人民币,390353.55,,--,2026-06-14,FSSC审核岗,应付成本组,审核员02,审核通过,2026-04-24 12:43:00,2026-04-24 12:43:06,2026-04-24 12:47:38,2026-04-24 16:03:06,,--,,示例集团财务共享中心（本部）,应付付款单（材料采购）,非自动审批,1
A07,示例集团·庚公司,AP-2026-001257,通用报销单,其他专项付款单,人民币,58122.13,,--,2026-02-07,FSSC审核岗,应付成本组,审核员01,审核通过,2026-04-21 16:48:57,2026-04-21 16:49:03,2026-04-21 16:55:30,2026-04-21 18:50:03,,--,,示例集团财务共享中心（本部）,其他专项付款单,非自动审批,1
A02,示例集团·乙公司,AP-2026-001258,通用报销单,其他专项付款单,人民币,36971.91,,--,2026-04-06,FSSC审核岗,应付成本组,审核员07,审核通过,2026-06-24 12:33:41,2026-06-24 12:35:35,2026-06-24 12:39:42,2026-06-24 13:27:35,,--,,示例集团财务共享中心（本部）,其他专项付款单,非自动审批,1
A02,示例集团·乙公司,AP-2026-001258,通用报销单,其他专项付款单,人民币,14908.45,,--,2026-04-06,FSSC审核岗,应付成本组,审核员07,审核通过,2026-06-24 12:33:41,2026-06-24 12:35:35,2026-06-24 12:40:56,2026-06-24 13:32:35,,--,,示例集团财务共享中心（本部）,其他专项付款单,非自动审批,1
A05,示例集团·戊公司,AP-2026-001259,付款单,其他专项付款单,人民币,161199.81,,--,2026-02-04,FSSC审核岗,应付成本组,审核员07,审核通过,2026-01-17 13:17:10,2026-01-17 13:17:18,2026-01-17 13:26:49,2026-01-17 15:51:18,,--,,示例集团财务共享中心（本部）,其他专项付款单,非自动审批,1
A05,示例集团·戊公司,AP-2026-001259,付款单,其他专项付款单,人民币,32928.5,,--,2026-02-04,FSSC审核岗,应付成本组,审核员07,审核通过,2026-01-17 13:17:10,2026-01-17 13:17:18,2026-01-17 13:20:26,2026-01-17 16:51:18,,--,,示例集团财务共享中心（本部）,其他专项付款单,非自动审批,1
A05,示例集团·戊公司,AP-2026-001259,付款单,其他专项付款单,人民币,31076.48,,--,2026-02-04,FSSC审核岗,应付成本组,审核员07,审核通过,2026-01-17 13:17:10,2026-01-17 13:17:18,2026-01-17 13:21:02,2026-01-17 15:22:18,,--,,示例集团财务共享中心（本部）,其他专项付款单,非自动审批,1
A02,示例集团·乙公司,AP-2026-001260,付款单,应付付款单（材料采购）,人民币,58915.49,,--,2026-06-16,FSSC审核岗,应付成本组,审核员07,审核通过,2026-06-16 11:53:54,2026-06-16 11:54:36,2026-06-16 11:58:54,2026-06-16 15:49:36,,--,,示例集团财务共享中心（本部）,应付付款单（材料采购）,非自动审批,1
A09,示例集团·壬公司,AP-2026-001261,通用报销单,应付付款单（材料采购）,人民币,19049.38,,--,2026-01-14,FSSC审核岗,应付成本组,审核员01,审核通过,2026-06-10 18:11:47,2026-06-10 18:12:06,2026-06-10 18:13:57,2026-06-10 22:51:06,,--,,示例集团财务共享中心（本部）,应付付款单（材料采购）,非自动审批,1
A09,示例集团·壬公司,AP-2026-001261,通用报销单,应付付款单（材料采购）,人民币,508791.01,,--,2026-01-14,FSSC审核岗,应付成本组,审核员01,审核通过,2026-06-10 18:11:47,2026-06-10 18:12:06,2026-06-10 18:17:10,2026-06-10 21:43:06,,--,,示例集团财务共享中心（本部）,应付付款单（材料采购）,非自动审批,1
A01,示例集团·甲公司,AP-2026-001262,通用报销单,其他专项付款单,人民币,232135.49,,--,2026-06-06,FSSC审核岗,应付成本组,审核员01,审核通过,2026-04-07 20:08:05,2026-04-07 20:09:08,2026-04-07 20:10:45,2026-04-07 22:31:08,,--,,示例集团财务共享中心（本部）,其他专项付款单,非自动审批,1
A01,示例集团·甲公司,AP-2026-001262,通用报销单,其他专项付款单,人民币,66648.0,,--,2026-06-06,FSSC审核岗,应付成本组,审核员01,审核通过,2026-04-07 20:08:05,2026-04-07 20:09:08,2026-04-07 20:09:34,2026-04-07 22:34:08,,--,,示例集团财务共享中心（本部）,其他专项付款单,非自动审批,1
A02,示例集团·乙公司,AP-2026-001263,应付发票,应付付款单（材料采购）,人民币,18183.22,,--,2026-04-20,FSSC审核岗,应付成本组,审核员05,审核通过,2026-01-23 16:06:52,2026-01-23 16:07:58,2026-01-23 16:16:51,2026-01-23 19:40:58,,--,,示例集团财务共享中心（本部）,应付付款单（材料采购）,非自动审批,1
A02,示例集团·乙公司,AP-2026-001263,应付发票,应付付款单（材料采购）,人民币,19610.85,,--,2026-04-20,FSSC审核岗,应付成本组,审核员05,审核通过,2026-01-23 16:06:52,2026-01-23 16:07:58,2026-01-23 16:12:02,2026-01-23 20:19:58,,--,,示例集团财务共享中心（本部）,应付付款单（材料采购）,非自动审批,1
A04,示例集团·丁公司,AP-2026-001264,付款单,应付付款单（差旅费）,人民币,18436.69,,--,2026-03-06,FSSC审核岗,应付成本组,审核员05,审核通过,2026-02-01 14:00:00,2026-02-01 14:00:21,2026-02-01 14:05:05,2026-02-01 16:41:21,,--,,示例集团财务共享中心（本部）,应付付款单（差旅费）,非自动审批,1
A04,示例集团·丁公司,AP-2026-001264,付款单,应付付款单（差旅费）,人民币,10689.57,,--,2026-03-06,FSSC审核岗,应付成本组,审核员05,审核通过,2026-02-01 14:00:00,2026-02-01 14:00:21,2026-02-01 14:01:32,2026-02-01 17:40:21,,--,,示例集团财务共享中心（本部）,应付付款单（差旅费）,非自动审批,1
A04,示例集团·丁公司,AP-2026-001264,付款单,应付付款单（差旅费）,人民币,94066.79,,--,2026-03-06,FSSC审核岗,应付成本组,审核员05,审核通过,2026-02-01 14:00:00,2026-02-01 14:00:21,2026-02-01 14:09:37,2026-02-01 17:28:21,,--,,示例集团财务共享中心（本部）,应付付款单（差旅费）,非自动审批,1
A07,示例集团·庚公司,AP-2026-001265,付款单,其他专项付款单,人民币,24357.31,,--,2026-02-08,FSSC审核岗,应付成本组,审核员02,审核通过,2026-05-18 19:01:22,2026-05-18 19:02:33,2026-05-18 19:06:39,2026-05-18 22:48:33,,--,,示例集团财务共享中心（本部）,其他专项付款单,非自动审批,1
A01,示例集团·甲公司,AP-2026-001266,付款单,应付付款单（差旅费）,人民币,22485.55,,--,2026-01-06,FSSC审核岗,应付成本组,审核员05,审核通过,2026-06-08 11:12:30,2026-06-08 11:14:24,2026-06-08 11:18:55,2026-06-08 12:17:24,,--,,示例集团财务共享中心（本部）,应付付款单（差旅费）,非自动审批,1
A04,示例集团·丁公司,AP-2026-001267,通用报销单,应付付款单（材料采购）,人民币,19158.24,,--,2026-05-21,FSSC审核岗,应付成本组,审核员04,审核通过,2026-02-18 20:49:42,2026-02-18 20:50:34,2026-02-18 20:51:57,2026-02-18 23:33:34,,--,,示例集团财务共享中心（本部）,应付付款单（材料采购）,非自动审批,1
A01,示例集团·甲公司,AP-2026-001268,应付发票,应付确认单（物料类）,人民币,244021.11,,--,2026-01-17,FSSC审核岗,应付成本组,审核员02,审核通过,2026-06-08 19:38:16,2026-06-08 19:39:43,2026-06-08 19:41:23,2026-06-08 23:54:43,,--,,示例集团财务共享中心（本部）,应付确认单（物料类）,非自动审批,1
A01,示例集团·甲公司,AP-2026-001268,应付发票,应付确认单（物料类）,人民币,20702.21,,--,2026-01-17,FSSC审核岗,应付成本组,审核员02,审核通过,2026-06-08 19:38:16,2026-06-08 19:39:43,2026-06-08 19:42:43,2026-06-08 23:23:43,,--,,示例集团财务共享中心（本部）,应付确认单（物料类）,非自动审批,1
A05,示例集团·戊公司,AP-2026-001269,通用报销单,应付付款单（材料采购）,人民币,353862.0,,--,2026-02-17,FSSC审核岗,应付成本组,审核员06,审核通过,2026-04-25 19:44:27,2026-04-25 19:46:22,2026-04-25 19:53:10,2026-04-25 22:47:22,,--,,示例集团财务共享中心（本部）,应付付款单（材料采购）,非自动审批,1
A11,示例集团·子公司甲,AP-2026-001270,通用报销单,其他专项付款单,人民币,40023.77,,--,2026-06-18,FSSC审核岗,应付成本组,审核员05,审核通过,2026-01-21 12:15:54,2026-01-21 12:17:14,2026-01-21 12:19:33,2026-01-21 13:32:14,,--,,示例集团财务共享中心（本部）,其他专项付款单,非自动审批,1
A11,示例集团·子公司甲,AP-2026-001270,通用报销单,其他专项付款单,人民币,10476.47,,--,2026-06-18,FSSC审核岗,应付成本组,审核员05,审核通过,2026-01-21 12:15:54,2026-01-21 12:17:14,2026-01-21 12:19:43,2026-01-21 14:14:14,,--,,示例集团财务共享中心（本部）,其他专项付款单,非自动审批,1
A08,示例集团·辛公司,AP-2026-001271,付款单,应付确认单（物料类）,人民币,115494.12,,--,2026-03-19,FSSC审核岗,应付成本组,审核员05,审核通过,2026-01-18 19:20:05,2026-01-18 19:21:09,2026-01-18 19:29:15,2026-01-18 22:00:09,,--,,示例集团财务共享中心（本部）,应付确认单（物料类）,非自动审批,1
A08,示例集团·辛公司,AP-2026-001271,付款单,应付确认单（物料类）,人民币,207354.81,,--,2026-03-19,FSSC审核岗,应付成本组,审核员05,审核通过,2026-01-18 19:20:05,2026-01-18 19:21:09,2026-01-18 19:28:42,2026-01-18 20:55:09,,--,,示例集团财务共享中心（本部）,应付确认单（物料类）,非自动审批,1
A08,示例集团·辛公司,AP-2026-001271,付款单,应付确认单（物料类）,人民币,18011.28,,--,2026-03-19,FSSC审核岗,应付成本组,审核员05,审核通过,2026-01-18 19:20:05,2026-01-18 19:21:09,2026-01-18 19:29:58,2026-01-18 21:51:09,,--,,示例集团财务共享中心（本部）,应付确认单（物料类）,非自动审批,1
A08,示例集团·辛公司,AP-2026-001273,应付发票,应付付款单（差旅费）,人民币,65416.95,,--,2026-03-15,FSSC审核岗,应付成本组,审核员01,审核通过,2026-03-05 17:55:40,2026-03-05 17:56:37,2026-03-05 17:56:52,2026-03-05 20:05:37,,--,,示例集团财务共享中心（本部）,应付付款单（差旅费）,非自动审批,1
A01,示例集团·甲公司,AP-2026-001274,通用报销单,其他专项付款单,人民币,93512.27,,--,2026-06-16,FSSC审核岗,应付成本组,审核员05,审核通过,2026-06-18 20:38:49,2026-06-18 20:40:17,2026-06-18 20:43:26,2026-06-19 00:23:17,,--,,示例集团财务共享中心（本部）,其他专项付款单,非自动审批,1
A17,示例集团·子公司庚,AP-2026-001275,通用报销单,通用报销单（费用报销）,人民币,68451.96,,--,2026-04-17,FSSC审核岗,应付成本组,审核员05,审核通过,2026-03-15 11:19:23,2026-03-15 11:20:30,2026-03-15 11:20:50,2026-03-15 15:45:30,,--,,示例集团财务共享中心（本部）,通用报销单（费用报销）,非自动审批,1
A17,示例集团·子公司庚,AP-2026-001275,通用报销单,通用报销单（费用报销）,人民币,31526.95,,--,2026-04-17,FSSC审核岗,应付成本组,审核员05,审核通过,2026-03-15 11:19:23,2026-03-15 11:20:30,2026-03-15 11:28:34,2026-03-15 14:31:30,,--,,示例集团财务共享中心（本部）,通用报销单（费用报销）,非自动审批,1
A17,示例集团·子公司庚,AP-2026-001275,通用报销单,通用报销单（费用报销）,人民币,205719.43,,--,2026-04-17,FSSC审核岗,应付成本组,审核员05,审核通过,2026-03-15 11:19:23,2026-03-15 11:20:30,2026-03-15 11:24:17,2026-03-15 15:04:30,,--,,示例集团财务共享中心（本部）,通用报销单（费用报销）,非自动审批,1
A03,示例集团·丙公司,AP-2026-001276,应付发票,应付付款单（服务费）,人民币,42126.67,,--,2026-06-10,FSSC审核岗,应付成本组,审核员01,审核通过,2026-03-20 10:43:13,2026-03-20 10:44:57,2026-03-20 10:47:23,2026-03-20 12:32:57,,--,,示例集团财务共享中心（本部）,应付付款单（服务费）,非自动审批,1
A02,示例集团·乙公司,AP-2026-001277,应付发票,其他专项付款单,人民币,25643.57,,--,2026-02-13,FSSC审核岗,应付成本组,审核员04,审核通过,2026-05-20 08:02:28,2026-05-20 08:02:51,2026-05-20 08:12:09,2026-05-20 09:34:51,,--,,示例集团财务共享中心（本部）,其他专项付款单,非自动审批,1
A02,示例集团·乙公司,AP-2026-001277,应付发票,其他专项付款单,人民币,5058.8,,--,2026-02-13,FSSC审核岗,应付成本组,审核员04,审核通过,2026-05-20 08:02:28,2026-05-20 08:02:51,2026-05-20 08:07:04,2026-05-20 09:54:51,,--,,示例集团财务共享中心（本部）,其他专项付款单,非自动审批,1
A01,示例集团·甲公司,AP-2026-001278,付款单,应付付款单（材料采购）,人民币,5125.27,,--,2026-04-07,FSSC审核岗,应付成本组,审核员05,审核通过,2026-01-11 15:20:35,2026-01-11 15:21:45,2026-01-11 15:21:11,2026-01-11 19:16:45,,--,,示例集团财务共享中心（本部）,应付付款单（材料采购）,非自动审批,1
A06,示例集团·己公司,AP-2026-001279,通用报销单,应付确认单（物料类）,人民币,81004.94,,--,2026-04-01,FSSC审核岗,应付成本组,审核员07,审核驳回,2026-01-26 13:58:04,2026-01-26 13:58:05,2026-01-26 14:02:31,--,,--,,示例集团财务共享中心（本部）,应付确认单（物料类）,非自动审批,1
A01,示例集团·甲公司,AP-2026-001280,付款单,应付付款单（差旅费）,人民币,53751.68,,--,2026-06-10,FSSC审核岗,应付成本组,审核员03,审核通过,2026-04-25 17:13:21,2026-04-25 17:14:31,2026-04-25 17:17:35,2026-04-25 21:41:31,,--,,示例集团财务共享中心（本部）,应付付款单（差旅费）,非自动审批,1
A01,示例集团·甲公司,AP-2026-001280,付款单,应付付款单（差旅费）,人民币,207403.83,,--,2026-06-10,FSSC审核岗,应付成本组,审核员03,审核通过,2026-04-25 17:13:21,2026-04-25 17:14:31,2026-04-25 17:21:40,2026-04-25 21:14:31,,--,,示例集团财务共享中心（本部）,应付付款单（差旅费）,非自动审批,1
A05,示例集团·戊公司,AP-2026-001281,通用报销单,应付确认单（物料类）,人民币,291384.24,,--,2026-06-01,FSSC审核岗,应付成本组,审核员06,审核驳回,2026-04-16 10:27:38,2026-04-16 10:29:21,2026-04-16 10:30:40,--,,--,,示例集团财务共享中心（本部）,应付确认单（物料类）,非自动审批,1
A05,示例集团·戊公司,AP-2026-001281,通用报销单,应付确认单（物料类）,人民币,42482.82,,--,2026-06-01,FSSC审核岗,应付成本组,审核员06,审核驳回,2026-04-16 10:27:38,2026-04-16 10:29:21,2026-04-16 10:33:03,--,,--,,示例集团财务共享中心（本部）,应付确认单（物料类）,非自动审批,1
A01,示例集团·甲公司,AP-2026-001282,应付发票,通用报销单（费用报销）,人民币,225959.23,,--,2026-04-09,FSSC审核岗,应付成本组,审核员03,审核通过,2026-02-02 14:31:00,2026-02-02 14:31:44,2026-02-02 14:32:22,2026-02-02 18:18:44,,--,,示例集团财务共享中心（本部）,通用报销单（费用报销）,非自动审批,1
A04,示例集团·丁公司,AP-2026-001283,通用报销单,应付付款单（服务费）,人民币,27266.54,,--,2026-06-11,FSSC审核岗,应付成本组,审核员01,审核通过,2026-03-14 15:09:20,2026-03-14 15:10:15,2026-03-14 15:09:43,2026-03-14 19:22:15,,--,,示例集团财务共享中心（本部）,应付付款单（服务费）,非自动审批,1
A04,示例集团·丁公司,AP-2026-001283,通用报销单,应付付款单（服务费）,人民币,48540.52,,--,2026-06-11,FSSC审核岗,应付成本组,审核员01,审核通过,2026-03-14 15:09:20,2026-03-14 15:10:15,2026-03-14 15:16:40,2026-03-14 20:02:15,,--,,示例集团财务共享中心（本部）,应付付款单（服务费）,非自动审批,1
A03,示例集团·丙公司,AP-2026-001284,应付发票,应付付款单（服务费）,人民币,46635.68,,--,2026-01-22,FSSC审核岗,应付成本组,审核员05,审核通过,2026-03-01 12:31:50,2026-03-01 12:33:46,2026-03-01 12:33:56,2026-03-01 15:46:46,,--,,示例集团财务共享中心（本部）,应付付款单（服务费）,非自动审批,1
A03,示例集团·丙公司,AP-2026-001284,应付发票,应付付款单（服务费）,人民币,546171.09,,--,2026-01-22,FSSC审核岗,应付成本组,审核员05,审核通过,2026-03-01 12:31:50,2026-03-01 12:33:46,2026-03-01 12:32:27,2026-03-01 15:02:46,,--,,示例集团财务共享中心（本部）,应付付款单（服务费）,非自动审批,1
A07,示例集团·庚公司,AP-2026-001285,应付发票,应付付款单（材料采购）,人民币,9997.79,,--,2026-05-27,FSSC审核岗,应付成本组,审核员01,审核通过,2026-04-11 08:31:59,2026-04-11 08:32:17,2026-04-11 08:39:12,2026-04-11 10:18:17,,--,,示例集团财务共享中心（本部）,应付付款单（材料采购）,非自动审批,1
A07,示例集团·庚公司,AP-2026-001285,应付发票,应付付款单（材料采购）,人民币,65042.27,,--,2026-05-27,FSSC审核岗,应付成本组,审核员01,审核通过,2026-04-11 08:31:59,2026-04-11 08:32:17,2026-04-11 08:39:45,2026-04-11 11:43:17,,--,,示例集团财务共享中心（本部）,应付付款单（材料采购）,非自动审批,1
A07,示例集团·庚公司,AP-2026-001285,应付发票,应付付款单（材料采购）,人民币,22596.51,,--,2026-05-27,FSSC审核岗,应付成本组,审核员01,审核通过,2026-04-11 08:31:59,2026-04-11 08:32:17,2026-04-11 08:37:25,2026-04-11 11:04:17,,--,,示例集团财务共享中心（本部）,应付付款单（材料采购）,非自动审批,1
A10,示例集团·癸公司,AP-2026-001287,付款单,应付付款单（材料采购）,人民币,39394.4,,--,2026-02-08,FSSC审核岗,应付成本组,审核员04,审核通过,2026-06-11 19:43:56,2026-06-11 19:44:38,2026-06-11 19:52:57,2026-06-11 22:25:38,,--,,示例集团财务共享中心（本部）,应付付款单（材料采购）,非自动审批,1
A01,示例集团·甲公司,AP-2026-001288,通用报销单,其他专项付款单,人民币,37104.9,,--,2026-01-16,FSSC审核岗,应付成本组,审核员04,审核通过,2026-03-15 09:04:20,2026-03-15 09:04:27,2026-03-15 09:05:07,2026-03-15 12:10:27,,--,,示例集团财务共享中心（本部）,其他专项付款单,非自动审批,1
A01,示例集团·甲公司,AP-2026-001288,通用报销单,其他专项付款单,人民币,66230.05,,--,2026-01-16,FSSC审核岗,应付成本组,审核员04,审核通过,2026-03-15 09:04:20,2026-03-15 09:04:27,2026-03-15 09:10:16,2026-03-15 11:22:27,,--,,示例集团财务共享中心（本部）,其他专项付款单,非自动审批,1
A01,示例集团·甲公司,AP-2026-001288,通用报销单,其他专项付款单,人民币,394622.35,,--,2026-01-16,FSSC审核岗,应付成本组,审核员04,审核通过,2026-03-15 09:04:20,2026-03-15 09:04:27,2026-03-15 09:11:44,2026-03-15 11:30:27,,--,,示例集团财务共享中心（本部）,其他专项付款单,非自动审批,1
A05,示例集团·戊公司,AP-2026-001289,付款单,应付付款单（材料采购）,人民币,858378.58,,--,2026-05-12,FSSC审核岗,应付成本组,审核员05,审核通过,2026-04-15 16:47:42,2026-04-15 16:49:16,2026-04-15 16:55:20,2026-04-15 18:16:16,,--,,示例集团财务共享中心（本部）,应付付款单（材料采购）,非自动审批,1
A05,示例集团·戊公司,AP-2026-001289,付款单,应付付款单（材料采购）,人民币,150121.48,,--,2026-05-12,FSSC审核岗,应付成本组,审核员05,审核通过,2026-04-15 16:47:42,2026-04-15 16:49:16,2026-04-15 16:53:50,2026-04-15 19:20:16,,--,,示例集团财务共享中心（本部）,应付付款单（材料采购）,非自动审批,1
A05,示例集团·戊公司,AP-2026-001292,应付发票,其他专项付款单,人民币,15202.48,,--,2026-03-27,FSSC审核岗,应付成本组,审核员01,审核通过,2026-03-11 18:04:32,2026-03-11 18:04:48,2026-03-11 18:07:04,2026-03-11 21:32:48,,--,,示例集团财务共享中心（本部）,其他专项付款单,非自动审批,1
A05,示例集团·戊公司,AP-2026-001293,通用报销单,应付付款单（服务费）,人民币,46888.25,,--,2026-03-04,FSSC审核岗,应付成本组,审核员04,审核通过,2026-04-04 13:28:14,2026-04-04 13:28:39,2026-04-04 13:35:29,2026-04-04 14:49:39,,--,,示例集团财务共享中心（本部）,应付付款单（服务费）,非自动审批,1
A01,示例集团·甲公司,AP-2026-001295,应付发票,应付确认单（物料类）,人民币,86236.0,,--,2026-06-01,FSSC审核岗,应付成本组,审核员05,审核通过,2026-02-02 16:38:57,2026-02-02 16:39:59,2026-02-02 16:42:18,2026-02-02 19:35:59,,--,,示例集团财务共享中心（本部）,应付确认单（物料类）,非自动审批,1
A08,示例集团·辛公司,AP-2026-001296,付款单,应付付款单（服务费）,人民币,33870.76,,--,2026-06-17,FSSC审核岗,应付成本组,审核员03,审核通过,2026-05-06 18:18:42,2026-05-06 18:20:17,2026-05-06 18:28:23,2026-05-06 22:31:17,,--,,示例集团财务共享中心（本部）,应付付款单（服务费）,非自动审批,1
A02,示例集团·乙公司,AP-2026-001297,付款单,应付付款单（材料采购）,人民币,40623.22,,--,2026-05-25,FSSC审核岗,应付成本组,审核员03,审核通过,2026-05-23 17:23:22,2026-05-23 17:23:39,2026-05-23 17:30:37,2026-05-23 21:18:39,,--,,示例集团财务共享中心（本部）,应付付款单（材料采购）,非自动审批,1
A02,示例集团·乙公司,AP-2026-001297,付款单,应付付款单（材料采购）,人民币,54196.7,,--,2026-05-25,FSSC审核岗,应付成本组,审核员03,审核通过,2026-05-23 17:23:22,2026-05-23 17:23:39,2026-05-23 17:32:15,2026-05-23 20:06:39,,--,,示例集团财务共享中心（本部）,应付付款单（材料采购）,非自动审批,1
A02,示例集团·乙公司,AP-2026-001297,付款单,应付付款单（材料采购）,人民币,176503.69,,--,2026-05-25,FSSC审核岗,应付成本组,审核员03,审核通过,2026-05-23 17:23:22,2026-05-23 17:23:39,2026-05-23 17:25:48,2026-05-23 19:51:39,,--,,示例集团财务共享中心（本部）,应付付款单（材料采购）,非自动审批,1
A04,示例集团·丁公司,AP-2026-001298,付款单,应付付款单（服务费）,人民币,125775.57,,--,2026-01-20,FSSC审核岗,应付成本组,审核员06,审核通过,2026-02-28 18:53:57,2026-02-28 18:54:15,2026-02-28 19:03:34,2026-02-28 21:02:15,,--,,示例集团财务共享中心（本部）,应付付款单（服务费）,非自动审批,1
A15,示例集团·子公司戊,AP-2026-001299,通用报销单,应付付款单（服务费）,人民币,25483.03,,--,2026-05-09,FSSC审核岗,应付成本组,审核员04,审核通过,2026-05-26 12:51:13,2026-05-26 12:52:08,2026-05-26 13:00:44,2026-05-26 15:38:08,,--,,示例集团财务共享中心（本部）,应付付款单（服务费）,非自动审批,1
A15,示例集团·子公司戊,AP-2026-001299,通用报销单,应付付款单（服务费）,人民币,137306.08,,--,2026-05-09,FSSC审核岗,应付成本组,审核员04,审核通过,2026-05-26 12:51:13,2026-05-26 12:52:08,2026-05-26 12:53:47,2026-05-26 15:48:08,,--,,示例集团财务共享中心（本部）,应付付款单（服务费）,非自动审批,1
A06,示例集团·己公司,AP-2026-001301,通用报销单,应付付款单（服务费）,人民币,669379.14,,--,2026-01-26,FSSC审核岗,应付成本组,审核员01,审核通过,2026-06-28 19:37:35,2026-06-28 19:37:57,2026-06-28 19:44:14,2026-06-28 21:24:57,,--,,示例集团财务共享中心（本部）,应付付款单（服务费）,非自动审批,1
A06,示例集团·己公司,AP-2026-001301,通用报销单,应付付款单（服务费）,人民币,7200.26,,--,2026-01-26,FSSC审核岗,应付成本组,审核员01,审核通过,2026-06-28 19:37:35,2026-06-28 19:37:57,2026-06-28 19:45:28,2026-06-28 21:09:57,,--,,示例集团财务共享中心（本部）,应付付款单（服务费）,非自动审批,1
A13,示例集团·子公司丙,AP-2026-001302,应付发票,应付付款单（差旅费）,人民币,32459.18,,--,2026-03-08,FSSC审核岗,应付成本组,审核员05,审核驳回,2026-06-21 18:21:20,2026-06-21 18:22:29,2026-06-21 18:22:03,--,,--,,示例集团财务共享中心（本部）,应付付款单（差旅费）,非自动审批,1
A02,示例集团·乙公司,AP-2026-001303,付款单,其他专项付款单,人民币,29181.86,,--,2026-04-24,FSSC审核岗,应付成本组,审核员01,审核通过,2026-04-08 20:37:06,2026-04-08 20:37:38,2026-04-08 20:38:25,2026-04-08 23:31:38,,--,,示例集团财务共享中心（本部）,其他专项付款单,非自动审批,1
A02,示例集团·乙公司,AP-2026-001303,付款单,其他专项付款单,人民币,66962.18,,--,2026-04-24,FSSC审核岗,应付成本组,审核员01,审核通过,2026-04-08 20:37:06,2026-04-08 20:37:38,2026-04-08 20:38:42,2026-04-08 23:30:38,,--,,示例集团财务共享中心（本部）,其他专项付款单,非自动审批,1
A02,示例集团·乙公司,AP-2026-001303,付款单,其他专项付款单,人民币,4659.09,,--,2026-04-24,FSSC审核岗,应付成本组,审核员01,审核通过,2026-04-08 20:37:06,2026-04-08 20:37:38,2026-04-08 20:41:52,2026-04-08 23:12:38,,--,,示例集团财务共享中心（本部）,其他专项付款单,非自动审批,1
A03,示例集团·丙公司,AP-2026-001304,应付发票,应付付款单（差旅费）,人民币,402528.9,,--,2026-06-19,FSSC审核岗,应付成本组,审核员03,审核通过,2026-02-11 16:52:01,2026-02-11 16:53:06,2026-02-11 17:00:18,2026-02-11 20:26:06,,--,,示例集团财务共享中心（本部）,应付付款单（差旅费）,非自动审批,1
A09,示例集团·壬公司,AP-2026-001305,付款单,其他专项付款单,人民币,63927.73,,--,2026-06-11,FSSC审核岗,应付成本组,审核员01,审核通过,2026-01-17 15:14:13,2026-01-17 15:15:05,2026-01-17 15:18:35,2026-01-17 17:22:05,,--,,示例集团财务共享中心（本部）,其他专项付款单,非自动审批,1
A06,示例集团·己公司,AP-2026-001306,付款单,应付付款单（材料采购）,人民币,90888.32,,--,2026-05-20,FSSC审核岗,应付成本组,审核员02,审核驳回,2026-02-21 13:35:16,2026-02-21 13:36:53,2026-02-21 13:36:35,--,,--,,示例集团财务共享中心（本部）,应付付款单（材料采购）,非自动审批,1
A06,示例集团·己公司,AP-2026-001306,付款单,应付付款单（材料采购）,人民币,77284.05,,--,2026-05-20,FSSC审核岗,应付成本组,审核员02,审核驳回,2026-02-21 13:35:16,2026-02-21 13:36:53,2026-02-21 13:41:28,--,,--,,示例集团财务共享中心（本部）,应付付款单（材料采购）,非自动审批,1
A11,示例集团·子公司甲,AP-2026-001307,通用报销单,其他专项付款单,人民币,29052.35,,--,2026-05-06,FSSC审核岗,应付成本组,审核员04,审核通过,2026-06-04 09:24:34,2026-06-04 09:25:25,2026-06-04 09:33:35,2026-06-04 13:50:25,,--,,示例集团财务共享中心（本部）,其他专项付款单,非自动审批,1
A02,示例集团·乙公司,AP-2026-001308,通用报销单,通用报销单（费用报销）,人民币,159231.8,,--,2026-05-20,FSSC审核岗,应付成本组,审核员02,审核通过,2026-06-13 14:01:20,2026-06-13 14:01:52,2026-06-13 14:06:09,2026-06-13 16:16:52,,--,,示例集团财务共享中心（本部）,通用报销单（费用报销）,非自动审批,1
A02,示例集团·乙公司,AP-2026-001308,通用报销单,通用报销单（费用报销）,人民币,60314.15,,--,2026-05-20,FSSC审核岗,应付成本组,审核员02,审核通过,2026-06-13 14:01:20,2026-06-13 14:01:52,2026-06-13 14:07:01,2026-06-13 16:42:52,,--,,示例集团财务共享中心（本部）,通用报销单（费用报销）,非自动审批,1
A01,示例集团·甲公司,AP-2026-001309,付款单,应付付款单（服务费）,人民币,3233.98,,--,2026-05-23,FSSC审核岗,应付成本组,审核员05,审核通过,2026-06-07 13:35:48,2026-06-07 13:37:10,2026-06-07 13:39:36,2026-06-07 16:49:10,,--,,示例集团财务共享中心（本部）,应付付款单（服务费）,非自动审批,1
A01,示例集团·甲公司,AP-2026-001309,付款单,应付付款单（服务费）,人民币,51460.56,,--,2026-05-23,FSSC审核岗,应付成本组,审核员05,审核通过,2026-06-07 13:35:48,2026-06-07 13:37:10,2026-06-07 13:44:19,2026-06-07 16:24:10,,--,,示例集团财务共享中心（本部）,应付付款单（服务费）,非自动审批,1
A08,示例集团·辛公司,AP-2026-001310,应付发票,其他专项付款单,人民币,40594.94,,--,2026-02-07,FSSC审核岗,应付成本组,审核员01,审核通过,2026-04-16 14:13:36,2026-04-16 14:15:36,2026-04-16 14:16:40,2026-04-16 17:42:36,,--,,示例集团财务共享中心（本部）,其他专项付款单,非自动审批,1
A08,示例集团·辛公司,AP-2026-001310,应付发票,其他专项付款单,人民币,158805.96,,--,2026-02-07,FSSC审核岗,应付成本组,审核员01,审核通过,2026-04-16 14:13:36,2026-04-16 14:15:36,2026-04-16 14:17:41,2026-04-16 16:30:36,,--,,示例集团财务共享中心（本部）,其他专项付款单,非自动审批,1
A08,示例集团·辛公司,AP-2026-001310,应付发票,其他专项付款单,人民币,2628643.06,,--,2026-02-07,FSSC审核岗,应付成本组,审核员01,审核通过,2026-04-16 14:13:36,2026-04-16 14:15:36,2026-04-16 14:19:34,2026-04-16 17:07:36,,--,,示例集团财务共享中心（本部）,其他专项付款单,非自动审批,1
A06,示例集团·己公司,AP-2026-001311,付款单,应付确认单（物料类）,人民币,101595.99,,--,2026-05-26,FSSC审核岗,应付成本组,审核员05,审核通过,2026-02-19 14:36:54,2026-02-19 14:37:48,2026-02-19 14:45:04,2026-02-19 18:09:48,,--,,示例集团财务共享中心（本部）,应付确认单（物料类）,非自动审批,1
A06,示例集团·己公司,AP-2026-001311,付款单,应付确认单（物料类）,人民币,1164401.72,,--,2026-05-26,FSSC审核岗,应付成本组,审核员05,审核通过,2026-02-19 14:36:54,2026-02-19 14:37:48,2026-02-19 14:46:11,2026-02-19 18:33:48,,--,,示例集团财务共享中心（本部）,应付确认单（物料类）,非自动审批,1
A06,示例集团·己公司,AP-2026-001311,付款单,应付确认单（物料类）,人民币,22908.95,,--,2026-05-26,FSSC审核岗,应付成本组,审核员05,审核通过,2026-02-19 14:36:54,2026-02-19 14:37:48,2026-02-19 14:40:37,2026-02-19 17:34:48,,--,,示例集团财务共享中心（本部）,应付确认单（物料类）,非自动审批,1
A05,示例集团·戊公司,AP-2026-001312,应付发票,其他专项付款单,人民币,25059.96,,--,2026-01-20,FSSC审核岗,应付成本组,审核员02,审核通过,2026-01-09 13:48:30,2026-01-09 13:50:20,2026-01-09 13:56:40,2026-01-09 17:31:20,,--,,示例集团财务共享中心（本部）,其他专项付款单,非自动审批,1
A01,示例集团·甲公司,AP-2026-001313,付款单,应付付款单（服务费）,人民币,42403.77,,--,2026-01-07,FSSC审核岗,应付成本组,审核员04,审核通过,2026-01-26 16:35:58,2026-01-26 16:36:12,2026-01-26 16:36:49,2026-01-26 20:38:12,,--,,示例集团财务共享中心（本部）,应付付款单（服务费）,非自动审批,1
A16,示例集团·子公司己,AP-2026-001314,通用报销单,应付付款单（服务费）,人民币,108582.88,,--,2026-04-03,FSSC审核岗,应付成本组,审核员06,审核通过,2026-03-18 15:29:29,2026-03-18 15:30:15,2026-03-18 15:34:18,2026-03-18 19:16:15,,--,,示例集团财务共享中心（本部）,应付付款单（服务费）,非自动审批,1
A16,示例集团·子公司己,AP-2026-001314,通用报销单,应付付款单（服务费）,人民币,24419.96,,--,2026-04-03,FSSC审核岗,应付成本组,审核员06,审核通过,2026-03-18 15:29:29,2026-03-18 15:30:15,2026-03-18 15:38:47,2026-03-18 17:56:15,,--,,示例集团财务共享中心（本部）,应付付款单（服务费）,非自动审批,1
A16,示例集团·子公司己,AP-2026-001314,通用报销单,应付付款单（服务费）,人民币,6269.27,,--,2026-04-03,FSSC审核岗,应付成本组,审核员06,审核通过,2026-03-18 15:29:29,2026-03-18 15:30:15,2026-03-18 15:35:03,2026-03-18 17:43:15,,--,,示例集团财务共享中心（本部）,应付付款单（服务费）,非自动审批,1
A05,示例集团·戊公司,AP-2026-001315,通用报销单,应付付款单（材料采购）,人民币,61838.24,,--,2026-01-23,FSSC审核岗,应付成本组,审核员01,审核通过,2026-01-20 09:22:45,2026-01-20 09:24:31,2026-01-20 09:32:38,2026-01-20 12:16:31,,--,,示例集团财务共享中心（本部）,应付付款单（材料采购）,非自动审批,1
A01,示例集团·甲公司,AP-2026-001316,通用报销单,应付付款单（材料采购）,人民币,12086.07,,--,2026-06-02,FSSC审核岗,应付成本组,审核员02,审核通过,2026-06-28 10:56:10,2026-06-28 10:58:05,2026-06-28 11:03:44,2026-06-28 12:55:05,,--,,示例集团财务共享中心（本部）,应付付款单（材料采购）,非自动审批,1
A01,示例集团·甲公司,AP-2026-001316,通用报销单,应付付款单（材料采购）,人民币,285546.62,,--,2026-06-02,FSSC审核岗,应付成本组,审核员02,审核通过,2026-06-28 10:56:10,2026-06-28 10:58:05,2026-06-28 10:56:46,2026-06-28 13:12:05,,--,,示例集团财务共享中心（本部）,应付付款单（材料采购）,非自动审批,1
A01,示例集团·甲公司,AP-2026-001318,通用报销单,应付付款单（服务费）,人民币,147475.66,,--,2026-06-04,FSSC审核岗,应付成本组,审核员05,审核通过,2026-04-05 20:18:04,2026-04-05 20:18:08,2026-04-05 20:25:13,2026-04-06 00:09:08,,--,,示例集团财务共享中心（本部）,应付付款单（服务费）,非自动审批,1
A01,示例集团·甲公司,AP-2026-001318,通用报销单,应付付款单（服务费）,人民币,20674.69,,--,2026-06-04,FSSC审核岗,应付成本组,审核员05,审核通过,2026-04-05 20:18:04,2026-04-05 20:18:08,2026-04-05 20:24:46,2026-04-05 23:44:08,,--,,示例集团财务共享中心（本部）,应付付款单（服务费）,非自动审批,1
A01,示例集团·甲公司,AP-2026-001318,通用报销单,应付付款单（服务费）,人民币,113335.63,,--,2026-06-04,FSSC审核岗,应付成本组,审核员05,审核通过,2026-04-05 20:18:04,2026-04-05 20:18:08,2026-04-05 20:18:29,2026-04-06 00:39:08,,--,,示例集团财务共享中心（本部）,应付付款单（服务费）,非自动审批,1
A02,示例集团·乙公司,AP-2026-001319,付款单,应付付款单（材料采购）,人民币,27794.07,,--,2026-03-16,FSSC审核岗,应付成本组,审核员01,审核通过,2026-02-06 12:01:10,2026-02-06 12:03:04,2026-02-06 12:07:25,2026-02-06 15:41:04,,--,,示例集团财务共享中心（本部）,应付付款单（材料采购）,非自动审批,1
A12,示例集团·子公司乙,AP-2026-001320,通用报销单,通用报销单（费用报销）,人民币,55655.21,,--,2026-06-13,FSSC审核岗,应付成本组,审核员02,审核通过,2026-02-23 14:13:34,2026-02-23 14:13:36,2026-02-23 14:14:01,2026-02-23 16:49:36,,--,,示例集团财务共享中心（本部）,通用报销单（费用报销）,非自动审批,1
A12,示例集团·子公司乙,AP-2026-001320,通用报销单,通用报销单（费用报销）,人民币,56481.02,,--,2026-06-13,FSSC审核岗,应付成本组,审核员02,审核通过,2026-02-23 14:13:34,2026-02-23 14:13:36,2026-02-23 14:22:01,2026-02-23 15:34:36,,--,,示例集团财务共享中心（本部）,通用报销单（费用报销）,非自动审批,1
A10,示例集团·癸公司,AP-2026-001321,通用报销单,其他专项付款单,人民币,37425.86,,--,2026-03-26,FSSC审核岗,应付成本组,审核员03,审核通过,2026-02-26 14:46:13,2026-02-26 14:47:27,2026-02-26 14:47:52,2026-02-26 16:28:27,,--,,示例集团财务共享中心（本部）,其他专项付款单,非自动审批,1
A01,示例集团·甲公司,AP-2026-001323,付款单,通用报销单（费用报销）,人民币,191559.13,,--,2026-04-19,FSSC审核岗,应付成本组,审核员06,审核通过,2026-03-16 09:41:56,2026-03-16 09:42:15,2026-03-16 09:44:55,2026-03-16 11:55:15,,--,,示例集团财务共享中心（本部）,通用报销单（费用报销）,非自动审批,1
A01,示例集团·甲公司,AP-2026-001323,付款单,通用报销单（费用报销）,人民币,12496.09,,--,2026-04-19,FSSC审核岗,应付成本组,审核员06,审核通过,2026-03-16 09:41:56,2026-03-16 09:42:15,2026-03-16 09:44:26,2026-03-16 11:19:15,,--,,示例集团财务共享中心（本部）,通用报销单（费用报销）,非自动审批,1
A09,示例集团·壬公司,AP-2026-001324,通用报销单,其他专项付款单,人民币,126977.68,,--,2026-04-04,FSSC审核岗,应付成本组,审核员07,审核通过,2026-02-26 09:30:54,2026-02-26 09:31:53,2026-02-26 09:35:56,2026-02-26 12:35:53,,--,,示例集团财务共享中心（本部）,其他专项付款单,非自动审批,1
A09,示例集团·壬公司,AP-2026-001324,通用报销单,其他专项付款单,人民币,91705.79,,--,2026-04-04,FSSC审核岗,应付成本组,审核员07,审核通过,2026-02-26 09:30:54,2026-02-26 09:31:53,2026-02-26 09:32:50,2026-02-26 11:45:53,,--,,示例集团财务共享中心（本部）,其他专项付款单,非自动审批,1
A09,示例集团·壬公司,AP-2026-001324,通用报销单,其他专项付款单,人民币,8379.94,,--,2026-04-04,FSSC审核岗,应付成本组,审核员07,审核通过,2026-02-26 09:30:54,2026-02-26 09:31:53,2026-02-26 09:31:27,2026-02-26 12:30:53,,--,,示例集团财务共享中心（本部）,其他专项付款单,非自动审批,1
A03,示例集团·丙公司,AP-2026-001325,应付发票,应付付款单（材料采购）,人民币,19688.9,,--,2026-06-06,FSSC审核岗,应付成本组,审核员07,审核通过,2026-03-21 14:00:31,2026-03-21 14:00:55,2026-03-21 14:06:34,2026-03-21 16:10:55,,--,,示例集团财务共享中心（本部）,应付付款单（材料采购）,非自动审批,1
A03,示例集团·丙公司,AP-2026-001325,应付发票,应付付款单（材料采购）,人民币,12946.35,,--,2026-06-06,FSSC审核岗,应付成本组,审核员07,审核通过,2026-03-21 14:00:31,2026-03-21 14:00:55,2026-03-21 14:05:41,2026-03-21 15:03:55,,--,,示例集团财务共享中心（本部）,应付付款单（材料采购）,非自动审批,1
A06,示例集团·己公司,AP-2026-001326,应付发票,通用报销单（费用报销）,人民币,35846.55,,--,2026-01-26,FSSC审核岗,应付成本组,审核员06,审核通过,2026-06-13 17:01:57,2026-06-13 17:02:21,2026-06-13 17:06:06,2026-06-13 19:32:21,,--,,示例集团财务共享中心（本部）,通用报销单（费用报销）,非自动审批,1
A06,示例集团·己公司,AP-2026-001326,应付发票,通用报销单（费用报销）,人民币,64074.2,,--,2026-01-26,FSSC审核岗,应付成本组,审核员06,审核通过,2026-06-13 17:01:57,2026-06-13 17:02:21,2026-06-13 17:09:02,2026-06-13 19:38:21,,--,,示例集团财务共享中心（本部）,通用报销单（费用报销）,非自动审批,1
A06,示例集团·己公司,AP-2026-001326,应付发票,通用报销单（费用报销）,人民币,16321.83,,--,2026-01-26,FSSC审核岗,应付成本组,审核员06,审核通过,2026-06-13 17:01:57,2026-06-13 17:02:21,2026-06-13 17:06:13,2026-06-13 19:34:21,,--,,示例集团财务共享中心（本部）,通用报销单（费用报销）,非自动审批,1
A05,示例集团·戊公司,AP-2026-001327,通用报销单,其他专项付款单,人民币,232531.28,,--,2026-02-27,FSSC审核岗,应付成本组,审核员04,审核通过,2026-03-01 18:08:40,2026-03-01 18:10:26,2026-03-01 18:13:00,2026-03-01 22:09:26,,--,,示例集团财务共享中心（本部）,其他专项付款单,非自动审批,1
A05,示例集团·戊公司,AP-2026-001327,通用报销单,其他专项付款单,人民币,263259.52,,--,2026-02-27,FSSC审核岗,应付成本组,审核员04,审核通过,2026-03-01 18:08:40,2026-03-01 18:10:26,2026-03-01 18:16:34,2026-03-01 22:46:26,,--,,示例集团财务共享中心（本部）,其他专项付款单,非自动审批,1
A01,示例集团·甲公司,AP-2026-001328,通用报销单,其他专项付款单,人民币,337117.72,,--,2026-04-18,FSSC审核岗,应付成本组,审核员01,审核通过,2026-05-03 10:52:02,2026-05-03 10:53:55,2026-05-03 10:57:50,2026-05-03 12:42:55,,--,,示例集团财务共享中心（本部）,其他专项付款单,非自动审批,1
A01,示例集团·甲公司,AP-2026-001328,通用报销单,其他专项付款单,人民币,1332.4,,--,2026-04-18,FSSC审核岗,应付成本组,审核员01,审核通过,2026-05-03 10:52:02,2026-05-03 10:53:55,2026-05-03 10:59:49,2026-05-03 14:10:55,,--,,示例集团财务共享中心（本部）,其他专项付款单,非自动审批,1
A01,示例集团·甲公司,AP-2026-001328,通用报销单,其他专项付款单,人民币,915692.17,,--,2026-04-18,FSSC审核岗,应付成本组,审核员01,审核通过,2026-05-03 10:52:02,2026-05-03 10:53:55,2026-05-03 10:59:19,2026-05-03 14:35:55,,--,,示例集团财务共享中心（本部）,其他专项付款单,非自动审批,1
A06,示例集团·己公司,AP-2026-001329,付款单,应付付款单（差旅费）,人民币,75544.42,,--,2026-01-17,FSSC审核岗,应付成本组,审核员07,审核通过,2026-05-07 15:25:02,2026-05-07 15:25:04,2026-05-07 15:30:42,2026-05-07 18:33:04,,--,,示例集团财务共享中心（本部）,应付付款单（差旅费）,非自动审批,1
A06,示例集团·己公司,AP-2026-001329,付款单,应付付款单（差旅费）,人民币,63973.19,,--,2026-01-17,FSSC审核岗,应付成本组,审核员07,审核通过,2026-05-07 15:25:02,2026-05-07 15:25:04,2026-05-07 15:29:00,2026-05-07 18:37:04,,--,,示例集团财务共享中心（本部）,应付付款单（差旅费）,非自动审批,1
A04,示例集团·丁公司,AP-2026-001330,应付发票,其他专项付款单,人民币,51915.71,,--,2026-06-19,FSSC审核岗,应付成本组,审核员07,审核通过,2026-05-16 12:40:31,2026-05-16 12:40:48,2026-05-16 12:50:14,2026-05-16 14:46:48,,--,,示例集团财务共享中心（本部）,其他专项付款单,非自动审批,1
A04,示例集团·丁公司,AP-2026-001330,应付发票,其他专项付款单,人民币,9416.81,,--,2026-06-19,FSSC审核岗,应付成本组,审核员07,审核通过,2026-05-16 12:40:31,2026-05-16 12:40:48,2026-05-16 12:46:42,2026-05-16 14:36:48,,--,,示例集团财务共享中心（本部）,其他专项付款单,非自动审批,1
A04,示例集团·丁公司,AP-2026-001331,通用报销单,应付付款单（材料采购）,人民币,99077.86,,--,2026-01-27,FSSC审核岗,应付成本组,审核员05,审核通过,2026-06-08 12:34:50,2026-06-08 12:35:46,2026-06-08 12:40:38,2026-06-08 13:55:46,,--,,示例集团财务共享中心（本部）,应付付款单（材料采购）,非自动审批,1
A06,示例集团·己公司,AP-2026-001332,通用报销单,应付付款单（差旅费）,人民币,571901.52,,--,2026-03-14,FSSC审核岗,应付成本组,审核员03,审核通过,2026-02-28 08:10:15,2026-02-28 08:10:41,2026-02-28 08:19:49,2026-02-28 13:08:41,,--,,示例集团财务共享中心（本部）,应付付款单（差旅费）,非自动审批,1
A06,示例集团·己公司,AP-2026-001332,通用报销单,应付付款单（差旅费）,人民币,74282.7,,--,2026-03-14,FSSC审核岗,应付成本组,审核员03,审核通过,2026-02-28 08:10:15,2026-02-28 08:10:41,2026-02-28 08:15:22,2026-02-28 12:15:41,,--,,示例集团财务共享中心（本部）,应付付款单（差旅费）,非自动审批,1
A01,示例集团·甲公司,AP-2026-001333,应付发票,应付付款单（材料采购）,人民币,12567.44,,--,2026-01-02,FSSC审核岗,应付成本组,审核员02,审核通过,2026-02-17 14:16:09,2026-02-17 14:17:45,2026-02-17 14:17:11,2026-02-17 17:31:45,,--,,示例集团财务共享中心（本部）,应付付款单（材料采购）,非自动审批,1
A01,示例集团·甲公司,AP-2026-001333,应付发票,应付付款单（材料采购）,人民币,7076.75,,--,2026-01-02,FSSC审核岗,应付成本组,审核员02,审核通过,2026-02-17 14:16:09,2026-02-17 14:17:45,2026-02-17 14:24:42,2026-02-17 19:04:45,,--,,示例集团财务共享中心（本部）,应付付款单（材料采购）,非自动审批,1
A01,示例集团·甲公司,AP-2026-001333,应付发票,应付付款单（材料采购）,人民币,39670.64,,--,2026-01-02,FSSC审核岗,应付成本组,审核员02,审核通过,2026-02-17 14:16:09,2026-02-17 14:17:45,2026-02-17 14:21:51,2026-02-17 18:59:45,,--,,示例集团财务共享中心（本部）,应付付款单（材料采购）,非自动审批,1
A05,示例集团·戊公司,AP-2026-001334,付款单,应付付款单（差旅费）,人民币,21128.17,,--,2026-03-03,FSSC审核岗,应付成本组,审核员06,审核通过,2026-05-13 20:00:39,2026-05-13 20:02:29,2026-05-13 20:09:00,2026-05-13 21:42:29,,--,,示例集团财务共享中心（本部）,应付付款单（差旅费）,非自动审批,1
A02,示例集团·乙公司,AP-2026-001335,应付发票,应付付款单（服务费）,人民币,160108.14,,--,2026-02-22,FSSC审核岗,应付成本组,审核员06,审核驳回,2026-06-24 15:48:25,2026-06-24 15:48:31,2026-06-24 15:53:15,--,,--,,示例集团财务共享中心（本部）,应付付款单（服务费）,非自动审批,1
A16,示例集团·子公司己,AP-2026-001336,通用报销单,应付确认单（物料类）,人民币,407822.06,,--,2026-04-16,FSSC审核岗,应付成本组,审核员04,审核通过,2026-04-02 08:02:37,2026-04-02 08:04:22,2026-04-02 08:08:22,2026-04-02 12:28:22,,--,,示例集团财务共享中心（本部）,应付确认单（物料类）,非自动审批,1
A16,示例集团·子公司己,AP-2026-001336,通用报销单,应付确认单（物料类）,人民币,115556.18,,--,2026-04-16,FSSC审核岗,应付成本组,审核员04,审核通过,2026-04-02 08:02:37,2026-04-02 08:04:22,2026-04-02 08:05:32,2026-04-02 11:02:22,,--,,示例集团财务共享中心（本部）,应付确认单（物料类）,非自动审批,1
A09,示例集团·壬公司,AP-2026-001337,应付发票,应付付款单（材料采购）,人民币,53149.87,,--,2026-01-04,FSSC审核岗,应付成本组,审核员04,审核通过,2026-04-11 09:43:14,2026-04-11 09:44:37,2026-04-11 09:51:52,2026-04-11 11:52:37,,--,,示例集团财务共享中心（本部）,应付付款单（材料采购）,非自动审批,1
A09,示例集团·壬公司,AP-2026-001337,应付发票,应付付款单（材料采购）,人民币,49734.58,,--,2026-01-04,FSSC审核岗,应付成本组,审核员04,审核通过,2026-04-11 09:43:14,2026-04-11 09:44:37,2026-04-11 09:53:01,2026-04-11 12:38:37,,--,,示例集团财务共享中心（本部）,应付付款单（材料采购）,非自动审批,1
A08,示例集团·辛公司,AP-2026-001340,付款单,应付确认单（物料类）,人民币,66139.21,,--,2026-06-08,FSSC审核岗,应付成本组,审核员01,审核驳回,2026-03-25 12:01:07,2026-03-25 12:01:58,2026-03-25 12:07:04,--,,--,,示例集团财务共享中心（本部）,应付确认单（物料类）,非自动审批,1
A08,示例集团·辛公司,AP-2026-001340,付款单,应付确认单（物料类）,人民币,11802.69,,--,2026-06-08,FSSC审核岗,应付成本组,审核员01,审核驳回,2026-03-25 12:01:07,2026-03-25 12:01:58,2026-03-25 12:05:52,--,,--,,示例集团财务共享中心（本部）,应付确认单（物料类）,非自动审批,1
A08,示例集团·辛公司,AP-2026-001340,付款单,应付确认单（物料类）,人民币,139131.02,,--,2026-06-08,FSSC审核岗,应付成本组,审核员01,审核驳回,2026-03-25 12:01:07,2026-03-25 12:01:58,2026-03-25 12:01:55,--,,--,,示例集团财务共享中心（本部）,应付确认单（物料类）,非自动审批,1
A05,示例集团·戊公司,AP-2026-001341,应付发票,应付付款单（服务费）,人民币,13185.27,,--,2026-05-07,FSSC审核岗,应付成本组,审核员03,审核通过,2026-03-08 13:29:02,2026-03-08 13:29:40,2026-03-08 13:38:45,2026-03-08 14:26:40,,--,,示例集团财务共享中心（本部）,应付付款单（服务费）,非自动审批,1
A01,示例集团·甲公司,AP-2026-001342,应付发票,通用报销单（费用报销）,人民币,285682.5,,--,2026-01-03,FSSC审核岗,应付成本组,审核员03,审核通过,2026-02-21 13:22:38,2026-02-21 13:23:15,2026-02-21 13:32:32,2026-02-21 17:46:15,,--,,示例集团财务共享中心（本部）,通用报销单（费用报销）,非自动审批,1
A01,示例集团·甲公司,AP-2026-001342,应付发票,通用报销单（费用报销）,人民币,36006.47,,--,2026-01-03,FSSC审核岗,应付成本组,审核员03,审核通过,2026-02-21 13:22:38,2026-02-21 13:23:15,2026-02-21 13:24:12,2026-02-21 16:31:15,,--,,示例集团财务共享中心（本部）,通用报销单（费用报销）,非自动审批,1
A02,示例集团·乙公司,AP-2026-001343,付款单,应付付款单（服务费）,人民币,191593.79,,--,2026-03-02,FSSC审核岗,应付成本组,审核员03,审核通过,2026-01-08 16:09:35,2026-01-08 16:09:39,2026-01-08 16:19:22,2026-01-08 18:07:39,,--,,示例集团财务共享中心（本部）,应付付款单（服务费）,非自动审批,1
A02,示例集团·乙公司,AP-2026-001343,付款单,应付付款单（服务费）,人民币,7611.56,,--,2026-03-02,FSSC审核岗,应付成本组,审核员03,审核通过,2026-01-08 16:09:35,2026-01-08 16:09:39,2026-01-08 16:15:12,2026-01-08 17:33:39,,--,,示例集团财务共享中心（本部）,应付付款单（服务费）,非自动审批,1
A06,示例集团·己公司,AP-2026-001344,应付发票,应付付款单（差旅费）,人民币,189712.2,,--,2026-02-03,FSSC审核岗,应付成本组,审核员05,审核驳回,2026-02-01 18:57:51,2026-02-01 18:59:23,2026-02-01 19:07:17,--,,--,,示例集团财务共享中心（本部）,应付付款单（差旅费）,非自动审批,1
A09,示例集团·壬公司,AP-2026-001345,通用报销单,应付付款单（材料采购）,人民币,403341.27,,--,2026-05-06,FSSC审核岗,应付成本组,审核员03,审核通过,2026-06-08 18:20:17,2026-06-08 18:20:21,2026-06-08 18:23:53,2026-06-08 20:15:21,,--,,示例集团财务共享中心（本部）,应付付款单（材料采购）,非自动审批,1
A09,示例集团·壬公司,AP-2026-001345,通用报销单,应付付款单（材料采购）,人民币,9954.62,,--,2026-05-06,FSSC审核岗,应付成本组,审核员03,审核通过,2026-06-08 18:20:17,2026-06-08 18:20:21,2026-06-08 18:28:40,2026-06-08 19:37:21,,--,,示例集团财务共享中心（本部）,应付付款单（材料采购）,非自动审批,1
A09,示例集团·壬公司,AP-2026-001345,通用报销单,应付付款单（材料采购）,人民币,51077.27,,--,2026-05-06,FSSC审核岗,应付成本组,审核员03,审核通过,2026-06-08 18:20:17,2026-06-08 18:20:21,2026-06-08 18:24:40,2026-06-08 19:31:21,,--,,示例集团财务共享中心（本部）,应付付款单（材料采购）,非自动审批,1
A17,示例集团·子公司庚,AP-2026-001346,应付发票,应付付款单（材料采购）,人民币,95687.27,,--,2026-01-09,FSSC审核岗,应付成本组,审核员06,审核通过,2026-06-14 09:32:01,2026-06-14 09:32:23,2026-06-14 09:39:18,2026-06-14 10:24:23,,--,,示例集团财务共享中心（本部）,应付付款单（材料采购）,非自动审批,1
A17,示例集团·子公司庚,AP-2026-001346,应付发票,应付付款单（材料采购）,人民币,102479.19,,--,2026-01-09,FSSC审核岗,应付成本组,审核员06,审核通过,2026-06-14 09:32:01,2026-06-14 09:32:23,2026-06-14 09:37:30,2026-06-14 10:31:23,,--,,示例集团财务共享中心（本部）,应付付款单（材料采购）,非自动审批,1
A04,示例集团·丁公司,AP-2026-001347,应付发票,应付付款单（服务费）,人民币,37220.9,,--,2026-04-28,FSSC审核岗,应付成本组,审核员04,审核通过,2026-03-13 14:00:35,2026-03-13 14:01:27,2026-03-13 14:03:36,2026-03-13 14:44:27,,--,,示例集团财务共享中心（本部）,应付付款单（服务费）,非自动审批,1
A04,示例集团·丁公司,AP-2026-001347,应付发票,应付付款单（服务费）,人民币,29080.72,,--,2026-04-28,FSSC审核岗,应付成本组,审核员04,审核通过,2026-03-13 14:00:35,2026-03-13 14:01:27,2026-03-13 14:05:22,2026-03-13 14:49:27,,--,,示例集团财务共享中心（本部）,应付付款单（服务费）,非自动审批,1
A04,示例集团·丁公司,AP-2026-001347,应付发票,应付付款单（服务费）,人民币,85354.47,,--,2026-04-28,FSSC审核岗,应付成本组,审核员04,审核通过,2026-03-13 14:00:35,2026-03-13 14:01:27,2026-03-13 14:09:28,2026-03-13 15:27:27,,--,,示例集团财务共享中心（本部）,应付付款单（服务费）,非自动审批,1
A18,示例集团·子公司辛,AP-2026-001349,付款单,应付付款单（材料采购）,人民币,98083.6,,--,2026-01-17,FSSC审核岗,应付成本组,审核员04,审核通过,2026-06-05 10:16:16,2026-06-05 10:16:51,2026-06-05 10:19:55,2026-06-05 11:44:51,,--,,示例集团财务共享中心（本部）,应付付款单（材料采购）,非自动审批,1
A16,示例集团·子公司己,AP-2026-001350,应付发票,通用报销单（费用报销）,人民币,24875.36,,--,2026-06-21,FSSC审核岗,应付成本组,审核员03,审核通过,2026-05-20 19:48:33,2026-05-20 19:49:19,2026-05-20 19:49:53,2026-05-20 22:03:19,,--,,示例集团财务共享中心（本部）,通用报销单（费用报销）,非自动审批,1
A07,示例集团·庚公司,AP-2026-001351,通用报销单,应付付款单（材料采购）,人民币,18862.69,,--,2026-05-22,FSSC审核岗,应付成本组,审核员01,审核通过,2026-06-25 11:34:41,2026-06-25 11:35:49,2026-06-25 11:43:18,2026-06-25 12:38:49,,--,,示例集团财务共享中心（本部）,应付付款单（材料采购）,非自动审批,1
A07,示例集团·庚公司,AP-2026-001351,通用报销单,应付付款单（材料采购）,人民币,326415.38,,--,2026-05-22,FSSC审核岗,应付成本组,审核员01,审核通过,2026-06-25 11:34:41,2026-06-25 11:35:49,2026-06-25 11:42:30,2026-06-25 12:32:49,,--,,示例集团财务共享中心（本部）,应付付款单（材料采购）,非自动审批,1
A07,示例集团·庚公司,AP-2026-001351,通用报销单,应付付款单（材料采购）,人民币,69615.06,,--,2026-05-22,FSSC审核岗,应付成本组,审核员01,审核通过,2026-06-25 11:34:41,2026-06-25 11:35:49,2026-06-25 11:43:44,2026-06-25 12:36:49,,--,,示例集团财务共享中心（本部）,应付付款单（材料采购）,非自动审批,1
A05,示例集团·戊公司,AP-2026-001352,通用报销单,应付付款单（差旅费）,人民币,2488.94,,--,2026-01-24,FSSC审核岗,应付成本组,审核员06,审核通过,2026-05-09 17:52:01,2026-05-09 17:52:04,2026-05-09 17:55:24,2026-05-09 21:01:04,,--,,示例集团财务共享中心（本部）,应付付款单（差旅费）,非自动审批,1
A05,示例集团·戊公司,AP-2026-001352,通用报销单,应付付款单（差旅费）,人民币,329231.19,,--,2026-01-24,FSSC审核岗,应付成本组,审核员06,审核通过,2026-05-09 17:52:01,2026-05-09 17:52:04,2026-05-09 17:55:54,2026-05-09 21:05:04,,--,,示例集团财务共享中心（本部）,应付付款单（差旅费）,非自动审批,1
A11,示例集团·子公司甲,AP-2026-001353,付款单,应付确认单（物料类）,人民币,25951.89,,--,2026-06-06,FSSC审核岗,应付成本组,审核员02,审核通过,2026-05-22 19:17:57,2026-05-22 19:19:30,2026-05-22 19:19:51,2026-05-22 21:39:30,,--,,示例集团财务共享中心（本部）,应付确认单（物料类）,非自动审批,1
A11,示例集团·子公司甲,AP-2026-001353,付款单,应付确认单（物料类）,人民币,65738.26,,--,2026-06-06,FSSC审核岗,应付成本组,审核员02,审核通过,2026-05-22 19:17:57,2026-05-22 19:19:30,2026-05-22 19:19:14,2026-05-22 21:09:30,,--,,示例集团财务共享中心（本部）,应付确认单（物料类）,非自动审批,1
A01,示例集团·甲公司,AP-2026-001355,付款单,应付付款单（材料采购）,人民币,101195.54,,--,2026-06-01,FSSC审核岗,应付成本组,审核员01,审核通过,2026-06-16 09:15:55,2026-06-16 09:17:24,2026-06-16 09:16:54,2026-06-16 11:57:24,,--,,示例集团财务共享中心（本部）,应付付款单（材料采购）,非自动审批,1
A01,示例集团·甲公司,AP-2026-001355,付款单,应付付款单（材料采购）,人民币,7501.39,,--,2026-06-01,FSSC审核岗,应付成本组,审核员01,审核通过,2026-06-16 09:15:55,2026-06-16 09:17:24,2026-06-16 09:19:32,2026-06-16 13:12:24,,--,,示例集团财务共享中心（本部）,应付付款单（材料采购）,非自动审批,1
A10,示例集团·癸公司,AP-2026-001356,付款单,应付确认单（物料类）,人民币,39961.69,,--,2026-02-13,FSSC审核岗,应付成本组,审核员05,审核通过,2026-05-22 19:39:52,2026-05-22 19:41:25,2026-05-22 19:43:58,2026-05-22 21:59:25,,--,,示例集团财务共享中心（本部）,应付确认单（物料类）,非自动审批,1
A10,示例集团·癸公司,AP-2026-001356,付款单,应付确认单（物料类）,人民币,378739.43,,--,2026-02-13,FSSC审核岗,应付成本组,审核员05,审核通过,2026-05-22 19:39:52,2026-05-22 19:41:25,2026-05-22 19:48:38,2026-05-22 23:36:25,,--,,示例集团财务共享中心（本部）,应付确认单（物料类）,非自动审批,1
A10,示例集团·癸公司,AP-2026-001356,付款单,应付确认单（物料类）,人民币,275158.66,,--,2026-02-13,FSSC审核岗,应付成本组,审核员05,审核通过,2026-05-22 19:39:52,2026-05-22 19:41:25,2026-05-22 19:46:24,2026-05-22 22:29:25,,--,,示例集团财务共享中心（本部）,应付确认单（物料类）,非自动审批,1
A03,示例集团·丙公司,AP-2026-001357,通用报销单,其他专项付款单,人民币,39874.69,,--,2026-04-04,FSSC审核岗,应付成本组,审核员01,审核驳回,2026-01-11 11:21:44,2026-01-11 11:23:15,2026-01-11 11:27:02,--,,--,,示例集团财务共享中心（本部）,其他专项付款单,非自动审批,1
A03,示例集团·丙公司,AP-2026-001357,通用报销单,其他专项付款单,人民币,163107.91,,--,2026-04-04,FSSC审核岗,应付成本组,审核员01,审核驳回,2026-01-11 11:21:44,2026-01-11 11:23:15,2026-01-11 11:26:09,--,,--,,示例集团财务共享中心（本部）,其他专项付款单,非自动审批,1
A03,示例集团·丙公司,AP-2026-001357,通用报销单,其他专项付款单,人民币,196130.38,,--,2026-04-04,FSSC审核岗,应付成本组,审核员01,审核驳回,2026-01-11 11:21:44,2026-01-11 11:23:15,2026-01-11 11:29:03,--,,--,,示例集团财务共享中心（本部）,其他专项付款单,非自动审批,1
A05,示例集团·戊公司,AP-2026-001358,通用报销单,应付付款单（服务费）,人民币,182608.91,,--,2026-02-15,FSSC审核岗,应付成本组,审核员01,审核驳回,2026-04-23 11:29:34,2026-04-23 11:29:48,2026-04-23 11:30:39,--,,--,,示例集团财务共享中心（本部）,应付付款单（服务费）,非自动审批,1
A05,示例集团·戊公司,AP-2026-001358,通用报销单,应付付款单（服务费）,人民币,12034.88,,--,2026-02-15,FSSC审核岗,应付成本组,审核员01,审核驳回,2026-04-23 11:29:34,2026-04-23 11:29:48,2026-04-23 11:32:49,--,,--,,示例集团财务共享中心（本部）,应付付款单（服务费）,非自动审批,1
A08,示例集团·辛公司,AP-2026-001359,通用报销单,应付付款单（材料采购）,人民币,595770.25,,--,2026-04-13,FSSC审核岗,应付成本组,审核员05,审核驳回,2026-05-25 09:34:44,2026-05-25 09:35:28,2026-05-25 09:38:17,--,,--,,示例集团财务共享中心（本部）,应付付款单（材料采购）,非自动审批,1
A08,示例集团·辛公司,AP-2026-001359,通用报销单,应付付款单（材料采购）,人民币,31276.44,,--,2026-04-13,FSSC审核岗,应付成本组,审核员05,审核驳回,2026-05-25 09:34:44,2026-05-25 09:35:28,2026-05-25 09:36:23,--,,--,,示例集团财务共享中心（本部）,应付付款单（材料采购）,非自动审批,1
A08,示例集团·辛公司,AP-2026-001359,通用报销单,应付付款单（材料采购）,人民币,69777.83,,--,2026-04-13,FSSC审核岗,应付成本组,审核员05,审核驳回,2026-05-25 09:34:44,2026-05-25 09:35:28,2026-05-25 09:38:41,--,,--,,示例集团财务共享中心（本部）,应付付款单（材料采购）,非自动审批,1
A11,示例集团·子公司甲,AP-2026-001360,付款单,应付付款单（材料采购）,人民币,36614.77,,--,2026-03-23,FSSC审核岗,应付成本组,审核员05,审核通过,2026-02-12 15:55:35,2026-02-12 15:55:37,2026-02-12 16:04:58,2026-02-12 16:46:37,,--,,示例集团财务共享中心（本部）,应付付款单（材料采购）,非自动审批,1
A11,示例集团·子公司甲,AP-2026-001360,付款单,应付付款单（材料采购）,人民币,82591.79,,--,2026-03-23,FSSC审核岗,应付成本组,审核员05,审核通过,2026-02-12 15:55:35,2026-02-12 15:55:37,2026-02-12 15:58:27,2026-02-12 18:07:37,,--,,示例集团财务共享中心（本部）,应付付款单（材料采购）,非自动审批,1
A11,示例集团·子公司甲,AP-2026-001360,付款单,应付付款单（材料采购）,人民币,17854.84,,--,2026-03-23,FSSC审核岗,应付成本组,审核员05,审核通过,2026-02-12 15:55:35,2026-02-12 15:55:37,2026-02-12 15:56:53,2026-02-12 16:44:37,,--,,示例集团财务共享中心（本部）,应付付款单（材料采购）,非自动审批,1
A02,示例集团·乙公司,AP-2026-001361,应付发票,其他专项付款单,人民币,43687.96,,--,2026-03-27,FSSC审核岗,应付成本组,审核员02,审核通过,2026-03-02 20:25:21,2026-03-02 20:26:59,2026-03-02 20:33:48,2026-03-02 23:37:59,,--,,示例集团财务共享中心（本部）,其他专项付款单,非自动审批,1
A02,示例集团·乙公司,AP-2026-001361,应付发票,其他专项付款单,人民币,77331.76,,--,2026-03-27,FSSC审核岗,应付成本组,审核员02,审核通过,2026-03-02 20:25:21,2026-03-02 20:26:59,2026-03-02 20:32:34,2026-03-02 23:08:59,,--,,示例集团财务共享中心（本部）,其他专项付款单,非自动审批,1
A01,示例集团·甲公司,AP-2026-001362,付款单,应付付款单（服务费）,人民币,332537.72,,--,2026-03-12,FSSC审核岗,应付成本组,审核员05,审核通过,2026-01-23 09:16:31,2026-01-23 09:18:29,2026-01-23 09:24:26,2026-01-23 11:23:29,,--,,示例集团财务共享中心（本部）,应付付款单（服务费）,非自动审批,1
A01,示例集团·甲公司,AP-2026-001362,付款单,应付付款单（服务费）,人民币,280828.62,,--,2026-03-12,FSSC审核岗,应付成本组,审核员05,审核通过,2026-01-23 09:16:31,2026-01-23 09:18:29,2026-01-23 09:23:47,2026-01-23 11:36:29,,--,,示例集团财务共享中心（本部）,应付付款单（服务费）,非自动审批,1
A09,示例集团·壬公司,AP-2026-001363,付款单,应付付款单（服务费）,人民币,301454.46,,--,2026-01-27,FSSC审核岗,应付成本组,审核员07,审核驳回,2026-01-01 15:59:14,2026-01-01 15:59:40,2026-01-01 16:05:50,--,,--,,示例集团财务共享中心（本部）,应付付款单（服务费）,非自动审批,1
A09,示例集团·壬公司,AP-2026-001363,付款单,应付付款单（服务费）,人民币,202018.21,,--,2026-01-27,FSSC审核岗,应付成本组,审核员07,审核驳回,2026-01-01 15:59:14,2026-01-01 15:59:40,2026-01-01 16:04:42,--,,--,,示例集团财务共享中心（本部）,应付付款单（服务费）,非自动审批,1
A08,示例集团·辛公司,AP-2026-001364,通用报销单,应付付款单（差旅费）,人民币,794402.48,,--,2026-03-28,FSSC审核岗,应付成本组,审核员05,审核驳回,2026-04-10 16:54:51,2026-04-10 16:55:00,2026-04-10 17:00:39,--,,--,,示例集团财务共享中心（本部）,应付付款单（差旅费）,非自动审批,1
A08,示例集团·辛公司,AP-2026-001364,通用报销单,应付付款单（差旅费）,人民币,39886.88,,--,2026-03-28,FSSC审核岗,应付成本组,审核员05,审核驳回,2026-04-10 16:54:51,2026-04-10 16:55:00,2026-04-10 16:56:00,--,,--,,示例集团财务共享中心（本部）,应付付款单（差旅费）,非自动审批,1
A11,示例集团·子公司甲,AP-2026-001365,付款单,应付付款单（差旅费）,人民币,48008.08,,--,2026-02-05,FSSC审核岗,应付成本组,审核员02,审核通过,2026-04-03 14:31:10,2026-04-03 14:32:48,2026-04-03 14:33:13,2026-04-03 18:54:48,,--,,示例集团财务共享中心（本部）,应付付款单（差旅费）,非自动审批,1
A11,示例集团·子公司甲,AP-2026-001365,付款单,应付付款单（差旅费）,人民币,45318.92,,--,2026-02-05,FSSC审核岗,应付成本组,审核员02,审核通过,2026-04-03 14:31:10,2026-04-03 14:32:48,2026-04-03 14:36:58,2026-04-03 19:19:48,,--,,示例集团财务共享中心（本部）,应付付款单（差旅费）,非自动审批,1
A11,示例集团·子公司甲,AP-2026-001365,付款单,应付付款单（差旅费）,人民币,54963.08,,--,2026-02-05,FSSC审核岗,应付成本组,审核员02,审核通过,2026-04-03 14:31:10,2026-04-03 14:32:48,2026-04-03 14:35:36,2026-04-03 18:01:48,,--,,示例集团财务共享中心（本部）,应付付款单（差旅费）,非自动审批,1
A02,示例集团·乙公司,AP-2026-001366,应付发票,应付确认单（物料类）,人民币,8016.77,,--,2026-05-11,FSSC审核岗,应付成本组,审核员05,审核通过,2026-03-03 09:00:22,2026-03-03 09:02:07,2026-03-03 09:02:25,2026-03-03 09:47:07,,--,,示例集团财务共享中心（本部）,应付确认单（物料类）,非自动审批,1
A02,示例集团·乙公司,AP-2026-001366,应付发票,应付确认单（物料类）,人民币,86739.54,,--,2026-05-11,FSSC审核岗,应付成本组,审核员05,审核通过,2026-03-03 09:00:22,2026-03-03 09:02:07,2026-03-03 09:01:23,2026-03-03 09:51:07,,--,,示例集团财务共享中心（本部）,应付确认单（物料类）,非自动审批,1
A02,示例集团·乙公司,AP-2026-001366,应付发票,应付确认单（物料类）,人民币,119907.64,,--,2026-05-11,FSSC审核岗,应付成本组,审核员05,审核通过,2026-03-03 09:00:22,2026-03-03 09:02:07,2026-03-03 09:07:02,2026-03-03 10:53:07,,--,,示例集团财务共享中心（本部）,应付确认单（物料类）,非自动审批,1
A05,示例集团·戊公司,AP-2026-001367,通用报销单,应付付款单（材料采购）,人民币,41757.34,,--,2026-05-14,FSSC审核岗,应付成本组,审核员05,审核通过,2026-01-08 16:22:08,2026-01-08 16:23:46,2026-01-08 16:28:38,2026-01-08 17:19:46,,--,,示例集团财务共享中心（本部）,应付付款单（材料采购）,非自动审批,1
A05,示例集团·戊公司,AP-2026-001367,通用报销单,应付付款单（材料采购）,人民币,5113.93,,--,2026-05-14,FSSC审核岗,应付成本组,审核员05,审核通过,2026-01-08 16:22:08,2026-01-08 16:23:46,2026-01-08 16:26:18,2026-01-08 18:38:46,,--,,示例集团财务共享中心（本部）,应付付款单（材料采购）,非自动审批,1
A01,示例集团·甲公司,AP-2026-001369,应付发票,应付付款单（差旅费）,人民币,61697.75,,--,2026-05-25,FSSC审核岗,应付成本组,审核员03,审核驳回,2026-04-25 12:28:19,2026-04-25 12:29:19,2026-04-25 12:31:45,--,,--,,示例集团财务共享中心（本部）,应付付款单（差旅费）,非自动审批,1
A05,示例集团·戊公司,AP-2026-001370,付款单,通用报销单（费用报销）,人民币,9773.31,,--,2026-03-25,FSSC审核岗,应付成本组,审核员06,审核通过,2026-02-21 20:15:13,2026-02-21 20:16:46,2026-02-21 20:16:47,2026-02-21 20:59:46,,--,,示例集团财务共享中心（本部）,通用报销单（费用报销）,非自动审批,1
A10,示例集团·癸公司,AP-2026-001371,通用报销单,通用报销单（费用报销）,人民币,108905.47,,--,2026-06-03,FSSC审核岗,应付成本组,审核员03,审核通过,2026-01-11 19:29:54,2026-01-11 19:30:44,2026-01-11 19:31:15,2026-01-11 20:23:44,,--,,示例集团财务共享中心（本部）,通用报销单（费用报销）,非自动审批,1
A10,示例集团·癸公司,AP-2026-001371,通用报销单,通用报销单（费用报销）,人民币,70759.09,,--,2026-06-03,FSSC审核岗,应付成本组,审核员03,审核通过,2026-01-11 19:29:54,2026-01-11 19:30:44,2026-01-11 19:38:56,2026-01-11 20:24:44,,--,,示例集团财务共享中心（本部）,通用报销单（费用报销）,非自动审批,1
A10,示例集团·癸公司,AP-2026-001371,通用报销单,通用报销单（费用报销）,人民币,81171.62,,--,2026-06-03,FSSC审核岗,应付成本组,审核员03,审核通过,2026-01-11 19:29:54,2026-01-11 19:30:44,2026-01-11 19:35:48,2026-01-11 21:19:44,,--,,示例集团财务共享中心（本部）,通用报销单（费用报销）,非自动审批,1
A04,示例集团·丁公司,AP-2026-001372,应付发票,应付付款单（材料采购）,人民币,13555.51,,--,2026-05-18,FSSC审核岗,应付成本组,审核员04,审核通过,2026-02-02 15:26:44,2026-02-02 15:27:02,2026-02-02 15:27:17,2026-02-02 15:49:02,,--,,示例集团财务共享中心（本部）,应付付款单（材料采购）,非自动审批,1
A04,示例集团·丁公司,AP-2026-001372,应付发票,应付付款单（材料采购）,人民币,350185.14,,--,2026-05-18,FSSC审核岗,应付成本组,审核员04,审核通过,2026-02-02 15:26:44,2026-02-02 15:27:02,2026-02-02 15:33:19,2026-02-02 16:03:02,,--,,示例集团财务共享中心（本部）,应付付款单（材料采购）,非自动审批,1
A10,示例集团·癸公司,AP-2026-001375,通用报销单,其他专项付款单,人民币,75985.12,,--,2026-02-20,FSSC审核岗,应付成本组,审核员07,审核通过,2026-03-07 17:26:53,2026-03-07 17:28:49,2026-03-07 17:33:37,2026-03-07 19:49:49,,--,,示例集团财务共享中心（本部）,其他专项付款单,非自动审批,1
A08,示例集团·辛公司,AP-2026-001376,付款单,应付付款单（差旅费）,人民币,16648.37,,--,2026-01-02,FSSC审核岗,应付成本组,审核员03,审核通过,2026-04-20 15:32:07,2026-04-20 15:32:52,2026-04-20 15:37:44,2026-04-20 17:59:52,,--,,示例集团财务共享中心（本部）,应付付款单（差旅费）,非自动审批,1
A03,示例集团·丙公司,AP-2026-001377,付款单,应付付款单（材料采购）,人民币,134793.37,,--,2026-04-28,FSSC审核岗,应付成本组,审核员04,审核通过,2026-02-05 15:46:25,2026-02-05 15:46:33,2026-02-05 15:51:39,2026-02-05 19:27:33,,--,,示例集团财务共享中心（本部）,应付付款单（材料采购）,非自动审批,1
A03,示例集团·丙公司,AP-2026-001377,付款单,应付付款单（材料采购）,人民币,68653.65,,--,2026-04-28,FSSC审核岗,应付成本组,审核员04,审核通过,2026-02-05 15:46:25,2026-02-05 15:46:33,2026-02-05 15:55:14,2026-02-05 19:49:33,,--,,示例集团财务共享中心（本部）,应付付款单（材料采购）,非自动审批,1
A03,示例集团·丙公司,AP-2026-001377,付款单,应付付款单（材料采购）,人民币,783623.39,,--,2026-04-28,FSSC审核岗,应付成本组,审核员04,审核通过,2026-02-05 15:46:25,2026-02-05 15:46:33,2026-02-05 15:54:02,2026-02-05 19:08:33,,--,,示例集团财务共享中心（本部）,应付付款单（材料采购）,非自动审批,1
A03,示例集团·丙公司,AP-2026-001379,通用报销单,应付确认单（物料类）,人民币,27611.17,,--,2026-06-08,FSSC审核岗,应付成本组,审核员05,审核通过,2026-06-04 14:37:14,2026-06-04 14:38:29,2026-06-04 14:42:16,2026-06-04 16:36:29,,--,,示例集团财务共享中心（本部）,应付确认单（物料类）,非自动审批,1
A03,示例集团·丙公司,AP-2026-001379,通用报销单,应付确认单（物料类）,人民币,10440.56,,--,2026-06-08,FSSC审核岗,应付成本组,审核员05,审核通过,2026-06-04 14:37:14,2026-06-04 14:38:29,2026-06-04 14:41:34,2026-06-04 16:59:29,,--,,示例集团财务共享中心（本部）,应付确认单（物料类）,非自动审批,1
A01,示例集团·甲公司,AP-2026-001380,通用报销单,应付付款单（差旅费）,人民币,89777.12,,--,2026-06-06,FSSC审核岗,应付成本组,审核员07,审核通过,2026-06-16 09:04:02,2026-06-16 09:04:06,2026-06-16 09:06:31,2026-06-16 10:22:06,,--,,示例集团财务共享中心（本部）,应付付款单（差旅费）,非自动审批,1
A01,示例集团·甲公司,AP-2026-001380,通用报销单,应付付款单（差旅费）,人民币,246993.23,,--,2026-06-06,FSSC审核岗,应付成本组,审核员07,审核通过,2026-06-16 09:04:02,2026-06-16 09:04:06,2026-06-16 09:11:56,2026-06-16 09:55:06,,--,,示例集团财务共享中心（本部）,应付付款单（差旅费）,非自动审批,1
A01,示例集团·甲公司,AP-2026-001380,通用报销单,应付付款单（差旅费）,人民币,1547508.32,,--,2026-06-06,FSSC审核岗,应付成本组,审核员07,审核通过,2026-06-16 09:04:02,2026-06-16 09:04:06,2026-06-16 09:05:07,2026-06-16 09:46:06,,--,,示例集团财务共享中心（本部）,应付付款单（差旅费）,非自动审批,1
A04,示例集团·丁公司,AP-2026-001381,付款单,应付确认单（物料类）,人民币,5000000.0,,--,2026-05-02,FSSC审核岗,应付成本组,审核员07,审核通过,2026-04-02 12:37:26,2026-04-02 12:37:50,2026-04-02 12:45:03,2026-04-02 15:36:50,,--,,示例集团财务共享中心（本部）,应付确认单（物料类）,非自动审批,1
A12,示例集团·子公司乙,AP-2026-001382,通用报销单,通用报销单（费用报销）,人民币,6816.71,,--,2026-05-19,FSSC审核岗,应付成本组,审核员04,审核通过,2026-01-14 11:58:36,2026-01-14 11:59:46,2026-01-14 12:01:38,2026-01-14 13:41:46,,--,,示例集团财务共享中心（本部）,通用报销单（费用报销）,非自动审批,1
A12,示例集团·子公司乙,AP-2026-001382,通用报销单,通用报销单（费用报销）,人民币,49546.52,,--,2026-05-19,FSSC审核岗,应付成本组,审核员04,审核通过,2026-01-14 11:58:36,2026-01-14 11:59:46,2026-01-14 12:01:37,2026-01-14 14:22:46,,--,,示例集团财务共享中心（本部）,通用报销单（费用报销）,非自动审批,1
A03,示例集团·丙公司,AP-2026-001384,应付发票,其他专项付款单,人民币,10489.21,,--,2026-05-02,FSSC审核岗,应付成本组,审核员06,审核通过,2026-06-23 14:29:07,2026-06-23 14:29:50,2026-06-23 14:37:56,2026-06-23 16:33:50,,--,,示例集团财务共享中心（本部）,其他专项付款单,非自动审批,1
A03,示例集团·丙公司,AP-2026-001384,应付发票,其他专项付款单,人民币,42347.42,,--,2026-05-02,FSSC审核岗,应付成本组,审核员06,审核通过,2026-06-23 14:29:07,2026-06-23 14:29:50,2026-06-23 14:32:48,2026-06-23 16:12:50,,--,,示例集团财务共享中心（本部）,其他专项付款单,非自动审批,1
A03,示例集团·丙公司,AP-2026-001385,付款单,其他专项付款单,人民币,1920586.64,,--,2026-01-01,FSSC审核岗,应付成本组,审核员05,审核通过,2026-05-17 16:28:12,2026-05-17 16:28:13,2026-05-17 16:31:06,2026-05-17 19:04:13,,--,,示例集团财务共享中心（本部）,其他专项付款单,非自动审批,1
A06,示例集团·己公司,AP-2026-001386,付款单,应付确认单（物料类）,人民币,19003.99,,--,2026-01-19,FSSC审核岗,应付成本组,审核员07,审核通过,2026-02-06 10:50:02,2026-02-06 10:50:50,2026-02-06 10:54:42,2026-02-06 15:17:50,,--,,示例集团财务共享中心（本部）,应付确认单（物料类）,非自动审批,1
A06,示例集团·己公司,AP-2026-001386,付款单,应付确认单（物料类）,人民币,58062.08,,--,2026-01-19,FSSC审核岗,应付成本组,审核员07,审核通过,2026-02-06 10:50:02,2026-02-06 10:50:50,2026-02-06 10:59:44,2026-02-06 15:27:50,,--,,示例集团财务共享中心（本部）,应付确认单（物料类）,非自动审批,1
A06,示例集团·己公司,AP-2026-001386,付款单,应付确认单（物料类）,人民币,26550.24,,--,2026-01-19,FSSC审核岗,应付成本组,审核员07,审核通过,2026-02-06 10:50:02,2026-02-06 10:50:50,2026-02-06 10:51:38,2026-02-06 15:25:50,,--,,示例集团财务共享中心（本部）,应付确认单（物料类）,非自动审批,1
A03,示例集团·丙公司,AP-2026-001387,通用报销单,通用报销单（费用报销）,人民币,14696.81,,--,2026-06-08,FSSC审核岗,应付成本组,审核员01,审核通过,2026-03-12 11:15:25,2026-03-12 11:15:26,2026-03-12 11:20:42,2026-03-12 13:45:26,,--,,示例集团财务共享中心（本部）,通用报销单（费用报销）,非自动审批,1
A03,示例集团·丙公司,AP-2026-001387,通用报销单,通用报销单（费用报销）,人民币,736677.88,,--,2026-06-08,FSSC审核岗,应付成本组,审核员01,审核通过,2026-03-12 11:15:25,2026-03-12 11:15:26,2026-03-12 11:21:41,2026-03-12 12:09:26,,--,,示例集团财务共享中心（本部）,通用报销单（费用报销）,非自动审批,1
A03,示例集团·丙公司,AP-2026-001387,通用报销单,通用报销单（费用报销）,人民币,6939.88,,--,2026-06-08,FSSC审核岗,应付成本组,审核员01,审核通过,2026-03-12 11:15:25,2026-03-12 11:15:26,2026-03-12 11:22:08,2026-03-12 13:25:26,,--,,示例集团财务共享中心（本部）,通用报销单（费用报销）,非自动审批,1
A03,示例集团·丙公司,AP-2026-001388,应付发票,应付付款单（差旅费）,人民币,53342.08,,--,2026-03-24,FSSC审核岗,应付成本组,审核员01,审核通过,2026-04-11 20:46:41,2026-04-11 20:46:46,2026-04-11 20:47:59,2026-04-11 23:20:46,,--,,示例集团财务共享中心（本部）,应付付款单（差旅费）,非自动审批,1
A03,示例集团·丙公司,AP-2026-001388,应付发票,应付付款单（差旅费）,人民币,67720.79,,--,2026-03-24,FSSC审核岗,应付成本组,审核员01,审核通过,2026-04-11 20:46:41,2026-04-11 20:46:46,2026-04-11 20:51:33,2026-04-11 22:25:46,,--,,示例集团财务共享中心（本部）,应付付款单（差旅费）,非自动审批,1
A03,示例集团·丙公司,AP-2026-001388,应付发票,应付付款单（差旅费）,人民币,57166.89,,--,2026-03-24,FSSC审核岗,应付成本组,审核员01,审核通过,2026-04-11 20:46:41,2026-04-11 20:46:46,2026-04-11 20:53:34,2026-04-11 23:09:46,,--,,示例集团财务共享中心（本部）,应付付款单（差旅费）,非自动审批,1
A07,示例集团·庚公司,AP-2026-001389,应付发票,应付付款单（服务费）,人民币,38484.38,,--,2026-01-06,FSSC审核岗,应付成本组,审核员02,审核驳回,2026-04-13 10:37:36,2026-04-13 10:37:37,2026-04-13 10:45:08,--,,--,,示例集团财务共享中心（本部）,应付付款单（服务费）,非自动审批,1
A07,示例集团·庚公司,AP-2026-001389,应付发票,应付付款单（服务费）,人民币,573825.19,,--,2026-01-06,FSSC审核岗,应付成本组,审核员02,审核驳回,2026-04-13 10:37:36,2026-04-13 10:37:37,2026-04-13 10:42:03,--,,--,,示例集团财务共享中心（本部）,应付付款单（服务费）,非自动审批,1
A01,示例集团·甲公司,AP-2026-001390,应付发票,应付付款单（差旅费）,人民币,3113.08,,--,2026-04-25,FSSC审核岗,应付成本组,审核员01,审核通过,2026-06-13 13:59:35,2026-06-13 14:00:52,2026-06-13 14:03:48,2026-06-13 18:24:52,,--,,示例集团财务共享中心（本部）,应付付款单（差旅费）,非自动审批,1
A02,示例集团·乙公司,AP-2026-001391,付款单,应付付款单（服务费）,人民币,110308.08,,--,2026-02-12,FSSC审核岗,应付成本组,审核员03,审核通过,2026-06-01 14:12:28,2026-06-01 14:14:19,2026-06-01 14:17:02,2026-06-01 15:33:19,,--,,示例集团财务共享中心（本部）,应付付款单（服务费）,非自动审批,1
A06,示例集团·己公司,AP-2026-001392,应付发票,其他专项付款单,人民币,117406.68,,--,2026-01-23,FSSC审核岗,应付成本组,审核员04,审核通过,2026-04-12 11:46:34,2026-04-12 11:47:29,2026-04-12 11:51:54,2026-04-12 14:50:29,,--,,示例集团财务共享中心（本部）,其他专项付款单,非自动审批,1
A01,示例集团·甲公司,AP-2026-001393,付款单,应付付款单（材料采购）,人民币,89481.36,,--,2026-02-20,FSSC审核岗,应付成本组,审核员05,审核通过,2026-03-26 20:14:02,2026-03-26 20:15:16,2026-03-26 20:23:10,2026-03-26 23:36:16,,--,,示例集团财务共享中心（本部）,应付付款单（材料采购）,非自动审批,1
A01,示例集团·甲公司,AP-2026-001393,付款单,应付付款单（材料采购）,人民币,18710.1,,--,2026-02-20,FSSC审核岗,应付成本组,审核员05,审核通过,2026-03-26 20:14:02,2026-03-26 20:15:16,2026-03-26 20:22:39,2026-03-26 23:56:16,,--,,示例集团财务共享中心（本部）,应付付款单（材料采购）,非自动审批,1
A01,示例集团·甲公司,AP-2026-001393,付款单,应付付款单（材料采购）,人民币,323528.83,,--,2026-02-20,FSSC审核岗,应付成本组,审核员05,审核通过,2026-03-26 20:14:02,2026-03-26 20:15:16,2026-03-26 20:20:26,2026-03-26 23:30:16,,--,,示例集团财务共享中心（本部）,应付付款单（材料采购）,非自动审批,1
A03,示例集团·丙公司,AP-2026-001394,应付发票,应付确认单（物料类）,人民币,301634.81,,--,2026-02-03,FSSC审核岗,应付成本组,审核员05,审核通过,2026-06-28 13:22:21,2026-06-28 13:22:34,2026-06-28 13:23:41,2026-06-28 15:37:34,,--,,示例集团财务共享中心（本部）,应付确认单（物料类）,非自动审批,1
A03,示例集团·丙公司,AP-2026-001395,应付发票,应付付款单（服务费）,人民币,17809.29,,--,2026-01-28,FSSC审核岗,应付成本组,审核员01,审核通过,2026-01-19 15:40:25,2026-01-19 15:41:25,2026-01-19 15:46:29,2026-01-19 19:54:25,,--,,示例集团财务共享中心（本部）,应付付款单（服务费）,非自动审批,1
A03,示例集团·丙公司,AP-2026-001395,应付发票,应付付款单（服务费）,人民币,11192.11,,--,2026-01-28,FSSC审核岗,应付成本组,审核员01,审核通过,2026-01-19 15:40:25,2026-01-19 15:41:25,2026-01-19 15:41:21,2026-01-19 18:32:25,,--,,示例集团财务共享中心（本部）,应付付款单（服务费）,非自动审批,1
A05,示例集团·戊公司,AP-2026-001396,应付发票,其他专项付款单,人民币,8539.49,,--,2026-03-21,FSSC审核岗,应付成本组,审核员06,审核通过,2026-06-23 16:50:45,2026-06-23 16:51:09,2026-06-23 16:57:19,2026-06-23 20:58:09,,--,,示例集团财务共享中心（本部）,其他专项付款单,非自动审批,1
A05,示例集团·戊公司,AP-2026-001396,应付发票,其他专项付款单,人民币,82089.65,,--,2026-03-21,FSSC审核岗,应付成本组,审核员06,审核通过,2026-06-23 16:50:45,2026-06-23 16:51:09,2026-06-23 16:51:39,2026-06-23 21:36:09,,--,,示例集团财务共享中心（本部）,其他专项付款单,非自动审批,1
A12,示例集团·子公司乙,AP-2026-001397,通用报销单,应付付款单（材料采购）,人民币,63926.86,,--,2026-02-08,FSSC审核岗,应付成本组,审核员02,审核通过,2026-06-19 16:27:29,2026-06-19 16:28:15,2026-06-19 16:31:32,2026-06-19 20:02:15,,--,,示例集团财务共享中心（本部）,应付付款单（材料采购）,非自动审批,1
A12,示例集团·子公司乙,AP-2026-001397,通用报销单,应付付款单（材料采购）,人民币,36114.47,,--,2026-02-08,FSSC审核岗,应付成本组,审核员02,审核通过,2026-06-19 16:27:29,2026-06-19 16:28:15,2026-06-19 16:36:00,2026-06-19 19:26:15,,--,,示例集团财务共享中心（本部）,应付付款单（材料采购）,非自动审批,1
A12,示例集团·子公司乙,AP-2026-001397,通用报销单,应付付款单（材料采购）,人民币,1103330.86,,--,2026-02-08,FSSC审核岗,应付成本组,审核员02,审核通过,2026-06-19 16:27:29,2026-06-19 16:28:15,2026-06-19 16:33:30,2026-06-19 21:03:15,,--,,示例集团财务共享中心（本部）,应付付款单（材料采购）,非自动审批,1
A02,示例集团·乙公司,AP-2026-001400,付款单,应付付款单（材料采购）,人民币,31397.45,,--,2026-03-12,FSSC审核岗,应付成本组,审核员02,审核通过,2026-05-18 10:23:37,2026-05-18 10:25:02,2026-05-18 10:24:45,2026-05-18 14:51:02,,--,,示例集团财务共享中心（本部）,应付付款单（材料采购）,非自动审批,1
A04,示例集团·丁公司,AP-2026-001401,付款单,应付付款单（服务费）,人民币,77846.94,,--,2026-04-06,FSSC审核岗,应付成本组,审核员02,审核驳回,2026-06-28 10:50:26,2026-06-28 10:52:25,2026-06-28 10:51:54,--,,--,,示例集团财务共享中心（本部）,应付付款单（服务费）,非自动审批,1
A04,示例集团·丁公司,AP-2026-001401,付款单,应付付款单（服务费）,人民币,45614.1,,--,2026-04-06,FSSC审核岗,应付成本组,审核员02,审核驳回,2026-06-28 10:50:26,2026-06-28 10:52:25,2026-06-28 10:58:28,--,,--,,示例集团财务共享中心（本部）,应付付款单（服务费）,非自动审批,1
A04,示例集团·丁公司,AP-2026-001401,付款单,应付付款单（服务费）,人民币,935059.32,,--,2026-04-06,FSSC审核岗,应付成本组,审核员02,审核驳回,2026-06-28 10:50:26,2026-06-28 10:52:25,2026-06-28 10:58:51,--,,--,,示例集团财务共享中心（本部）,应付付款单（服务费）,非自动审批,1
A04,示例集团·丁公司,AP-2026-001402,应付发票,应付确认单（物料类）,人民币,3694.0,,--,2026-06-05,FSSC审核岗,应付成本组,审核员04,审核通过,2026-06-09 13:52:57,2026-06-09 13:54:12,2026-06-09 14:01:34,2026-06-09 15:58:12,,--,,示例集团财务共享中心（本部）,应付确认单（物料类）,非自动审批,1
A01,示例集团·甲公司,AP-2026-001403,应付发票,其他专项付款单,人民币,38798.08,,--,2026-06-24,FSSC审核岗,应付成本组,审核员01,审核通过,2026-04-08 11:24:01,2026-04-08 11:25:10,2026-04-08 11:24:54,2026-04-08 15:31:10,,--,,示例集团财务共享中心（本部）,其他专项付款单,非自动审批,1
A01,示例集团·甲公司,AP-2026-001403,应付发票,其他专项付款单,人民币,141486.23,,--,2026-06-24,FSSC审核岗,应付成本组,审核员01,审核通过,2026-04-08 11:24:01,2026-04-08 11:25:10,2026-04-08 11:28:25,2026-04-08 14:18:10,,--,,示例集团财务共享中心（本部）,其他专项付款单,非自动审批,1
A04,示例集团·丁公司,AP-2026-001404,付款单,其他专项付款单,人民币,43855.55,,--,2026-02-01,FSSC审核岗,应付成本组,审核员01,审核通过,2026-06-16 18:02:46,2026-06-16 18:03:22,2026-06-16 18:08:01,2026-06-16 19:48:22,,--,,示例集团财务共享中心（本部）,其他专项付款单,非自动审批,1
A13,示例集团·子公司丙,AP-2026-001405,应付发票,应付确认单（物料类）,人民币,9642.49,,--,2026-05-17,FSSC审核岗,应付成本组,审核员02,审核通过,2026-03-01 17:20:44,2026-03-01 17:21:07,2026-03-01 17:23:04,2026-03-01 19:56:07,,--,,示例集团财务共享中心（本部）,应付确认单（物料类）,非自动审批,1
A13,示例集团·子公司丙,AP-2026-001405,应付发票,应付确认单（物料类）,人民币,76667.71,,--,2026-05-17,FSSC审核岗,应付成本组,审核员02,审核通过,2026-03-01 17:20:44,2026-03-01 17:21:07,2026-03-01 17:22:23,2026-03-01 19:03:07,,--,,示例集团财务共享中心（本部）,应付确认单（物料类）,非自动审批,1
A13,示例集团·子公司丙,AP-2026-001405,应付发票,应付确认单（物料类）,人民币,6186.64,,--,2026-05-17,FSSC审核岗,应付成本组,审核员02,审核通过,2026-03-01 17:20:44,2026-03-01 17:21:07,2026-03-01 17:25:28,2026-03-01 18:58:07,,--,,示例集团财务共享中心（本部）,应付确认单（物料类）,非自动审批,1
A08,示例集团·辛公司,AP-2026-001406,付款单,通用报销单（费用报销）,人民币,153020.74,,--,2026-04-07,FSSC审核岗,应付成本组,审核员07,审核通过,2026-02-01 19:00:30,2026-02-01 19:01:04,2026-02-01 19:08:59,2026-02-01 20:59:04,,--,,示例集团财务共享中心（本部）,通用报销单（费用报销）,非自动审批,1
A04,示例集团·丁公司,AP-2026-001407,通用报销单,其他专项付款单,人民币,33571.47,,--,2026-03-04,FSSC审核岗,应付成本组,审核员06,审核通过,2026-04-06 15:31:40,2026-04-06 15:32:30,2026-04-06 15:40:24,2026-04-06 19:18:30,,--,,示例集团财务共享中心（本部）,其他专项付款单,非自动审批,1
A10,示例集团·癸公司,AP-2026-001408,通用报销单,应付付款单（材料采购）,人民币,26527.55,,--,2026-04-02,FSSC审核岗,应付成本组,审核员02,审核通过,2026-05-26 09:31:15,2026-05-26 09:31:59,2026-05-26 09:33:33,2026-05-26 11:35:59,,--,,示例集团财务共享中心（本部）,应付付款单（材料采购）,非自动审批,1
A02,示例集团·乙公司,AP-2026-001409,应付发票,应付付款单（材料采购）,人民币,259009.14,,--,2026-02-06,FSSC审核岗,应付成本组,审核员02,审核通过,2026-01-15 12:18:07,2026-01-15 12:18:17,2026-01-15 12:26:38,2026-01-15 17:03:17,,--,,示例集团财务共享中心（本部）,应付付款单（材料采购）,非自动审批,1
A02,示例集团·乙公司,AP-2026-001409,应付发票,应付付款单（材料采购）,人民币,14698.29,,--,2026-02-06,FSSC审核岗,应付成本组,审核员02,审核通过,2026-01-15 12:18:07,2026-01-15 12:18:17,2026-01-15 12:26:51,2026-01-15 16:19:17,,--,,示例集团财务共享中心（本部）,应付付款单（材料采购）,非自动审批,1
A11,示例集团·子公司甲,AP-2026-001410,应付发票,应付确认单（物料类）,人民币,6908.77,,--,2026-01-09,FSSC审核岗,应付成本组,审核员03,审核通过,2026-01-01 10:23:14,2026-01-01 10:24:53,2026-01-01 10:24:17,2026-01-01 13:37:53,,--,,示例集团财务共享中心（本部）,应付确认单（物料类）,非自动审批,1
A11,示例集团·子公司甲,AP-2026-001410,应付发票,应付确认单（物料类）,人民币,16736.12,,--,2026-01-09,FSSC审核岗,应付成本组,审核员03,审核通过,2026-01-01 10:23:14,2026-01-01 10:24:53,2026-01-01 10:30:04,2026-01-01 13:49:53,,--,,示例集团财务共享中心（本部）,应付确认单（物料类）,非自动审批,1
A01,示例集团·甲公司,AP-2026-001411,应付发票,通用报销单（费用报销）,人民币,1051576.39,,--,2026-01-17,FSSC审核岗,应付成本组,审核员02,审核通过,2026-02-09 09:41:01,2026-02-09 09:42:18,2026-02-09 09:47:06,2026-02-09 11:55:18,,--,,示例集团财务共享中心（本部）,通用报销单（费用报销）,非自动审批,1
A02,示例集团·乙公司,AP-2026-001412,付款单,应付付款单（材料采购）,人民币,14688.75,,--,2026-02-11,FSSC审核岗,应付成本组,审核员02,审核通过,2026-03-01 20:03:27,2026-03-01 20:03:56,2026-03-01 20:09:09,2026-03-01 22:53:56,,--,,示例集团财务共享中心（本部）,应付付款单（材料采购）,非自动审批,1
A12,示例集团·子公司乙,AP-2026-001413,应付发票,应付确认单（物料类）,人民币,99880.8,,--,2026-04-10,FSSC审核岗,应付成本组,审核员06,审核通过,2026-02-17 12:17:43,2026-02-17 12:17:50,2026-02-17 12:24:59,2026-02-17 14:10:50,,--,,示例集团财务共享中心（本部）,应付确认单（物料类）,非自动审批,1
A12,示例集团·子公司乙,AP-2026-001413,应付发票,应付确认单（物料类）,人民币,194988.25,,--,2026-04-10,FSSC审核岗,应付成本组,审核员06,审核通过,2026-02-17 12:17:43,2026-02-17 12:17:50,2026-02-17 12:25:04,2026-02-17 14:53:50,,--,,示例集团财务共享中心（本部）,应付确认单（物料类）,非自动审批,1
A12,示例集团·子公司乙,AP-2026-001413,应付发票,应付确认单（物料类）,人民币,16064.23,,--,2026-04-10,FSSC审核岗,应付成本组,审核员06,审核通过,2026-02-17 12:17:43,2026-02-17 12:17:50,2026-02-17 12:27:26,2026-02-17 15:14:50,,--,,示例集团财务共享中心（本部）,应付确认单（物料类）,非自动审批,1
A02,示例集团·乙公司,AP-2026-001414,通用报销单,应付付款单（服务费）,人民币,16093.39,,--,2026-03-22,FSSC审核岗,应付成本组,审核员04,审核通过,2026-06-13 17:00:49,2026-06-13 17:02:30,2026-06-13 17:10:38,2026-06-13 17:51:30,,--,,示例集团财务共享中心（本部）,应付付款单（服务费）,非自动审批,1
A09,示例集团·壬公司,AP-2026-001415,付款单,应付付款单（材料采购）,人民币,77050.94,,--,2026-03-05,FSSC审核岗,应付成本组,审核员07,审核通过,2026-01-23 10:37:01,2026-01-23 10:37:03,2026-01-23 10:41:15,2026-01-23 14:46:03,,--,,示例集团财务共享中心（本部）,应付付款单（材料采购）,非自动审批,1
A09,示例集团·壬公司,AP-2026-001415,付款单,应付付款单（材料采购）,人民币,82080.12,,--,2026-03-05,FSSC审核岗,应付成本组,审核员07,审核通过,2026-01-23 10:37:01,2026-01-23 10:37:03,2026-01-23 10:41:27,2026-01-23 14:49:03,,--,,示例集团财务共享中心（本部）,应付付款单（材料采购）,非自动审批,1
A09,示例集团·壬公司,AP-2026-001415,付款单,应付付款单（材料采购）,人民币,395009.04,,--,2026-03-05,FSSC审核岗,应付成本组,审核员07,审核通过,2026-01-23 10:37:01,2026-01-23 10:37:03,2026-01-23 10:37:25,2026-01-23 14:40:03,,--,,示例集团财务共享中心（本部）,应付付款单（材料采购）,非自动审批,1
A03,示例集团·丙公司,AP-2026-001416,应付发票,应付确认单（物料类）,人民币,20395.63,,--,2026-04-14,FSSC审核岗,应付成本组,审核员03,审核通过,2026-02-02 11:45:44,2026-02-02 11:46:19,2026-02-02 11:51:15,2026-02-02 13:51:19,,--,,示例集团财务共享中心（本部）,应付确认单（物料类）,非自动审批,1
A03,示例集团·丙公司,AP-2026-001416,应付发票,应付确认单（物料类）,人民币,35307.3,,--,2026-04-14,FSSC审核岗,应付成本组,审核员03,审核通过,2026-02-02 11:45:44,2026-02-02 11:46:19,2026-02-02 11:52:57,2026-02-02 13:50:19,,--,,示例集团财务共享中心（本部）,应付确认单（物料类）,非自动审批,1
A08,示例集团·辛公司,AP-2026-001417,通用报销单,其他专项付款单,人民币,3184337.75,,--,2026-03-23,FSSC审核岗,应付成本组,审核员03,审核通过,2026-02-04 16:59:20,2026-02-04 17:00:55,2026-02-04 17:03:14,2026-02-04 18:14:55,,--,,示例集团财务共享中心（本部）,其他专项付款单,非自动审批,1
A10,示例集团·癸公司,AP-2026-001418,应付发票,应付确认单（物料类）,人民币,4867.45,,--,2026-06-15,FSSC审核岗,应付成本组,审核员06,审核通过,2026-01-14 13:14:21,2026-01-14 13:15:04,2026-01-14 13:17:43,2026-01-14 16:33:04,,--,,示例集团财务共享中心（本部）,应付确认单（物料类）,非自动审批,1
A10,示例集团·癸公司,AP-2026-001418,应付发票,应付确认单（物料类）,人民币,3652.75,,--,2026-06-15,FSSC审核岗,应付成本组,审核员06,审核通过,2026-01-14 13:14:21,2026-01-14 13:15:04,2026-01-14 13:16:45,2026-01-14 16:43:04,,--,,示例集团财务共享中心（本部）,应付确认单（物料类）,非自动审批,1
A06,示例集团·己公司,AP-2026-001419,付款单,应付付款单（服务费）,人民币,8636.41,,--,2026-02-06,FSSC审核岗,应付成本组,审核员05,审核通过,2026-06-20 16:48:56,2026-06-20 16:49:00,2026-06-20 16:57:49,2026-06-20 20:19:00,,--,,示例集团财务共享中心（本部）,应付付款单（服务费）,非自动审批,1
A06,示例集团·己公司,AP-2026-001420,应付发票,应付付款单（服务费）,人民币,279916.8,,--,2026-02-15,FSSC审核岗,应付成本组,审核员01,审核通过,2026-01-28 16:28:33,2026-01-28 16:30:11,2026-01-28 16:35:36,2026-01-28 16:59:11,,--,,示例集团财务共享中心（本部）,应付付款单（服务费）,非自动审批,1
A06,示例集团·己公司,AP-2026-001420,应付发票,应付付款单（服务费）,人民币,32415.8,,--,2026-02-15,FSSC审核岗,应付成本组,审核员01,审核通过,2026-01-28 16:28:33,2026-01-28 16:30:11,2026-01-28 16:30:54,2026-01-28 17:01:11,,--,,示例集团财务共享中心（本部）,应付付款单（服务费）,非自动审批,1
A06,示例集团·己公司,AP-2026-001420,应付发票,应付付款单（服务费）,人民币,32399.38,,--,2026-02-15,FSSC审核岗,应付成本组,审核员01,审核通过,2026-01-28 16:28:33,2026-01-28 16:30:11,2026-01-28 16:31:11,2026-01-28 18:13:11,,--,,示例集团财务共享中心（本部）,应付付款单（服务费）,非自动审批,1
A02,示例集团·乙公司,AP-2026-001421,付款单,应付付款单（服务费）,人民币,15501.44,,--,2026-04-13,FSSC审核岗,应付成本组,审核员06,审核通过,2026-03-22 08:31:04,2026-03-22 08:32:19,2026-03-22 08:38:55,2026-03-22 12:50:19,,--,,示例集团财务共享中心（本部）,应付付款单（服务费）,非自动审批,1
A02,示例集团·乙公司,AP-2026-001421,付款单,应付付款单（服务费）,人民币,216595.24,,--,2026-04-13,FSSC审核岗,应付成本组,审核员06,审核通过,2026-03-22 08:31:04,2026-03-22 08:32:19,2026-03-22 08:36:33,2026-03-22 12:13:19,,--,,示例集团财务共享中心（本部）,应付付款单（服务费）,非自动审批,1
A02,示例集团·乙公司,AP-2026-001421,付款单,应付付款单（服务费）,人民币,8825.71,,--,2026-04-13,FSSC审核岗,应付成本组,审核员06,审核通过,2026-03-22 08:31:04,2026-03-22 08:32:19,2026-03-22 08:37:51,2026-03-22 12:16:19,,--,,示例集团财务共享中心（本部）,应付付款单（服务费）,非自动审批,1
A16,示例集团·子公司己,AP-2026-001422,通用报销单,应付付款单（服务费）,人民币,26526.44,,--,2026-06-14,FSSC审核岗,应付成本组,审核员04,审核通过,2026-02-25 11:50:06,2026-02-25 11:51:06,2026-02-25 11:59:14,2026-02-25 13:17:06,,--,,示例集团财务共享中心（本部）,应付付款单（服务费）,非自动审批,1
A16,示例集团·子公司己,AP-2026-001422,通用报销单,应付付款单（服务费）,人民币,16384.66,,--,2026-06-14,FSSC审核岗,应付成本组,审核员04,审核通过,2026-02-25 11:50:06,2026-02-25 11:51:06,2026-02-25 12:00:00,2026-02-25 13:52:06,,--,,示例集团财务共享中心（本部）,应付付款单（服务费）,非自动审批,1
A07,示例集团·庚公司,AP-2026-001423,应付发票,应付付款单（材料采购）,人民币,1420.58,,--,2026-04-06,FSSC审核岗,应付成本组,审核员05,审核通过,2026-06-23 17:35:26,2026-06-23 17:35:57,2026-06-23 17:42:34,2026-06-23 19:33:57,,--,,示例集团财务共享中心（本部）,应付付款单（材料采购）,非自动审批,1
A07,示例集团·庚公司,AP-2026-001423,应付发票,应付付款单（材料采购）,人民币,30652.38,,--,2026-04-06,FSSC审核岗,应付成本组,审核员05,审核通过,2026-06-23 17:35:26,2026-06-23 17:35:57,2026-06-23 17:38:58,2026-06-23 18:09:57,,--,,示例集团财务共享中心（本部）,应付付款单（材料采购）,非自动审批,1
A07,示例集团·庚公司,AP-2026-001423,应付发票,应付付款单（材料采购）,人民币,55113.46,,--,2026-04-06,FSSC审核岗,应付成本组,审核员05,审核通过,2026-06-23 17:35:26,2026-06-23 17:35:57,2026-06-23 17:45:21,2026-06-23 18:53:57,,--,,示例集团财务共享中心（本部）,应付付款单（材料采购）,非自动审批,1
A01,示例集团·甲公司,AP-2026-001424,付款单,其他专项付款单,人民币,20216.8,,--,2026-01-14,FSSC审核岗,应付成本组,审核员04,审核通过,2026-01-20 10:05:01,2026-01-20 10:06:46,2026-01-20 10:11:06,2026-01-20 12:45:46,,--,,示例集团财务共享中心（本部）,其他专项付款单,非自动审批,1
A15,示例集团·子公司戊,AP-2026-001425,通用报销单,应付确认单（物料类）,人民币,41126.79,,--,2026-05-26,FSSC审核岗,应付成本组,审核员02,审核驳回,2026-03-23 10:51:40,2026-03-23 10:53:07,2026-03-23 10:56:16,--,,--,,示例集团财务共享中心（本部）,应付确认单（物料类）,非自动审批,1
A17,示例集团·子公司庚,AP-2026-001426,应付发票,应付付款单（材料采购）,人民币,42630.42,,--,2026-05-04,FSSC审核岗,应付成本组,审核员02,审核通过,2026-03-17 17:56:37,2026-03-17 17:58:33,2026-03-17 18:06:31,2026-03-17 20:05:33,,--,,示例集团财务共享中心（本部）,应付付款单（材料采购）,非自动审批,1
A17,示例集团·子公司庚,AP-2026-001426,应付发票,应付付款单（材料采购）,人民币,49700.19,,--,2026-05-04,FSSC审核岗,应付成本组,审核员02,审核通过,2026-03-17 17:56:37,2026-03-17 17:58:33,2026-03-17 17:59:54,2026-03-17 18:36:33,,--,,示例集团财务共享中心（本部）,应付付款单（材料采购）,非自动审批,1
A14,示例集团·子公司丁,AP-2026-001427,通用报销单,应付确认单（物料类）,人民币,13688.78,,--,2026-03-01,FSSC审核岗,应付成本组,审核员01,审核通过,2026-02-02 09:31:03,2026-02-02 09:32:20,2026-02-02 09:32:33,2026-02-02 11:07:20,,--,,示例集团财务共享中心（本部）,应付确认单（物料类）,非自动审批,1
A14,示例集团·子公司丁,AP-2026-001427,通用报销单,应付确认单（物料类）,人民币,12631.07,,--,2026-03-01,FSSC审核岗,应付成本组,审核员01,审核通过,2026-02-02 09:31:03,2026-02-02 09:32:20,2026-02-02 09:35:29,2026-02-02 10:30:20,,--,,示例集团财务共享中心（本部）,应付确认单（物料类）,非自动审批,1
A14,示例集团·子公司丁,AP-2026-001427,通用报销单,应付确认单（物料类）,人民币,63941.58,,--,2026-03-01,FSSC审核岗,应付成本组,审核员01,审核通过,2026-02-02 09:31:03,2026-02-02 09:32:20,2026-02-02 09:35:13,2026-02-02 10:13:20,,--,,示例集团财务共享中心（本部）,应付确认单（物料类）,非自动审批,1
A05,示例集团·戊公司,AP-2026-001428,应付发票,应付付款单（差旅费）,人民币,7581.58,,--,2026-02-28,FSSC审核岗,应付成本组,审核员04,审核通过,2026-05-13 10:33:49,2026-05-13 10:34:43,2026-05-13 10:42:13,2026-05-13 13:32:43,,--,,示例集团财务共享中心（本部）,应付付款单（差旅费）,非自动审批,1
A03,示例集团·丙公司,AP-2026-001429,应付发票,应付付款单（材料采购）,人民币,44365.83,,--,2026-03-01,FSSC审核岗,应付成本组,审核员05,审核通过,2026-03-17 18:37:58,2026-03-17 18:38:22,2026-03-17 18:38:18,2026-03-17 21:38:22,,--,,示例集团财务共享中心（本部）,应付付款单（材料采购）,非自动审批,1
A03,示例集团·丙公司,AP-2026-001429,应付发票,应付付款单（材料采购）,人民币,591068.31,,--,2026-03-01,FSSC审核岗,应付成本组,审核员05,审核通过,2026-03-17 18:37:58,2026-03-17 18:38:22,2026-03-17 18:46:27,2026-03-17 22:13:22,,--,,示例集团财务共享中心（本部）,应付付款单（材料采购）,非自动审批,1
A03,示例集团·丙公司,AP-2026-001429,应付发票,应付付款单（材料采购）,人民币,56706.67,,--,2026-03-01,FSSC审核岗,应付成本组,审核员05,审核通过,2026-03-17 18:37:58,2026-03-17 18:38:22,2026-03-17 18:41:36,2026-03-17 21:37:22,,--,,示例集团财务共享中心（本部）,应付付款单（材料采购）,非自动审批,1
A01,示例集团·甲公司,AP-2026-001430,应付发票,应付付款单（差旅费）,人民币,4641.56,,--,2026-01-24,FSSC审核岗,应付成本组,审核员05,审核通过,2026-01-13 09:11:22,2026-01-13 09:12:14,2026-01-13 09:21:16,2026-01-13 12:39:14,,--,,示例集团财务共享中心（本部）,应付付款单（差旅费）,非自动审批,1
A02,示例集团·乙公司,AP-2026-001431,应付发票,应付确认单（物料类）,人民币,77014.23,,--,2026-04-25,FSSC审核岗,应付成本组,审核员01,审核通过,2026-01-14 11:44:54,2026-01-14 11:45:28,2026-01-14 11:49:13,2026-01-14 13:57:28,,--,,示例集团财务共享中心（本部）,应付确认单（物料类）,非自动审批,1
A02,示例集团·乙公司,AP-2026-001431,应付发票,应付确认单（物料类）,人民币,188317.85,,--,2026-04-25,FSSC审核岗,应付成本组,审核员01,审核通过,2026-01-14 11:44:54,2026-01-14 11:45:28,2026-01-14 11:45:21,2026-01-14 14:45:28,,--,,示例集团财务共享中心（本部）,应付确认单（物料类）,非自动审批,1
A03,示例集团·丙公司,AP-2026-001432,应付发票,其他专项付款单,人民币,19664.22,,--,2026-06-16,FSSC审核岗,应付成本组,审核员06,审核通过,2026-02-01 19:48:10,2026-02-01 19:49:35,2026-02-01 19:54:14,2026-02-01 23:07:35,,--,,示例集团财务共享中心（本部）,其他专项付款单,非自动审批,1
A03,示例集团·丙公司,AP-2026-001432,应付发票,其他专项付款单,人民币,39397.81,,--,2026-06-16,FSSC审核岗,应付成本组,审核员06,审核通过,2026-02-01 19:48:10,2026-02-01 19:49:35,2026-02-01 19:54:57,2026-02-01 22:39:35,,--,,示例集团财务共享中心（本部）,其他专项付款单,非自动审批,1
A03,示例集团·丙公司,AP-2026-001432,应付发票,其他专项付款单,人民币,17522.41,,--,2026-06-16,FSSC审核岗,应付成本组,审核员06,审核通过,2026-02-01 19:48:10,2026-02-01 19:49:35,2026-02-01 19:55:30,2026-02-02 00:19:35,,--,,示例集团财务共享中心（本部）,其他专项付款单,非自动审批,1
A07,示例集团·庚公司,AP-2026-001434,应付发票,应付付款单（材料采购）,人民币,31349.25,,--,2026-01-25,FSSC审核岗,应付成本组,审核员01,审核驳回,2026-02-11 10:55:46,2026-02-11 10:57:15,2026-02-11 10:59:09,--,,--,,示例集团财务共享中心（本部）,应付付款单（材料采购）,非自动审批,1
A07,示例集团·庚公司,AP-2026-001434,应付发票,应付付款单（材料采购）,人民币,23581.91,,--,2026-01-25,FSSC审核岗,应付成本组,审核员01,审核驳回,2026-02-11 10:55:46,2026-02-11 10:57:15,2026-02-11 11:01:52,--,,--,,示例集团财务共享中心（本部）,应付付款单（材料采购）,非自动审批,1
A11,示例集团·子公司甲,AP-2026-001435,通用报销单,应付付款单（服务费）,人民币,110187.19,,--,2026-06-09,FSSC审核岗,应付成本组,审核员06,审核通过,2026-01-28 14:53:02,2026-01-28 14:54:50,2026-01-28 14:59:13,2026-01-28 18:08:50,,--,,示例集团财务共享中心（本部）,应付付款单（服务费）,非自动审批,1
A04,示例集团·丁公司,AP-2026-001436,通用报销单,其他专项付款单,人民币,610215.41,,--,2026-05-05,FSSC审核岗,应付成本组,审核员03,审核通过,2026-04-14 08:25:17,2026-04-14 08:26:17,2026-04-14 08:30:23,2026-04-14 11:23:17,,--,,示例集团财务共享中心（本部）,其他专项付款单,非自动审批,1
A04,示例集团·丁公司,AP-2026-001436,通用报销单,其他专项付款单,人民币,64867.48,,--,2026-05-05,FSSC审核岗,应付成本组,审核员03,审核通过,2026-04-14 08:25:17,2026-04-14 08:26:17,2026-04-14 08:34:20,2026-04-14 11:41:17,,--,,示例集团财务共享中心（本部）,其他专项付款单,非自动审批,1
A01,示例集团·甲公司,AP-2026-001437,应付发票,应付付款单（服务费）,人民币,6915.78,,--,2026-05-16,FSSC审核岗,应付成本组,审核员04,审核通过,2026-05-05 19:03:28,2026-05-05 19:04:46,2026-05-05 19:08:43,2026-05-05 23:12:46,,--,,示例集团财务共享中心（本部）,应付付款单（服务费）,非自动审批,1
A02,示例集团·乙公司,AP-2026-001439,应付发票,通用报销单（费用报销）,人民币,2066168.79,,--,2026-03-16,FSSC审核岗,应付成本组,审核员04,审核通过,2026-04-15 19:32:08,2026-04-15 19:32:32,2026-04-15 19:36:00,2026-04-15 22:58:32,,--,,示例集团财务共享中心（本部）,通用报销单（费用报销）,非自动审批,1
A05,示例集团·戊公司,AP-2026-001440,付款单,其他专项付款单,人民币,135409.4,,--,2026-03-26,FSSC审核岗,应付成本组,审核员07,审核通过,2026-06-27 11:06:33,2026-06-27 11:07:51,2026-06-27 11:10:11,2026-06-27 13:26:51,,--,,示例集团财务共享中心（本部）,其他专项付款单,非自动审批,1
A05,示例集团·戊公司,AP-2026-001440,付款单,其他专项付款单,人民币,180062.38,,--,2026-03-26,FSSC审核岗,应付成本组,审核员07,审核通过,2026-06-27 11:06:33,2026-06-27 11:07:51,2026-06-27 11:10:26,2026-06-27 15:00:51,,--,,示例集团财务共享中心（本部）,其他专项付款单,非自动审批,1
A13,示例集团·子公司丙,AP-2026-001442,付款单,应付确认单（物料类）,人民币,54763.73,,--,2026-05-07,FSSC审核岗,应付成本组,审核员04,审核通过,2026-05-07 16:52:08,2026-05-07 16:52:50,2026-05-07 16:59:53,2026-05-07 18:10:50,,--,,示例集团财务共享中心（本部）,应付确认单（物料类）,非自动审批,1
A04,示例集团·丁公司,AP-2026-001443,应付发票,应付付款单（差旅费）,人民币,82935.7,,--,2026-02-10,FSSC审核岗,应付成本组,审核员05,审核通过,2026-03-22 19:09:17,2026-03-22 19:09:19,2026-03-22 19:12:58,2026-03-22 22:10:19,,--,,示例集团财务共享中心（本部）,应付付款单（差旅费）,非自动审批,1
A04,示例集团·丁公司,AP-2026-001443,应付发票,应付付款单（差旅费）,人民币,37102.65,,--,2026-02-10,FSSC审核岗,应付成本组,审核员05,审核通过,2026-03-22 19:09:17,2026-03-22 19:09:19,2026-03-22 19:14:59,2026-03-22 20:51:19,,--,,示例集团财务共享中心（本部）,应付付款单（差旅费）,非自动审批,1
A02,示例集团·乙公司,AP-2026-001444,付款单,应付付款单（差旅费）,人民币,212176.61,,--,2026-05-16,FSSC审核岗,应付成本组,审核员01,审核通过,2026-06-26 09:39:52,2026-06-26 09:41:48,2026-06-26 09:45:51,2026-06-26 14:08:48,,--,,示例集团财务共享中心（本部）,应付付款单（差旅费）,非自动审批,1
A04,示例集团·丁公司,AP-2026-001445,应付发票,通用报销单（费用报销）,人民币,30688.26,,--,2026-02-16,FSSC审核岗,应付成本组,审核员01,审核通过,2026-01-21 08:29:06,2026-01-21 08:29:59,2026-01-21 08:38:46,2026-01-21 10:01:59,,--,,示例集团财务共享中心（本部）,通用报销单（费用报销）,非自动审批,1
A12,示例集团·子公司乙,AP-2026-001446,应付发票,通用报销单（费用报销）,人民币,118791.39,,--,2026-06-10,FSSC审核岗,应付成本组,审核员02,审核通过,2026-01-23 10:20:19,2026-01-23 10:21:44,2026-01-23 10:20:42,2026-01-23 11:43:44,,--,,示例集团财务共享中心（本部）,通用报销单（费用报销）,非自动审批,1
A05,示例集团·戊公司,AP-2026-001447,付款单,应付确认单（物料类）,人民币,232620.86,,--,2026-06-03,FSSC审核岗,应付成本组,审核员05,审核通过,2026-04-08 14:06:25,2026-04-08 14:08:03,2026-04-08 14:06:38,2026-04-08 18:26:03,,--,,示例集团财务共享中心（本部）,应付确认单（物料类）,非自动审批,1
A05,示例集团·戊公司,AP-2026-001447,付款单,应付确认单（物料类）,人民币,342596.57,,--,2026-06-03,FSSC审核岗,应付成本组,审核员05,审核通过,2026-04-08 14:06:25,2026-04-08 14:08:03,2026-04-08 14:13:54,2026-04-08 18:48:03,,--,,示例集团财务共享中心（本部）,应付确认单（物料类）,非自动审批,1
A05,示例集团·戊公司,AP-2026-001447,付款单,应付确认单（物料类）,人民币,253906.1,,--,2026-06-03,FSSC审核岗,应付成本组,审核员05,审核通过,2026-04-08 14:06:25,2026-04-08 14:08:03,2026-04-08 14:12:12,2026-04-08 18:03:03,,--,,示例集团财务共享中心（本部）,应付确认单（物料类）,非自动审批,1
A06,示例集团·己公司,AP-2026-001448,通用报销单,应付付款单（差旅费）,人民币,14284.95,,--,2026-06-15,FSSC审核岗,应付成本组,审核员02,审核通过,2026-03-24 10:52:13,2026-03-24 10:52:53,2026-03-24 10:54:45,2026-03-24 13:28:53,,--,,示例集团财务共享中心（本部）,应付付款单（差旅费）,非自动审批,1
A06,示例集团·己公司,AP-2026-001448,通用报销单,应付付款单（差旅费）,人民币,541362.64,,--,2026-06-15,FSSC审核岗,应付成本组,审核员02,审核通过,2026-03-24 10:52:13,2026-03-24 10:52:53,2026-03-24 10:53:31,2026-03-24 13:15:53,,--,,示例集团财务共享中心（本部）,应付付款单（差旅费）,非自动审批,1
A01,示例集团·甲公司,AP-2026-001449,应付发票,其他专项付款单,人民币,151745.88,,--,2026-02-28,FSSC审核岗,应付成本组,审核员04,审核通过,2026-05-11 09:59:57,2026-05-11 10:01:26,2026-05-11 10:01:12,2026-05-11 13:33:26,,--,,示例集团财务共享中心（本部）,其他专项付款单,非自动审批,1
A01,示例集团·甲公司,AP-2026-001449,应付发票,其他专项付款单,人民币,91842.52,,--,2026-02-28,FSSC审核岗,应付成本组,审核员04,审核通过,2026-05-11 09:59:57,2026-05-11 10:01:26,2026-05-11 10:01:52,2026-05-11 12:15:26,,--,,示例集团财务共享中心（本部）,其他专项付款单,非自动审批,1
A01,示例集团·甲公司,AP-2026-001449,应付发票,其他专项付款单,人民币,107928.85,,--,2026-02-28,FSSC审核岗,应付成本组,审核员04,审核通过,2026-05-11 09:59:57,2026-05-11 10:01:26,2026-05-11 10:02:54,2026-05-11 13:07:26,,--,,示例集团财务共享中心（本部）,其他专项付款单,非自动审批,1
A18,示例集团·子公司辛,AP-2026-001450,通用报销单,应付付款单（服务费）,人民币,47966.31,,--,2026-02-12,FSSC审核岗,应付成本组,审核员06,审核驳回,2026-02-08 18:11:30,2026-02-08 18:12:46,2026-02-08 18:19:56,--,,--,,示例集团财务共享中心（本部）,应付付款单（服务费）,非自动审批,1
A18,示例集团·子公司辛,AP-2026-001450,通用报销单,应付付款单（服务费）,人民币,31154.98,,--,2026-02-12,FSSC审核岗,应付成本组,审核员06,审核驳回,2026-02-08 18:11:30,2026-02-08 18:12:46,2026-02-08 18:12:10,--,,--,,示例集团财务共享中心（本部）,应付付款单（服务费）,非自动审批,1
A05,示例集团·戊公司,AP-2026-001451,付款单,应付确认单（物料类）,人民币,35742.39,,--,2026-05-03,FSSC审核岗,应付成本组,审核员04,审核通过,2026-06-04 13:58:22,2026-06-04 13:58:56,2026-06-04 14:05:12,2026-06-04 16:03:56,,--,,示例集团财务共享中心（本部）,应付确认单（物料类）,非自动审批,1
A15,示例集团·子公司戊,AP-2026-001452,通用报销单,应付付款单（差旅费）,人民币,363443.16,,--,2026-05-16,FSSC审核岗,应付成本组,审核员04,审核通过,2026-06-01 17:16:51,2026-06-01 17:18:34,2026-06-01 17:23:42,2026-06-01 18:46:34,,--,,示例集团财务共享中心（本部）,应付付款单（差旅费）,非自动审批,1
A19,示例集团·子公司壬,AP-2026-001453,通用报销单,其他专项付款单,人民币,67068.69,,--,2026-03-26,FSSC审核岗,应付成本组,审核员02,审核通过,2026-01-06 09:51:36,2026-01-06 09:53:04,2026-01-06 09:56:57,2026-01-06 11:49:04,,--,,示例集团财务共享中心（本部）,其他专项付款单,非自动审批,1
A19,示例集团·子公司壬,AP-2026-001453,通用报销单,其他专项付款单,人民币,88823.37,,--,2026-03-26,FSSC审核岗,应付成本组,审核员02,审核通过,2026-01-06 09:51:36,2026-01-06 09:53:04,2026-01-06 09:54:45,2026-01-06 11:52:04,,--,,示例集团财务共享中心（本部）,其他专项付款单,非自动审批,1
A19,示例集团·子公司壬,AP-2026-001453,通用报销单,其他专项付款单,人民币,65133.79,,--,2026-03-26,FSSC审核岗,应付成本组,审核员02,审核通过,2026-01-06 09:51:36,2026-01-06 09:53:04,2026-01-06 09:53:01,2026-01-06 12:11:04,,--,,示例集团财务共享中心（本部）,其他专项付款单,非自动审批,1
A04,示例集团·丁公司,AP-2026-001454,应付发票,应付付款单（服务费）,人民币,23503.51,,--,2026-01-22,FSSC审核岗,应付成本组,审核员04,审核通过,2026-05-24 08:43:03,2026-05-24 08:44:13,2026-05-24 08:48:47,2026-05-24 10:03:13,,--,,示例集团财务共享中心（本部）,应付付款单（服务费）,非自动审批,1
A04,示例集团·丁公司,AP-2026-001454,应付发票,应付付款单（服务费）,人民币,2964.46,,--,2026-01-22,FSSC审核岗,应付成本组,审核员04,审核通过,2026-05-24 08:43:03,2026-05-24 08:44:13,2026-05-24 08:52:00,2026-05-24 09:24:13,,--,,示例集团财务共享中心（本部）,应付付款单（服务费）,非自动审批,1
A03,示例集团·丙公司,AP-2026-001455,应付发票,应付付款单（材料采购）,人民币,175642.89,,--,2026-03-28,FSSC审核岗,应付成本组,审核员05,审核通过,2026-01-11 19:26:21,2026-01-11 19:26:29,2026-01-11 19:29:56,2026-01-11 21:43:29,,--,,示例集团财务共享中心（本部）,应付付款单（材料采购）,非自动审批,1
A14,示例集团·子公司丁,AP-2026-001456,付款单,应付确认单（物料类）,人民币,151431.51,,--,2026-02-16,FSSC审核岗,应付成本组,审核员06,审核通过,2026-01-20 16:30:41,2026-01-20 16:31:03,2026-01-20 16:33:48,2026-01-20 18:08:03,,--,,示例集团财务共享中心（本部）,应付确认单（物料类）,非自动审批,1
A13,示例集团·子公司丙,AP-2026-001457,通用报销单,通用报销单（费用报销）,人民币,58921.53,,--,2026-03-28,FSSC审核岗,应付成本组,审核员02,审核通过,2026-06-13 09:06:56,2026-06-13 09:07:32,2026-06-13 09:07:37,2026-06-13 13:16:32,,--,,示例集团财务共享中心（本部）,通用报销单（费用报销）,非自动审批,1
A13,示例集团·子公司丙,AP-2026-001457,通用报销单,通用报销单（费用报销）,人民币,13012.52,,--,2026-03-28,FSSC审核岗,应付成本组,审核员02,审核通过,2026-06-13 09:06:56,2026-06-13 09:07:32,2026-06-13 09:10:56,2026-06-13 12:32:32,,--,,示例集团财务共享中心（本部）,通用报销单（费用报销）,非自动审批,1
A01,示例集团·甲公司,AP-2026-001458,通用报销单,应付付款单（材料采购）,人民币,766160.1,,--,2026-02-22,FSSC审核岗,应付成本组,审核员06,审核通过,2026-01-11 11:39:28,2026-01-11 11:40:55,2026-01-11 11:43:00,2026-01-11 13:08:55,,--,,示例集团财务共享中心（本部）,应付付款单（材料采购）,非自动审批,1
A01,示例集团·甲公司,AP-2026-001458,通用报销单,应付付款单（材料采购）,人民币,37137.68,,--,2026-02-22,FSSC审核岗,应付成本组,审核员06,审核通过,2026-01-11 11:39:28,2026-01-11 11:40:55,2026-01-11 11:41:28,2026-01-11 13:07:55,,--,,示例集团财务共享中心（本部）,应付付款单（材料采购）,非自动审批,1
A09,示例集团·壬公司,AP-2026-001459,通用报销单,应付付款单（材料采购）,人民币,84757.72,,--,2026-04-18,FSSC审核岗,应付成本组,审核员01,审核通过,2026-05-25 10:59:38,2026-05-25 11:00:04,2026-05-25 11:04:04,2026-05-25 12:56:04,,--,,示例集团财务共享中心（本部）,应付付款单（材料采购）,非自动审批,1
A09,示例集团·壬公司,AP-2026-001459,通用报销单,应付付款单（材料采购）,人民币,22372.6,,--,2026-04-18,FSSC审核岗,应付成本组,审核员01,审核通过,2026-05-25 10:59:38,2026-05-25 11:00:04,2026-05-25 11:05:39,2026-05-25 11:38:04,,--,,示例集团财务共享中心（本部）,应付付款单（材料采购）,非自动审批,1
A09,示例集团·壬公司,AP-2026-001459,通用报销单,应付付款单（材料采购）,人民币,9048.86,,--,2026-04-18,FSSC审核岗,应付成本组,审核员01,审核通过,2026-05-25 10:59:38,2026-05-25 11:00:04,2026-05-25 11:07:26,2026-05-25 12:50:04,,--,,示例集团财务共享中心（本部）,应付付款单（材料采购）,非自动审批,1
A09,示例集团·壬公司,AP-2026-001460,应付发票,应付付款单（材料采购）,人民币,136692.09,,--,2026-02-26,FSSC审核岗,应付成本组,审核员03,审核通过,2026-05-14 10:55:38,2026-05-14 10:56:10,2026-05-14 10:57:28,2026-05-14 13:35:10,,--,,示例集团财务共享中心（本部）,应付付款单（材料采购）,非自动审批,1
A09,示例集团·壬公司,AP-2026-001460,应付发票,应付付款单（材料采购）,人民币,7323.68,,--,2026-02-26,FSSC审核岗,应付成本组,审核员03,审核通过,2026-05-14 10:55:38,2026-05-14 10:56:10,2026-05-14 11:01:38,2026-05-14 12:27:10,,--,,示例集团财务共享中心（本部）,应付付款单（材料采购）,非自动审批,1
A01,示例集团·甲公司,AP-2026-001461,应付发票,通用报销单（费用报销）,人民币,82508.27,,--,2026-06-10,FSSC审核岗,应付成本组,审核员06,审核通过,2026-05-16 16:58:29,2026-05-16 16:58:57,2026-05-16 17:02:54,2026-05-16 18:45:57,,--,,示例集团财务共享中心（本部）,通用报销单（费用报销）,非自动审批,1
A01,示例集团·甲公司,AP-2026-001461,应付发票,通用报销单（费用报销）,人民币,82844.49,,--,2026-06-10,FSSC审核岗,应付成本组,审核员06,审核通过,2026-05-16 16:58:29,2026-05-16 16:58:57,2026-05-16 17:04:57,2026-05-16 19:30:57,,--,,示例集团财务共享中心（本部）,通用报销单（费用报销）,非自动审批,1
A01,示例集团·甲公司,AP-2026-001461,应付发票,通用报销单（费用报销）,人民币,12485.6,,--,2026-06-10,FSSC审核岗,应付成本组,审核员06,审核通过,2026-05-16 16:58:29,2026-05-16 16:58:57,2026-05-16 17:07:12,2026-05-16 19:37:57,,--,,示例集团财务共享中心（本部）,通用报销单（费用报销）,非自动审批,1
A12,示例集团·子公司乙,AP-2026-001462,通用报销单,通用报销单（费用报销）,人民币,9749.94,,--,2026-04-17,FSSC审核岗,应付成本组,审核员01,审核通过,2026-01-21 14:17:54,2026-01-21 14:19:14,2026-01-21 14:19:12,2026-01-21 16:56:14,,--,,示例集团财务共享中心（本部）,通用报销单（费用报销）,非自动审批,1
A12,示例集团·子公司乙,AP-2026-001462,通用报销单,通用报销单（费用报销）,人民币,20361.27,,--,2026-04-17,FSSC审核岗,应付成本组,审核员01,审核通过,2026-01-21 14:17:54,2026-01-21 14:19:14,2026-01-21 14:24:51,2026-01-21 17:22:14,,--,,示例集团财务共享中心（本部）,通用报销单（费用报销）,非自动审批,1
A07,示例集团·庚公司,AP-2026-001463,通用报销单,通用报销单（费用报销）,人民币,24869.94,,--,2026-01-20,FSSC审核岗,应付成本组,审核员01,审核通过,2026-02-23 11:50:18,2026-02-23 11:51:06,2026-02-23 11:55:27,2026-02-23 15:59:06,,--,,示例集团财务共享中心（本部）,通用报销单（费用报销）,非自动审批,1
A07,示例集团·庚公司,AP-2026-001463,通用报销单,通用报销单（费用报销）,人民币,7033.02,,--,2026-01-20,FSSC审核岗,应付成本组,审核员01,审核通过,2026-02-23 11:50:18,2026-02-23 11:51:06,2026-02-23 11:59:42,2026-02-23 15:35:06,,--,,示例集团财务共享中心（本部）,通用报销单（费用报销）,非自动审批,1
A07,示例集团·庚公司,AP-2026-001463,通用报销单,通用报销单（费用报销）,人民币,12391.95,,--,2026-01-20,FSSC审核岗,应付成本组,审核员01,审核通过,2026-02-23 11:50:18,2026-02-23 11:51:06,2026-02-23 11:51:41,2026-02-23 15:22:06,,--,,示例集团财务共享中心（本部）,通用报销单（费用报销）,非自动审批,1
A18,示例集团·子公司辛,AP-2026-001464,应付发票,应付付款单（材料采购）,人民币,66587.17,,--,2026-05-18,FSSC审核岗,应付成本组,审核员05,审核通过,2026-04-28 15:23:51,2026-04-28 15:24:55,2026-04-28 15:32:38,2026-04-28 17:11:55,,--,,示例集团财务共享中心（本部）,应付付款单（材料采购）,非自动审批,1
A18,示例集团·子公司辛,AP-2026-001464,应付发票,应付付款单（材料采购）,人民币,970408.74,,--,2026-05-18,FSSC审核岗,应付成本组,审核员05,审核通过,2026-04-28 15:23:51,2026-04-28 15:24:55,2026-04-28 15:32:40,2026-04-28 17:45:55,,--,,示例集团财务共享中心（本部）,应付付款单（材料采购）,非自动审批,1
A18,示例集团·子公司辛,AP-2026-001464,应付发票,应付付款单（材料采购）,人民币,245415.32,,--,2026-05-18,FSSC审核岗,应付成本组,审核员05,审核通过,2026-04-28 15:23:51,2026-04-28 15:24:55,2026-04-28 15:26:54,2026-04-28 18:37:55,,--,,示例集团财务共享中心（本部）,应付付款单（材料采购）,非自动审批,1
A07,示例集团·庚公司,AP-2026-001466,通用报销单,应付付款单（材料采购）,人民币,74961.33,,--,2026-03-27,FSSC审核岗,应付成本组,审核员02,审核通过,2026-02-13 14:11:06,2026-02-13 14:12:23,2026-02-13 14:13:19,2026-02-13 17:44:23,,--,,示例集团财务共享中心（本部）,应付付款单（材料采购）,非自动审批,1
A07,示例集团·庚公司,AP-2026-001466,通用报销单,应付付款单（材料采购）,人民币,290592.9,,--,2026-03-27,FSSC审核岗,应付成本组,审核员02,审核通过,2026-02-13 14:11:06,2026-02-13 14:12:23,2026-02-13 14:19:14,2026-02-13 18:05:23,,--,,示例集团财务共享中心（本部）,应付付款单（材料采购）,非自动审批,1
A04,示例集团·丁公司,AP-2026-001467,付款单,其他专项付款单,人民币,301838.93,,--,2026-05-04,FSSC审核岗,应付成本组,审核员06,审核通过,2026-06-05 12:34:29,2026-06-05 12:35:27,2026-06-05 12:44:27,2026-06-05 12:50:27,,--,,示例集团财务共享中心（本部）,其他专项付款单,非自动审批,1
A04,示例集团·丁公司,AP-2026-001467,付款单,其他专项付款单,人民币,39066.79,,--,2026-05-04,FSSC审核岗,应付成本组,审核员06,审核通过,2026-06-05 12:34:29,2026-06-05 12:35:27,2026-06-05 12:38:50,2026-06-05 13:30:27,,--,,示例集团财务共享中心（本部）,其他专项付款单,非自动审批,1
A01,示例集团·甲公司,AP-2026-001468,付款单,通用报销单（费用报销）,人民币,85909.88,,--,2026-02-03,FSSC审核岗,应付成本组,审核员06,审核通过,2026-01-01 09:23:56,2026-01-01 09:23:57,2026-01-01 09:30:06,2026-01-01 10:38:57,,--,,示例集团财务共享中心（本部）,通用报销单（费用报销）,非自动审批,1
A01,示例集团·甲公司,AP-2026-001468,付款单,通用报销单（费用报销）,人民币,235403.67,,--,2026-02-03,FSSC审核岗,应付成本组,审核员06,审核通过,2026-01-01 09:23:56,2026-01-01 09:23:57,2026-01-01 09:31:09,2026-01-01 11:29:57,,--,,示例集团财务共享中心（本部）,通用报销单（费用报销）,非自动审批,1
A03,示例集团·丙公司,AP-2026-001469,应付发票,通用报销单（费用报销）,人民币,285004.87,,--,2026-03-19,FSSC审核岗,应付成本组,审核员04,审核通过,2026-04-06 12:19:18,2026-04-06 12:19:50,2026-04-06 12:22:18,2026-04-06 15:09:50,,--,,示例集团财务共享中心（本部）,通用报销单（费用报销）,非自动审批,1
A03,示例集团·丙公司,AP-2026-001469,应付发票,通用报销单（费用报销）,人民币,288861.22,,--,2026-03-19,FSSC审核岗,应付成本组,审核员04,审核通过,2026-04-06 12:19:18,2026-04-06 12:19:50,2026-04-06 12:26:04,2026-04-06 15:05:50,,--,,示例集团财务共享中心（本部）,通用报销单（费用报销）,非自动审批,1
A03,示例集团·丙公司,AP-2026-001469,应付发票,通用报销单（费用报销）,人民币,14216.88,,--,2026-03-19,FSSC审核岗,应付成本组,审核员04,审核通过,2026-04-06 12:19:18,2026-04-06 12:19:50,2026-04-06 12:29:09,2026-04-06 16:15:50,,--,,示例集团财务共享中心（本部）,通用报销单（费用报销）,非自动审批,1
A18,示例集团·子公司辛,AP-2026-001470,通用报销单,通用报销单（费用报销）,人民币,310230.92,,--,2026-01-04,FSSC审核岗,应付成本组,审核员03,审核通过,2026-03-23 15:37:24,2026-03-23 15:38:57,2026-03-23 15:47:11,2026-03-23 19:02:57,,--,,示例集团财务共享中心（本部）,通用报销单（费用报销）,非自动审批,1
A18,示例集团·子公司辛,AP-2026-001470,通用报销单,通用报销单（费用报销）,人民币,807184.6,,--,2026-01-04,FSSC审核岗,应付成本组,审核员03,审核通过,2026-03-23 15:37:24,2026-03-23 15:38:57,2026-03-23 15:37:58,2026-03-23 19:30:57,,--,,示例集团财务共享中心（本部）,通用报销单（费用报销）,非自动审批,1
A04,示例集团·丁公司,AP-2026-001471,通用报销单,应付付款单（服务费）,人民币,484464.22,,--,2026-03-28,FSSC审核岗,应付成本组,审核员07,审核通过,2026-03-07 14:22:21,2026-03-07 14:22:37,2026-03-07 14:32:07,2026-03-07 17:24:37,,--,,示例集团财务共享中心（本部）,应付付款单（服务费）,非自动审批,1
A05,示例集团·戊公司,AP-2026-001472,通用报销单,应付确认单（物料类）,人民币,13098.71,,--,2026-01-22,FSSC审核岗,应付成本组,审核员01,审核通过,2026-02-06 11:48:15,2026-02-06 11:50:04,2026-02-06 11:53:28,2026-02-06 14:17:04,,--,,示例集团财务共享中心（本部）,应付确认单（物料类）,非自动审批,1
A05,示例集团·戊公司,AP-2026-001472,通用报销单,应付确认单（物料类）,人民币,9211.73,,--,2026-01-22,FSSC审核岗,应付成本组,审核员01,审核通过,2026-02-06 11:48:15,2026-02-06 11:50:04,2026-02-06 11:52:47,2026-02-06 15:27:04,,--,,示例集团财务共享中心（本部）,应付确认单（物料类）,非自动审批,1
A11,示例集团·子公司甲,AP-2026-001473,应付发票,应付付款单（差旅费）,人民币,114842.39,,--,2026-04-01,FSSC审核岗,应付成本组,审核员02,审核通过,2026-01-16 11:14:07,2026-01-16 11:15:52,2026-01-16 11:22:28,2026-01-16 13:39:52,,--,,示例集团财务共享中心（本部）,应付付款单（差旅费）,非自动审批,1
A11,示例集团·子公司甲,AP-2026-001473,应付发票,应付付款单（差旅费）,人民币,472015.71,,--,2026-04-01,FSSC审核岗,应付成本组,审核员02,审核通过,2026-01-16 11:14:07,2026-01-16 11:15:52,2026-01-16 11:21:16,2026-01-16 13:43:52,,--,,示例集团财务共享中心（本部）,应付付款单（差旅费）,非自动审批,1
A02,示例集团·乙公司,AP-2026-001474,应付发票,应付付款单（差旅费）,人民币,82177.37,,--,2026-05-09,FSSC审核岗,应付成本组,审核员03,审核通过,2026-03-18 10:21:04,2026-03-18 10:21:25,2026-03-18 10:25:17,2026-03-18 14:01:25,,--,,示例集团财务共享中心（本部）,应付付款单（差旅费）,非自动审批,1
A02,示例集团·乙公司,AP-2026-001474,应付发票,应付付款单（差旅费）,人民币,43089.35,,--,2026-05-09,FSSC审核岗,应付成本组,审核员03,审核通过,2026-03-18 10:21:04,2026-03-18 10:21:25,2026-03-18 10:30:29,2026-03-18 13:12:25,,--,,示例集团财务共享中心（本部）,应付付款单（差旅费）,非自动审批,1
A02,示例集团·乙公司,AP-2026-001474,应付发票,应付付款单（差旅费）,人民币,52771.97,,--,2026-05-09,FSSC审核岗,应付成本组,审核员03,审核通过,2026-03-18 10:21:04,2026-03-18 10:21:25,2026-03-18 10:28:41,2026-03-18 12:47:25,,--,,示例集团财务共享中心（本部）,应付付款单（差旅费）,非自动审批,1
A02,示例集团·乙公司,AP-2026-001475,应付发票,应付确认单（物料类）,人民币,249868.26,,--,2026-01-20,FSSC审核岗,应付成本组,审核员07,审核通过,2026-03-24 16:56:03,2026-03-24 16:56:22,2026-03-24 16:56:47,2026-03-24 18:39:22,,--,,示例集团财务共享中心（本部）,应付确认单（物料类）,非自动审批,1
A08,示例集团·辛公司,AP-2026-001476,应付发票,其他专项付款单,人民币,38167.87,,--,2026-05-07,FSSC审核岗,应付成本组,审核员03,审核通过,2026-01-06 16:17:27,2026-01-06 16:17:55,2026-01-06 16:23:53,2026-01-06 18:51:55,,--,,示例集团财务共享中心（本部）,其他专项付款单,非自动审批,1
A11,示例集团·子公司甲,AP-2026-001477,通用报销单,通用报销单（费用报销）,人民币,117399.33,,--,2026-01-28,FSSC审核岗,应付成本组,审核员06,审核通过,2026-02-09 19:22:06,2026-02-09 19:22:56,2026-02-09 19:29:50,2026-02-09 20:43:56,,--,,示例集团财务共享中心（本部）,通用报销单（费用报销）,非自动审批,1
A11,示例集团·子公司甲,AP-2026-001477,通用报销单,通用报销单（费用报销）,人民币,49885.8,,--,2026-01-28,FSSC审核岗,应付成本组,审核员06,审核通过,2026-02-09 19:22:06,2026-02-09 19:22:56,2026-02-09 19:25:28,2026-02-09 19:56:56,,--,,示例集团财务共享中心（本部）,通用报销单（费用报销）,非自动审批,1
A02,示例集团·乙公司,AP-2026-001478,付款单,应付付款单（材料采购）,人民币,17263.1,,--,2026-05-01,FSSC审核岗,应付成本组,审核员01,审核通过,2026-01-26 12:15:57,2026-01-26 12:16:17,2026-01-26 12:22:20,2026-01-26 15:04:17,,--,,示例集团财务共享中心（本部）,应付付款单（材料采购）,非自动审批,1
A02,示例集团·乙公司,AP-2026-001478,付款单,应付付款单（材料采购）,人民币,15469.61,,--,2026-05-01,FSSC审核岗,应付成本组,审核员01,审核通过,2026-01-26 12:15:57,2026-01-26 12:16:17,2026-01-26 12:19:19,2026-01-26 13:54:17,,--,,示例集团财务共享中心（本部）,应付付款单（材料采购）,非自动审批,1
A02,示例集团·乙公司,AP-2026-001478,付款单,应付付款单（材料采购）,人民币,124920.53,,--,2026-05-01,FSSC审核岗,应付成本组,审核员01,审核通过,2026-01-26 12:15:57,2026-01-26 12:16:17,2026-01-26 12:16:22,2026-01-26 15:03:17,,--,,示例集团财务共享中心（本部）,应付付款单（材料采购）,非自动审批,1
A03,示例集团·丙公司,AP-2026-001480,通用报销单,应付确认单（物料类）,人民币,1356.19,,--,2026-02-26,FSSC审核岗,应付成本组,审核员05,审核通过,2026-01-10 09:46:55,2026-01-10 09:48:17,2026-01-10 09:49:42,2026-01-10 13:12:17,,--,,示例集团财务共享中心（本部）,应付确认单（物料类）,非自动审批,1
A03,示例集团·丙公司,AP-2026-001481,通用报销单,应付付款单（服务费）,人民币,117121.58,,--,2026-02-16,FSSC审核岗,应付成本组,审核员07,审核通过,2026-02-17 10:27:56,2026-02-17 10:28:14,2026-02-17 10:34:38,2026-02-17 12:18:14,,--,,示例集团财务共享中心（本部）,应付付款单（服务费）,非自动审批,1
A03,示例集团·丙公司,AP-2026-001481,通用报销单,应付付款单（服务费）,人民币,47152.02,,--,2026-02-16,FSSC审核岗,应付成本组,审核员07,审核通过,2026-02-17 10:27:56,2026-02-17 10:28:14,2026-02-17 10:37:41,2026-02-17 13:44:14,,--,,示例集团财务共享中心（本部）,应付付款单（服务费）,非自动审批,1
A08,示例集团·辛公司,AP-2026-001482,通用报销单,应付付款单（差旅费）,人民币,225148.71,,--,2026-01-12,FSSC审核岗,应付成本组,审核员04,审核驳回,2026-06-26 14:57:07,2026-06-26 14:58:00,2026-06-26 15:04:16,--,,--,,示例集团财务共享中心（本部）,应付付款单（差旅费）,非自动审批,1
A11,示例集团·子公司甲,AP-2026-001484,付款单,应付确认单（物料类）,人民币,138975.07,,--,2026-04-23,FSSC审核岗,应付成本组,审核员02,审核通过,2026-02-05 14:50:23,2026-02-05 14:51:01,2026-02-05 14:51:15,2026-02-05 17:47:01,,--,,示例集团财务共享中心（本部）,应付确认单（物料类）,非自动审批,1
A11,示例集团·子公司甲,AP-2026-001484,付款单,应付确认单（物料类）,人民币,63733.74,,--,2026-04-23,FSSC审核岗,应付成本组,审核员02,审核通过,2026-02-05 14:50:23,2026-02-05 14:51:01,2026-02-05 14:58:01,2026-02-05 16:05:01,,--,,示例集团财务共享中心（本部）,应付确认单（物料类）,非自动审批,1
A11,示例集团·子公司甲,AP-2026-001484,付款单,应付确认单（物料类）,人民币,13435.95,,--,2026-04-23,FSSC审核岗,应付成本组,审核员02,审核通过,2026-02-05 14:50:23,2026-02-05 14:51:01,2026-02-05 14:50:33,2026-02-05 17:13:01,,--,,示例集团财务共享中心（本部）,应付确认单（物料类）,非自动审批,1
A11,示例集团·子公司甲,AP-2026-001486,应付发票,应付付款单（差旅费）,人民币,14493.71,,--,2026-02-10,FSSC审核岗,应付成本组,审核员05,审核通过,2026-04-27 18:10:47,2026-04-27 18:12:19,2026-04-27 18:14:36,2026-04-27 21:22:19,,--,,示例集团财务共享中心（本部）,应付付款单（差旅费）,非自动审批,1
A05,示例集团·戊公司,AP-2026-001487,应付发票,其他专项付款单,人民币,24271.28,,--,2026-03-15,FSSC审核岗,应付成本组,审核员01,审核驳回,2026-02-21 15:04:04,2026-02-21 15:05:14,2026-02-21 15:05:22,--,,--,,示例集团财务共享中心（本部）,其他专项付款单,非自动审批,1
A06,示例集团·己公司,AP-2026-001488,应付发票,应付确认单（物料类）,人民币,202001.81,,--,2026-06-24,FSSC审核岗,应付成本组,审核员03,审核通过,2026-01-28 12:25:50,2026-01-28 12:27:17,2026-01-28 12:33:17,2026-01-28 14:42:17,,--,,示例集团财务共享中心（本部）,应付确认单（物料类）,非自动审批,1
A06,示例集团·己公司,AP-2026-001488,应付发票,应付确认单（物料类）,人民币,712252.08,,--,2026-06-24,FSSC审核岗,应付成本组,审核员03,审核通过,2026-01-28 12:25:50,2026-01-28 12:27:17,2026-01-28 12:34:08,2026-01-28 14:46:17,,--,,示例集团财务共享中心（本部）,应付确认单（物料类）,非自动审批,1
A06,示例集团·己公司,AP-2026-001488,应付发票,应付确认单（物料类）,人民币,95020.47,,--,2026-06-24,FSSC审核岗,应付成本组,审核员03,审核通过,2026-01-28 12:25:50,2026-01-28 12:27:17,2026-01-28 12:29:45,2026-01-28 14:48:17,,--,,示例集团财务共享中心（本部）,应付确认单（物料类）,非自动审批,1
A02,示例集团·乙公司,AP-2026-001489,通用报销单,应付付款单（服务费）,人民币,26241.4,,--,2026-04-01,FSSC审核岗,应付成本组,审核员02,审核通过,2026-05-15 10:13:17,2026-05-15 10:13:33,2026-05-15 10:16:51,2026-05-15 11:49:33,,--,,示例集团财务共享中心（本部）,应付付款单（服务费）,非自动审批,1
A04,示例集团·丁公司,AP-2026-001490,付款单,应付付款单（差旅费）,人民币,30362.58,,--,2026-04-12,FSSC审核岗,应付成本组,审核员03,审核通过,2026-01-22 16:26:39,2026-01-22 16:27:43,2026-01-22 16:31:05,2026-01-22 20:23:43,,--,,示例集团财务共享中心（本部）,应付付款单（差旅费）,非自动审批,1
A04,示例集团·丁公司,AP-2026-001490,付款单,应付付款单（差旅费）,人民币,32382.96,,--,2026-04-12,FSSC审核岗,应付成本组,审核员03,审核通过,2026-01-22 16:26:39,2026-01-22 16:27:43,2026-01-22 16:30:38,2026-01-22 21:13:43,,--,,示例集团财务共享中心（本部）,应付付款单（差旅费）,非自动审批,1
A14,示例集团·子公司丁,AP-2026-001491,通用报销单,通用报销单（费用报销）,人民币,256827.6,,--,2026-01-06,FSSC审核岗,应付成本组,审核员07,审核通过,2026-04-09 08:00:28,2026-04-09 08:01:36,2026-04-09 08:08:52,2026-04-09 09:57:36,,--,,示例集团财务共享中心（本部）,通用报销单（费用报销）,非自动审批,1
A14,示例集团·子公司丁,AP-2026-001491,通用报销单,通用报销单（费用报销）,人民币,31507.46,,--,2026-01-06,FSSC审核岗,应付成本组,审核员07,审核通过,2026-04-09 08:00:28,2026-04-09 08:01:36,2026-04-09 08:08:29,2026-04-09 11:18:36,,--,,示例集团财务共享中心（本部）,通用报销单（费用报销）,非自动审批,1
A11,示例集团·子公司甲,AP-2026-001493,应付发票,应付付款单（服务费）,人民币,56321.88,,--,2026-05-14,FSSC审核岗,应付成本组,审核员02,审核通过,2026-01-17 20:15:14,2026-01-17 20:17:00,2026-01-17 20:21:19,2026-01-17 23:10:00,,--,,示例集团财务共享中心（本部）,应付付款单（服务费）,非自动审批,1
A02,示例集团·乙公司,AP-2026-001494,应付发票,应付付款单（材料采购）,人民币,393453.42,,--,2026-01-09,FSSC审核岗,应付成本组,审核员03,审核通过,2026-05-17 18:26:15,2026-05-17 18:26:21,2026-05-17 18:34:47,2026-05-17 23:08:21,,--,,示例集团财务共享中心（本部）,应付付款单（材料采购）,非自动审批,1
A02,示例集团·乙公司,AP-2026-001494,应付发票,应付付款单（材料采购）,人民币,27052.41,,--,2026-01-09,FSSC审核岗,应付成本组,审核员03,审核通过,2026-05-17 18:26:15,2026-05-17 18:26:21,2026-05-17 18:31:18,2026-05-17 23:12:21,,--,,示例集团财务共享中心（本部）,应付付款单（材料采购）,非自动审批,1
A09,示例集团·壬公司,AP-2026-001495,通用报销单,通用报销单（费用报销）,人民币,130598.73,,--,2026-03-01,FSSC审核岗,应付成本组,审核员05,审核通过,2026-03-21 09:53:09,2026-03-21 09:54:26,2026-03-21 10:00:16,2026-03-21 13:02:26,,--,,示例集团财务共享中心（本部）,通用报销单（费用报销）,非自动审批,1
A03,示例集团·丙公司,AP-2026-001496,付款单,应付确认单（物料类）,人民币,211216.07,,--,2026-01-07,FSSC审核岗,应付成本组,审核员02,审核通过,2026-05-09 16:00:40,2026-05-09 16:02:38,2026-05-09 16:05:16,2026-05-09 17:04:38,,--,,示例集团财务共享中心（本部）,应付确认单（物料类）,非自动审批,1
A03,示例集团·丙公司,AP-2026-001496,付款单,应付确认单（物料类）,人民币,65435.41,,--,2026-01-07,FSSC审核岗,应付成本组,审核员02,审核通过,2026-05-09 16:00:40,2026-05-09 16:02:38,2026-05-09 16:08:31,2026-05-09 16:39:38,,--,,示例集团财务共享中心（本部）,应付确认单（物料类）,非自动审批,1
A18,示例集团·子公司辛,AP-2026-001497,付款单,应付确认单（物料类）,人民币,923351.18,,--,2026-01-21,FSSC审核岗,应付成本组,审核员03,审核通过,2026-01-09 18:02:18,2026-01-09 18:03:33,2026-01-09 18:09:09,2026-01-09 21:17:33,,--,,示例集团财务共享中心（本部）,应付确认单（物料类）,非自动审批,1
A07,示例集团·庚公司,AP-2026-001498,付款单,通用报销单（费用报销）,人民币,616389.6,,--,2026-03-08,FSSC审核岗,应付成本组,审核员01,审核通过,2026-06-17 17:48:30,2026-06-17 17:49:37,2026-06-17 17:54:29,2026-06-17 19:36:37,,--,,示例集团财务共享中心（本部）,通用报销单（费用报销）,非自动审批,1
A02,示例集团·乙公司,AP-2026-001499,通用报销单,其他专项付款单,人民币,86537.74,,--,2026-02-15,FSSC审核岗,应付成本组,审核员04,审核通过,2026-01-10 16:27:53,2026-01-10 16:29:12,2026-01-10 16:37:08,2026-01-10 19:07:12,,--,,示例集团财务共享中心（本部）,其他专项付款单,非自动审批,1
A02,示例集团·乙公司,AP-2026-001499,通用报销单,其他专项付款单,人民币,19431.61,,--,2026-02-15,FSSC审核岗,应付成本组,审核员04,审核通过,2026-01-10 16:27:53,2026-01-10 16:29:12,2026-01-10 16:32:09,2026-01-10 19:35:12,,--,,示例集团财务共享中心（本部）,其他专项付款单,非自动审批,1
A02,示例集团·乙公司,AP-2026-001499,通用报销单,其他专项付款单,人民币,20760.72,,--,2026-02-15,FSSC审核岗,应付成本组,审核员04,审核通过,2026-01-10 16:27:53,2026-01-10 16:29:12,2026-01-10 16:28:54,2026-01-10 19:40:12,,--,,示例集团财务共享中心（本部）,其他专项付款单,非自动审批,1
A09,示例集团·壬公司,AP-2026-001500,应付发票,其他专项付款单,人民币,80635.77,,--,2026-01-24,FSSC审核岗,应付成本组,审核员05,审核通过,2026-04-17 16:48:55,2026-04-17 16:50:43,2026-04-17 16:56:24,2026-04-17 20:35:43,,--,,示例集团财务共享中心（本部）,其他专项付款单,非自动审批,1
A09,示例集团·壬公司,AP-2026-001500,应付发票,其他专项付款单,人民币,13016.29,,--,2026-01-24,FSSC审核岗,应付成本组,审核员05,审核通过,2026-04-17 16:48:55,2026-04-17 16:50:43,2026-04-17 16:51:12,2026-04-17 19:34:43,,--,,示例集团财务共享中心（本部）,其他专项付款单,非自动审批,1
A09,示例集团·壬公司,AP-2026-001500,应付发票,其他专项付款单,人民币,87248.77,,--,2026-01-24,FSSC审核岗,应付成本组,审核员05,审核通过,2026-04-17 16:48:55,2026-04-17 16:50:43,2026-04-17 16:51:49,2026-04-17 20:09:43,,--,,示例集团财务共享中心（本部）,其他专项付款单,非自动审批,1
A01,示例集团·甲公司,AP-2026-001501,应付发票,应付付款单（差旅费）,人民币,636241.67,,--,2026-04-25,FSSC审核岗,应付成本组,审核员02,审核通过,2026-06-14 08:48:05,2026-06-14 08:49:38,2026-06-14 08:50:34,2026-06-14 12:26:38,,--,,示例集团财务共享中心（本部）,应付付款单（差旅费）,非自动审批,1
A12,示例集团·子公司乙,AP-2026-001502,通用报销单,应付付款单（差旅费）,人民币,65347.96,,--,2026-06-04,FSSC审核岗,应付成本组,审核员04,审核通过,2026-03-01 14:26:05,2026-03-01 14:27:21,2026-03-01 14:33:24,2026-03-01 15:39:21,,--,,示例集团财务共享中心（本部）,应付付款单（差旅费）,非自动审批,1
A12,示例集团·子公司乙,AP-2026-001502,通用报销单,应付付款单（差旅费）,人民币,58306.75,,--,2026-06-04,FSSC审核岗,应付成本组,审核员04,审核通过,2026-03-01 14:26:05,2026-03-01 14:27:21,2026-03-01 14:31:38,2026-03-01 15:57:21,,--,,示例集团财务共享中心（本部）,应付付款单（差旅费）,非自动审批,1
A15,示例集团·子公司戊,AP-2026-001503,应付发票,应付付款单（差旅费）,人民币,197692.94,,--,2026-01-18,FSSC审核岗,应付成本组,审核员01,审核通过,2026-02-25 10:57:17,2026-02-25 10:58:04,2026-02-25 10:58:16,2026-02-25 13:54:04,,--,,示例集团财务共享中心（本部）,应付付款单（差旅费）,非自动审批,1
A15,示例集团·子公司戊,AP-2026-001503,应付发票,应付付款单（差旅费）,人民币,124837.7,,--,2026-01-18,FSSC审核岗,应付成本组,审核员01,审核通过,2026-02-25 10:57:17,2026-02-25 10:58:04,2026-02-25 10:58:00,2026-02-25 13:39:04,,--,,示例集团财务共享中心（本部）,应付付款单（差旅费）,非自动审批,1
A15,示例集团·子公司戊,AP-2026-001503,应付发票,应付付款单（差旅费）,人民币,11996.44,,--,2026-01-18,FSSC审核岗,应付成本组,审核员01,审核通过,2026-02-25 10:57:17,2026-02-25 10:58:04,2026-02-25 11:03:02,2026-02-25 13:33:04,,--,,示例集团财务共享中心（本部）,应付付款单（差旅费）,非自动审批,1
A01,示例集团·甲公司,AP-2026-001507,应付发票,应付付款单（差旅费）,人民币,31655.66,,--,2026-01-20,FSSC审核岗,应付成本组,审核员03,审核通过,2026-06-10 13:33:27,2026-06-10 13:34:59,2026-06-10 13:39:00,2026-06-10 17:33:59,,--,,示例集团财务共享中心（本部）,应付付款单（差旅费）,非自动审批,1
A06,示例集团·己公司,AP-2026-001508,付款单,应付付款单（服务费）,人民币,848763.66,,--,2026-06-01,FSSC审核岗,应付成本组,审核员02,审核通过,2026-01-16 14:05:25,2026-01-16 14:06:41,2026-01-16 14:05:48,2026-01-16 15:55:41,,--,,示例集团财务共享中心（本部）,应付付款单（服务费）,非自动审批,1
A06,示例集团·己公司,AP-2026-001508,付款单,应付付款单（服务费）,人民币,94430.87,,--,2026-06-01,FSSC审核岗,应付成本组,审核员02,审核通过,2026-01-16 14:05:25,2026-01-16 14:06:41,2026-01-16 14:06:01,2026-01-16 15:59:41,,--,,示例集团财务共享中心（本部）,应付付款单（服务费）,非自动审批,1
A06,示例集团·己公司,AP-2026-001508,付款单,应付付款单（服务费）,人民币,14632.4,,--,2026-06-01,FSSC审核岗,应付成本组,审核员02,审核通过,2026-01-16 14:05:25,2026-01-16 14:06:41,2026-01-16 14:06:31,2026-01-16 17:43:41,,--,,示例集团财务共享中心（本部）,应付付款单（服务费）,非自动审批,1
A06,示例集团·己公司,AP-2026-001509,通用报销单,通用报销单（费用报销）,人民币,45771.45,,--,2026-02-19,FSSC审核岗,应付成本组,审核员01,审核驳回,2026-06-17 18:25:36,2026-06-17 18:27:17,2026-06-17 18:29:20,--,,--,,示例集团财务共享中心（本部）,通用报销单（费用报销）,非自动审批,1
A06,示例集团·己公司,AP-2026-001509,通用报销单,通用报销单（费用报销）,人民币,4936.33,,--,2026-02-19,FSSC审核岗,应付成本组,审核员01,审核驳回,2026-06-17 18:25:36,2026-06-17 18:27:17,2026-06-17 18:34:37,--,,--,,示例集团财务共享中心（本部）,通用报销单（费用报销）,非自动审批,1
A09,示例集团·壬公司,AP-2026-001510,通用报销单,应付付款单（材料采购）,人民币,4444.71,,--,2026-04-28,FSSC审核岗,应付成本组,审核员05,审核通过,2026-05-19 10:15:20,2026-05-19 10:15:39,2026-05-19 10:19:53,2026-05-19 13:37:39,,--,,示例集团财务共享中心（本部）,应付付款单（材料采购）,非自动审批,1
A09,示例集团·壬公司,AP-2026-001510,通用报销单,应付付款单（材料采购）,人民币,236849.39,,--,2026-04-28,FSSC审核岗,应付成本组,审核员05,审核通过,2026-05-19 10:15:20,2026-05-19 10:15:39,2026-05-19 10:23:01,2026-05-19 14:44:39,,--,,示例集团财务共享中心（本部）,应付付款单（材料采购）,非自动审批,1
A08,示例集团·辛公司,AP-2026-001511,通用报销单,应付付款单（材料采购）,人民币,59500.48,,--,2026-03-20,FSSC审核岗,应付成本组,审核员05,审核通过,2026-01-08 19:20:29,2026-01-08 19:21:32,2026-01-08 19:25:55,2026-01-08 22:19:32,,--,,示例集团财务共享中心（本部）,应付付款单（材料采购）,非自动审批,1
A03,示例集团·丙公司,AP-2026-001512,应付发票,应付付款单（材料采购）,人民币,123800.62,,--,2026-03-15,FSSC审核岗,应付成本组,审核员06,审核通过,2026-03-25 10:54:34,2026-03-25 10:56:30,2026-03-25 11:01:35,2026-03-25 13:29:30,,--,,示例集团财务共享中心（本部）,应付付款单（材料采购）,非自动审批,1
A03,示例集团·丙公司,AP-2026-001513,应付发票,应付付款单（差旅费）,人民币,302863.92,,--,2026-03-20,FSSC审核岗,应付成本组,审核员04,审核通过,2026-03-24 11:34:03,2026-03-24 11:35:49,2026-03-24 11:34:46,2026-03-24 13:58:49,,--,,示例集团财务共享中心（本部）,应付付款单（差旅费）,非自动审批,1
A03,示例集团·丙公司,AP-2026-001513,应付发票,应付付款单（差旅费）,人民币,96303.83,,--,2026-03-20,FSSC审核岗,应付成本组,审核员04,审核通过,2026-03-24 11:34:03,2026-03-24 11:35:49,2026-03-24 11:38:55,2026-03-24 13:01:49,,--,,示例集团财务共享中心（本部）,应付付款单（差旅费）,非自动审批,1
A03,示例集团·丙公司,AP-2026-001513,应付发票,应付付款单（差旅费）,人民币,167099.19,,--,2026-03-20,FSSC审核岗,应付成本组,审核员04,审核通过,2026-03-24 11:34:03,2026-03-24 11:35:49,2026-03-24 11:37:48,2026-03-24 13:01:49,,--,,示例集团财务共享中心（本部）,应付付款单（差旅费）,非自动审批,1
A18,示例集团·子公司辛,AP-2026-001514,付款单,通用报销单（费用报销）,人民币,85839.34,,--,2026-02-16,FSSC审核岗,应付成本组,审核员03,审核通过,2026-03-23 09:49:09,2026-03-23 09:49:39,2026-03-23 09:59:08,2026-03-23 13:24:39,,--,,示例集团财务共享中心（本部）,通用报销单（费用报销）,非自动审批,1
A18,示例集团·子公司辛,AP-2026-001514,付款单,通用报销单（费用报销）,人民币,362564.37,,--,2026-02-16,FSSC审核岗,应付成本组,审核员03,审核通过,2026-03-23 09:49:09,2026-03-23 09:49:39,2026-03-23 09:57:48,2026-03-23 12:44:39,,--,,示例集团财务共享中心（本部）,通用报销单（费用报销）,非自动审批,1
A01,示例集团·甲公司,AP-2026-001515,应付发票,应付付款单（材料采购）,人民币,716996.53,,--,2026-06-25,FSSC审核岗,应付成本组,审核员03,审核通过,2026-05-24 08:38:09,2026-05-24 08:40:02,2026-05-24 08:40:10,2026-05-24 11:02:02,,--,,示例集团财务共享中心（本部）,应付付款单（材料采购）,非自动审批,1
A11,示例集团·子公司甲,AP-2026-001516,付款单,应付付款单（差旅费）,人民币,79173.66,,--,2026-01-17,FSSC审核岗,应付成本组,审核员03,审核通过,2026-04-16 17:51:20,2026-04-16 17:53:18,2026-04-16 17:56:30,2026-04-16 21:25:18,,--,,示例集团财务共享中心（本部）,应付付款单（差旅费）,非自动审批,1
A11,示例集团·子公司甲,AP-2026-001516,付款单,应付付款单（差旅费）,人民币,74659.3,,--,2026-01-17,FSSC审核岗,应付成本组,审核员03,审核通过,2026-04-16 17:51:20,2026-04-16 17:53:18,2026-04-16 18:00:44,2026-04-16 22:30:18,,--,,示例集团财务共享中心（本部）,应付付款单（差旅费）,非自动审批,1
A01,示例集团·甲公司,AP-2026-001517,付款单,应付确认单（物料类）,人民币,93734.73,,--,2026-02-11,FSSC审核岗,应付成本组,审核员01,审核通过,2026-06-16 16:43:09,2026-06-16 16:43:25,2026-06-16 16:46:18,2026-06-16 19:00:25,,--,,示例集团财务共享中心（本部）,应付确认单（物料类）,非自动审批,1
A01,示例集团·甲公司,AP-2026-001517,付款单,应付确认单（物料类）,人民币,51650.98,,--,2026-02-11,FSSC审核岗,应付成本组,审核员01,审核通过,2026-06-16 16:43:09,2026-06-16 16:43:25,2026-06-16 16:44:28,2026-06-16 18:28:25,,--,,示例集团财务共享中心（本部）,应付确认单（物料类）,非自动审批,1
A01,示例集团·甲公司,AP-2026-001517,付款单,应付确认单（物料类）,人民币,34187.23,,--,2026-02-11,FSSC审核岗,应付成本组,审核员01,审核通过,2026-06-16 16:43:09,2026-06-16 16:43:25,2026-06-16 16:44:47,2026-06-16 20:10:25,,--,,示例集团财务共享中心（本部）,应付确认单（物料类）,非自动审批,1
A08,示例集团·辛公司,AP-2026-001518,通用报销单,应付确认单（物料类）,人民币,259800.82,,--,2026-01-18,FSSC审核岗,应付成本组,审核员04,审核通过,2026-02-23 08:09:30,2026-02-23 08:09:42,2026-02-23 08:13:01,2026-02-23 11:11:42,,--,,示例集团财务共享中心（本部）,应付确认单（物料类）,非自动审批,1
A02,示例集团·乙公司,AP-2026-001519,应付发票,应付付款单（材料采购）,人民币,34251.94,,--,2026-06-24,FSSC审核岗,应付成本组,审核员03,审核通过,2026-05-12 18:47:51,2026-05-12 18:48:23,2026-05-12 18:48:15,2026-05-12 22:32:23,,--,,示例集团财务共享中心（本部）,应付付款单（材料采购）,非自动审批,1
A02,示例集团·乙公司,AP-2026-001519,应付发票,应付付款单（材料采购）,人民币,31594.97,,--,2026-06-24,FSSC审核岗,应付成本组,审核员03,审核通过,2026-05-12 18:47:51,2026-05-12 18:48:23,2026-05-12 18:53:01,2026-05-12 21:40:23,,--,,示例集团财务共享中心（本部）,应付付款单（材料采购）,非自动审批,1
A11,示例集团·子公司甲,AP-2026-001520,应付发票,通用报销单（费用报销）,人民币,210600.52,,--,2026-05-13,FSSC审核岗,应付成本组,审核员05,审核通过,2026-01-12 19:40:59,2026-01-12 19:42:09,2026-01-12 19:42:13,2026-01-12 22:41:09,,--,,示例集团财务共享中心（本部）,通用报销单（费用报销）,非自动审批,1
A11,示例集团·子公司甲,AP-2026-001520,应付发票,通用报销单（费用报销）,人民币,234486.53,,--,2026-05-13,FSSC审核岗,应付成本组,审核员05,审核通过,2026-01-12 19:40:59,2026-01-12 19:42:09,2026-01-12 19:44:14,2026-01-12 21:36:09,,--,,示例集团财务共享中心（本部）,通用报销单（费用报销）,非自动审批,1
A04,示例集团·丁公司,AP-2026-001521,应付发票,应付付款单（服务费）,人民币,1570430.2,,--,2026-03-06,FSSC审核岗,应付成本组,审核员03,审核通过,2026-05-22 09:26:12,2026-05-22 09:26:22,2026-05-22 09:26:59,2026-05-22 13:46:22,,--,,示例集团财务共享中心（本部）,应付付款单（服务费）,非自动审批,1
A04,示例集团·丁公司,AP-2026-001521,应付发票,应付付款单（服务费）,人民币,330224.96,,--,2026-03-06,FSSC审核岗,应付成本组,审核员03,审核通过,2026-05-22 09:26:12,2026-05-22 09:26:22,2026-05-22 09:30:15,2026-05-22 13:50:22,,--,,示例集团财务共享中心（本部）,应付付款单（服务费）,非自动审批,1
A04,示例集团·丁公司,AP-2026-001521,应付发票,应付付款单（服务费）,人民币,190582.16,,--,2026-03-06,FSSC审核岗,应付成本组,审核员03,审核通过,2026-05-22 09:26:12,2026-05-22 09:26:22,2026-05-22 09:28:44,2026-05-22 12:44:22,,--,,示例集团财务共享中心（本部）,应付付款单（服务费）,非自动审批,1
A12,示例集团·子公司乙,AP-2026-001522,付款单,应付确认单（物料类）,人民币,233253.69,,--,2026-01-02,FSSC审核岗,应付成本组,审核员03,审核通过,2026-05-27 16:14:16,2026-05-27 16:16:00,2026-05-27 16:22:04,2026-05-27 19:39:00,,--,,示例集团财务共享中心（本部）,应付确认单（物料类）,非自动审批,1
A12,示例集团·子公司乙,AP-2026-001522,付款单,应付确认单（物料类）,人民币,48677.05,,--,2026-01-02,FSSC审核岗,应付成本组,审核员03,审核通过,2026-05-27 16:14:16,2026-05-27 16:16:00,2026-05-27 16:21:34,2026-05-27 19:12:00,,--,,示例集团财务共享中心（本部）,应付确认单（物料类）,非自动审批,1
A12,示例集团·子公司乙,AP-2026-001522,付款单,应付确认单（物料类）,人民币,131544.58,,--,2026-01-02,FSSC审核岗,应付成本组,审核员03,审核通过,2026-05-27 16:14:16,2026-05-27 16:16:00,2026-05-27 16:21:04,2026-05-27 20:02:00,,--,,示例集团财务共享中心（本部）,应付确认单（物料类）,非自动审批,1
A06,示例集团·己公司,AP-2026-001523,通用报销单,通用报销单（费用报销）,人民币,140575.32,,--,2026-01-08,FSSC审核岗,应付成本组,审核员05,审核通过,2026-02-01 20:10:22,2026-02-01 20:11:44,2026-02-01 20:17:08,2026-02-01 23:28:44,,--,,示例集团财务共享中心（本部）,通用报销单（费用报销）,非自动审批,1
A06,示例集团·己公司,AP-2026-001523,通用报销单,通用报销单（费用报销）,人民币,28031.92,,--,2026-01-08,FSSC审核岗,应付成本组,审核员05,审核通过,2026-02-01 20:10:22,2026-02-01 20:11:44,2026-02-01 20:13:21,2026-02-01 23:29:44,,--,,示例集团财务共享中心（本部）,通用报销单（费用报销）,非自动审批,1
A06,示例集团·己公司,AP-2026-001523,通用报销单,通用报销单（费用报销）,人民币,55908.84,,--,2026-01-08,FSSC审核岗,应付成本组,审核员05,审核通过,2026-02-01 20:10:22,2026-02-01 20:11:44,2026-02-01 20:19:28,2026-02-01 22:55:44,,--,,示例集团财务共享中心（本部）,通用报销单（费用报销）,非自动审批,1
A14,示例集团·子公司丁,AP-2026-001524,应付发票,其他专项付款单,人民币,227146.25,,--,2026-02-04,FSSC审核岗,应付成本组,审核员04,审核通过,2026-04-14 14:27:05,2026-04-14 14:27:23,2026-04-14 14:30:41,2026-04-14 17:28:23,,--,,示例集团财务共享中心（本部）,其他专项付款单,非自动审批,1
A01,示例集团·甲公司,AP-2026-001525,付款单,其他专项付款单,人民币,58342.55,,--,2026-04-22,FSSC审核岗,应付成本组,审核员01,审核通过,2026-06-20 17:34:07,2026-06-20 17:36:03,2026-06-20 17:34:34,2026-06-20 19:53:03,,--,,示例集团财务共享中心（本部）,其他专项付款单,非自动审批,1
A01,示例集团·甲公司,AP-2026-001525,付款单,其他专项付款单,人民币,140955.59,,--,2026-04-22,FSSC审核岗,应付成本组,审核员01,审核通过,2026-06-20 17:34:07,2026-06-20 17:36:03,2026-06-20 17:37:54,2026-06-20 19:43:03,,--,,示例集团财务共享中心（本部）,其他专项付款单,非自动审批,1
A05,示例集团·戊公司,AP-2026-001526,应付发票,应付付款单（材料采购）,人民币,210137.31,,--,2026-05-16,FSSC审核岗,应付成本组,审核员01,审核通过,2026-06-11 10:40:37,2026-06-11 10:42:22,2026-06-11 10:50:10,2026-06-11 12:54:22,,--,,示例集团财务共享中心（本部）,应付付款单（材料采购）,非自动审批,1
A05,示例集团·戊公司,AP-2026-001526,应付发票,应付付款单（材料采购）,人民币,196850.68,,--,2026-05-16,FSSC审核岗,应付成本组,审核员01,审核通过,2026-06-11 10:40:37,2026-06-11 10:42:22,2026-06-11 10:49:53,2026-06-11 13:26:22,,--,,示例集团财务共享中心（本部）,应付付款单（材料采购）,非自动审批,1
A01,示例集团·甲公司,AP-2026-001527,应付发票,应付付款单（服务费）,人民币,675298.72,,--,2026-06-12,FSSC审核岗,应付成本组,审核员03,审核通过,2026-02-05 20:24:56,2026-02-05 20:25:11,2026-02-05 20:28:25,2026-02-05 22:49:11,,--,,示例集团财务共享中心（本部）,应付付款单（服务费）,非自动审批,1
A01,示例集团·甲公司,AP-2026-001527,应付发票,应付付款单（服务费）,人民币,26534.63,,--,2026-06-12,FSSC审核岗,应付成本组,审核员03,审核通过,2026-02-05 20:24:56,2026-02-05 20:25:11,2026-02-05 20:34:06,2026-02-05 22:59:11,,--,,示例集团财务共享中心（本部）,应付付款单（服务费）,非自动审批,1
A01,示例集团·甲公司,AP-2026-001527,应付发票,应付付款单（服务费）,人民币,596912.64,,--,2026-06-12,FSSC审核岗,应付成本组,审核员03,审核通过,2026-02-05 20:24:56,2026-02-05 20:25:11,2026-02-05 20:33:48,2026-02-05 23:12:11,,--,,示例集团财务共享中心（本部）,应付付款单（服务费）,非自动审批,1
A06,示例集团·己公司,AP-2026-001528,通用报销单,应付付款单（材料采购）,人民币,116306.8,,--,2026-05-21,FSSC审核岗,应付成本组,审核员03,审核通过,2026-06-21 13:23:26,2026-06-21 13:23:47,2026-06-21 13:33:18,2026-06-21 17:33:47,,--,,示例集团财务共享中心（本部）,应付付款单（材料采购）,非自动审批,1
A03,示例集团·丙公司,AP-2026-001529,应付发票,应付付款单（差旅费）,人民币,192464.55,,--,2026-02-28,FSSC审核岗,应付成本组,审核员02,审核通过,2026-01-18 13:00:59,2026-01-18 13:02:42,2026-01-18 13:08:47,2026-01-18 15:59:42,,--,,示例集团财务共享中心（本部）,应付付款单（差旅费）,非自动审批,1
A03,示例集团·丙公司,AP-2026-001529,应付发票,应付付款单（差旅费）,人民币,158852.66,,--,2026-02-28,FSSC审核岗,应付成本组,审核员02,审核通过,2026-01-18 13:00:59,2026-01-18 13:02:42,2026-01-18 13:01:17,2026-01-18 14:52:42,,--,,示例集团财务共享中心（本部）,应付付款单（差旅费）,非自动审批,1
A03,示例集团·丙公司,AP-2026-001529,应付发票,应付付款单（差旅费）,人民币,147989.29,,--,2026-02-28,FSSC审核岗,应付成本组,审核员02,审核通过,2026-01-18 13:00:59,2026-01-18 13:02:42,2026-01-18 13:07:43,2026-01-18 16:05:42,,--,,示例集团财务共享中心（本部）,应付付款单（差旅费）,非自动审批,1
A15,示例集团·子公司戊,AP-2026-001530,付款单,通用报销单（费用报销）,人民币,24530.7,,--,2026-06-16,FSSC审核岗,应付成本组,审核员04,审核通过,2026-05-18 11:36:20,2026-05-18 11:37:21,2026-05-18 11:39:20,2026-05-18 16:44:21,,--,,示例集团财务共享中心（本部）,通用报销单（费用报销）,非自动审批,1
A15,示例集团·子公司戊,AP-2026-001530,付款单,通用报销单（费用报销）,人民币,182809.5,,--,2026-06-16,FSSC审核岗,应付成本组,审核员04,审核通过,2026-05-18 11:36:20,2026-05-18 11:37:21,2026-05-18 11:36:34,2026-05-18 15:52:21,,--,,示例集团财务共享中心（本部）,通用报销单（费用报销）,非自动审批,1
A15,示例集团·子公司戊,AP-2026-001530,付款单,通用报销单（费用报销）,人民币,7987.52,,--,2026-06-16,FSSC审核岗,应付成本组,审核员04,审核通过,2026-05-18 11:36:20,2026-05-18 11:37:21,2026-05-18 11:38:35,2026-05-18 15:36:21,,--,,示例集团财务共享中心（本部）,通用报销单（费用报销）,非自动审批,1
A09,示例集团·壬公司,AP-2026-001531,付款单,应付付款单（服务费）,人民币,1125088.75,,--,2026-01-16,FSSC审核岗,应付成本组,审核员03,审核通过,2026-03-07 10:22:13,2026-03-07 10:22:47,2026-03-07 10:23:44,2026-03-07 14:32:47,,--,,示例集团财务共享中心（本部）,应付付款单（服务费）,非自动审批,1
A09,示例集团·壬公司,AP-2026-001531,付款单,应付付款单（服务费）,人民币,102185.74,,--,2026-01-16,FSSC审核岗,应付成本组,审核员03,审核通过,2026-03-07 10:22:13,2026-03-07 10:22:47,2026-03-07 10:27:56,2026-03-07 13:37:47,,--,,示例集团财务共享中心（本部）,应付付款单（服务费）,非自动审批,1
A09,示例集团·壬公司,AP-2026-001531,付款单,应付付款单（服务费）,人民币,303749.59,,--,2026-01-16,FSSC审核岗,应付成本组,审核员03,审核通过,2026-03-07 10:22:13,2026-03-07 10:22:47,2026-03-07 10:26:10,2026-03-07 13:50:47,,--,,示例集团财务共享中心（本部）,应付付款单（服务费）,非自动审批,1
A02,示例集团·乙公司,AP-2026-001532,付款单,通用报销单（费用报销）,人民币,155522.28,,--,2026-01-10,FSSC审核岗,应付成本组,审核员05,审核驳回,2026-01-10 11:29:13,2026-01-10 11:30:09,2026-01-10 11:30:42,--,,--,,示例集团财务共享中心（本部）,通用报销单（费用报销）,非自动审批,1
A09,示例集团·壬公司,AP-2026-001533,付款单,通用报销单（费用报销）,人民币,63020.73,,--,2026-01-03,FSSC审核岗,应付成本组,审核员07,审核通过,2026-03-03 13:05:21,2026-03-03 13:05:51,2026-03-03 13:12:35,2026-03-03 15:04:51,,--,,示例集团财务共享中心（本部）,通用报销单（费用报销）,非自动审批,1
A09,示例集团·壬公司,AP-2026-001533,付款单,通用报销单（费用报销）,人民币,28083.87,,--,2026-01-03,FSSC审核岗,应付成本组,审核员07,审核通过,2026-03-03 13:05:21,2026-03-03 13:05:51,2026-03-03 13:11:20,2026-03-03 15:53:51,,--,,示例集团财务共享中心（本部）,通用报销单（费用报销）,非自动审批,1
A09,示例集团·壬公司,AP-2026-001533,付款单,通用报销单（费用报销）,人民币,21537.0,,--,2026-01-03,FSSC审核岗,应付成本组,审核员07,审核通过,2026-03-03 13:05:21,2026-03-03 13:05:51,2026-03-03 13:13:10,2026-03-03 15:48:51,,--,,示例集团财务共享中心（本部）,通用报销单（费用报销）,非自动审批,1
A01,示例集团·甲公司,AP-2026-001534,通用报销单,通用报销单（费用报销）,人民币,178280.44,,--,2026-06-22,FSSC审核岗,应付成本组,审核员01,审核通过,2026-04-11 14:19:30,2026-04-11 14:21:08,2026-04-11 14:20:53,2026-04-11 17:34:08,,--,,示例集团财务共享中心（本部）,通用报销单（费用报销）,非自动审批,1
A01,示例集团·甲公司,AP-2026-001534,通用报销单,通用报销单（费用报销）,人民币,165675.94,,--,2026-06-22,FSSC审核岗,应付成本组,审核员01,审核通过,2026-04-11 14:19:30,2026-04-11 14:21:08,2026-04-11 14:21:59,2026-04-11 17:49:08,,--,,示例集团财务共享中心（本部）,通用报销单（费用报销）,非自动审批,1
A11,示例集团·子公司甲,AP-2026-001535,应付发票,通用报销单（费用报销）,人民币,130852.74,,--,2026-02-26,FSSC审核岗,应付成本组,审核员02,审核驳回,2026-02-09 10:46:00,2026-02-09 10:46:02,2026-02-09 10:55:42,--,,--,,示例集团财务共享中心（本部）,通用报销单（费用报销）,非自动审批,1
A11,示例集团·子公司甲,AP-2026-001535,应付发票,通用报销单（费用报销）,人民币,50773.37,,--,2026-02-26,FSSC审核岗,应付成本组,审核员02,审核驳回,2026-02-09 10:46:00,2026-02-09 10:46:02,2026-02-09 10:55:35,--,,--,,示例集团财务共享中心（本部）,通用报销单（费用报销）,非自动审批,1
A11,示例集团·子公司甲,AP-2026-001535,应付发票,通用报销单（费用报销）,人民币,106780.47,,--,2026-02-26,FSSC审核岗,应付成本组,审核员02,审核驳回,2026-02-09 10:46:00,2026-02-09 10:46:02,2026-02-09 10:48:28,--,,--,,示例集团财务共享中心（本部）,通用报销单（费用报销）,非自动审批,1
A13,示例集团·子公司丙,AP-2026-001536,付款单,应付付款单（材料采购）,人民币,33123.73,,--,2026-02-11,FSSC审核岗,应付成本组,审核员05,审核通过,2026-06-11 10:11:06,2026-06-11 10:11:19,2026-06-11 10:12:16,2026-06-11 12:34:19,,--,,示例集团财务共享中心（本部）,应付付款单（材料采购）,非自动审批,1
A01,示例集团·甲公司,AP-2026-001537,应付发票,应付付款单（差旅费）,人民币,23082.92,,--,2026-04-19,FSSC审核岗,应付成本组,审核员03,审核通过,2026-02-04 14:28:13,2026-02-04 14:28:40,2026-02-04 14:33:50,2026-02-04 19:21:40,,--,,示例集团财务共享中心（本部）,应付付款单（差旅费）,非自动审批,1
A01,示例集团·甲公司,AP-2026-001537,应付发票,应付付款单（差旅费）,人民币,40609.01,,--,2026-04-19,FSSC审核岗,应付成本组,审核员03,审核通过,2026-02-04 14:28:13,2026-02-04 14:28:40,2026-02-04 14:35:51,2026-02-04 18:13:40,,--,,示例集团财务共享中心（本部）,应付付款单（差旅费）,非自动审批,1
A02,示例集团·乙公司,AP-2026-001539,付款单,应付确认单（物料类）,人民币,43188.85,,--,2026-03-04,FSSC审核岗,应付成本组,审核员02,审核通过,2026-03-06 13:11:58,2026-03-06 13:12:13,2026-03-06 13:16:11,2026-03-06 15:34:13,,--,,示例集团财务共享中心（本部）,应付确认单（物料类）,非自动审批,1
A08,示例集团·辛公司,AP-2026-001540,付款单,通用报销单（费用报销）,人民币,465042.32,,--,2026-04-06,FSSC审核岗,应付成本组,审核员02,审核通过,2026-04-25 20:20:08,2026-04-25 20:21:03,2026-04-25 20:27:25,2026-04-25 20:25:03,,--,,示例集团财务共享中心（本部）,通用报销单（费用报销）,非自动审批,1
A02,示例集团·乙公司,AP-2026-001541,应付发票,应付付款单（材料采购）,人民币,8856.95,,--,2026-05-12,FSSC审核岗,应付成本组,审核员06,审核通过,2026-04-15 18:43:11,2026-04-15 18:45:07,2026-04-15 18:52:23,2026-04-15 20:50:07,,--,,示例集团财务共享中心（本部）,应付付款单（材料采购）,非自动审批,1
A02,示例集团·乙公司,AP-2026-001541,应付发票,应付付款单（材料采购）,人民币,57168.41,,--,2026-05-12,FSSC审核岗,应付成本组,审核员06,审核通过,2026-04-15 18:43:11,2026-04-15 18:45:07,2026-04-15 18:45:14,2026-04-15 21:05:07,,--,,示例集团财务共享中心（本部）,应付付款单（材料采购）,非自动审批,1
A12,示例集团·子公司乙,AP-2026-001542,付款单,通用报销单（费用报销）,人民币,145115.45,,--,2026-03-03,FSSC审核岗,应付成本组,审核员06,审核通过,2026-06-13 14:24:14,2026-06-13 14:25:27,2026-06-13 14:28:56,2026-06-13 16:20:27,,--,,示例集团财务共享中心（本部）,通用报销单（费用报销）,非自动审批,1
A13,示例集团·子公司丙,AP-2026-001543,应付发票,其他专项付款单,人民币,964869.67,,--,2026-04-14,FSSC审核岗,应付成本组,审核员05,审核通过,2026-02-09 15:50:38,2026-02-09 15:51:10,2026-02-09 15:53:47,2026-02-09 18:24:10,,--,,示例集团财务共享中心（本部）,其他专项付款单,非自动审批,1
A13,示例集团·子公司丙,AP-2026-001543,应付发票,其他专项付款单,人民币,25580.67,,--,2026-04-14,FSSC审核岗,应付成本组,审核员05,审核通过,2026-02-09 15:50:38,2026-02-09 15:51:10,2026-02-09 15:56:19,2026-02-09 18:19:10,,--,,示例集团财务共享中心（本部）,其他专项付款单,非自动审批,1
A13,示例集团·子公司丙,AP-2026-001543,应付发票,其他专项付款单,人民币,12553.0,,--,2026-04-14,FSSC审核岗,应付成本组,审核员05,审核通过,2026-02-09 15:50:38,2026-02-09 15:51:10,2026-02-09 15:58:44,2026-02-09 17:44:10,,--,,示例集团财务共享中心（本部）,其他专项付款单,非自动审批,1
A10,示例集团·癸公司,AP-2026-001544,付款单,通用报销单（费用报销）,人民币,164752.25,,--,2026-01-13,FSSC审核岗,应付成本组,审核员07,审核通过,2026-06-22 11:21:49,2026-06-22 11:23:04,2026-06-22 11:26:47,2026-06-22 15:36:04,,--,,示例集团财务共享中心（本部）,通用报销单（费用报销）,非自动审批,1
A10,示例集团·癸公司,AP-2026-001544,付款单,通用报销单（费用报销）,人民币,75418.0,,--,2026-01-13,FSSC审核岗,应付成本组,审核员07,审核通过,2026-06-22 11:21:49,2026-06-22 11:23:04,2026-06-22 11:29:03,2026-06-22 15:24:04,,--,,示例集团财务共享中心（本部）,通用报销单（费用报销）,非自动审批,1
A09,示例集团·壬公司,AP-2026-001545,应付发票,应付确认单（物料类）,人民币,43953.29,,--,2026-03-23,FSSC审核岗,应付成本组,审核员02,审核通过,2026-04-19 10:19:28,2026-04-19 10:20:29,2026-04-19 10:25:50,2026-04-19 10:54:29,,--,,示例集团财务共享中心（本部）,应付确认单（物料类）,非自动审批,1
A09,示例集团·壬公司,AP-2026-001545,应付发票,应付确认单（物料类）,人民币,110489.86,,--,2026-03-23,FSSC审核岗,应付成本组,审核员02,审核通过,2026-04-19 10:19:28,2026-04-19 10:20:29,2026-04-19 10:24:54,2026-04-19 11:22:29,,--,,示例集团财务共享中心（本部）,应付确认单（物料类）,非自动审批,1
A09,示例集团·壬公司,AP-2026-001545,应付发票,应付确认单（物料类）,人民币,200101.87,,--,2026-03-23,FSSC审核岗,应付成本组,审核员02,审核通过,2026-04-19 10:19:28,2026-04-19 10:20:29,2026-04-19 10:23:32,2026-04-19 11:39:29,,--,,示例集团财务共享中心（本部）,应付确认单（物料类）,非自动审批,1
A16,示例集团·子公司己,AP-2026-001546,应付发票,应付付款单（差旅费）,人民币,168022.97,,--,2026-06-22,FSSC审核岗,应付成本组,审核员02,审核驳回,2026-01-11 16:47:43,2026-01-11 16:49:09,2026-01-11 16:53:56,--,,--,,示例集团财务共享中心（本部）,应付付款单（差旅费）,非自动审批,1
A07,示例集团·庚公司,AP-2026-001547,应付发票,应付付款单（差旅费）,人民币,91346.69,,--,2026-01-26,FSSC审核岗,应付成本组,审核员06,审核通过,2026-03-04 13:55:58,2026-03-04 13:57:03,2026-03-04 14:01:12,2026-03-04 15:46:03,,--,,示例集团财务共享中心（本部）,应付付款单（差旅费）,非自动审批,1
A07,示例集团·庚公司,AP-2026-001547,应付发票,应付付款单（差旅费）,人民币,378332.1,,--,2026-01-26,FSSC审核岗,应付成本组,审核员06,审核通过,2026-03-04 13:55:58,2026-03-04 13:57:03,2026-03-04 14:04:58,2026-03-04 15:28:03,,--,,示例集团财务共享中心（本部）,应付付款单（差旅费）,非自动审批,1
A06,示例集团·己公司,AP-2026-001549,通用报销单,应付确认单（物料类）,人民币,78932.89,,--,2026-04-19,FSSC审核岗,应付成本组,审核员06,审核通过,2026-02-04 12:26:03,2026-02-04 12:27:19,2026-02-04 12:33:22,2026-02-04 17:08:19,,--,,示例集团财务共享中心（本部）,应付确认单（物料类）,非自动审批,1
A12,示例集团·子公司乙,AP-2026-001550,付款单,应付付款单（差旅费）,人民币,63600.03,,--,2026-01-21,FSSC审核岗,应付成本组,审核员07,审核通过,2026-01-23 12:23:14,2026-01-23 12:23:41,2026-01-23 12:33:11,2026-01-23 13:19:41,,--,,示例集团财务共享中心（本部）,应付付款单（差旅费）,非自动审批,1
A12,示例集团·子公司乙,AP-2026-001550,付款单,应付付款单（差旅费）,人民币,162665.04,,--,2026-01-21,FSSC审核岗,应付成本组,审核员07,审核通过,2026-01-23 12:23:14,2026-01-23 12:23:41,2026-01-23 12:25:19,2026-01-23 14:57:41,,--,,示例集团财务共享中心（本部）,应付付款单（差旅费）,非自动审批,1
A12,示例集团·子公司乙,AP-2026-001550,付款单,应付付款单（差旅费）,人民币,10252.31,,--,2026-01-21,FSSC审核岗,应付成本组,审核员07,审核通过,2026-01-23 12:23:14,2026-01-23 12:23:41,2026-01-23 12:32:17,2026-01-23 13:59:41,,--,,示例集团财务共享中心（本部）,应付付款单（差旅费）,非自动审批,1
A11,示例集团·子公司甲,AP-2026-001551,付款单,应付付款单（服务费）,人民币,141783.62,,--,2026-05-03,FSSC审核岗,应付成本组,审核员06,审核通过,2026-03-21 14:45:23,2026-03-21 14:46:55,2026-03-21 14:47:27,2026-03-21 16:42:55,,--,,示例集团财务共享中心（本部）,应付付款单（服务费）,非自动审批,1
A04,示例集团·丁公司,AP-2026-001552,应付发票,其他专项付款单,人民币,39163.23,,--,2026-04-11,FSSC审核岗,应付成本组,审核员02,审核通过,2026-01-02 09:24:17,2026-01-02 09:25:02,2026-01-02 09:28:42,2026-01-02 14:24:02,,--,,示例集团财务共享中心（本部）,其他专项付款单,非自动审批,1
A04,示例集团·丁公司,AP-2026-001552,应付发票,其他专项付款单,人民币,9302.33,,--,2026-04-11,FSSC审核岗,应付成本组,审核员02,审核通过,2026-01-02 09:24:17,2026-01-02 09:25:02,2026-01-02 09:28:24,2026-01-02 13:53:02,,--,,示例集团财务共享中心（本部）,其他专项付款单,非自动审批,1
A09,示例集团·壬公司,AP-2026-001553,通用报销单,应付付款单（材料采购）,人民币,108581.71,,--,2026-03-07,FSSC审核岗,应付成本组,审核员06,审核通过,2026-01-09 11:31:41,2026-01-09 11:32:35,2026-01-09 11:37:18,2026-01-09 14:35:35,,--,,示例集团财务共享中心（本部）,应付付款单（材料采购）,非自动审批,1
A03,示例集团·丙公司,AP-2026-001554,通用报销单,其他专项付款单,人民币,31521.29,,--,2026-06-23,FSSC审核岗,应付成本组,审核员04,审核驳回,2026-03-02 09:55:59,2026-03-02 09:57:16,2026-03-02 10:03:19,--,,--,,示例集团财务共享中心（本部）,其他专项付款单,非自动审批,1
A03,示例集团·丙公司,AP-2026-001554,通用报销单,其他专项付款单,人民币,6246.16,,--,2026-06-23,FSSC审核岗,应付成本组,审核员04,审核驳回,2026-03-02 09:55:59,2026-03-02 09:57:16,2026-03-02 10:04:35,--,,--,,示例集团财务共享中心（本部）,其他专项付款单,非自动审批,1
A03,示例集团·丙公司,AP-2026-001554,通用报销单,其他专项付款单,人民币,17683.8,,--,2026-06-23,FSSC审核岗,应付成本组,审核员04,审核驳回,2026-03-02 09:55:59,2026-03-02 09:57:16,2026-03-02 09:56:46,--,,--,,示例集团财务共享中心（本部）,其他专项付款单,非自动审批,1
A10,示例集团·癸公司,AP-2026-001555,付款单,通用报销单（费用报销）,人民币,637628.97,,--,2026-03-06,FSSC审核岗,应付成本组,审核员03,审核通过,2026-06-18 14:55:26,2026-06-18 14:55:42,2026-06-18 15:02:39,2026-06-18 18:16:42,,--,,示例集团财务共享中心（本部）,通用报销单（费用报销）,非自动审批,1
A02,示例集团·乙公司,AP-2026-001556,通用报销单,其他专项付款单,人民币,27463.86,,--,2026-06-25,FSSC审核岗,应付成本组,审核员07,审核通过,2026-06-24 13:19:52,2026-06-24 13:21:46,2026-06-24 13:20:11,2026-06-24 15:19:46,,--,,示例集团财务共享中心（本部）,其他专项付款单,非自动审批,1
A02,示例集团·乙公司,AP-2026-001556,通用报销单,其他专项付款单,人民币,94103.99,,--,2026-06-25,FSSC审核岗,应付成本组,审核员07,审核通过,2026-06-24 13:19:52,2026-06-24 13:21:46,2026-06-24 13:29:19,2026-06-24 14:27:46,,--,,示例集团财务共享中心（本部）,其他专项付款单,非自动审批,1
A02,示例集团·乙公司,AP-2026-001556,通用报销单,其他专项付款单,人民币,13124.29,,--,2026-06-25,FSSC审核岗,应付成本组,审核员07,审核通过,2026-06-24 13:19:52,2026-06-24 13:21:46,2026-06-24 13:28:38,2026-06-24 15:36:46,,--,,示例集团财务共享中心（本部）,其他专项付款单,非自动审批,1
A08,示例集团·辛公司,AP-2026-001557,付款单,应付确认单（物料类）,人民币,1134043.4,,--,2026-06-16,FSSC审核岗,应付成本组,审核员05,审核驳回,2026-01-18 14:03:26,2026-01-18 14:05:07,2026-01-18 14:07:24,--,,--,,示例集团财务共享中心（本部）,应付确认单（物料类）,非自动审批,1
A06,示例集团·己公司,AP-2026-001558,付款单,应付确认单（物料类）,人民币,65977.66,,--,2026-06-01,FSSC审核岗,应付成本组,审核员06,审核通过,2026-02-15 18:55:11,2026-02-15 18:57:11,2026-02-15 18:56:22,2026-02-15 21:34:11,,--,,示例集团财务共享中心（本部）,应付确认单（物料类）,非自动审批,1
A06,示例集团·己公司,AP-2026-001558,付款单,应付确认单（物料类）,人民币,22978.74,,--,2026-06-01,FSSC审核岗,应付成本组,审核员06,审核通过,2026-02-15 18:55:11,2026-02-15 18:57:11,2026-02-15 19:03:37,2026-02-15 21:52:11,,--,,示例集团财务共享中心（本部）,应付确认单（物料类）,非自动审批,1
A12,示例集团·子公司乙,AP-2026-001559,付款单,其他专项付款单,人民币,206722.39,,--,2026-01-11,FSSC审核岗,应付成本组,审核员05,审核通过,2026-03-23 09:50:38,2026-03-23 09:51:06,2026-03-23 09:51:40,2026-03-23 12:15:06,,--,,示例集团财务共享中心（本部）,其他专项付款单,非自动审批,1
A12,示例集团·子公司乙,AP-2026-001559,付款单,其他专项付款单,人民币,1056296.15,,--,2026-01-11,FSSC审核岗,应付成本组,审核员05,审核通过,2026-03-23 09:50:38,2026-03-23 09:51:06,2026-03-23 09:55:54,2026-03-23 13:19:06,,--,,示例集团财务共享中心（本部）,其他专项付款单,非自动审批,1
A02,示例集团·乙公司,AP-2026-001560,应付发票,应付付款单（差旅费）,人民币,33807.46,,--,2026-03-03,FSSC审核岗,应付成本组,审核员04,审核通过,2026-04-16 12:39:50,2026-04-16 12:40:39,2026-04-16 12:46:25,2026-04-16 13:38:39,,--,,示例集团财务共享中心（本部）,应付付款单（差旅费）,非自动审批,1
A02,示例集团·乙公司,AP-2026-001560,应付发票,应付付款单（差旅费）,人民币,22344.54,,--,2026-03-03,FSSC审核岗,应付成本组,审核员04,审核通过,2026-04-16 12:39:50,2026-04-16 12:40:39,2026-04-16 12:44:06,2026-04-16 15:02:39,,--,,示例集团财务共享中心（本部）,应付付款单（差旅费）,非自动审批,1
A01,示例集团·甲公司,AP-2026-001561,付款单,应付确认单（物料类）,人民币,1488418.85,,--,2026-04-23,FSSC审核岗,应付成本组,审核员01,审核通过,2026-04-11 11:21:30,2026-04-11 11:22:47,2026-04-11 11:24:14,2026-04-11 14:44:47,,--,,示例集团财务共享中心（本部）,应付确认单（物料类）,非自动审批,1
A01,示例集团·甲公司,AP-2026-001561,付款单,应付确认单（物料类）,人民币,50425.42,,--,2026-04-23,FSSC审核岗,应付成本组,审核员01,审核通过,2026-04-11 11:21:30,2026-04-11 11:22:47,2026-04-11 11:26:47,2026-04-11 15:32:47,,--,,示例集团财务共享中心（本部）,应付确认单（物料类）,非自动审批,1
A01,示例集团·甲公司,AP-2026-001561,付款单,应付确认单（物料类）,人民币,42991.45,,--,2026-04-23,FSSC审核岗,应付成本组,审核员01,审核通过,2026-04-11 11:21:30,2026-04-11 11:22:47,2026-04-11 11:27:48,2026-04-11 14:30:47,,--,,示例集团财务共享中心（本部）,应付确认单（物料类）,非自动审批,1
A02,示例集团·乙公司,AP-2026-001562,通用报销单,应付付款单（材料采购）,人民币,2974.61,,--,2026-02-11,FSSC审核岗,应付成本组,审核员02,审核通过,2026-01-16 19:20:02,2026-01-16 19:20:03,2026-01-16 19:27:54,2026-01-16 20:03:03,,--,,示例集团财务共享中心（本部）,应付付款单（材料采购）,非自动审批,1
A02,示例集团·乙公司,AP-2026-001562,通用报销单,应付付款单（材料采购）,人民币,57117.78,,--,2026-02-11,FSSC审核岗,应付成本组,审核员02,审核通过,2026-01-16 19:20:02,2026-01-16 19:20:03,2026-01-16 19:25:59,2026-01-16 20:06:03,,--,,示例集团财务共享中心（本部）,应付付款单（材料采购）,非自动审批,1
A06,示例集团·己公司,AP-2026-001563,通用报销单,其他专项付款单,人民币,8970.31,,--,2026-02-12,FSSC审核岗,应付成本组,审核员04,审核通过,2026-03-10 16:36:53,2026-03-10 16:37:01,2026-03-10 16:45:04,2026-03-10 18:35:01,,--,,示例集团财务共享中心（本部）,其他专项付款单,非自动审批,1
A06,示例集团·己公司,AP-2026-001563,通用报销单,其他专项付款单,人民币,27333.54,,--,2026-02-12,FSSC审核岗,应付成本组,审核员04,审核通过,2026-03-10 16:36:53,2026-03-10 16:37:01,2026-03-10 16:46:06,2026-03-10 18:07:01,,--,,示例集团财务共享中心（本部）,其他专项付款单,非自动审批,1
A03,示例集团·丙公司,AP-2026-001565,通用报销单,应付付款单（差旅费）,人民币,3568.78,,--,2026-04-22,FSSC审核岗,应付成本组,审核员04,审核驳回,2026-05-28 18:58:25,2026-05-28 19:00:13,2026-05-28 18:58:42,--,,--,,示例集团财务共享中心（本部）,应付付款单（差旅费）,非自动审批,1
A03,示例集团·丙公司,AP-2026-001565,通用报销单,应付付款单（差旅费）,人民币,337461.9,,--,2026-04-22,FSSC审核岗,应付成本组,审核员04,审核驳回,2026-05-28 18:58:25,2026-05-28 19:00:13,2026-05-28 19:02:02,--,,--,,示例集团财务共享中心（本部）,应付付款单（差旅费）,非自动审批,1
A03,示例集团·丙公司,AP-2026-001565,通用报销单,应付付款单（差旅费）,人民币,7682.84,,--,2026-04-22,FSSC审核岗,应付成本组,审核员04,审核驳回,2026-05-28 18:58:25,2026-05-28 19:00:13,2026-05-28 19:01:25,--,,--,,示例集团财务共享中心（本部）,应付付款单（差旅费）,非自动审批,1
A04,示例集团·丁公司,AP-2026-001566,通用报销单,应付付款单（服务费）,人民币,3955.84,,--,2026-03-01,FSSC审核岗,应付成本组,审核员07,审核通过,2026-04-14 16:38:47,2026-04-14 16:39:22,2026-04-14 16:41:25,2026-04-14 20:54:22,,--,,示例集团财务共享中心（本部）,应付付款单（服务费）,非自动审批,1
A04,示例集团·丁公司,AP-2026-001566,通用报销单,应付付款单（服务费）,人民币,16789.28,,--,2026-03-01,FSSC审核岗,应付成本组,审核员07,审核通过,2026-04-14 16:38:47,2026-04-14 16:39:22,2026-04-14 16:40:27,2026-04-14 20:43:22,,--,,示例集团财务共享中心（本部）,应付付款单（服务费）,非自动审批,1
A04,示例集团·丁公司,AP-2026-001566,通用报销单,应付付款单（服务费）,人民币,343269.47,,--,2026-03-01,FSSC审核岗,应付成本组,审核员07,审核通过,2026-04-14 16:38:47,2026-04-14 16:39:22,2026-04-14 16:40:49,2026-04-14 21:20:22,,--,,示例集团财务共享中心（本部）,应付付款单（服务费）,非自动审批,1
A02,示例集团·乙公司,AP-2026-001567,应付发票,应付付款单（服务费）,人民币,32112.79,,--,2026-05-12,FSSC审核岗,应付成本组,审核员01,审核通过,2026-03-05 11:09:45,2026-03-05 11:10:09,2026-03-05 11:16:34,2026-03-05 13:34:09,,--,,示例集团财务共享中心（本部）,应付付款单（服务费）,非自动审批,1
A02,示例集团·乙公司,AP-2026-001567,应付发票,应付付款单（服务费）,人民币,38724.88,,--,2026-05-12,FSSC审核岗,应付成本组,审核员01,审核通过,2026-03-05 11:09:45,2026-03-05 11:10:09,2026-03-05 11:12:39,2026-03-05 13:27:09,,--,,示例集团财务共享中心（本部）,应付付款单（服务费）,非自动审批,1
A02,示例集团·乙公司,AP-2026-001567,应付发票,应付付款单（服务费）,人民币,116988.21,,--,2026-05-12,FSSC审核岗,应付成本组,审核员01,审核通过,2026-03-05 11:09:45,2026-03-05 11:10:09,2026-03-05 11:18:38,2026-03-05 13:52:09,,--,,示例集团财务共享中心（本部）,应付付款单（服务费）,非自动审批,1
A13,示例集团·子公司丙,AP-2026-001568,应付发票,应付确认单（物料类）,人民币,48420.5,,--,2026-01-20,FSSC审核岗,应付成本组,审核员03,审核通过,2026-04-02 08:17:08,2026-04-02 08:18:41,2026-04-02 08:25:11,2026-04-02 13:06:41,,--,,示例集团财务共享中心（本部）,应付确认单（物料类）,非自动审批,1
A13,示例集团·子公司丙,AP-2026-001568,应付发票,应付确认单（物料类）,人民币,338792.24,,--,2026-01-20,FSSC审核岗,应付成本组,审核员03,审核通过,2026-04-02 08:17:08,2026-04-02 08:18:41,2026-04-02 08:21:34,2026-04-02 12:33:41,,--,,示例集团财务共享中心（本部）,应付确认单（物料类）,非自动审批,1
A13,示例集团·子公司丙,AP-2026-001568,应付发票,应付确认单（物料类）,人民币,42809.6,,--,2026-01-20,FSSC审核岗,应付成本组,审核员03,审核通过,2026-04-02 08:17:08,2026-04-02 08:18:41,2026-04-02 08:24:25,2026-04-02 13:04:41,,--,,示例集团财务共享中心（本部）,应付确认单（物料类）,非自动审批,1
A08,示例集团·辛公司,AP-2026-001569,通用报销单,通用报销单（费用报销）,人民币,43802.78,,--,2026-01-01,FSSC审核岗,应付成本组,审核员03,审核通过,2026-02-11 20:29:09,2026-02-11 20:29:31,2026-02-11 20:37:19,2026-02-11 23:50:31,,--,,示例集团财务共享中心（本部）,通用报销单（费用报销）,非自动审批,1
A07,示例集团·庚公司,AP-2026-001570,通用报销单,应付付款单（材料采购）,人民币,1425268.25,,--,2026-01-16,FSSC审核岗,应付成本组,审核员03,审核驳回,2026-03-25 15:33:17,2026-03-25 15:33:34,2026-03-25 15:39:19,--,,--,,示例集团财务共享中心（本部）,应付付款单（材料采购）,非自动审批,1
A07,示例集团·庚公司,AP-2026-001570,通用报销单,应付付款单（材料采购）,人民币,64681.57,,--,2026-01-16,FSSC审核岗,应付成本组,审核员03,审核驳回,2026-03-25 15:33:17,2026-03-25 15:33:34,2026-03-25 15:38:12,--,,--,,示例集团财务共享中心（本部）,应付付款单（材料采购）,非自动审批,1
A07,示例集团·庚公司,AP-2026-001570,通用报销单,应付付款单（材料采购）,人民币,82685.45,,--,2026-01-16,FSSC审核岗,应付成本组,审核员03,审核驳回,2026-03-25 15:33:17,2026-03-25 15:33:34,2026-03-25 15:41:27,--,,--,,示例集团财务共享中心（本部）,应付付款单（材料采购）,非自动审批,1
A01,示例集团·甲公司,AP-2026-001571,应付发票,通用报销单（费用报销）,人民币,44596.2,,--,2026-03-26,FSSC审核岗,应付成本组,审核员06,审核通过,2026-02-04 18:16:49,2026-02-04 18:18:01,2026-02-04 18:20:08,2026-02-04 20:56:01,,--,,示例集团财务共享中心（本部）,通用报销单（费用报销）,非自动审批,1
A01,示例集团·甲公司,AP-2026-001571,应付发票,通用报销单（费用报销）,人民币,1999.14,,--,2026-03-26,FSSC审核岗,应付成本组,审核员06,审核通过,2026-02-04 18:16:49,2026-02-04 18:18:01,2026-02-04 18:25:58,2026-02-04 20:16:01,,--,,示例集团财务共享中心（本部）,通用报销单（费用报销）,非自动审批,1
A01,示例集团·甲公司,AP-2026-001572,通用报销单,应付付款单（材料采购）,人民币,203214.73,,--,2026-05-20,FSSC审核岗,应付成本组,审核员04,审核通过,2026-06-08 20:23:30,2026-06-08 20:24:42,2026-06-08 20:25:45,2026-06-09 00:51:42,,--,,示例集团财务共享中心（本部）,应付付款单（材料采购）,非自动审批,1
A01,示例集团·甲公司,AP-2026-001573,通用报销单,应付确认单（物料类）,人民币,612157.91,,--,2026-03-23,FSSC审核岗,应付成本组,审核员05,审核通过,2026-05-08 19:26:15,2026-05-08 19:26:17,2026-05-08 19:36:10,2026-05-08 21:24:17,,--,,示例集团财务共享中心（本部）,应付确认单（物料类）,非自动审批,1
A04,示例集团·丁公司,AP-2026-001575,通用报销单,应付确认单（物料类）,人民币,347319.87,,--,2026-02-13,FSSC审核岗,应付成本组,审核员06,审核通过,2026-03-08 11:29:06,2026-03-08 11:29:54,2026-03-08 11:33:04,2026-03-08 13:41:54,,--,,示例集团财务共享中心（本部）,应付确认单（物料类）,非自动审批,1
A01,示例集团·甲公司,AP-2026-001576,付款单,应付付款单（材料采购）,人民币,27410.62,,--,2026-02-03,FSSC审核岗,应付成本组,审核员05,审核通过,2026-02-18 08:08:37,2026-02-18 08:09:59,2026-02-18 08:08:47,2026-02-18 10:06:59,,--,,示例集团财务共享中心（本部）,应付付款单（材料采购）,非自动审批,1
A01,示例集团·甲公司,AP-2026-001576,付款单,应付付款单（材料采购）,人民币,46981.53,,--,2026-02-03,FSSC审核岗,应付成本组,审核员05,审核通过,2026-02-18 08:08:37,2026-02-18 08:09:59,2026-02-18 08:15:28,2026-02-18 08:39:59,,--,,示例集团财务共享中心（本部）,应付付款单（材料采购）,非自动审批,1
A01,示例集团·甲公司,AP-2026-001576,付款单,应付付款单（材料采购）,人民币,97622.39,,--,2026-02-03,FSSC审核岗,应付成本组,审核员05,审核通过,2026-02-18 08:08:37,2026-02-18 08:09:59,2026-02-18 08:14:43,2026-02-18 08:46:59,,--,,示例集团财务共享中心（本部）,应付付款单（材料采购）,非自动审批,1
A07,示例集团·庚公司,AP-2026-001577,付款单,应付付款单（服务费）,人民币,92921.42,,--,2026-06-10,FSSC审核岗,应付成本组,审核员03,审核通过,2026-03-16 10:21:48,2026-03-16 10:23:32,2026-03-16 10:23:35,2026-03-16 12:23:32,,--,,示例集团财务共享中心（本部）,应付付款单（服务费）,非自动审批,1
A07,示例集团·庚公司,AP-2026-001577,付款单,应付付款单（服务费）,人民币,155337.84,,--,2026-06-10,FSSC审核岗,应付成本组,审核员03,审核通过,2026-03-16 10:21:48,2026-03-16 10:23:32,2026-03-16 10:30:31,2026-03-16 11:13:32,,--,,示例集团财务共享中心（本部）,应付付款单（服务费）,非自动审批,1
A02,示例集团·乙公司,AP-2026-001578,应付发票,应付确认单（物料类）,人民币,79561.52,,--,2026-04-02,FSSC审核岗,应付成本组,审核员01,审核通过,2026-03-23 10:19:54,2026-03-23 10:20:37,2026-03-23 10:24:48,2026-03-23 11:57:37,,--,,示例集团财务共享中心（本部）,应付确认单（物料类）,非自动审批,1
A02,示例集团·乙公司,AP-2026-001578,应付发票,应付确认单（物料类）,人民币,36103.35,,--,2026-04-02,FSSC审核岗,应付成本组,审核员01,审核通过,2026-03-23 10:19:54,2026-03-23 10:20:37,2026-03-23 10:29:16,2026-03-23 13:07:37,,--,,示例集团财务共享中心（本部）,应付确认单（物料类）,非自动审批,1
A03,示例集团·丙公司,AP-2026-001579,付款单,应付付款单（差旅费）,人民币,72527.7,,--,2026-01-01,FSSC审核岗,应付成本组,审核员07,审核通过,2026-01-16 17:51:25,2026-01-16 17:51:46,2026-01-16 18:00:37,2026-01-16 20:57:46,,--,,示例集团财务共享中心（本部）,应付付款单（差旅费）,非自动审批,1
A03,示例集团·丙公司,AP-2026-001579,付款单,应付付款单（差旅费）,人民币,242389.05,,--,2026-01-01,FSSC审核岗,应付成本组,审核员07,审核通过,2026-01-16 17:51:25,2026-01-16 17:51:46,2026-01-16 17:55:39,2026-01-16 19:14:46,,--,,示例集团财务共享中心（本部）,应付付款单（差旅费）,非自动审批,1
A03,示例集团·丙公司,AP-2026-001579,付款单,应付付款单（差旅费）,人民币,3551177.69,,--,2026-01-01,FSSC审核岗,应付成本组,审核员07,审核通过,2026-01-16 17:51:25,2026-01-16 17:51:46,2026-01-16 17:56:02,2026-01-16 20:42:46,,--,,示例集团财务共享中心（本部）,应付付款单（差旅费）,非自动审批,1
A07,示例集团·庚公司,AP-2026-001581,通用报销单,应付付款单（差旅费）,人民币,29776.72,,--,2026-02-23,FSSC审核岗,应付成本组,审核员07,审核通过,2026-02-15 10:06:50,2026-02-15 10:07:11,2026-02-15 10:13:51,2026-02-15 13:10:11,,--,,示例集团财务共享中心（本部）,应付付款单（差旅费）,非自动审批,1
A07,示例集团·庚公司,AP-2026-001581,通用报销单,应付付款单（差旅费）,人民币,82181.57,,--,2026-02-23,FSSC审核岗,应付成本组,审核员07,审核通过,2026-02-15 10:06:50,2026-02-15 10:07:11,2026-02-15 10:07:28,2026-02-15 13:07:11,,--,,示例集团财务共享中心（本部）,应付付款单（差旅费）,非自动审批,1
A06,示例集团·己公司,AP-2026-001582,通用报销单,应付确认单（物料类）,人民币,36004.75,,--,2026-03-12,FSSC审核岗,应付成本组,审核员07,审核通过,2026-06-06 14:24:52,2026-06-06 14:25:53,2026-06-06 14:33:39,2026-06-06 14:47:53,,--,,示例集团财务共享中心（本部）,应付确认单（物料类）,非自动审批,1
A12,示例集团·子公司乙,AP-2026-001583,付款单,应付付款单（材料采购）,人民币,92094.66,,--,2026-01-10,FSSC审核岗,应付成本组,审核员04,审核通过,2026-03-12 08:11:12,2026-03-12 08:12:06,2026-03-12 08:16:56,2026-03-12 10:03:06,,--,,示例集团财务共享中心（本部）,应付付款单（材料采购）,非自动审批,1
A01,示例集团·甲公司,AP-2026-001584,通用报销单,其他专项付款单,人民币,234664.87,,--,2026-03-01,FSSC审核岗,应付成本组,审核员01,审核通过,2026-06-21 13:27:31,2026-06-21 13:27:50,2026-06-21 13:27:50,2026-06-21 14:55:50,,--,,示例集团财务共享中心（本部）,其他专项付款单,非自动审批,1
A01,示例集团·甲公司,AP-2026-001584,通用报销单,其他专项付款单,人民币,44740.16,,--,2026-03-01,FSSC审核岗,应付成本组,审核员01,审核通过,2026-06-21 13:27:31,2026-06-21 13:27:50,2026-06-21 13:35:18,2026-06-21 15:30:50,,--,,示例集团财务共享中心（本部）,其他专项付款单,非自动审批,1
A01,示例集团·甲公司,AP-2026-001584,通用报销单,其他专项付款单,人民币,3413.71,,--,2026-03-01,FSSC审核岗,应付成本组,审核员01,审核通过,2026-06-21 13:27:31,2026-06-21 13:27:50,2026-06-21 13:37:00,2026-06-21 15:04:50,,--,,示例集团财务共享中心（本部）,其他专项付款单,非自动审批,1
A09,示例集团·壬公司,AP-2026-001585,通用报销单,应付付款单（材料采购）,人民币,252711.35,,--,2026-05-01,FSSC审核岗,应付成本组,审核员05,审核通过,2026-02-20 20:57:24,2026-02-20 20:57:25,2026-02-20 21:04:50,2026-02-20 23:58:25,,--,,示例集团财务共享中心（本部）,应付付款单（材料采购）,非自动审批,1
A01,示例集团·甲公司,AP-2026-001586,付款单,应付付款单（服务费）,人民币,71868.03,,--,2026-04-15,FSSC审核岗,应付成本组,审核员05,审核通过,2026-04-03 12:21:43,2026-04-03 12:22:40,2026-04-03 12:29:20,2026-04-03 16:54:40,,--,,示例集团财务共享中心（本部）,应付付款单（服务费）,非自动审批,1
A01,示例集团·甲公司,AP-2026-001586,付款单,应付付款单（服务费）,人民币,37091.95,,--,2026-04-15,FSSC审核岗,应付成本组,审核员05,审核通过,2026-04-03 12:21:43,2026-04-03 12:22:40,2026-04-03 12:24:15,2026-04-03 15:42:40,,--,,示例集团财务共享中心（本部）,应付付款单（服务费）,非自动审批,1
A01,示例集团·甲公司,AP-2026-001586,付款单,应付付款单（服务费）,人民币,27135.48,,--,2026-04-15,FSSC审核岗,应付成本组,审核员05,审核通过,2026-04-03 12:21:43,2026-04-03 12:22:40,2026-04-03 12:25:12,2026-04-03 15:49:40,,--,,示例集团财务共享中心（本部）,应付付款单（服务费）,非自动审批,1
A16,示例集团·子公司己,AP-2026-001587,应付发票,应付付款单（差旅费）,人民币,92566.88,,--,2026-01-23,FSSC审核岗,应付成本组,审核员05,审核通过,2026-04-22 15:31:54,2026-04-22 15:33:26,2026-04-22 15:33:05,2026-04-22 18:31:26,,--,,示例集团财务共享中心（本部）,应付付款单（差旅费）,非自动审批,1
A16,示例集团·子公司己,AP-2026-001587,应付发票,应付付款单（差旅费）,人民币,22601.64,,--,2026-01-23,FSSC审核岗,应付成本组,审核员05,审核通过,2026-04-22 15:31:54,2026-04-22 15:33:26,2026-04-22 15:39:11,2026-04-22 17:46:26,,--,,示例集团财务共享中心（本部）,应付付款单（差旅费）,非自动审批,1
A01,示例集团·甲公司,AP-2026-001588,通用报销单,其他专项付款单,人民币,26619.26,,--,2026-05-27,FSSC审核岗,应付成本组,审核员04,审核通过,2026-03-16 16:04:09,2026-03-16 16:04:19,2026-03-16 16:13:28,2026-03-16 19:50:19,,--,,示例集团财务共享中心（本部）,其他专项付款单,非自动审批,1
A01,示例集团·甲公司,AP-2026-001588,通用报销单,其他专项付款单,人民币,10424.71,,--,2026-05-27,FSSC审核岗,应付成本组,审核员04,审核通过,2026-03-16 16:04:09,2026-03-16 16:04:19,2026-03-16 16:10:54,2026-03-16 19:47:19,,--,,示例集团财务共享中心（本部）,其他专项付款单,非自动审批,1
A04,示例集团·丁公司,AP-2026-001589,付款单,应付付款单（服务费）,人民币,23033.19,,--,2026-01-15,FSSC审核岗,应付成本组,审核员05,审核通过,2026-05-27 15:40:41,2026-05-27 15:41:24,2026-05-27 15:45:56,2026-05-27 17:41:24,,--,,示例集团财务共享中心（本部）,应付付款单（服务费）,非自动审批,1
A06,示例集团·己公司,AP-2026-001590,通用报销单,应付付款单（服务费）,人民币,144814.55,,--,2026-04-27,FSSC审核岗,应付成本组,审核员01,审核驳回,2026-06-10 18:32:50,2026-06-10 18:33:19,2026-06-10 18:41:56,--,,--,,示例集团财务共享中心（本部）,应付付款单（服务费）,非自动审批,1
A06,示例集团·己公司,AP-2026-001590,通用报销单,应付付款单（服务费）,人民币,8659.06,,--,2026-04-27,FSSC审核岗,应付成本组,审核员01,审核驳回,2026-06-10 18:32:50,2026-06-10 18:33:19,2026-06-10 18:42:11,--,,--,,示例集团财务共享中心（本部）,应付付款单（服务费）,非自动审批,1
A06,示例集团·己公司,AP-2026-001590,通用报销单,应付付款单（服务费）,人民币,300407.23,,--,2026-04-27,FSSC审核岗,应付成本组,审核员01,审核驳回,2026-06-10 18:32:50,2026-06-10 18:33:19,2026-06-10 18:35:59,--,,--,,示例集团财务共享中心（本部）,应付付款单（服务费）,非自动审批,1
A05,示例集团·戊公司,AP-2026-001591,应付发票,应付确认单（物料类）,人民币,11492.68,,--,2026-03-19,FSSC审核岗,应付成本组,审核员07,审核通过,2026-06-23 10:56:00,2026-06-23 10:57:30,2026-06-23 10:59:04,2026-06-23 13:05:30,,--,,示例集团财务共享中心（本部）,应付确认单（物料类）,非自动审批,1
A05,示例集团·戊公司,AP-2026-001591,应付发票,应付确认单（物料类）,人民币,73858.78,,--,2026-03-19,FSSC审核岗,应付成本组,审核员07,审核通过,2026-06-23 10:56:00,2026-06-23 10:57:30,2026-06-23 11:02:20,2026-06-23 12:26:30,,--,,示例集团财务共享中心（本部）,应付确认单（物料类）,非自动审批,1
A05,示例集团·戊公司,AP-2026-001591,应付发票,应付确认单（物料类）,人民币,118057.65,,--,2026-03-19,FSSC审核岗,应付成本组,审核员07,审核通过,2026-06-23 10:56:00,2026-06-23 10:57:30,2026-06-23 11:03:39,2026-06-23 11:39:30,,--,,示例集团财务共享中心（本部）,应付确认单（物料类）,非自动审批,1
A12,示例集团·子公司乙,AP-2026-001592,付款单,通用报销单（费用报销）,人民币,189946.69,,--,2026-05-16,FSSC审核岗,应付成本组,审核员02,审核通过,2026-02-09 09:32:18,2026-02-09 09:32:44,2026-02-09 09:37:24,2026-02-09 13:18:44,,--,,示例集团财务共享中心（本部）,通用报销单（费用报销）,非自动审批,1
A12,示例集团·子公司乙,AP-2026-001592,付款单,通用报销单（费用报销）,人民币,190013.18,,--,2026-05-16,FSSC审核岗,应付成本组,审核员02,审核通过,2026-02-09 09:32:18,2026-02-09 09:32:44,2026-02-09 09:40:26,2026-02-09 14:27:44,,--,,示例集团财务共享中心（本部）,通用报销单（费用报销）,非自动审批,1
A12,示例集团·子公司乙,AP-2026-001592,付款单,通用报销单（费用报销）,人民币,53229.2,,--,2026-05-16,FSSC审核岗,应付成本组,审核员02,审核通过,2026-02-09 09:32:18,2026-02-09 09:32:44,2026-02-09 09:36:06,2026-02-09 13:18:44,,--,,示例集团财务共享中心（本部）,通用报销单（费用报销）,非自动审批,1
A15,示例集团·子公司戊,AP-2026-001593,通用报销单,其他专项付款单,人民币,47090.55,,--,2026-01-25,FSSC审核岗,应付成本组,审核员01,审核通过,2026-01-01 14:51:33,2026-01-01 14:53:03,2026-01-01 14:55:10,2026-01-01 17:15:03,,--,,示例集团财务共享中心（本部）,其他专项付款单,非自动审批,1
A15,示例集团·子公司戊,AP-2026-001593,通用报销单,其他专项付款单,人民币,138019.2,,--,2026-01-25,FSSC审核岗,应付成本组,审核员01,审核通过,2026-01-01 14:51:33,2026-01-01 14:53:03,2026-01-01 14:51:59,2026-01-01 18:33:03,,--,,示例集团财务共享中心（本部）,其他专项付款单,非自动审批,1
A01,示例集团·甲公司,AP-2026-001594,付款单,应付付款单（差旅费）,人民币,88365.62,,--,2026-03-09,FSSC审核岗,应付成本组,审核员02,审核通过,2026-06-26 11:32:17,2026-06-26 11:33:44,2026-06-26 11:33:09,2026-06-26 13:28:44,,--,,示例集团财务共享中心（本部）,应付付款单（差旅费）,非自动审批,1
A01,示例集团·甲公司,AP-2026-001594,付款单,应付付款单（差旅费）,人民币,36895.69,,--,2026-03-09,FSSC审核岗,应付成本组,审核员02,审核通过,2026-06-26 11:32:17,2026-06-26 11:33:44,2026-06-26 11:40:27,2026-06-26 13:35:44,,--,,示例集团财务共享中心（本部）,应付付款单（差旅费）,非自动审批,1
A04,示例集团·丁公司,AP-2026-001595,通用报销单,应付付款单（差旅费）,人民币,100645.69,,--,2026-03-06,FSSC审核岗,应付成本组,审核员03,审核通过,2026-06-19 12:46:17,2026-06-19 12:46:33,2026-06-19 12:55:13,2026-06-19 14:31:33,,--,,示例集团财务共享中心（本部）,应付付款单（差旅费）,非自动审批,1
A09,示例集团·壬公司,AP-2026-001597,付款单,应付确认单（物料类）,人民币,47383.1,,--,2026-01-19,FSSC审核岗,应付成本组,审核员05,审核通过,2026-01-22 12:55:13,2026-01-22 12:55:30,2026-01-22 13:02:17,2026-01-22 16:03:30,,--,,示例集团财务共享中心（本部）,应付确认单（物料类）,非自动审批,1
A09,示例集团·壬公司,AP-2026-001597,付款单,应付确认单（物料类）,人民币,25828.93,,--,2026-01-19,FSSC审核岗,应付成本组,审核员05,审核通过,2026-01-22 12:55:13,2026-01-22 12:55:30,2026-01-22 12:56:13,2026-01-22 16:29:30,,--,,示例集团财务共享中心（本部）,应付确认单（物料类）,非自动审批,1
A09,示例集团·壬公司,AP-2026-001597,付款单,应付确认单（物料类）,人民币,35253.61,,--,2026-01-19,FSSC审核岗,应付成本组,审核员05,审核通过,2026-01-22 12:55:13,2026-01-22 12:55:30,2026-01-22 13:00:13,2026-01-22 17:04:30,,--,,示例集团财务共享中心（本部）,应付确认单（物料类）,非自动审批,1
A10,示例集团·癸公司,AP-2026-001598,付款单,其他专项付款单,人民币,118300.87,,--,2026-04-18,FSSC审核岗,应付成本组,审核员04,审核通过,2026-01-23 18:46:45,2026-01-23 18:47:22,2026-01-23 18:51:43,2026-01-23 21:30:22,,--,,示例集团财务共享中心（本部）,其他专项付款单,非自动审批,1
A10,示例集团·癸公司,AP-2026-001598,付款单,其他专项付款单,人民币,16328.66,,--,2026-04-18,FSSC审核岗,应付成本组,审核员04,审核通过,2026-01-23 18:46:45,2026-01-23 18:47:22,2026-01-23 18:48:17,2026-01-23 21:37:22,,--,,示例集团财务共享中心（本部）,其他专项付款单,非自动审批,1
A07,示例集团·庚公司,AP-2026-001600,通用报销单,通用报销单（费用报销）,人民币,281776.64,,--,2026-04-19,FSSC审核岗,应付成本组,审核员05,审核通过,2026-03-11 09:46:25,2026-03-11 09:47:28,2026-03-11 09:50:55,2026-03-11 13:20:28,,--,,示例集团财务共享中心（本部）,通用报销单（费用报销）,非自动审批,1
A08,示例集团·辛公司,AP-2026-001601,通用报销单,其他专项付款单,人民币,27441.64,,--,2026-05-26,FSSC审核岗,应付成本组,审核员06,审核驳回,2026-06-01 09:05:05,2026-06-01 09:06:47,2026-06-01 09:05:50,--,,--,,示例集团财务共享中心（本部）,其他专项付款单,非自动审批,1
A04,示例集团·丁公司,AP-2026-001602,应付发票,应付付款单（差旅费）,人民币,2530.45,,--,2026-01-18,FSSC审核岗,应付成本组,审核员07,审核驳回,2026-04-07 14:55:12,2026-04-07 14:56:26,2026-04-07 14:56:24,--,,--,,示例集团财务共享中心（本部）,应付付款单（差旅费）,非自动审批,1
A04,示例集团·丁公司,AP-2026-001603,应付发票,应付付款单（服务费）,人民币,129775.23,,--,2026-02-09,FSSC审核岗,应付成本组,审核员05,审核通过,2026-02-14 17:08:37,2026-02-14 17:09:25,2026-02-14 17:10:27,2026-02-14 19:47:25,,--,,示例集团财务共享中心（本部）,应付付款单（服务费）,非自动审批,1
A04,示例集团·丁公司,AP-2026-001603,应付发票,应付付款单（服务费）,人民币,1363.7,,--,2026-02-09,FSSC审核岗,应付成本组,审核员05,审核通过,2026-02-14 17:08:37,2026-02-14 17:09:25,2026-02-14 17:15:48,2026-02-14 19:28:25,,--,,示例集团财务共享中心（本部）,应付付款单（服务费）,非自动审批,1
A04,示例集团·丁公司,AP-2026-001603,应付发票,应付付款单（服务费）,人民币,14520.45,,--,2026-02-09,FSSC审核岗,应付成本组,审核员05,审核通过,2026-02-14 17:08:37,2026-02-14 17:09:25,2026-02-14 17:15:11,2026-02-14 19:53:25,,--,,示例集团财务共享中心（本部）,应付付款单（服务费）,非自动审批,1
A02,示例集团·乙公司,AP-2026-001604,付款单,应付付款单（材料采购）,人民币,1778781.24,,--,2026-02-03,FSSC审核岗,应付成本组,审核员06,审核驳回,2026-05-12 08:53:38,2026-05-12 08:55:30,2026-05-12 09:02:44,--,,--,,示例集团财务共享中心（本部）,应付付款单（材料采购）,非自动审批,1
A06,示例集团·己公司,AP-2026-001605,通用报销单,通用报销单（费用报销）,人民币,264075.51,,--,2026-06-24,FSSC审核岗,应付成本组,审核员07,审核驳回,2026-06-25 19:47:21,2026-06-25 19:47:54,2026-06-25 19:52:44,--,,--,,示例集团财务共享中心（本部）,通用报销单（费用报销）,非自动审批,1
A06,示例集团·己公司,AP-2026-001605,通用报销单,通用报销单（费用报销）,人民币,235231.65,,--,2026-06-24,FSSC审核岗,应付成本组,审核员07,审核驳回,2026-06-25 19:47:21,2026-06-25 19:47:54,2026-06-25 19:48:45,--,,--,,示例集团财务共享中心（本部）,通用报销单（费用报销）,非自动审批,1
A03,示例集团·丙公司,AP-2026-001606,付款单,其他专项付款单,人民币,12502.11,,--,2026-01-07,FSSC审核岗,应付成本组,审核员06,审核通过,2026-06-04 12:32:55,2026-06-04 12:33:57,2026-06-04 12:42:11,2026-06-04 15:15:57,,--,,示例集团财务共享中心（本部）,其他专项付款单,非自动审批,1
A01,示例集团·甲公司,AP-2026-001607,通用报销单,应付付款单（差旅费）,人民币,46106.87,,--,2026-04-13,FSSC审核岗,应付成本组,审核员07,审核驳回,2026-04-16 15:35:19,2026-04-16 15:35:31,2026-04-16 15:41:56,--,,--,,示例集团财务共享中心（本部）,应付付款单（差旅费）,非自动审批,1
A01,示例集团·甲公司,AP-2026-001607,通用报销单,应付付款单（差旅费）,人民币,340442.64,,--,2026-04-13,FSSC审核岗,应付成本组,审核员07,审核驳回,2026-04-16 15:35:19,2026-04-16 15:35:31,2026-04-16 15:38:04,--,,--,,示例集团财务共享中心（本部）,应付付款单（差旅费）,非自动审批,1
A01,示例集团·甲公司,AP-2026-001607,通用报销单,应付付款单（差旅费）,人民币,146604.33,,--,2026-04-13,FSSC审核岗,应付成本组,审核员07,审核驳回,2026-04-16 15:35:19,2026-04-16 15:35:31,2026-04-16 15:38:15,--,,--,,示例集团财务共享中心（本部）,应付付款单（差旅费）,非自动审批,1
A05,示例集团·戊公司,AP-2026-001608,通用报销单,应付付款单（服务费）,人民币,293666.4,,--,2026-01-12,FSSC审核岗,应付成本组,审核员01,审核通过,2026-01-14 20:33:35,2026-01-14 20:33:46,2026-01-14 20:35:02,2026-01-15 00:37:46,,--,,示例集团财务共享中心（本部）,应付付款单（服务费）,非自动审批,1
A05,示例集团·戊公司,AP-2026-001608,通用报销单,应付付款单（服务费）,人民币,725161.15,,--,2026-01-12,FSSC审核岗,应付成本组,审核员01,审核通过,2026-01-14 20:33:35,2026-01-14 20:33:46,2026-01-14 20:35:31,2026-01-15 00:21:46,,--,,示例集团财务共享中心（本部）,应付付款单（服务费）,非自动审批,1
A03,示例集团·丙公司,AP-2026-001610,付款单,通用报销单（费用报销）,人民币,150866.98,,--,2026-01-08,FSSC审核岗,应付成本组,审核员04,审核通过,2026-04-19 18:38:38,2026-04-19 18:39:44,2026-04-19 18:40:09,2026-04-19 19:26:44,,--,,示例集团财务共享中心（本部）,通用报销单（费用报销）,非自动审批,1
A03,示例集团·丙公司,AP-2026-001610,付款单,通用报销单（费用报销）,人民币,10689.77,,--,2026-01-08,FSSC审核岗,应付成本组,审核员04,审核通过,2026-04-19 18:38:38,2026-04-19 18:39:44,2026-04-19 18:45:19,2026-04-19 20:55:44,,--,,示例集团财务共享中心（本部）,通用报销单（费用报销）,非自动审批,1
A03,示例集团·丙公司,AP-2026-001611,通用报销单,应付付款单（材料采购）,人民币,138376.65,,--,2026-04-18,FSSC审核岗,应付成本组,审核员05,审核通过,2026-01-14 16:32:34,2026-01-14 16:33:01,2026-01-14 16:33:28,2026-01-14 18:10:01,,--,,示例集团财务共享中心（本部）,应付付款单（材料采购）,非自动审批,1
A03,示例集团·丙公司,AP-2026-001611,通用报销单,应付付款单（材料采购）,人民币,43056.0,,--,2026-04-18,FSSC审核岗,应付成本组,审核员05,审核通过,2026-01-14 16:32:34,2026-01-14 16:33:01,2026-01-14 16:33:45,2026-01-14 16:59:01,,--,,示例集团财务共享中心（本部）,应付付款单（材料采购）,非自动审批,1
A03,示例集团·丙公司,AP-2026-001612,付款单,通用报销单（费用报销）,人民币,9826.09,,--,2026-02-06,FSSC审核岗,应付成本组,审核员06,审核通过,2026-01-14 17:36:33,2026-01-14 17:37:02,2026-01-14 17:41:46,2026-01-14 19:37:02,,--,,示例集团财务共享中心（本部）,通用报销单（费用报销）,非自动审批,1
A13,示例集团·子公司丙,AP-2026-001613,付款单,其他专项付款单,人民币,209479.44,,--,2026-04-04,FSSC审核岗,应付成本组,审核员03,审核通过,2026-02-18 15:53:11,2026-02-18 15:53:12,2026-02-18 15:55:07,2026-02-18 19:08:12,,--,,示例集团财务共享中心（本部）,其他专项付款单,非自动审批,1
A13,示例集团·子公司丙,AP-2026-001613,付款单,其他专项付款单,人民币,322191.7,,--,2026-04-04,FSSC审核岗,应付成本组,审核员03,审核通过,2026-02-18 15:53:11,2026-02-18 15:53:12,2026-02-18 15:57:49,2026-02-18 19:30:12,,--,,示例集团财务共享中心（本部）,其他专项付款单,非自动审批,1
A13,示例集团·子公司丙,AP-2026-001613,付款单,其他专项付款单,人民币,52498.54,,--,2026-04-04,FSSC审核岗,应付成本组,审核员03,审核通过,2026-02-18 15:53:11,2026-02-18 15:53:12,2026-02-18 15:59:04,2026-02-18 18:37:12,,--,,示例集团财务共享中心（本部）,其他专项付款单,非自动审批,1
A10,示例集团·癸公司,AP-2026-001614,应付发票,应付付款单（材料采购）,人民币,93776.22,,--,2026-02-28,FSSC审核岗,应付成本组,审核员07,审核通过,2026-05-16 15:30:46,2026-05-16 15:32:23,2026-05-16 15:32:44,2026-05-16 17:59:23,,--,,示例集团财务共享中心（本部）,应付付款单（材料采购）,非自动审批,1
A10,示例集团·癸公司,AP-2026-001614,应付发票,应付付款单（材料采购）,人民币,3288.75,,--,2026-02-28,FSSC审核岗,应付成本组,审核员07,审核通过,2026-05-16 15:30:46,2026-05-16 15:32:23,2026-05-16 15:37:24,2026-05-16 17:57:23,,--,,示例集团财务共享中心（本部）,应付付款单（材料采购）,非自动审批,1
A10,示例集团·癸公司,AP-2026-001614,应付发票,应付付款单（材料采购）,人民币,288740.13,,--,2026-02-28,FSSC审核岗,应付成本组,审核员07,审核通过,2026-05-16 15:30:46,2026-05-16 15:32:23,2026-05-16 15:33:13,2026-05-16 17:58:23,,--,,示例集团财务共享中心（本部）,应付付款单（材料采购）,非自动审批,1
A08,示例集团·辛公司,AP-2026-001615,应付发票,应付确认单（物料类）,人民币,181782.44,,--,2026-06-13,FSSC审核岗,应付成本组,审核员04,审核驳回,2026-04-20 08:01:27,2026-04-20 08:01:38,2026-04-20 08:02:01,--,,--,,示例集团财务共享中心（本部）,应付确认单（物料类）,非自动审批,1
A14,示例集团·子公司丁,AP-2026-001616,付款单,其他专项付款单,人民币,84992.09,,--,2026-06-22,FSSC审核岗,应付成本组,审核员03,审核通过,2026-01-23 18:28:37,2026-01-23 18:30:14,2026-01-23 18:37:10,2026-01-23 22:19:14,,--,,示例集团财务共享中心（本部）,其他专项付款单,非自动审批,1
A14,示例集团·子公司丁,AP-2026-001616,付款单,其他专项付款单,人民币,10368.95,,--,2026-06-22,FSSC审核岗,应付成本组,审核员03,审核通过,2026-01-23 18:28:37,2026-01-23 18:30:14,2026-01-23 18:38:04,2026-01-23 21:46:14,,--,,示例集团财务共享中心（本部）,其他专项付款单,非自动审批,1
A14,示例集团·子公司丁,AP-2026-001616,付款单,其他专项付款单,人民币,5990.17,,--,2026-06-22,FSSC审核岗,应付成本组,审核员03,审核通过,2026-01-23 18:28:37,2026-01-23 18:30:14,2026-01-23 18:34:14,2026-01-23 22:10:14,,--,,示例集团财务共享中心（本部）,其他专项付款单,非自动审批,1
A01,示例集团·甲公司,AP-2026-001617,应付发票,应付付款单（服务费）,人民币,1021932.07,,--,2026-05-12,FSSC审核岗,应付成本组,审核员05,审核通过,2026-01-25 15:26:21,2026-01-25 15:27:39,2026-01-25 15:29:02,2026-01-25 20:01:39,,--,,示例集团财务共享中心（本部）,应付付款单（服务费）,非自动审批,1
A06,示例集团·己公司,AP-2026-001619,应付发票,其他专项付款单,人民币,14773.66,,--,2026-04-20,FSSC审核岗,应付成本组,审核员02,审核通过,2026-04-01 13:44:49,2026-04-01 13:46:15,2026-04-01 13:49:39,2026-04-01 15:09:15,,--,,示例集团财务共享中心（本部）,其他专项付款单,非自动审批,1
A01,示例集团·甲公司,AP-2026-001620,付款单,应付确认单（物料类）,人民币,72247.85,,--,2026-04-23,FSSC审核岗,应付成本组,审核员01,审核驳回,2026-02-13 19:54:08,2026-02-13 19:55:02,2026-02-13 20:04:03,--,,--,,示例集团财务共享中心（本部）,应付确认单（物料类）,非自动审批,1
A01,示例集团·甲公司,AP-2026-001620,付款单,应付确认单（物料类）,人民币,15426.32,,--,2026-04-23,FSSC审核岗,应付成本组,审核员01,审核驳回,2026-02-13 19:54:08,2026-02-13 19:55:02,2026-02-13 19:57:37,--,,--,,示例集团财务共享中心（本部）,应付确认单（物料类）,非自动审批,1
A01,示例集团·甲公司,AP-2026-001620,付款单,应付确认单（物料类）,人民币,2429.71,,--,2026-04-23,FSSC审核岗,应付成本组,审核员01,审核驳回,2026-02-13 19:54:08,2026-02-13 19:55:02,2026-02-13 20:00:12,--,,--,,示例集团财务共享中心（本部）,应付确认单（物料类）,非自动审批,1
A12,示例集团·子公司乙,AP-2026-001621,付款单,应付付款单（材料采购）,人民币,112107.08,,--,2026-05-28,FSSC审核岗,应付成本组,审核员05,审核通过,2026-03-07 11:20:51,2026-03-07 11:21:56,2026-03-07 11:21:15,2026-03-07 15:23:56,,--,,示例集团财务共享中心（本部）,应付付款单（材料采购）,非自动审批,1
A12,示例集团·子公司乙,AP-2026-001621,付款单,应付付款单（材料采购）,人民币,139442.11,,--,2026-05-28,FSSC审核岗,应付成本组,审核员05,审核通过,2026-03-07 11:20:51,2026-03-07 11:21:56,2026-03-07 11:22:19,2026-03-07 16:07:56,,--,,示例集团财务共享中心（本部）,应付付款单（材料采购）,非自动审批,1
A01,示例集团·甲公司,AP-2026-001623,付款单,应付付款单（差旅费）,人民币,5788.82,,--,2026-04-05,FSSC审核岗,应付成本组,审核员04,审核通过,2026-04-12 10:49:43,2026-04-12 10:50:23,2026-04-12 10:57:48,2026-04-12 14:08:23,,--,,示例集团财务共享中心（本部）,应付付款单（差旅费）,非自动审批,1
A01,示例集团·甲公司,AP-2026-001623,付款单,应付付款单（差旅费）,人民币,282546.75,,--,2026-04-05,FSSC审核岗,应付成本组,审核员04,审核通过,2026-04-12 10:49:43,2026-04-12 10:50:23,2026-04-12 10:52:48,2026-04-12 13:50:23,,--,,示例集团财务共享中心（本部）,应付付款单（差旅费）,非自动审批,1
A01,示例集团·甲公司,AP-2026-001623,付款单,应付付款单（差旅费）,人民币,28645.67,,--,2026-04-05,FSSC审核岗,应付成本组,审核员04,审核通过,2026-04-12 10:49:43,2026-04-12 10:50:23,2026-04-12 10:58:41,2026-04-12 13:19:23,,--,,示例集团财务共享中心（本部）,应付付款单（差旅费）,非自动审批,1
A06,示例集团·己公司,AP-2026-001625,付款单,通用报销单（费用报销）,人民币,13152.58,,--,2026-04-05,FSSC审核岗,应付成本组,审核员02,审核通过,2026-06-13 18:12:50,2026-06-13 18:14:43,2026-06-13 18:13:26,2026-06-13 21:45:43,,--,,示例集团财务共享中心（本部）,通用报销单（费用报销）,非自动审批,1
A06,示例集团·己公司,AP-2026-001625,付款单,通用报销单（费用报销）,人民币,11998.61,,--,2026-04-05,FSSC审核岗,应付成本组,审核员02,审核通过,2026-06-13 18:12:50,2026-06-13 18:14:43,2026-06-13 18:13:31,2026-06-13 22:48:43,,--,,示例集团财务共享中心（本部）,通用报销单（费用报销）,非自动审批,1
A06,示例集团·己公司,AP-2026-001625,付款单,通用报销单（费用报销）,人民币,202747.51,,--,2026-04-05,FSSC审核岗,应付成本组,审核员02,审核通过,2026-06-13 18:12:50,2026-06-13 18:14:43,2026-06-13 18:20:15,2026-06-13 21:56:43,,--,,示例集团财务共享中心（本部）,通用报销单（费用报销）,非自动审批,1
A12,示例集团·子公司乙,AP-2026-001626,付款单,应付付款单（材料采购）,人民币,4051.19,,--,2026-03-23,FSSC审核岗,应付成本组,审核员03,审核通过,2026-04-07 20:01:04,2026-04-07 20:01:12,2026-04-07 20:10:27,2026-04-07 21:00:12,,--,,示例集团财务共享中心（本部）,应付付款单（材料采购）,非自动审批,1
A12,示例集团·子公司乙,AP-2026-001626,付款单,应付付款单（材料采购）,人民币,10519.22,,--,2026-03-23,FSSC审核岗,应付成本组,审核员03,审核通过,2026-04-07 20:01:04,2026-04-07 20:01:12,2026-04-07 20:05:13,2026-04-07 22:16:12,,--,,示例集团财务共享中心（本部）,应付付款单（材料采购）,非自动审批,1
A01,示例集团·甲公司,AP-2026-001627,应付发票,应付付款单（材料采购）,人民币,109561.3,,--,2026-01-01,FSSC审核岗,应付成本组,审核员01,审核通过,2026-02-27 16:02:45,2026-02-27 16:04:08,2026-02-27 16:04:59,2026-02-27 18:08:08,,--,,示例集团财务共享中心（本部）,应付付款单（材料采购）,非自动审批,1
A07,示例集团·庚公司,AP-2026-001628,通用报销单,应付付款单（材料采购）,人民币,90957.58,,--,2026-01-02,FSSC审核岗,应付成本组,审核员06,审核通过,2026-04-21 15:26:33,2026-04-21 15:27:05,2026-04-21 15:34:29,2026-04-21 19:59:05,,--,,示例集团财务共享中心（本部）,应付付款单（材料采购）,非自动审批,1
A07,示例集团·庚公司,AP-2026-001628,通用报销单,应付付款单（材料采购）,人民币,14317.33,,--,2026-01-02,FSSC审核岗,应付成本组,审核员06,审核通过,2026-04-21 15:26:33,2026-04-21 15:27:05,2026-04-21 15:32:07,2026-04-21 19:31:05,,--,,示例集团财务共享中心（本部）,应付付款单（材料采购）,非自动审批,1
A02,示例集团·乙公司,AP-2026-001629,应付发票,通用报销单（费用报销）,人民币,362535.25,,--,2026-03-17,FSSC审核岗,应付成本组,审核员05,审核通过,2026-03-28 20:37:09,2026-03-28 20:38:08,2026-03-28 20:40:13,2026-03-29 00:50:08,,--,,示例集团财务共享中心（本部）,通用报销单（费用报销）,非自动审批,1
A01,示例集团·甲公司,AP-2026-001630,应付发票,应付确认单（物料类）,人民币,12603.21,,--,2026-02-02,FSSC审核岗,应付成本组,审核员07,审核通过,2026-05-07 18:50:03,2026-05-07 18:50:05,2026-05-07 18:53:02,2026-05-07 22:05:05,,--,,示例集团财务共享中心（本部）,应付确认单（物料类）,非自动审批,1
A01,示例集团·甲公司,AP-2026-001630,应付发票,应付确认单（物料类）,人民币,44713.63,,--,2026-02-02,FSSC审核岗,应付成本组,审核员07,审核通过,2026-05-07 18:50:03,2026-05-07 18:50:05,2026-05-07 18:53:15,2026-05-07 21:48:05,,--,,示例集团财务共享中心（本部）,应付确认单（物料类）,非自动审批,1
A01,示例集团·甲公司,AP-2026-001630,应付发票,应付确认单（物料类）,人民币,37149.28,,--,2026-02-02,FSSC审核岗,应付成本组,审核员07,审核通过,2026-05-07 18:50:03,2026-05-07 18:50:05,2026-05-07 18:50:18,2026-05-07 23:13:05,,--,,示例集团财务共享中心（本部）,应付确认单（物料类）,非自动审批,1
A18,示例集团·子公司辛,AP-2026-001631,通用报销单,通用报销单（费用报销）,人民币,37350.79,,--,2026-05-04,FSSC审核岗,应付成本组,审核员05,审核通过,2026-01-22 14:38:45,2026-01-22 14:39:38,2026-01-22 14:48:17,2026-01-22 17:57:38,,--,,示例集团财务共享中心（本部）,通用报销单（费用报销）,非自动审批,1
A18,示例集团·子公司辛,AP-2026-001631,通用报销单,通用报销单（费用报销）,人民币,45548.68,,--,2026-05-04,FSSC审核岗,应付成本组,审核员05,审核通过,2026-01-22 14:38:45,2026-01-22 14:39:38,2026-01-22 14:45:00,2026-01-22 19:28:38,,--,,示例集团财务共享中心（本部）,通用报销单（费用报销）,非自动审批,1
A18,示例集团·子公司辛,AP-2026-001631,通用报销单,通用报销单（费用报销）,人民币,43683.34,,--,2026-05-04,FSSC审核岗,应付成本组,审核员05,审核通过,2026-01-22 14:38:45,2026-01-22 14:39:38,2026-01-22 14:42:00,2026-01-22 17:54:38,,--,,示例集团财务共享中心（本部）,通用报销单（费用报销）,非自动审批,1
A04,示例集团·丁公司,AP-2026-001632,付款单,应付付款单（服务费）,人民币,42936.61,,--,2026-01-16,FSSC审核岗,应付成本组,审核员01,审核通过,2026-02-05 18:34:26,2026-02-05 18:34:54,2026-02-05 18:40:38,2026-02-05 20:37:54,,--,,示例集团财务共享中心（本部）,应付付款单（服务费）,非自动审批,1
A04,示例集团·丁公司,AP-2026-001632,付款单,应付付款单（服务费）,人民币,46411.47,,--,2026-01-16,FSSC审核岗,应付成本组,审核员01,审核通过,2026-02-05 18:34:26,2026-02-05 18:34:54,2026-02-05 18:36:29,2026-02-05 22:08:54,,--,,示例集团财务共享中心（本部）,应付付款单（服务费）,非自动审批,1
A04,示例集团·丁公司,AP-2026-001632,付款单,应付付款单（服务费）,人民币,273621.21,,--,2026-01-16,FSSC审核岗,应付成本组,审核员01,审核通过,2026-02-05 18:34:26,2026-02-05 18:34:54,2026-02-05 18:42:07,2026-02-05 22:11:54,,--,,示例集团财务共享中心（本部）,应付付款单（服务费）,非自动审批,1
A09,示例集团·壬公司,AP-2026-001633,付款单,通用报销单（费用报销）,人民币,43244.31,,--,2026-01-21,FSSC审核岗,应付成本组,审核员06,审核通过,2026-03-13 10:37:22,2026-03-13 10:38:17,2026-03-13 10:39:35,2026-03-13 14:14:17,,--,,示例集团财务共享中心（本部）,通用报销单（费用报销）,非自动审批,1
A04,示例集团·丁公司,AP-2026-001634,通用报销单,应付付款单（服务费）,人民币,157743.32,,--,2026-02-27,FSSC审核岗,应付成本组,审核员07,审核通过,2026-01-18 18:39:41,2026-01-18 18:41:13,2026-01-18 18:47:11,2026-01-18 21:21:13,,--,,示例集团财务共享中心（本部）,应付付款单（服务费）,非自动审批,1
A04,示例集团·丁公司,AP-2026-001634,通用报销单,应付付款单（服务费）,人民币,73733.43,,--,2026-02-27,FSSC审核岗,应付成本组,审核员07,审核通过,2026-01-18 18:39:41,2026-01-18 18:41:13,2026-01-18 18:45:33,2026-01-18 21:05:13,,--,,示例集团财务共享中心（本部）,应付付款单（服务费）,非自动审批,1
A04,示例集团·丁公司,AP-2026-001634,通用报销单,应付付款单（服务费）,人民币,99979.72,,--,2026-02-27,FSSC审核岗,应付成本组,审核员07,审核通过,2026-01-18 18:39:41,2026-01-18 18:41:13,2026-01-18 18:45:26,2026-01-18 22:37:13,,--,,示例集团财务共享中心（本部）,应付付款单（服务费）,非自动审批,1
A01,示例集团·甲公司,AP-2026-001636,应付发票,应付确认单（物料类）,人民币,177917.59,,--,2026-03-23,FSSC审核岗,应付成本组,审核员01,审核通过,2026-03-15 09:58:14,2026-03-15 09:58:57,2026-03-15 10:00:43,2026-03-15 12:38:57,,--,,示例集团财务共享中心（本部）,应付确认单（物料类）,非自动审批,1
A01,示例集团·甲公司,AP-2026-001636,应付发票,应付确认单（物料类）,人民币,12132.21,,--,2026-03-23,FSSC审核岗,应付成本组,审核员01,审核通过,2026-03-15 09:58:14,2026-03-15 09:58:57,2026-03-15 09:59:28,2026-03-15 12:32:57,,--,,示例集团财务共享中心（本部）,应付确认单（物料类）,非自动审批,1
A01,示例集团·甲公司,AP-2026-001636,应付发票,应付确认单（物料类）,人民币,144114.0,,--,2026-03-23,FSSC审核岗,应付成本组,审核员01,审核通过,2026-03-15 09:58:14,2026-03-15 09:58:57,2026-03-15 10:03:26,2026-03-15 12:33:57,,--,,示例集团财务共享中心（本部）,应付确认单（物料类）,非自动审批,1
A06,示例集团·己公司,AP-2026-001638,应付发票,应付付款单（差旅费）,人民币,44488.42,,--,2026-05-15,FSSC审核岗,应付成本组,审核员03,审核通过,2026-03-21 08:49:47,2026-03-21 08:50:13,2026-03-21 08:52:49,2026-03-21 09:42:13,,--,,示例集团财务共享中心（本部）,应付付款单（差旅费）,非自动审批,1
A06,示例集团·己公司,AP-2026-001638,应付发票,应付付款单（差旅费）,人民币,15593.22,,--,2026-05-15,FSSC审核岗,应付成本组,审核员03,审核通过,2026-03-21 08:49:47,2026-03-21 08:50:13,2026-03-21 08:50:43,2026-03-21 10:30:13,,--,,示例集团财务共享中心（本部）,应付付款单（差旅费）,非自动审批,1
A06,示例集团·己公司,AP-2026-001638,应付发票,应付付款单（差旅费）,人民币,177387.53,,--,2026-05-15,FSSC审核岗,应付成本组,审核员03,审核通过,2026-03-21 08:49:47,2026-03-21 08:50:13,2026-03-21 08:52:49,2026-03-21 09:58:13,,--,,示例集团财务共享中心（本部）,应付付款单（差旅费）,非自动审批,1
A01,示例集团·甲公司,AP-2026-001639,应付发票,应付确认单（物料类）,人民币,33006.03,,--,2026-05-02,FSSC审核岗,应付成本组,审核员06,审核通过,2026-05-19 20:02:08,2026-05-19 20:03:31,2026-05-19 20:04:53,2026-05-20 00:18:31,,--,,示例集团财务共享中心（本部）,应付确认单（物料类）,非自动审批,1
A01,示例集团·甲公司,AP-2026-001639,应付发票,应付确认单（物料类）,人民币,101568.9,,--,2026-05-02,FSSC审核岗,应付成本组,审核员06,审核通过,2026-05-19 20:02:08,2026-05-19 20:03:31,2026-05-19 20:06:23,2026-05-19 23:49:31,,--,,示例集团财务共享中心（本部）,应付确认单（物料类）,非自动审批,1
A04,示例集团·丁公司,AP-2026-001640,付款单,应付确认单（物料类）,人民币,1342.88,,--,2026-04-18,FSSC审核岗,应付成本组,审核员01,审核通过,2026-06-02 08:51:12,2026-06-02 08:51:38,2026-06-02 08:56:24,2026-06-02 09:04:38,,--,,示例集团财务共享中心（本部）,应付确认单（物料类）,非自动审批,1
A04,示例集团·丁公司,AP-2026-001640,付款单,应付确认单（物料类）,人民币,165465.14,,--,2026-04-18,FSSC审核岗,应付成本组,审核员01,审核通过,2026-06-02 08:51:12,2026-06-02 08:51:38,2026-06-02 08:55:19,2026-06-02 09:59:38,,--,,示例集团财务共享中心（本部）,应付确认单（物料类）,非自动审批,1
A01,示例集团·甲公司,AP-2026-001641,通用报销单,通用报销单（费用报销）,人民币,2249298.73,,--,2026-01-12,FSSC审核岗,应付成本组,审核员05,审核通过,2026-04-24 18:18:46,2026-04-24 18:20:30,2026-04-24 18:23:19,2026-04-24 20:11:30,,--,,示例集团财务共享中心（本部）,通用报销单（费用报销）,非自动审批,1
A01,示例集团·甲公司,AP-2026-001641,通用报销单,通用报销单（费用报销）,人民币,59235.08,,--,2026-01-12,FSSC审核岗,应付成本组,审核员05,审核通过,2026-04-24 18:18:46,2026-04-24 18:20:30,2026-04-24 18:23:28,2026-04-24 20:04:30,,--,,示例集团财务共享中心（本部）,通用报销单（费用报销）,非自动审批,1
A16,示例集团·子公司己,AP-2026-001642,付款单,通用报销单（费用报销）,人民币,41399.46,,--,2026-01-14,FSSC审核岗,应付成本组,审核员03,审核通过,2026-06-16 12:04:11,2026-06-16 12:05:21,2026-06-16 12:10:25,2026-06-16 15:47:21,,--,,示例集团财务共享中心（本部）,通用报销单（费用报销）,非自动审批,1
A16,示例集团·子公司己,AP-2026-001642,付款单,通用报销单（费用报销）,人民币,31388.37,,--,2026-01-14,FSSC审核岗,应付成本组,审核员03,审核通过,2026-06-16 12:04:11,2026-06-16 12:05:21,2026-06-16 12:13:18,2026-06-16 14:15:21,,--,,示例集团财务共享中心（本部）,通用报销单（费用报销）,非自动审批,1
A16,示例集团·子公司己,AP-2026-001642,付款单,通用报销单（费用报销）,人民币,130331.27,,--,2026-01-14,FSSC审核岗,应付成本组,审核员03,审核通过,2026-06-16 12:04:11,2026-06-16 12:05:21,2026-06-16 12:07:36,2026-06-16 14:41:21,,--,,示例集团财务共享中心（本部）,通用报销单（费用报销）,非自动审批,1
A02,示例集团·乙公司,AP-2026-001643,应付发票,通用报销单（费用报销）,人民币,39114.63,,--,2026-02-21,FSSC审核岗,应付成本组,审核员02,审核通过,2026-05-18 18:52:49,2026-05-18 18:54:48,2026-05-18 18:59:59,2026-05-18 22:28:48,,--,,示例集团财务共享中心（本部）,通用报销单（费用报销）,非自动审批,1
A02,示例集团·乙公司,AP-2026-001643,应付发票,通用报销单（费用报销）,人民币,148239.1,,--,2026-02-21,FSSC审核岗,应付成本组,审核员02,审核通过,2026-05-18 18:52:49,2026-05-18 18:54:48,2026-05-18 18:57:19,2026-05-18 22:52:48,,--,,示例集团财务共享中心（本部）,通用报销单（费用报销）,非自动审批,1
A02,示例集团·乙公司,AP-2026-001643,应付发票,通用报销单（费用报销）,人民币,667588.53,,--,2026-02-21,FSSC审核岗,应付成本组,审核员02,审核通过,2026-05-18 18:52:49,2026-05-18 18:54:48,2026-05-18 18:54:37,2026-05-18 21:43:48,,--,,示例集团财务共享中心（本部）,通用报销单（费用报销）,非自动审批,1
A06,示例集团·己公司,AP-2026-001644,付款单,应付付款单（材料采购）,人民币,194357.5,,--,2026-05-12,FSSC审核岗,应付成本组,审核员05,审核通过,2026-02-21 10:55:20,2026-02-21 10:56:24,2026-02-21 10:59:41,2026-02-21 13:39:24,,--,,示例集团财务共享中心（本部）,应付付款单（材料采购）,非自动审批,1
A06,示例集团·己公司,AP-2026-001644,付款单,应付付款单（材料采购）,人民币,46885.66,,--,2026-05-12,FSSC审核岗,应付成本组,审核员05,审核通过,2026-02-21 10:55:20,2026-02-21 10:56:24,2026-02-21 10:57:41,2026-02-21 13:08:24,,--,,示例集团财务共享中心（本部）,应付付款单（材料采购）,非自动审批,1
A06,示例集团·己公司,AP-2026-001644,付款单,应付付款单（材料采购）,人民币,12560.78,,--,2026-05-12,FSSC审核岗,应付成本组,审核员05,审核通过,2026-02-21 10:55:20,2026-02-21 10:56:24,2026-02-21 10:56:17,2026-02-21 12:58:24,,--,,示例集团财务共享中心（本部）,应付付款单（材料采购）,非自动审批,1
A02,示例集团·乙公司,AP-2026-001645,应付发票,应付确认单（物料类）,人民币,33809.38,,--,2026-02-16,FSSC审核岗,应付成本组,审核员06,审核通过,2026-01-01 16:57:57,2026-01-01 16:58:29,2026-01-01 17:03:47,2026-01-01 17:47:29,,--,,示例集团财务共享中心（本部）,应付确认单（物料类）,非自动审批,1
A03,示例集团·丙公司,AP-2026-001646,应付发票,通用报销单（费用报销）,人民币,47812.33,,--,2026-04-20,FSSC审核岗,应付成本组,审核员06,审核通过,2026-04-18 08:22:50,2026-04-18 08:24:23,2026-04-18 08:31:43,2026-04-18 11:33:23,,--,,示例集团财务共享中心（本部）,通用报销单（费用报销）,非自动审批,1
A03,示例集团·丙公司,AP-2026-001646,应付发票,通用报销单（费用报销）,人民币,9451.8,,--,2026-04-20,FSSC审核岗,应付成本组,审核员06,审核通过,2026-04-18 08:22:50,2026-04-18 08:24:23,2026-04-18 08:31:27,2026-04-18 11:08:23,,--,,示例集团财务共享中心（本部）,通用报销单（费用报销）,非自动审批,1
A14,示例集团·子公司丁,AP-2026-001648,通用报销单,应付付款单（差旅费）,人民币,274226.4,,--,2026-05-09,FSSC审核岗,应付成本组,审核员05,审核通过,2026-06-12 18:40:44,2026-06-12 18:41:15,2026-06-12 18:42:54,2026-06-12 22:17:15,,--,,示例集团财务共享中心（本部）,应付付款单（差旅费）,非自动审批,1
A14,示例集团·子公司丁,AP-2026-001648,通用报销单,应付付款单（差旅费）,人民币,132816.11,,--,2026-05-09,FSSC审核岗,应付成本组,审核员05,审核通过,2026-06-12 18:40:44,2026-06-12 18:41:15,2026-06-12 18:43:02,2026-06-12 23:02:15,,--,,示例集团财务共享中心（本部）,应付付款单（差旅费）,非自动审批,1
A01,示例集团·甲公司,AP-2026-001649,通用报销单,其他专项付款单,人民币,13793.77,,--,2026-05-23,FSSC审核岗,应付成本组,审核员01,审核通过,2026-04-11 08:42:47,2026-04-11 08:43:00,2026-04-11 08:45:51,2026-04-11 10:17:00,,--,,示例集团财务共享中心（本部）,其他专项付款单,非自动审批,1
A01,示例集团·甲公司,AP-2026-001649,通用报销单,其他专项付款单,人民币,4959.69,,--,2026-05-23,FSSC审核岗,应付成本组,审核员01,审核通过,2026-04-11 08:42:47,2026-04-11 08:43:00,2026-04-11 08:43:57,2026-04-11 11:22:00,,--,,示例集团财务共享中心（本部）,其他专项付款单,非自动审批,1
A07,示例集团·庚公司,AP-2026-001651,付款单,应付付款单（服务费）,人民币,163569.41,,--,2026-05-28,FSSC审核岗,应付成本组,审核员02,审核通过,2026-03-06 15:52:26,2026-03-06 15:53:37,2026-03-06 16:00:37,2026-03-06 18:59:37,,--,,示例集团财务共享中心（本部）,应付付款单（服务费）,非自动审批,1
A07,示例集团·庚公司,AP-2026-001651,付款单,应付付款单（服务费）,人民币,5998.83,,--,2026-05-28,FSSC审核岗,应付成本组,审核员02,审核通过,2026-03-06 15:52:26,2026-03-06 15:53:37,2026-03-06 15:56:33,2026-03-06 18:58:37,,--,,示例集团财务共享中心（本部）,应付付款单（服务费）,非自动审批,1
A01,示例集团·甲公司,AP-2026-001655,付款单,应付付款单（差旅费）,人民币,67339.72,,--,2026-02-26,FSSC审核岗,应付成本组,审核员01,审核通过,2026-03-06 08:38:39,2026-03-06 08:38:47,2026-03-06 08:38:59,2026-03-06 10:31:47,,--,,示例集团财务共享中心（本部）,应付付款单（差旅费）,非自动审批,1
A01,示例集团·甲公司,AP-2026-001655,付款单,应付付款单（差旅费）,人民币,33747.88,,--,2026-02-26,FSSC审核岗,应付成本组,审核员01,审核通过,2026-03-06 08:38:39,2026-03-06 08:38:47,2026-03-06 08:42:14,2026-03-06 11:58:47,,--,,示例集团财务共享中心（本部）,应付付款单（差旅费）,非自动审批,1
A01,示例集团·甲公司,AP-2026-001655,付款单,应付付款单（差旅费）,人民币,183499.73,,--,2026-02-26,FSSC审核岗,应付成本组,审核员01,审核通过,2026-03-06 08:38:39,2026-03-06 08:38:47,2026-03-06 08:43:11,2026-03-06 11:13:47,,--,,示例集团财务共享中心（本部）,应付付款单（差旅费）,非自动审批,1
A15,示例集团·子公司戊,AP-2026-001656,应付发票,通用报销单（费用报销）,人民币,186500.89,,--,2026-03-14,FSSC审核岗,应付成本组,审核员07,审核通过,2026-01-10 13:03:07,2026-01-10 13:04:40,2026-01-10 13:11:53,2026-01-10 17:11:40,,--,,示例集团财务共享中心（本部）,通用报销单（费用报销）,非自动审批,1
A15,示例集团·子公司戊,AP-2026-001656,应付发票,通用报销单（费用报销）,人民币,18962.41,,--,2026-03-14,FSSC审核岗,应付成本组,审核员07,审核通过,2026-01-10 13:03:07,2026-01-10 13:04:40,2026-01-10 13:08:00,2026-01-10 17:40:40,,--,,示例集团财务共享中心（本部）,通用报销单（费用报销）,非自动审批,1
A15,示例集团·子公司戊,AP-2026-001656,应付发票,通用报销单（费用报销）,人民币,207555.29,,--,2026-03-14,FSSC审核岗,应付成本组,审核员07,审核通过,2026-01-10 13:03:07,2026-01-10 13:04:40,2026-01-10 13:12:19,2026-01-10 16:33:40,,--,,示例集团财务共享中心（本部）,通用报销单（费用报销）,非自动审批,1
A08,示例集团·辛公司,AP-2026-001657,应付发票,通用报销单（费用报销）,人民币,39924.59,,--,2026-04-25,FSSC审核岗,应付成本组,审核员02,审核通过,2026-04-08 20:34:34,2026-04-08 20:35:42,2026-04-08 20:38:17,2026-04-08 21:47:42,,--,,示例集团财务共享中心（本部）,通用报销单（费用报销）,非自动审批,1
A08,示例集团·辛公司,AP-2026-001657,应付发票,通用报销单（费用报销）,人民币,61485.06,,--,2026-04-25,FSSC审核岗,应付成本组,审核员02,审核通过,2026-04-08 20:34:34,2026-04-08 20:35:42,2026-04-08 20:39:44,2026-04-08 22:25:42,,--,,示例集团财务共享中心（本部）,通用报销单（费用报销）,非自动审批,1
A01,示例集团·甲公司,AP-2026-001658,付款单,应付付款单（差旅费）,人民币,63274.87,,--,2026-01-13,FSSC审核岗,应付成本组,审核员06,审核通过,2026-01-28 18:09:47,2026-01-28 18:11:28,2026-01-28 18:16:51,2026-01-28 22:05:28,,--,,示例集团财务共享中心（本部）,应付付款单（差旅费）,非自动审批,1
A01,示例集团·甲公司,AP-2026-001658,付款单,应付付款单（差旅费）,人民币,1393645.79,,--,2026-01-13,FSSC审核岗,应付成本组,审核员06,审核通过,2026-01-28 18:09:47,2026-01-28 18:11:28,2026-01-28 18:10:02,2026-01-28 22:13:28,,--,,示例集团财务共享中心（本部）,应付付款单（差旅费）,非自动审批,1
A13,示例集团·子公司丙,AP-2026-001660,应付发票,通用报销单（费用报销）,人民币,50657.58,,--,2026-06-03,FSSC审核岗,应付成本组,审核员07,审核通过,2026-05-28 10:43:08,2026-05-28 10:44:10,2026-05-28 10:44:17,2026-05-28 12:54:10,,--,,示例集团财务共享中心（本部）,通用报销单（费用报销）,非自动审批,1
A13,示例集团·子公司丙,AP-2026-001660,应付发票,通用报销单（费用报销）,人民币,5763.71,,--,2026-06-03,FSSC审核岗,应付成本组,审核员07,审核通过,2026-05-28 10:43:08,2026-05-28 10:44:10,2026-05-28 10:48:17,2026-05-28 13:04:10,,--,,示例集团财务共享中心（本部）,通用报销单（费用报销）,非自动审批,1
A13,示例集团·子公司丙,AP-2026-001660,应付发票,通用报销单（费用报销）,人民币,22013.28,,--,2026-06-03,FSSC审核岗,应付成本组,审核员07,审核通过,2026-05-28 10:43:08,2026-05-28 10:44:10,2026-05-28 10:51:19,2026-05-28 11:49:10,,--,,示例集团财务共享中心（本部）,通用报销单（费用报销）,非自动审批,1
A05,示例集团·戊公司,AP-2026-001665,付款单,其他专项付款单,人民币,168259.44,,--,2026-04-08,FSSC审核岗,应付成本组,审核员03,审核通过,2026-03-09 08:39:36,2026-03-09 08:41:17,2026-03-09 08:43:21,2026-03-09 10:39:17,,--,,示例集团财务共享中心（本部）,其他专项付款单,非自动审批,1
A05,示例集团·戊公司,AP-2026-001665,付款单,其他专项付款单,人民币,40227.45,,--,2026-04-08,FSSC审核岗,应付成本组,审核员03,审核通过,2026-03-09 08:39:36,2026-03-09 08:41:17,2026-03-09 08:42:23,2026-03-09 10:20:17,,--,,示例集团财务共享中心（本部）,其他专项付款单,非自动审批,1
A05,示例集团·戊公司,AP-2026-001665,付款单,其他专项付款单,人民币,61141.04,,--,2026-04-08,FSSC审核岗,应付成本组,审核员03,审核通过,2026-03-09 08:39:36,2026-03-09 08:41:17,2026-03-09 08:42:01,2026-03-09 11:16:17,,--,,示例集团财务共享中心（本部）,其他专项付款单,非自动审批,1
A06,示例集团·己公司,AP-2026-001666,通用报销单,通用报销单（费用报销）,人民币,32704.48,,--,2026-03-14,FSSC审核岗,应付成本组,审核员02,审核通过,2026-03-02 09:57:09,2026-03-02 09:58:20,2026-03-02 10:02:07,2026-03-02 12:50:20,,--,,示例集团财务共享中心（本部）,通用报销单（费用报销）,非自动审批,1
A06,示例集团·己公司,AP-2026-001666,通用报销单,通用报销单（费用报销）,人民币,1160.66,,--,2026-03-14,FSSC审核岗,应付成本组,审核员02,审核通过,2026-03-02 09:57:09,2026-03-02 09:58:20,2026-03-02 10:02:32,2026-03-02 13:17:20,,--,,示例集团财务共享中心（本部）,通用报销单（费用报销）,非自动审批,1
A06,示例集团·己公司,AP-2026-001666,通用报销单,通用报销单（费用报销）,人民币,20146.59,,--,2026-03-14,FSSC审核岗,应付成本组,审核员02,审核通过,2026-03-02 09:57:09,2026-03-02 09:58:20,2026-03-02 10:01:31,2026-03-02 14:29:20,,--,,示例集团财务共享中心（本部）,通用报销单（费用报销）,非自动审批,1
A02,示例集团·乙公司,AP-2026-001667,付款单,应付付款单（差旅费）,人民币,53733.45,,--,2026-01-10,FSSC审核岗,应付成本组,审核员01,审核通过,2026-01-04 11:35:18,2026-01-04 11:35:40,2026-01-04 11:35:46,2026-01-04 13:26:40,,--,,示例集团财务共享中心（本部）,应付付款单（差旅费）,非自动审批,1
A02,示例集团·乙公司,AP-2026-001667,付款单,应付付款单（差旅费）,人民币,5027.79,,--,2026-01-10,FSSC审核岗,应付成本组,审核员01,审核通过,2026-01-04 11:35:18,2026-01-04 11:35:40,2026-01-04 11:42:13,2026-01-04 14:26:40,,--,,示例集团财务共享中心（本部）,应付付款单（差旅费）,非自动审批,1
A13,示例集团·子公司丙,AP-2026-001668,通用报销单,应付付款单（差旅费）,人民币,11494.46,,--,2026-05-24,FSSC审核岗,应付成本组,审核员04,审核通过,2026-01-08 14:53:16,2026-01-08 14:54:25,2026-01-08 15:01:40,2026-01-08 18:16:25,,--,,示例集团财务共享中心（本部）,应付付款单（差旅费）,非自动审批,1
A13,示例集团·子公司丙,AP-2026-001668,通用报销单,应付付款单（差旅费）,人民币,37197.48,,--,2026-05-24,FSSC审核岗,应付成本组,审核员04,审核通过,2026-01-08 14:53:16,2026-01-08 14:54:25,2026-01-08 14:59:48,2026-01-08 17:36:25,,--,,示例集团财务共享中心（本部）,应付付款单（差旅费）,非自动审批,1
A07,示例集团·庚公司,AP-2026-001669,付款单,应付付款单（差旅费）,人民币,37652.66,,--,2026-03-23,FSSC审核岗,应付成本组,审核员04,审核通过,2026-01-14 15:11:05,2026-01-14 15:11:08,2026-01-14 15:18:23,2026-01-14 17:54:08,,--,,示例集团财务共享中心（本部）,应付付款单（差旅费）,非自动审批,1
A07,示例集团·庚公司,AP-2026-001669,付款单,应付付款单（差旅费）,人民币,104004.62,,--,2026-03-23,FSSC审核岗,应付成本组,审核员04,审核通过,2026-01-14 15:11:05,2026-01-14 15:11:08,2026-01-14 15:16:11,2026-01-14 17:54:08,,--,,示例集团财务共享中心（本部）,应付付款单（差旅费）,非自动审批,1
A05,示例集团·戊公司,AP-2026-001670,付款单,通用报销单（费用报销）,人民币,40635.61,,--,2026-02-12,FSSC审核岗,应付成本组,审核员02,审核通过,2026-03-21 18:35:32,2026-03-21 18:36:14,2026-03-21 18:37:23,2026-03-21 19:58:14,,--,,示例集团财务共享中心（本部）,通用报销单（费用报销）,非自动审批,1
A13,示例集团·子公司丙,AP-2026-001671,付款单,其他专项付款单,人民币,98783.64,,--,2026-06-09,FSSC审核岗,应付成本组,审核员01,审核通过,2026-03-12 12:59:50,2026-03-12 13:01:08,2026-03-12 13:08:55,2026-03-12 15:11:08,,--,,示例集团财务共享中心（本部）,其他专项付款单,非自动审批,1
A13,示例集团·子公司丙,AP-2026-001671,付款单,其他专项付款单,人民币,22470.14,,--,2026-06-09,FSSC审核岗,应付成本组,审核员01,审核通过,2026-03-12 12:59:50,2026-03-12 13:01:08,2026-03-12 13:07:50,2026-03-12 15:43:08,,--,,示例集团财务共享中心（本部）,其他专项付款单,非自动审批,1
A04,示例集团·丁公司,AP-2026-001673,应付发票,其他专项付款单,人民币,80514.7,,--,2026-05-27,FSSC审核岗,应付成本组,审核员03,审核通过,2026-03-15 16:14:25,2026-03-15 16:15:12,2026-03-15 16:15:43,2026-03-15 18:54:12,,--,,示例集团财务共享中心（本部）,其他专项付款单,非自动审批,1
A04,示例集团·丁公司,AP-2026-001673,应付发票,其他专项付款单,人民币,469564.62,,--,2026-05-27,FSSC审核岗,应付成本组,审核员03,审核通过,2026-03-15 16:14:25,2026-03-15 16:15:12,2026-03-15 16:20:21,2026-03-15 18:54:12,,--,,示例集团财务共享中心（本部）,其他专项付款单,非自动审批,1
A04,示例集团·丁公司,AP-2026-001673,应付发票,其他专项付款单,人民币,89729.37,,--,2026-05-27,FSSC审核岗,应付成本组,审核员03,审核通过,2026-03-15 16:14:25,2026-03-15 16:15:12,2026-03-15 16:22:54,2026-03-15 19:12:12,,--,,示例集团财务共享中心（本部）,其他专项付款单,非自动审批,1
A11,示例集团·子公司甲,AP-2026-001674,应付发票,应付付款单（材料采购）,人民币,43087.05,,--,2026-02-07,FSSC审核岗,应付成本组,审核员06,审核通过,2026-02-23 20:19:07,2026-02-23 20:19:16,2026-02-23 20:28:04,2026-02-23 22:07:16,,--,,示例集团财务共享中心（本部）,应付付款单（材料采购）,非自动审批,1
A02,示例集团·乙公司,AP-2026-001675,付款单,应付付款单（服务费）,人民币,15997.21,,--,2026-05-22,FSSC审核岗,应付成本组,审核员03,审核通过,2026-02-15 14:49:50,2026-02-15 14:50:29,2026-02-15 14:50:11,2026-02-15 16:02:29,,--,,示例集团财务共享中心（本部）,应付付款单（服务费）,非自动审批,1
A01,示例集团·甲公司,AP-2026-001676,付款单,通用报销单（费用报销）,人民币,67627.2,,--,2026-01-14,FSSC审核岗,应付成本组,审核员04,审核通过,2026-01-14 12:30:55,2026-01-14 12:31:28,2026-01-14 12:35:11,2026-01-14 15:28:28,,--,,示例集团财务共享中心（本部）,通用报销单（费用报销）,非自动审批,1
A01,示例集团·甲公司,AP-2026-001676,付款单,通用报销单（费用报销）,人民币,44126.14,,--,2026-01-14,FSSC审核岗,应付成本组,审核员04,审核通过,2026-01-14 12:30:55,2026-01-14 12:31:28,2026-01-14 12:37:20,2026-01-14 14:29:28,,--,,示例集团财务共享中心（本部）,通用报销单（费用报销）,非自动审批,1
A15,示例集团·子公司戊,AP-2026-001677,付款单,其他专项付款单,人民币,131504.73,,--,2026-06-25,FSSC审核岗,应付成本组,审核员04,审核通过,2026-06-09 16:15:15,2026-06-09 16:16:33,2026-06-09 16:16:07,2026-06-09 20:08:33,,--,,示例集团财务共享中心（本部）,其他专项付款单,非自动审批,1
A15,示例集团·子公司戊,AP-2026-001677,付款单,其他专项付款单,人民币,4671.89,,--,2026-06-25,FSSC审核岗,应付成本组,审核员04,审核通过,2026-06-09 16:15:15,2026-06-09 16:16:33,2026-06-09 16:24:35,2026-06-09 19:46:33,,--,,示例集团财务共享中心（本部）,其他专项付款单,非自动审批,1
A09,示例集团·壬公司,AP-2026-001678,应付发票,应付付款单（服务费）,人民币,46011.66,,--,2026-02-20,FSSC审核岗,应付成本组,审核员07,审核通过,2026-03-06 15:59:28,2026-03-06 16:00:11,2026-03-06 16:09:10,2026-03-06 20:22:11,,--,,示例集团财务共享中心（本部）,应付付款单（服务费）,非自动审批,1
A09,示例集团·壬公司,AP-2026-001678,应付发票,应付付款单（服务费）,人民币,107687.98,,--,2026-02-20,FSSC审核岗,应付成本组,审核员07,审核通过,2026-03-06 15:59:28,2026-03-06 16:00:11,2026-03-06 16:07:37,2026-03-06 20:27:11,,--,,示例集团财务共享中心（本部）,应付付款单（服务费）,非自动审批,1
A09,示例集团·壬公司,AP-2026-001678,应付发票,应付付款单（服务费）,人民币,71763.8,,--,2026-02-20,FSSC审核岗,应付成本组,审核员07,审核通过,2026-03-06 15:59:28,2026-03-06 16:00:11,2026-03-06 16:03:40,2026-03-06 19:12:11,,--,,示例集团财务共享中心（本部）,应付付款单（服务费）,非自动审批,1
A06,示例集团·己公司,AP-2026-001679,应付发票,应付确认单（物料类）,人民币,37589.22,,--,2026-04-05,FSSC审核岗,应付成本组,审核员04,审核通过,2026-04-16 09:33:14,2026-04-16 09:33:26,2026-04-16 09:34:59,2026-04-16 12:02:26,,--,,示例集团财务共享中心（本部）,应付确认单（物料类）,非自动审批,1
A03,示例集团·丙公司,AP-2026-001680,付款单,通用报销单（费用报销）,人民币,36868.24,,--,2026-02-26,FSSC审核岗,应付成本组,审核员05,审核通过,2026-03-09 17:31:16,2026-03-09 17:32:31,2026-03-09 17:39:46,2026-03-09 21:57:31,,--,,示例集团财务共享中心（本部）,通用报销单（费用报销）,非自动审批,1
A03,示例集团·丙公司,AP-2026-001680,付款单,通用报销单（费用报销）,人民币,12856.62,,--,2026-02-26,FSSC审核岗,应付成本组,审核员05,审核通过,2026-03-09 17:31:16,2026-03-09 17:32:31,2026-03-09 17:36:37,2026-03-09 21:09:31,,--,,示例集团财务共享中心（本部）,通用报销单（费用报销）,非自动审批,1
A03,示例集团·丙公司,AP-2026-001680,付款单,通用报销单（费用报销）,人民币,101764.91,,--,2026-02-26,FSSC审核岗,应付成本组,审核员05,审核通过,2026-03-09 17:31:16,2026-03-09 17:32:31,2026-03-09 17:37:02,2026-03-09 20:45:31,,--,,示例集团财务共享中心（本部）,通用报销单（费用报销）,非自动审批,1
A01,示例集团·甲公司,AP-2026-001681,通用报销单,应付确认单（物料类）,人民币,108536.24,,--,2026-01-28,FSSC审核岗,应付成本组,审核员02,审核通过,2026-02-14 13:33:54,2026-02-14 13:35:05,2026-02-14 13:41:44,2026-02-14 18:04:05,,--,,示例集团财务共享中心（本部）,应付确认单（物料类）,非自动审批,1
A02,示例集团·乙公司,AP-2026-001682,付款单,应付付款单（差旅费）,人民币,8280.45,,--,2026-02-28,FSSC审核岗,应付成本组,审核员06,审核通过,2026-05-28 11:06:39,2026-05-28 11:08:26,2026-05-28 11:07:29,2026-05-28 12:47:26,,--,,示例集团财务共享中心（本部）,应付付款单（差旅费）,非自动审批,1
A02,示例集团·乙公司,AP-2026-001682,付款单,应付付款单（差旅费）,人民币,174641.84,,--,2026-02-28,FSSC审核岗,应付成本组,审核员06,审核通过,2026-05-28 11:06:39,2026-05-28 11:08:26,2026-05-28 11:13:56,2026-05-28 12:32:26,,--,,示例集团财务共享中心（本部）,应付付款单（差旅费）,非自动审批,1
A09,示例集团·壬公司,AP-2026-001683,应付发票,应付确认单（物料类）,人民币,23945.79,,--,2026-05-20,FSSC审核岗,应付成本组,审核员01,审核通过,2026-02-07 15:59:08,2026-02-07 15:59:18,2026-02-07 16:04:35,2026-02-07 17:09:18,,--,,示例集团财务共享中心（本部）,应付确认单（物料类）,非自动审批,1
A09,示例集团·壬公司,AP-2026-001683,应付发票,应付确认单（物料类）,人民币,35369.65,,--,2026-05-20,FSSC审核岗,应付成本组,审核员01,审核通过,2026-02-07 15:59:08,2026-02-07 15:59:18,2026-02-07 16:05:56,2026-02-07 18:13:18,,--,,示例集团财务共享中心（本部）,应付确认单（物料类）,非自动审批,1
A09,示例集团·壬公司,AP-2026-001683,应付发票,应付确认单（物料类）,人民币,802474.23,,--,2026-05-20,FSSC审核岗,应付成本组,审核员01,审核通过,2026-02-07 15:59:08,2026-02-07 15:59:18,2026-02-07 16:05:02,2026-02-07 17:36:18,,--,,示例集团财务共享中心（本部）,应付确认单（物料类）,非自动审批,1
A04,示例集团·丁公司,AP-2026-001684,应付发票,应付付款单（服务费）,人民币,563931.36,,--,2026-06-02,FSSC审核岗,应付成本组,审核员02,审核通过,2026-04-21 08:31:32,2026-04-21 08:32:36,2026-04-21 08:35:40,2026-04-21 11:21:36,,--,,示例集团财务共享中心（本部）,应付付款单（服务费）,非自动审批,1
A04,示例集团·丁公司,AP-2026-001684,应付发票,应付付款单（服务费）,人民币,7901.15,,--,2026-06-02,FSSC审核岗,应付成本组,审核员02,审核通过,2026-04-21 08:31:32,2026-04-21 08:32:36,2026-04-21 08:38:16,2026-04-21 10:15:36,,--,,示例集团财务共享中心（本部）,应付付款单（服务费）,非自动审批,1
A11,示例集团·子公司甲,AP-2026-001685,通用报销单,应付付款单（材料采购）,人民币,9990.64,,--,2026-06-04,FSSC审核岗,应付成本组,审核员03,审核通过,2026-01-03 15:40:29,2026-01-03 15:41:12,2026-01-03 15:44:04,2026-01-03 18:29:12,,--,,示例集团财务共享中心（本部）,应付付款单（材料采购）,非自动审批,1
A02,示例集团·乙公司,AP-2026-001686,应付发票,应付付款单（材料采购）,人民币,13747.52,,--,2026-03-24,FSSC审核岗,应付成本组,审核员05,审核通过,2026-01-25 13:32:36,2026-01-25 13:34:05,2026-01-25 13:38:37,2026-01-25 16:23:05,,--,,示例集团财务共享中心（本部）,应付付款单（材料采购）,非自动审批,1
A10,示例集团·癸公司,AP-2026-001687,付款单,通用报销单（费用报销）,人民币,551674.98,,--,2026-04-09,FSSC审核岗,应付成本组,审核员04,审核通过,2026-05-21 10:10:19,2026-05-21 10:11:59,2026-05-21 10:19:43,2026-05-21 13:35:59,,--,,示例集团财务共享中心（本部）,通用报销单（费用报销）,非自动审批,1
A10,示例集团·癸公司,AP-2026-001687,付款单,通用报销单（费用报销）,人民币,25588.74,,--,2026-04-09,FSSC审核岗,应付成本组,审核员04,审核通过,2026-05-21 10:10:19,2026-05-21 10:11:59,2026-05-21 10:12:07,2026-05-21 13:38:59,,--,,示例集团财务共享中心（本部）,通用报销单（费用报销）,非自动审批,1
A01,示例集团·甲公司,AP-2026-001689,付款单,应付付款单（材料采购）,人民币,7602.06,,--,2026-04-20,FSSC审核岗,应付成本组,审核员02,审核通过,2026-06-04 11:47:25,2026-06-04 11:47:58,2026-06-04 11:52:35,2026-06-04 14:53:58,,--,,示例集团财务共享中心（本部）,应付付款单（材料采购）,非自动审批,1
A15,示例集团·子公司戊,AP-2026-001691,付款单,应付付款单（服务费）,人民币,336187.79,,--,2026-01-20,FSSC审核岗,应付成本组,审核员07,审核通过,2026-01-23 09:30:11,2026-01-23 09:31:51,2026-01-23 09:37:40,2026-01-23 11:40:51,,--,,示例集团财务共享中心（本部）,应付付款单（服务费）,非自动审批,1
A15,示例集团·子公司戊,AP-2026-001691,付款单,应付付款单（服务费）,人民币,137518.94,,--,2026-01-20,FSSC审核岗,应付成本组,审核员07,审核通过,2026-01-23 09:30:11,2026-01-23 09:31:51,2026-01-23 09:35:05,2026-01-23 12:14:51,,--,,示例集团财务共享中心（本部）,应付付款单（服务费）,非自动审批,1
A01,示例集团·甲公司,AP-2026-001692,应付发票,通用报销单（费用报销）,人民币,1399063.49,,--,2026-05-20,FSSC审核岗,应付成本组,审核员02,审核通过,2026-05-14 15:02:15,2026-05-14 15:02:33,2026-05-14 15:05:10,2026-05-14 17:17:33,,--,,示例集团财务共享中心（本部）,通用报销单（费用报销）,非自动审批,1
A01,示例集团·甲公司,AP-2026-001692,应付发票,通用报销单（费用报销）,人民币,137132.65,,--,2026-05-20,FSSC审核岗,应付成本组,审核员02,审核通过,2026-05-14 15:02:15,2026-05-14 15:02:33,2026-05-14 15:04:11,2026-05-14 17:28:33,,--,,示例集团财务共享中心（本部）,通用报销单（费用报销）,非自动审批,1
A03,示例集团·丙公司,AP-2026-001693,应付发票,通用报销单（费用报销）,人民币,57260.36,,--,2026-01-24,FSSC审核岗,应付成本组,审核员05,审核通过,2026-01-20 16:57:44,2026-01-20 16:59:17,2026-01-20 17:06:32,2026-01-20 18:57:17,,--,,示例集团财务共享中心（本部）,通用报销单（费用报销）,非自动审批,1
A03,示例集团·丙公司,AP-2026-001693,应付发票,通用报销单（费用报销）,人民币,85287.35,,--,2026-01-24,FSSC审核岗,应付成本组,审核员05,审核通过,2026-01-20 16:57:44,2026-01-20 16:59:17,2026-01-20 17:05:38,2026-01-20 19:41:17,,--,,示例集团财务共享中心（本部）,通用报销单（费用报销）,非自动审批,1
A03,示例集团·丙公司,AP-2026-001693,应付发票,通用报销单（费用报销）,人民币,31755.06,,--,2026-01-24,FSSC审核岗,应付成本组,审核员05,审核通过,2026-01-20 16:57:44,2026-01-20 16:59:17,2026-01-20 16:59:03,2026-01-20 19:25:17,,--,,示例集团财务共享中心（本部）,通用报销单（费用报销）,非自动审批,1
A04,示例集团·丁公司,AP-2026-001694,应付发票,应付付款单（服务费）,人民币,372388.97,,--,2026-04-18,FSSC审核岗,应付成本组,审核员01,审核通过,2026-06-10 12:17:29,2026-06-10 12:19:07,2026-06-10 12:19:22,2026-06-10 15:31:07,,--,,示例集团财务共享中心（本部）,应付付款单（服务费）,非自动审批,1
A04,示例集团·丁公司,AP-2026-001694,应付发票,应付付款单（服务费）,人民币,400947.6,,--,2026-04-18,FSSC审核岗,应付成本组,审核员01,审核通过,2026-06-10 12:17:29,2026-06-10 12:19:07,2026-06-10 12:23:06,2026-06-10 15:46:07,,--,,示例集团财务共享中心（本部）,应付付款单（服务费）,非自动审批,1
A04,示例集团·丁公司,AP-2026-001694,应付发票,应付付款单（服务费）,人民币,6528.36,,--,2026-04-18,FSSC审核岗,应付成本组,审核员01,审核通过,2026-06-10 12:17:29,2026-06-10 12:19:07,2026-06-10 12:25:32,2026-06-10 15:05:07,,--,,示例集团财务共享中心（本部）,应付付款单（服务费）,非自动审批,1
A02,示例集团·乙公司,AP-2026-001695,应付发票,应付付款单（差旅费）,人民币,224030.61,,--,2026-06-23,FSSC审核岗,应付成本组,审核员03,审核通过,2026-05-14 13:45:03,2026-05-14 13:45:19,2026-05-14 13:50:28,2026-05-14 18:15:19,,--,,示例集团财务共享中心（本部）,应付付款单（差旅费）,非自动审批,1
A09,示例集团·壬公司,AP-2026-001698,应付发票,通用报销单（费用报销）,人民币,13366.46,,--,2026-01-21,FSSC审核岗,应付成本组,审核员02,审核通过,2026-04-13 19:25:05,2026-04-13 19:26:30,2026-04-13 19:32:45,2026-04-13 22:27:30,,--,,示例集团财务共享中心（本部）,通用报销单（费用报销）,非自动审批,1
A09,示例集团·壬公司,AP-2026-001698,应付发票,通用报销单（费用报销）,人民币,1757197.19,,--,2026-01-21,FSSC审核岗,应付成本组,审核员02,审核通过,2026-04-13 19:25:05,2026-04-13 19:26:30,2026-04-13 19:32:24,2026-04-13 22:13:30,,--,,示例集团财务共享中心（本部）,通用报销单（费用报销）,非自动审批,1
A04,示例集团·丁公司,AP-2026-001699,应付发票,应付付款单（材料采购）,人民币,500749.03,,--,2026-01-03,FSSC审核岗,应付成本组,审核员01,审核通过,2026-03-26 20:13:22,2026-03-26 20:13:25,2026-03-26 20:16:00,2026-03-26 23:43:25,,--,,示例集团财务共享中心（本部）,应付付款单（材料采购）,非自动审批,1
A03,示例集团·丙公司,AP-2026-001700,应付发票,应付确认单（物料类）,人民币,12170.4,,--,2026-03-17,FSSC审核岗,应付成本组,审核员05,审核通过,2026-01-14 11:13:11,2026-01-14 11:14:38,2026-01-14 11:16:04,2026-01-14 14:38:38,,--,,示例集团财务共享中心（本部）,应付确认单（物料类）,非自动审批,1
A03,示例集团·丙公司,AP-2026-001700,应付发票,应付确认单（物料类）,人民币,83666.86,,--,2026-03-17,FSSC审核岗,应付成本组,审核员05,审核通过,2026-01-14 11:13:11,2026-01-14 11:14:38,2026-01-14 11:14:29,2026-01-14 14:38:38,,--,,示例集团财务共享中心（本部）,应付确认单（物料类）,非自动审批,1
A04,示例集团·丁公司,AP-2026-001701,应付发票,应付付款单（服务费）,人民币,240462.86,,--,2026-03-13,FSSC审核岗,应付成本组,审核员06,审核通过,2026-01-09 19:03:00,2026-01-09 19:04:40,2026-01-09 19:05:10,2026-01-09 20:59:40,,--,,示例集团财务共享中心（本部）,应付付款单（服务费）,非自动审批,1
A04,示例集团·丁公司,AP-2026-001701,应付发票,应付付款单（服务费）,人民币,25004.98,,--,2026-03-13,FSSC审核岗,应付成本组,审核员06,审核通过,2026-01-09 19:03:00,2026-01-09 19:04:40,2026-01-09 19:11:32,2026-01-09 22:15:40,,--,,示例集团财务共享中心（本部）,应付付款单（服务费）,非自动审批,1
A04,示例集团·丁公司,AP-2026-001701,应付发票,应付付款单（服务费）,人民币,8840.69,,--,2026-03-13,FSSC审核岗,应付成本组,审核员06,审核通过,2026-01-09 19:03:00,2026-01-09 19:04:40,2026-01-09 19:12:45,2026-01-09 21:57:40,,--,,示例集团财务共享中心（本部）,应付付款单（服务费）,非自动审批,1
A16,示例集团·子公司己,AP-2026-001702,通用报销单,其他专项付款单,人民币,69044.11,,--,2026-03-11,FSSC审核岗,应付成本组,审核员04,审核通过,2026-06-07 13:52:55,2026-06-07 13:54:09,2026-06-07 14:01:46,2026-06-07 16:10:09,,--,,示例集团财务共享中心（本部）,其他专项付款单,非自动审批,1
A16,示例集团·子公司己,AP-2026-001702,通用报销单,其他专项付款单,人民币,47900.93,,--,2026-03-11,FSSC审核岗,应付成本组,审核员04,审核通过,2026-06-07 13:52:55,2026-06-07 13:54:09,2026-06-07 13:55:53,2026-06-07 15:57:09,,--,,示例集团财务共享中心（本部）,其他专项付款单,非自动审批,1
A16,示例集团·子公司己,AP-2026-001702,通用报销单,其他专项付款单,人民币,16647.36,,--,2026-03-11,FSSC审核岗,应付成本组,审核员04,审核通过,2026-06-07 13:52:55,2026-06-07 13:54:09,2026-06-07 13:54:10,2026-06-07 16:43:09,,--,,示例集团财务共享中心（本部）,其他专项付款单,非自动审批,1
A07,示例集团·庚公司,AP-2026-001703,付款单,应付付款单（材料采购）,人民币,337907.96,,--,2026-06-27,FSSC审核岗,应付成本组,审核员07,审核通过,2026-05-08 17:28:49,2026-05-08 17:30:07,2026-05-08 17:38:01,2026-05-08 19:57:07,,--,,示例集团财务共享中心（本部）,应付付款单（材料采购）,非自动审批,1
A08,示例集团·辛公司,AP-2026-001705,付款单,其他专项付款单,人民币,9852.33,,--,2026-02-15,FSSC审核岗,应付成本组,审核员04,审核通过,2026-04-19 12:29:28,2026-04-19 12:30:58,2026-04-19 12:39:11,2026-04-19 14:38:58,,--,,示例集团财务共享中心（本部）,其他专项付款单,非自动审批,1
A08,示例集团·辛公司,AP-2026-001705,付款单,其他专项付款单,人民币,51482.08,,--,2026-02-15,FSSC审核岗,应付成本组,审核员04,审核通过,2026-04-19 12:29:28,2026-04-19 12:30:58,2026-04-19 12:35:20,2026-04-19 14:51:58,,--,,示例集团财务共享中心（本部）,其他专项付款单,非自动审批,1
A08,示例集团·辛公司,AP-2026-001705,付款单,其他专项付款单,人民币,77231.05,,--,2026-02-15,FSSC审核岗,应付成本组,审核员04,审核通过,2026-04-19 12:29:28,2026-04-19 12:30:58,2026-04-19 12:35:54,2026-04-19 13:23:58,,--,,示例集团财务共享中心（本部）,其他专项付款单,非自动审批,1
A01,示例集团·甲公司,AP-2026-001706,通用报销单,其他专项付款单,人民币,92278.03,,--,2026-03-03,FSSC审核岗,应付成本组,审核员04,审核通过,2026-05-07 20:34:07,2026-05-07 20:35:39,2026-05-07 20:35:20,2026-05-08 00:01:39,,--,,示例集团财务共享中心（本部）,其他专项付款单,非自动审批,1
A01,示例集团·甲公司,AP-2026-001707,应付发票,应付确认单（物料类）,人民币,291542.91,,--,2026-04-17,FSSC审核岗,应付成本组,审核员04,审核通过,2026-04-04 14:32:01,2026-04-04 14:32:35,2026-04-04 14:39:57,2026-04-04 18:53:35,,--,,示例集团财务共享中心（本部）,应付确认单（物料类）,非自动审批,1
A18,示例集团·子公司辛,AP-2026-001708,通用报销单,应付付款单（材料采购）,人民币,42785.27,,--,2026-01-14,FSSC审核岗,应付成本组,审核员07,审核通过,2026-01-01 12:21:47,2026-01-01 12:21:50,2026-01-01 12:30:59,2026-01-01 15:49:50,,--,,示例集团财务共享中心（本部）,应付付款单（材料采购）,非自动审批,1
A01,示例集团·甲公司,AP-2026-001709,应付发票,应付付款单（材料采购）,人民币,1564.32,,--,2026-06-09,FSSC审核岗,应付成本组,审核员06,审核通过,2026-04-14 09:31:38,2026-04-14 09:32:47,2026-04-14 09:40:13,2026-04-14 12:06:47,,--,,示例集团财务共享中心（本部）,应付付款单（材料采购）,非自动审批,1
A01,示例集团·甲公司,AP-2026-001709,应付发票,应付付款单（材料采购）,人民币,34839.67,,--,2026-06-09,FSSC审核岗,应付成本组,审核员06,审核通过,2026-04-14 09:31:38,2026-04-14 09:32:47,2026-04-14 09:40:12,2026-04-14 13:49:47,,--,,示例集团财务共享中心（本部）,应付付款单（材料采购）,非自动审批,1
A10,示例集团·癸公司,AP-2026-001711,付款单,应付确认单（物料类）,人民币,165368.0,,--,2026-03-19,FSSC审核岗,应付成本组,审核员05,审核通过,2026-02-14 16:55:46,2026-02-14 16:56:36,2026-02-14 17:00:17,2026-02-14 18:58:36,,--,,示例集团财务共享中心（本部）,应付确认单（物料类）,非自动审批,1
A10,示例集团·癸公司,AP-2026-001711,付款单,应付确认单（物料类）,人民币,48932.11,,--,2026-03-19,FSSC审核岗,应付成本组,审核员05,审核通过,2026-02-14 16:55:46,2026-02-14 16:56:36,2026-02-14 16:57:33,2026-02-14 18:22:36,,--,,示例集团财务共享中心（本部）,应付确认单（物料类）,非自动审批,1
A12,示例集团·子公司乙,AP-2026-001712,付款单,其他专项付款单,人民币,49441.79,,--,2026-02-13,FSSC审核岗,应付成本组,审核员04,审核通过,2026-06-26 17:41:14,2026-06-26 17:42:52,2026-06-26 17:41:28,2026-06-26 19:06:52,,--,,示例集团财务共享中心（本部）,其他专项付款单,非自动审批,1
A05,示例集团·戊公司,AP-2026-001713,付款单,应付付款单（差旅费）,人民币,125078.73,,--,2026-02-02,FSSC审核岗,应付成本组,审核员06,审核通过,2026-01-14 10:04:00,2026-01-14 10:04:55,2026-01-14 10:04:47,2026-01-14 12:41:55,,--,,示例集团财务共享中心（本部）,应付付款单（差旅费）,非自动审批,1
A05,示例集团·戊公司,AP-2026-001713,付款单,应付付款单（差旅费）,人民币,150431.14,,--,2026-02-02,FSSC审核岗,应付成本组,审核员06,审核通过,2026-01-14 10:04:00,2026-01-14 10:04:55,2026-01-14 10:11:45,2026-01-14 11:48:55,,--,,示例集团财务共享中心（本部）,应付付款单（差旅费）,非自动审批,1
A05,示例集团·戊公司,AP-2026-001714,付款单,应付付款单（服务费）,人民币,4910.14,,--,2026-05-23,FSSC审核岗,应付成本组,审核员06,审核通过,2026-06-18 09:43:22,2026-06-18 09:43:51,2026-06-18 09:47:36,2026-06-18 12:58:51,,--,,示例集团财务共享中心（本部）,应付付款单（服务费）,非自动审批,1
A12,示例集团·子公司乙,AP-2026-001715,付款单,通用报销单（费用报销）,人民币,58328.27,,--,2026-02-28,FSSC审核岗,应付成本组,审核员03,审核通过,2026-03-14 10:44:23,2026-03-14 10:44:41,2026-03-14 10:45:25,2026-03-14 13:58:41,,--,,示例集团财务共享中心（本部）,通用报销单（费用报销）,非自动审批,1
A05,示例集团·戊公司,AP-2026-001716,应付发票,其他专项付款单,人民币,45556.11,,--,2026-04-20,FSSC审核岗,应付成本组,审核员04,审核通过,2026-04-09 20:32:44,2026-04-09 20:33:32,2026-04-09 20:40:29,2026-04-10 00:49:32,,--,,示例集团财务共享中心（本部）,其他专项付款单,非自动审批,1
A09,示例集团·壬公司,AP-2026-001717,付款单,其他专项付款单,人民币,66513.96,,--,2026-04-07,FSSC审核岗,应付成本组,审核员03,审核通过,2026-01-26 12:57:48,2026-01-26 12:57:52,2026-01-26 13:00:40,2026-01-26 17:25:52,,--,,示例集团财务共享中心（本部）,其他专项付款单,非自动审批,1
A09,示例集团·壬公司,AP-2026-001717,付款单,其他专项付款单,人民币,3798.42,,--,2026-04-07,FSSC审核岗,应付成本组,审核员03,审核通过,2026-01-26 12:57:48,2026-01-26 12:57:52,2026-01-26 13:04:58,2026-01-26 17:18:52,,--,,示例集团财务共享中心（本部）,其他专项付款单,非自动审批,1
A03,示例集团·丙公司,AP-2026-001718,付款单,应付付款单（材料采购）,人民币,381672.94,,--,2026-06-28,FSSC审核岗,应付成本组,审核员02,审核通过,2026-01-12 09:20:07,2026-01-12 09:20:52,2026-01-12 09:29:52,2026-01-12 11:17:52,,--,,示例集团财务共享中心（本部）,应付付款单（材料采购）,非自动审批,1
A01,示例集团·甲公司,AP-2026-001719,付款单,应付付款单（差旅费）,人民币,60440.42,,--,2026-01-21,FSSC审核岗,应付成本组,审核员06,审核通过,2026-06-28 12:47:53,2026-06-28 12:48:46,2026-06-28 12:53:15,2026-06-28 14:44:46,,--,,示例集团财务共享中心（本部）,应付付款单（差旅费）,非自动审批,1
A01,示例集团·甲公司,AP-2026-001719,付款单,应付付款单（差旅费）,人民币,108552.51,,--,2026-01-21,FSSC审核岗,应付成本组,审核员06,审核通过,2026-06-28 12:47:53,2026-06-28 12:48:46,2026-06-28 12:55:47,2026-06-28 16:23:46,,--,,示例集团财务共享中心（本部）,应付付款单（差旅费）,非自动审批,1
A09,示例集团·壬公司,AP-2026-001720,付款单,应付付款单（材料采购）,人民币,709544.08,,--,2026-02-26,FSSC审核岗,应付成本组,审核员04,审核通过,2026-02-14 13:15:33,2026-02-14 13:17:30,2026-02-14 13:20:07,2026-02-14 15:25:30,,--,,示例集团财务共享中心（本部）,应付付款单（材料采购）,非自动审批,1
A09,示例集团·壬公司,AP-2026-001720,付款单,应付付款单（材料采购）,人民币,110030.61,,--,2026-02-26,FSSC审核岗,应付成本组,审核员04,审核通过,2026-02-14 13:15:33,2026-02-14 13:17:30,2026-02-14 13:24:00,2026-02-14 15:23:30,,--,,示例集团财务共享中心（本部）,应付付款单（材料采购）,非自动审批,1
A13,示例集团·子公司丙,AP-2026-001721,通用报销单,其他专项付款单,人民币,6933.57,,--,2026-02-28,FSSC审核岗,应付成本组,审核员04,审核通过,2026-03-03 08:48:08,2026-03-03 08:48:48,2026-03-03 08:50:50,2026-03-03 13:13:48,,--,,示例集团财务共享中心（本部）,其他专项付款单,非自动审批,1
A13,示例集团·子公司丙,AP-2026-001721,通用报销单,其他专项付款单,人民币,53049.4,,--,2026-02-28,FSSC审核岗,应付成本组,审核员04,审核通过,2026-03-03 08:48:08,2026-03-03 08:48:48,2026-03-03 08:54:41,2026-03-03 11:33:48,,--,,示例集团财务共享中心（本部）,其他专项付款单,非自动审批,1
A13,示例集团·子公司丙,AP-2026-001721,通用报销单,其他专项付款单,人民币,154020.86,,--,2026-02-28,FSSC审核岗,应付成本组,审核员04,审核通过,2026-03-03 08:48:08,2026-03-03 08:48:48,2026-03-03 08:56:29,2026-03-03 12:47:48,,--,,示例集团财务共享中心（本部）,其他专项付款单,非自动审批,1
A06,示例集团·己公司,AP-2026-001722,付款单,其他专项付款单,人民币,64814.21,,--,2026-02-03,FSSC审核岗,应付成本组,审核员06,审核通过,2026-03-22 13:33:01,2026-03-22 13:33:59,2026-03-22 13:40:08,2026-03-22 16:05:59,,--,,示例集团财务共享中心（本部）,其他专项付款单,非自动审批,1
A06,示例集团·己公司,AP-2026-001722,付款单,其他专项付款单,人民币,653142.14,,--,2026-02-03,FSSC审核岗,应付成本组,审核员06,审核通过,2026-03-22 13:33:01,2026-03-22 13:33:59,2026-03-22 13:38:40,2026-03-22 15:20:59,,--,,示例集团财务共享中心（本部）,其他专项付款单,非自动审批,1
A15,示例集团·子公司戊,AP-2026-001723,付款单,应付付款单（材料采购）,人民币,18063.58,,--,2026-05-14,FSSC审核岗,应付成本组,审核员06,审核通过,2026-06-01 12:47:16,2026-06-01 12:48:31,2026-06-01 12:56:06,2026-06-01 16:30:31,,--,,示例集团财务共享中心（本部）,应付付款单（材料采购）,非自动审批,1
A15,示例集团·子公司戊,AP-2026-001723,付款单,应付付款单（材料采购）,人民币,342207.15,,--,2026-05-14,FSSC审核岗,应付成本组,审核员06,审核通过,2026-06-01 12:47:16,2026-06-01 12:48:31,2026-06-01 12:55:18,2026-06-01 16:22:31,,--,,示例集团财务共享中心（本部）,应付付款单（材料采购）,非自动审批,1
A09,示例集团·壬公司,AP-2026-001724,付款单,应付付款单（差旅费）,人民币,193821.8,,--,2026-03-05,FSSC审核岗,应付成本组,审核员03,审核驳回,2026-04-20 17:23:35,2026-04-20 17:24:58,2026-04-20 17:27:54,--,,--,,示例集团财务共享中心（本部）,应付付款单（差旅费）,非自动审批,1
A09,示例集团·壬公司,AP-2026-001724,付款单,应付付款单（差旅费）,人民币,67797.01,,--,2026-03-05,FSSC审核岗,应付成本组,审核员03,审核驳回,2026-04-20 17:23:35,2026-04-20 17:24:58,2026-04-20 17:32:00,--,,--,,示例集团财务共享中心（本部）,应付付款单（差旅费）,非自动审批,1
A09,示例集团·壬公司,AP-2026-001724,付款单,应付付款单（差旅费）,人民币,95211.97,,--,2026-03-05,FSSC审核岗,应付成本组,审核员03,审核驳回,2026-04-20 17:23:35,2026-04-20 17:24:58,2026-04-20 17:24:53,--,,--,,示例集团财务共享中心（本部）,应付付款单（差旅费）,非自动审批,1
A05,示例集团·戊公司,AP-2026-001725,应付发票,通用报销单（费用报销）,人民币,15233.25,,--,2026-02-11,FSSC审核岗,应付成本组,审核员06,审核驳回,2026-03-22 11:40:02,2026-03-22 11:40:25,2026-03-22 11:45:42,--,,--,,示例集团财务共享中心（本部）,通用报销单（费用报销）,非自动审批,1
A05,示例集团·戊公司,AP-2026-001725,应付发票,通用报销单（费用报销）,人民币,38942.48,,--,2026-02-11,FSSC审核岗,应付成本组,审核员06,审核驳回,2026-03-22 11:40:02,2026-03-22 11:40:25,2026-03-22 11:43:24,--,,--,,示例集团财务共享中心（本部）,通用报销单（费用报销）,非自动审批,1
A05,示例集团·戊公司,AP-2026-001725,应付发票,通用报销单（费用报销）,人民币,134317.88,,--,2026-02-11,FSSC审核岗,应付成本组,审核员06,审核驳回,2026-03-22 11:40:02,2026-03-22 11:40:25,2026-03-22 11:42:38,--,,--,,示例集团财务共享中心（本部）,通用报销单（费用报销）,非自动审批,1
A04,示例集团·丁公司,AP-2026-001726,通用报销单,应付付款单（服务费）,人民币,48593.06,,--,2026-06-15,FSSC审核岗,应付成本组,审核员04,审核通过,2026-01-19 09:17:16,2026-01-19 09:18:51,2026-01-19 09:18:22,2026-01-19 13:09:51,,--,,示例集团财务共享中心（本部）,应付付款单（服务费）,非自动审批,1
A04,示例集团·丁公司,AP-2026-001726,通用报销单,应付付款单（服务费）,人民币,65142.61,,--,2026-06-15,FSSC审核岗,应付成本组,审核员04,审核通过,2026-01-19 09:17:16,2026-01-19 09:18:51,2026-01-19 09:24:46,2026-01-19 12:56:51,,--,,示例集团财务共享中心（本部）,应付付款单（服务费）,非自动审批,1
A04,示例集团·丁公司,AP-2026-001726,通用报销单,应付付款单（服务费）,人民币,240246.47,,--,2026-06-15,FSSC审核岗,应付成本组,审核员04,审核通过,2026-01-19 09:17:16,2026-01-19 09:18:51,2026-01-19 09:25:53,2026-01-19 12:26:51,,--,,示例集团财务共享中心（本部）,应付付款单（服务费）,非自动审批,1
A04,示例集团·丁公司,AP-2026-001728,付款单,应付付款单（服务费）,人民币,4145.83,,--,2026-05-16,FSSC审核岗,应付成本组,审核员07,审核通过,2026-06-03 11:58:28,2026-06-03 11:59:33,2026-06-03 12:05:28,2026-06-03 14:53:33,,--,,示例集团财务共享中心（本部）,应付付款单（服务费）,非自动审批,1
A04,示例集团·丁公司,AP-2026-001728,付款单,应付付款单（服务费）,人民币,100422.21,,--,2026-05-16,FSSC审核岗,应付成本组,审核员07,审核通过,2026-06-03 11:58:28,2026-06-03 11:59:33,2026-06-03 12:00:27,2026-06-03 15:53:33,,--,,示例集团财务共享中心（本部）,应付付款单（服务费）,非自动审批,1
A04,示例集团·丁公司,AP-2026-001728,付款单,应付付款单（服务费）,人民币,720106.16,,--,2026-05-16,FSSC审核岗,应付成本组,审核员07,审核通过,2026-06-03 11:58:28,2026-06-03 11:59:33,2026-06-03 12:03:34,2026-06-03 16:51:33,,--,,示例集团财务共享中心（本部）,应付付款单（服务费）,非自动审批,1
A14,示例集团·子公司丁,AP-2026-001729,付款单,通用报销单（费用报销）,人民币,35326.43,,--,2026-04-18,FSSC审核岗,应付成本组,审核员06,审核通过,2026-05-20 16:49:58,2026-05-20 16:51:20,2026-05-20 16:54:31,2026-05-20 17:42:20,,--,,示例集团财务共享中心（本部）,通用报销单（费用报销）,非自动审批,1
A11,示例集团·子公司甲,AP-2026-001730,付款单,通用报销单（费用报销）,人民币,10488.23,,--,2026-06-22,FSSC审核岗,应付成本组,审核员05,审核通过,2026-03-06 16:24:45,2026-03-06 16:26:29,2026-03-06 16:30:53,2026-03-06 19:28:29,,--,,示例集团财务共享中心（本部）,通用报销单（费用报销）,非自动审批,1
A10,示例集团·癸公司,AP-2026-001731,通用报销单,通用报销单（费用报销）,人民币,34726.88,,--,2026-02-28,FSSC审核岗,应付成本组,审核员04,审核通过,2026-05-10 16:48:42,2026-05-10 16:49:53,2026-05-10 16:49:39,2026-05-10 20:31:53,,--,,示例集团财务共享中心（本部）,通用报销单（费用报销）,非自动审批,1
A02,示例集团·乙公司,AP-2026-001733,通用报销单,应付付款单（服务费）,人民币,7158.7,,--,2026-05-07,FSSC审核岗,应付成本组,审核员02,审核通过,2026-01-10 19:25:18,2026-01-10 19:25:50,2026-01-10 19:32:14,2026-01-10 21:36:50,,--,,示例集团财务共享中心（本部）,应付付款单（服务费）,非自动审批,1
A02,示例集团·乙公司,AP-2026-001733,通用报销单,应付付款单（服务费）,人民币,82121.83,,--,2026-05-07,FSSC审核岗,应付成本组,审核员02,审核通过,2026-01-10 19:25:18,2026-01-10 19:25:50,2026-01-10 19:33:54,2026-01-10 20:47:50,,--,,示例集团财务共享中心（本部）,应付付款单（服务费）,非自动审批,1
A17,示例集团·子公司庚,AP-2026-001734,通用报销单,应付确认单（物料类）,人民币,54004.81,,--,2026-03-02,FSSC审核岗,应付成本组,审核员01,审核驳回,2026-02-01 15:28:40,2026-02-01 15:30:06,2026-02-01 15:28:50,--,,--,,示例集团财务共享中心（本部）,应付确认单（物料类）,非自动审批,1
A17,示例集团·子公司庚,AP-2026-001734,通用报销单,应付确认单（物料类）,人民币,93547.5,,--,2026-03-02,FSSC审核岗,应付成本组,审核员01,审核驳回,2026-02-01 15:28:40,2026-02-01 15:30:06,2026-02-01 15:36:18,--,,--,,示例集团财务共享中心（本部）,应付确认单（物料类）,非自动审批,1
A04,示例集团·丁公司,AP-2026-001736,通用报销单,应付确认单（物料类）,人民币,49824.9,,--,2026-01-24,FSSC审核岗,应付成本组,审核员07,审核通过,2026-04-14 09:59:32,2026-04-14 10:00:21,2026-04-14 10:09:31,2026-04-14 14:16:21,,--,,示例集团财务共享中心（本部）,应付确认单（物料类）,非自动审批,1
A04,示例集团·丁公司,AP-2026-001736,通用报销单,应付确认单（物料类）,人民币,78767.3,,--,2026-01-24,FSSC审核岗,应付成本组,审核员07,审核通过,2026-04-14 09:59:32,2026-04-14 10:00:21,2026-04-14 10:07:41,2026-04-14 12:59:21,,--,,示例集团财务共享中心（本部）,应付确认单（物料类）,非自动审批,1
A07,示例集团·庚公司,AP-2026-001737,通用报销单,应付付款单（差旅费）,人民币,112496.51,,--,2026-01-26,FSSC审核岗,应付成本组,审核员02,审核通过,2026-06-18 10:27:25,2026-06-18 10:29:24,2026-06-18 10:33:08,2026-06-18 11:04:24,,--,,示例集团财务共享中心（本部）,应付付款单（差旅费）,非自动审批,1
A02,示例集团·乙公司,AP-2026-001738,应付发票,应付付款单（差旅费）,人民币,11195.79,,--,2026-06-19,FSSC审核岗,应付成本组,审核员06,审核通过,2026-06-01 16:12:58,2026-06-01 16:14:02,2026-06-01 16:16:10,2026-06-01 20:11:02,,--,,示例集团财务共享中心（本部）,应付付款单（差旅费）,非自动审批,1
A02,示例集团·乙公司,AP-2026-001738,应付发票,应付付款单（差旅费）,人民币,97199.32,,--,2026-06-19,FSSC审核岗,应付成本组,审核员06,审核通过,2026-06-01 16:12:58,2026-06-01 16:14:02,2026-06-01 16:20:57,2026-06-01 19:02:02,,--,,示例集团财务共享中心（本部）,应付付款单（差旅费）,非自动审批,1
A01,示例集团·甲公司,AP-2026-001739,应付发票,应付付款单（材料采购）,人民币,454744.0,,--,2026-03-21,FSSC审核岗,应付成本组,审核员05,审核通过,2026-02-25 10:36:10,2026-02-25 10:36:17,2026-02-25 10:36:44,2026-02-25 15:06:17,,--,,示例集团财务共享中心（本部）,应付付款单（材料采购）,非自动审批,1
A01,示例集团·甲公司,AP-2026-001739,应付发票,应付付款单（材料采购）,人民币,15577.59,,--,2026-03-21,FSSC审核岗,应付成本组,审核员05,审核通过,2026-02-25 10:36:10,2026-02-25 10:36:17,2026-02-25 10:41:21,2026-02-25 14:04:17,,--,,示例集团财务共享中心（本部）,应付付款单（材料采购）,非自动审批,1
A01,示例集团·甲公司,AP-2026-001739,应付发票,应付付款单（材料采购）,人民币,92194.62,,--,2026-03-21,FSSC审核岗,应付成本组,审核员05,审核通过,2026-02-25 10:36:10,2026-02-25 10:36:17,2026-02-25 10:45:04,2026-02-25 14:48:17,,--,,示例集团财务共享中心（本部）,应付付款单（材料采购）,非自动审批,1
A06,示例集团·己公司,AP-2026-001740,应付发票,应付确认单（物料类）,人民币,366802.34,,--,2026-04-09,FSSC审核岗,应付成本组,审核员06,审核通过,2026-05-15 09:10:02,2026-05-15 09:10:14,2026-05-15 09:17:08,2026-05-15 11:26:14,,--,,示例集团财务共享中心（本部）,应付确认单（物料类）,非自动审批,1
A06,示例集团·己公司,AP-2026-001740,应付发票,应付确认单（物料类）,人民币,11883.86,,--,2026-04-09,FSSC审核岗,应付成本组,审核员06,审核通过,2026-05-15 09:10:02,2026-05-15 09:10:14,2026-05-15 09:16:59,2026-05-15 10:44:14,,--,,示例集团财务共享中心（本部）,应付确认单（物料类）,非自动审批,1
A14,示例集团·子公司丁,AP-2026-001741,付款单,通用报销单（费用报销）,人民币,182955.18,,--,2026-06-05,FSSC审核岗,应付成本组,审核员01,审核通过,2026-06-01 20:24:21,2026-06-01 20:25:32,2026-06-01 20:31:59,2026-06-01 20:38:32,,--,,示例集团财务共享中心（本部）,通用报销单（费用报销）,非自动审批,1
A04,示例集团·丁公司,AP-2026-001743,应付发票,应付付款单（服务费）,人民币,43877.91,,--,2026-03-02,FSSC审核岗,应付成本组,审核员02,审核通过,2026-03-11 18:53:50,2026-03-11 18:55:34,2026-03-11 18:55:13,2026-03-11 20:21:34,,--,,示例集团财务共享中心（本部）,应付付款单（服务费）,非自动审批,1
A04,示例集团·丁公司,AP-2026-001744,通用报销单,其他专项付款单,人民币,246686.39,,--,2026-04-23,FSSC审核岗,应付成本组,审核员03,审核通过,2026-05-08 09:14:07,2026-05-08 09:14:14,2026-05-08 09:24:05,2026-05-08 11:10:14,,--,,示例集团财务共享中心（本部）,其他专项付款单,非自动审批,1
A20,示例集团·子公司癸,AP-2026-001745,付款单,应付确认单（物料类）,人民币,18878.14,,--,2026-02-18,FSSC审核岗,应付成本组,审核员07,审核通过,2026-01-09 15:53:55,2026-01-09 15:55:21,2026-01-09 16:01:16,2026-01-09 19:43:21,,--,,示例集团财务共享中心（本部）,应付确认单（物料类）,非自动审批,1
A20,示例集团·子公司癸,AP-2026-001745,付款单,应付确认单（物料类）,人民币,59119.89,,--,2026-02-18,FSSC审核岗,应付成本组,审核员07,审核通过,2026-01-09 15:53:55,2026-01-09 15:55:21,2026-01-09 16:02:19,2026-01-09 19:25:21,,--,,示例集团财务共享中心（本部）,应付确认单（物料类）,非自动审批,1
A02,示例集团·乙公司,AP-2026-001746,通用报销单,应付确认单（物料类）,人民币,7144.62,,--,2026-02-09,FSSC审核岗,应付成本组,审核员06,审核通过,2026-06-25 13:46:51,2026-06-25 13:47:13,2026-06-25 13:51:50,2026-06-25 17:41:13,,--,,示例集团财务共享中心（本部）,应付确认单（物料类）,非自动审批,1
A09,示例集团·壬公司,AP-2026-001747,付款单,其他专项付款单,人民币,110437.44,,--,2026-03-15,FSSC审核岗,应付成本组,审核员02,审核通过,2026-06-19 13:56:53,2026-06-19 13:57:46,2026-06-19 13:59:44,2026-06-19 17:23:46,,--,,示例集团财务共享中心（本部）,其他专项付款单,非自动审批,1
A09,示例集团·壬公司,AP-2026-001747,付款单,其他专项付款单,人民币,112221.67,,--,2026-03-15,FSSC审核岗,应付成本组,审核员02,审核通过,2026-06-19 13:56:53,2026-06-19 13:57:46,2026-06-19 13:57:48,2026-06-19 17:27:46,,--,,示例集团财务共享中心（本部）,其他专项付款单,非自动审批,1
A09,示例集团·壬公司,AP-2026-001747,付款单,其他专项付款单,人民币,127659.7,,--,2026-03-15,FSSC审核岗,应付成本组,审核员02,审核通过,2026-06-19 13:56:53,2026-06-19 13:57:46,2026-06-19 14:00:32,2026-06-19 16:55:46,,--,,示例集团财务共享中心（本部）,其他专项付款单,非自动审批,1
A05,示例集团·戊公司,AP-2026-001748,通用报销单,应付付款单（材料采购）,人民币,119162.04,,--,2026-01-17,FSSC审核岗,应付成本组,审核员02,审核通过,2026-03-27 18:34:37,2026-03-27 18:35:30,2026-03-27 18:36:37,2026-03-27 20:41:30,,--,,示例集团财务共享中心（本部）,应付付款单（材料采购）,非自动审批,1
A05,示例集团·戊公司,AP-2026-001748,通用报销单,应付付款单（材料采购）,人民币,52706.52,,--,2026-01-17,FSSC审核岗,应付成本组,审核员02,审核通过,2026-03-27 18:34:37,2026-03-27 18:35:30,2026-03-27 18:40:46,2026-03-27 20:05:30,,--,,示例集团财务共享中心（本部）,应付付款单（材料采购）,非自动审批,1
A08,示例集团·辛公司,AP-2026-001749,应付发票,应付付款单（差旅费）,人民币,7565.23,,--,2026-03-06,FSSC审核岗,应付成本组,审核员02,审核通过,2026-04-01 20:48:41,2026-04-01 20:49:09,2026-04-01 20:55:33,2026-04-01 23:26:09,,--,,示例集团财务共享中心（本部）,应付付款单（差旅费）,非自动审批,1
A06,示例集团·己公司,AP-2026-001751,付款单,应付确认单（物料类）,人民币,240123.56,,--,2026-01-05,FSSC审核岗,应付成本组,审核员04,审核通过,2026-06-21 11:05:51,2026-06-21 11:07:46,2026-06-21 11:14:03,2026-06-21 13:05:46,,--,,示例集团财务共享中心（本部）,应付确认单（物料类）,非自动审批,1
A06,示例集团·己公司,AP-2026-001751,付款单,应付确认单（物料类）,人民币,56737.58,,--,2026-01-05,FSSC审核岗,应付成本组,审核员04,审核通过,2026-06-21 11:05:51,2026-06-21 11:07:46,2026-06-21 11:07:36,2026-06-21 14:27:46,,--,,示例集团财务共享中心（本部）,应付确认单（物料类）,非自动审批,1
A06,示例集团·己公司,AP-2026-001751,付款单,应付确认单（物料类）,人民币,103868.15,,--,2026-01-05,FSSC审核岗,应付成本组,审核员04,审核通过,2026-06-21 11:05:51,2026-06-21 11:07:46,2026-06-21 11:08:19,2026-06-21 12:56:46,,--,,示例集团财务共享中心（本部）,应付确认单（物料类）,非自动审批,1
A03,示例集团·丙公司,AP-2026-001752,通用报销单,应付付款单（服务费）,人民币,46198.29,,--,2026-03-03,FSSC审核岗,应付成本组,审核员07,审核通过,2026-02-21 12:34:08,2026-02-21 12:36:02,2026-02-21 12:35:14,2026-02-21 15:02:02,,--,,示例集团财务共享中心（本部）,应付付款单（服务费）,非自动审批,1
A03,示例集团·丙公司,AP-2026-001752,通用报销单,应付付款单（服务费）,人民币,929372.14,,--,2026-03-03,FSSC审核岗,应付成本组,审核员07,审核通过,2026-02-21 12:34:08,2026-02-21 12:36:02,2026-02-21 12:41:40,2026-02-21 14:07:02,,--,,示例集团财务共享中心（本部）,应付付款单（服务费）,非自动审批,1
A03,示例集团·丙公司,AP-2026-001752,通用报销单,应付付款单（服务费）,人民币,27045.93,,--,2026-03-03,FSSC审核岗,应付成本组,审核员07,审核通过,2026-02-21 12:34:08,2026-02-21 12:36:02,2026-02-21 12:41:47,2026-02-21 14:13:02,,--,,示例集团财务共享中心（本部）,应付付款单（服务费）,非自动审批,1
A04,示例集团·丁公司,AP-2026-001753,通用报销单,应付付款单（差旅费）,人民币,25628.11,,--,2026-04-14,FSSC审核岗,应付成本组,审核员02,审核通过,2026-02-03 20:23:31,2026-02-03 20:24:27,2026-02-03 20:28:34,2026-02-03 23:08:27,,--,,示例集团财务共享中心（本部）,应付付款单（差旅费）,非自动审批,1
A04,示例集团·丁公司,AP-2026-001753,通用报销单,应付付款单（差旅费）,人民币,6725.75,,--,2026-04-14,FSSC审核岗,应付成本组,审核员02,审核通过,2026-02-03 20:23:31,2026-02-03 20:24:27,2026-02-03 20:23:45,2026-02-03 22:26:27,,--,,示例集团财务共享中心（本部）,应付付款单（差旅费）,非自动审批,1
A02,示例集团·乙公司,AP-2026-001754,应付发票,应付付款单（差旅费）,人民币,70128.11,,--,2026-03-02,FSSC审核岗,应付成本组,审核员07,审核通过,2026-05-24 16:52:15,2026-05-24 16:54:02,2026-05-24 16:55:28,2026-05-24 17:59:02,,--,,示例集团财务共享中心（本部）,应付付款单（差旅费）,非自动审批,1
A02,示例集团·乙公司,AP-2026-001754,应付发票,应付付款单（差旅费）,人民币,807557.78,,--,2026-03-02,FSSC审核岗,应付成本组,审核员07,审核通过,2026-05-24 16:52:15,2026-05-24 16:54:02,2026-05-24 16:55:05,2026-05-24 18:44:02,,--,,示例集团财务共享中心（本部）,应付付款单（差旅费）,非自动审批,1
A02,示例集团·乙公司,AP-2026-001754,应付发票,应付付款单（差旅费）,人民币,71328.61,,--,2026-03-02,FSSC审核岗,应付成本组,审核员07,审核通过,2026-05-24 16:52:15,2026-05-24 16:54:02,2026-05-24 16:54:21,2026-05-24 18:52:02,,--,,示例集团财务共享中心（本部）,应付付款单（差旅费）,非自动审批,1
A06,示例集团·己公司,AP-2026-001755,应付发票,通用报销单（费用报销）,人民币,82286.43,,--,2026-06-09,FSSC审核岗,应付成本组,审核员02,审核通过,2026-03-09 20:35:38,2026-03-09 20:36:06,2026-03-09 20:40:32,2026-03-09 22:24:06,,--,,示例集团财务共享中心（本部）,通用报销单（费用报销）,非自动审批,1
A06,示例集团·己公司,AP-2026-001755,应付发票,通用报销单（费用报销）,人民币,233865.1,,--,2026-06-09,FSSC审核岗,应付成本组,审核员02,审核通过,2026-03-09 20:35:38,2026-03-09 20:36:06,2026-03-09 20:41:30,2026-03-09 22:24:06,,--,,示例集团财务共享中心（本部）,通用报销单（费用报销）,非自动审批,1
A06,示例集团·己公司,AP-2026-001755,应付发票,通用报销单（费用报销）,人民币,75126.99,,--,2026-06-09,FSSC审核岗,应付成本组,审核员02,审核通过,2026-03-09 20:35:38,2026-03-09 20:36:06,2026-03-09 20:38:38,2026-03-09 23:00:06,,--,,示例集团财务共享中心（本部）,通用报销单（费用报销）,非自动审批,1
A01,示例集团·甲公司,AP-2026-001756,通用报销单,其他专项付款单,人民币,320938.71,,--,2026-03-14,FSSC审核岗,应付成本组,审核员06,审核驳回,2026-01-03 20:41:28,2026-01-03 20:41:33,2026-01-03 20:49:35,--,,--,,示例集团财务共享中心（本部）,其他专项付款单,非自动审批,1
A04,示例集团·丁公司,AP-2026-001757,通用报销单,应付确认单（物料类）,人民币,395078.37,,--,2026-03-17,FSSC审核岗,应付成本组,审核员06,审核通过,2026-02-16 09:59:43,2026-02-16 10:00:17,2026-02-16 10:06:07,2026-02-16 12:21:17,,--,,示例集团财务共享中心（本部）,应付确认单（物料类）,非自动审批,1
A07,示例集团·庚公司,AP-2026-001758,付款单,其他专项付款单,人民币,26103.15,,--,2026-03-24,FSSC审核岗,应付成本组,审核员06,审核通过,2026-05-05 15:08:44,2026-05-05 15:09:27,2026-05-05 15:17:45,2026-05-05 18:26:27,,--,,示例集团财务共享中心（本部）,其他专项付款单,非自动审批,1
A01,示例集团·甲公司,AP-2026-001759,付款单,应付付款单（服务费）,人民币,8082.03,,--,2026-04-27,FSSC审核岗,应付成本组,审核员05,审核通过,2026-01-24 18:59:53,2026-01-24 19:01:36,2026-01-24 19:03:52,2026-01-24 21:34:36,,--,,示例集团财务共享中心（本部）,应付付款单（服务费）,非自动审批,1
A01,示例集团·甲公司,AP-2026-001759,付款单,应付付款单（服务费）,人民币,157223.8,,--,2026-04-27,FSSC审核岗,应付成本组,审核员05,审核通过,2026-01-24 18:59:53,2026-01-24 19:01:36,2026-01-24 19:02:01,2026-01-24 21:39:36,,--,,示例集团财务共享中心（本部）,应付付款单（服务费）,非自动审批,1
A13,示例集团·子公司丙,AP-2026-001760,付款单,其他专项付款单,人民币,94059.61,,--,2026-05-28,FSSC审核岗,应付成本组,审核员04,审核通过,2026-04-03 10:24:38,2026-04-03 10:25:12,2026-04-03 10:34:19,2026-04-03 12:58:12,,--,,示例集团财务共享中心（本部）,其他专项付款单,非自动审批,1
A13,示例集团·子公司丙,AP-2026-001760,付款单,其他专项付款单,人民币,13846.61,,--,2026-05-28,FSSC审核岗,应付成本组,审核员04,审核通过,2026-04-03 10:24:38,2026-04-03 10:25:12,2026-04-03 10:34:21,2026-04-03 12:11:12,,--,,示例集团财务共享中心（本部）,其他专项付款单,非自动审批,1
A09,示例集团·壬公司,AP-2026-001761,通用报销单,应付付款单（差旅费）,人民币,23173.09,,--,2026-05-25,FSSC审核岗,应付成本组,审核员04,审核通过,2026-03-27 13:06:33,2026-03-27 13:08:28,2026-03-27 13:13:04,2026-03-27 15:51:28,,--,,示例集团财务共享中心（本部）,应付付款单（差旅费）,非自动审批,1
A09,示例集团·壬公司,AP-2026-001761,通用报销单,应付付款单（差旅费）,人民币,23072.56,,--,2026-05-25,FSSC审核岗,应付成本组,审核员04,审核通过,2026-03-27 13:06:33,2026-03-27 13:08:28,2026-03-27 13:13:41,2026-03-27 15:48:28,,--,,示例集团财务共享中心（本部）,应付付款单（差旅费）,非自动审批,1
A04,示例集团·丁公司,AP-2026-001762,应付发票,应付确认单（物料类）,人民币,73603.04,,--,2026-04-23,FSSC审核岗,应付成本组,审核员05,审核通过,2026-05-26 12:39:00,2026-05-26 12:39:44,2026-05-26 12:46:41,2026-05-26 13:34:44,,--,,示例集团财务共享中心（本部）,应付确认单（物料类）,非自动审批,1
A05,示例集团·戊公司,AP-2026-001763,付款单,通用报销单（费用报销）,人民币,241914.36,,--,2026-04-25,FSSC审核岗,应付成本组,审核员02,审核通过,2026-02-19 15:17:57,2026-02-19 15:18:53,2026-02-19 15:24:21,2026-02-19 17:52:53,,--,,示例集团财务共享中心（本部）,通用报销单（费用报销）,非自动审批,1
A05,示例集团·戊公司,AP-2026-001763,付款单,通用报销单（费用报销）,人民币,261639.37,,--,2026-04-25,FSSC审核岗,应付成本组,审核员02,审核通过,2026-02-19 15:17:57,2026-02-19 15:18:53,2026-02-19 15:18:15,2026-02-19 17:35:53,,--,,示例集团财务共享中心（本部）,通用报销单（费用报销）,非自动审批,1
A03,示例集团·丙公司,AP-2026-001764,应付发票,其他专项付款单,人民币,181162.98,,--,2026-02-26,FSSC审核岗,应付成本组,审核员02,审核通过,2026-06-27 12:15:17,2026-06-27 12:16:26,2026-06-27 12:21:49,2026-06-27 14:22:26,,--,,示例集团财务共享中心（本部）,其他专项付款单,非自动审批,1
A09,示例集团·壬公司,AP-2026-001765,应付发票,应付付款单（材料采购）,人民币,39778.33,,--,2026-01-20,FSSC审核岗,应付成本组,审核员02,审核通过,2026-06-23 11:20:03,2026-06-23 11:20:48,2026-06-23 11:28:37,2026-06-23 14:08:48,,--,,示例集团财务共享中心（本部）,应付付款单（材料采购）,非自动审批,1
A09,示例集团·壬公司,AP-2026-001765,应付发票,应付付款单（材料采购）,人民币,1339969.59,,--,2026-01-20,FSSC审核岗,应付成本组,审核员02,审核通过,2026-06-23 11:20:03,2026-06-23 11:20:48,2026-06-23 11:24:46,2026-06-23 12:52:48,,--,,示例集团财务共享中心（本部）,应付付款单（材料采购）,非自动审批,1
A09,示例集团·壬公司,AP-2026-001765,应付发票,应付付款单（材料采购）,人民币,62724.58,,--,2026-01-20,FSSC审核岗,应付成本组,审核员02,审核通过,2026-06-23 11:20:03,2026-06-23 11:20:48,2026-06-23 11:21:47,2026-06-23 12:31:48,,--,,示例集团财务共享中心（本部）,应付付款单（材料采购）,非自动审批,1
A01,示例集团·甲公司,AP-2026-001766,应付发票,应付付款单（差旅费）,人民币,34740.69,,--,2026-01-15,FSSC审核岗,应付成本组,审核员05,审核通过,2026-05-25 12:39:32,2026-05-25 12:40:57,2026-05-25 12:49:01,2026-05-25 14:15:57,,--,,示例集团财务共享中心（本部）,应付付款单（差旅费）,非自动审批,1
A01,示例集团·甲公司,AP-2026-001766,应付发票,应付付款单（差旅费）,人民币,8844.11,,--,2026-01-15,FSSC审核岗,应付成本组,审核员05,审核通过,2026-05-25 12:39:32,2026-05-25 12:40:57,2026-05-25 12:47:06,2026-05-25 14:23:57,,--,,示例集团财务共享中心（本部）,应付付款单（差旅费）,非自动审批,1
A03,示例集团·丙公司,AP-2026-001767,应付发票,应付付款单（材料采购）,人民币,36807.04,,--,2026-02-11,FSSC审核岗,应付成本组,审核员07,审核通过,2026-01-08 13:18:28,2026-01-08 13:19:50,2026-01-08 13:28:12,2026-01-08 16:15:50,,--,,示例集团财务共享中心（本部）,应付付款单（材料采购）,非自动审批,1
A03,示例集团·丙公司,AP-2026-001767,应付发票,应付付款单（材料采购）,人民币,110667.2,,--,2026-02-11,FSSC审核岗,应付成本组,审核员07,审核通过,2026-01-08 13:18:28,2026-01-08 13:19:50,2026-01-08 13:21:12,2026-01-08 17:16:50,,--,,示例集团财务共享中心（本部）,应付付款单（材料采购）,非自动审批,1
A07,示例集团·庚公司,AP-2026-001768,通用报销单,应付付款单（服务费）,人民币,6498.1,,--,2026-06-05,FSSC审核岗,应付成本组,审核员02,审核通过,2026-03-12 16:02:43,2026-03-12 16:04:10,2026-03-12 16:10:14,2026-03-12 19:20:10,,--,,示例集团财务共享中心（本部）,应付付款单（服务费）,非自动审批,1
A07,示例集团·庚公司,AP-2026-001768,通用报销单,应付付款单（服务费）,人民币,15744.47,,--,2026-06-05,FSSC审核岗,应付成本组,审核员02,审核通过,2026-03-12 16:02:43,2026-03-12 16:04:10,2026-03-12 16:03:28,2026-03-12 20:06:10,,--,,示例集团财务共享中心（本部）,应付付款单（服务费）,非自动审批,1
A12,示例集团·子公司乙,AP-2026-001769,付款单,通用报销单（费用报销）,人民币,31123.62,,--,2026-05-21,FSSC审核岗,应付成本组,审核员04,审核通过,2026-06-05 20:58:32,2026-06-05 21:00:11,2026-06-05 21:04:36,2026-06-05 22:17:11,,--,,示例集团财务共享中心（本部）,通用报销单（费用报销）,非自动审批,1
A12,示例集团·子公司乙,AP-2026-001769,付款单,通用报销单（费用报销）,人民币,20220.54,,--,2026-05-21,FSSC审核岗,应付成本组,审核员04,审核通过,2026-06-05 20:58:32,2026-06-05 21:00:11,2026-06-05 21:04:56,2026-06-05 22:20:11,,--,,示例集团财务共享中心（本部）,通用报销单（费用报销）,非自动审批,1
A02,示例集团·乙公司,AP-2026-001770,付款单,通用报销单（费用报销）,人民币,18015.35,,--,2026-02-21,FSSC审核岗,应付成本组,审核员06,审核通过,2026-03-10 08:29:23,2026-03-10 08:30:15,2026-03-10 08:37:10,2026-03-10 12:31:15,,--,,示例集团财务共享中心（本部）,通用报销单（费用报销）,非自动审批,1
A02,示例集团·乙公司,AP-2026-001770,付款单,通用报销单（费用报销）,人民币,289080.29,,--,2026-02-21,FSSC审核岗,应付成本组,审核员06,审核通过,2026-03-10 08:29:23,2026-03-10 08:30:15,2026-03-10 08:35:44,2026-03-10 11:12:15,,--,,示例集团财务共享中心（本部）,通用报销单（费用报销）,非自动审批,1
A02,示例集团·乙公司,AP-2026-001770,付款单,通用报销单（费用报销）,人民币,5937.53,,--,2026-02-21,FSSC审核岗,应付成本组,审核员06,审核通过,2026-03-10 08:29:23,2026-03-10 08:30:15,2026-03-10 08:32:58,2026-03-10 12:03:15,,--,,示例集团财务共享中心（本部）,通用报销单（费用报销）,非自动审批,1
A08,示例集团·辛公司,AP-2026-001771,通用报销单,应付确认单（物料类）,人民币,76536.1,,--,2026-01-27,FSSC审核岗,应付成本组,审核员06,审核通过,2026-03-04 16:23:06,2026-03-04 16:24:20,2026-03-04 16:28:58,2026-03-04 18:20:20,,--,,示例集团财务共享中心（本部）,应付确认单（物料类）,非自动审批,1
A08,示例集团·辛公司,AP-2026-001771,通用报销单,应付确认单（物料类）,人民币,123835.58,,--,2026-01-27,FSSC审核岗,应付成本组,审核员06,审核通过,2026-03-04 16:23:06,2026-03-04 16:24:20,2026-03-04 16:24:24,2026-03-04 19:39:20,,--,,示例集团财务共享中心（本部）,应付确认单（物料类）,非自动审批,1
A09,示例集团·壬公司,AP-2026-001772,付款单,通用报销单（费用报销）,人民币,30402.37,,--,2026-02-01,FSSC审核岗,应付成本组,审核员01,审核通过,2026-01-13 09:01:34,2026-01-13 09:02:19,2026-01-13 09:05:06,2026-01-13 12:15:19,,--,,示例集团财务共享中心（本部）,通用报销单（费用报销）,非自动审批,1
A09,示例集团·壬公司,AP-2026-001772,付款单,通用报销单（费用报销）,人民币,43576.41,,--,2026-02-01,FSSC审核岗,应付成本组,审核员01,审核通过,2026-01-13 09:01:34,2026-01-13 09:02:19,2026-01-13 09:06:01,2026-01-13 13:24:19,,--,,示例集团财务共享中心（本部）,通用报销单（费用报销）,非自动审批,1
A16,示例集团·子公司己,AP-2026-001773,通用报销单,通用报销单（费用报销）,人民币,56570.01,,--,2026-04-09,FSSC审核岗,应付成本组,审核员06,审核通过,2026-04-18 14:44:50,2026-04-18 14:45:58,2026-04-18 14:45:20,2026-04-18 17:32:58,,--,,示例集团财务共享中心（本部）,通用报销单（费用报销）,非自动审批,1
A16,示例集团·子公司己,AP-2026-001773,通用报销单,通用报销单（费用报销）,人民币,145514.17,,--,2026-04-09,FSSC审核岗,应付成本组,审核员06,审核通过,2026-04-18 14:44:50,2026-04-18 14:45:58,2026-04-18 14:46:07,2026-04-18 17:26:58,,--,,示例集团财务共享中心（本部）,通用报销单（费用报销）,非自动审批,1
A16,示例集团·子公司己,AP-2026-001773,通用报销单,通用报销单（费用报销）,人民币,510408.99,,--,2026-04-09,FSSC审核岗,应付成本组,审核员06,审核通过,2026-04-18 14:44:50,2026-04-18 14:45:58,2026-04-18 14:53:24,2026-04-18 17:01:58,,--,,示例集团财务共享中心（本部）,通用报销单（费用报销）,非自动审批,1
A06,示例集团·己公司,AP-2026-001774,付款单,应付付款单（服务费）,人民币,9914.02,,--,2026-06-25,FSSC审核岗,应付成本组,审核员05,审核通过,2026-03-14 15:25:59,2026-03-14 15:26:45,2026-03-14 15:29:31,2026-03-14 16:52:45,,--,,示例集团财务共享中心（本部）,应付付款单（服务费）,非自动审批,1
A08,示例集团·辛公司,AP-2026-001775,通用报销单,应付付款单（差旅费）,人民币,16601.3,,--,2026-06-02,FSSC审核岗,应付成本组,审核员01,审核通过,2026-05-18 16:14:07,2026-05-18 16:14:18,2026-05-18 16:21:03,2026-05-18 17:45:18,,--,,示例集团财务共享中心（本部）,应付付款单（差旅费）,非自动审批,1
A01,示例集团·甲公司,AP-2026-001776,应付发票,应付付款单（服务费）,人民币,17813.78,,--,2026-04-28,FSSC审核岗,应付成本组,审核员05,审核通过,2026-05-21 12:39:42,2026-05-21 12:40:34,2026-05-21 12:45:19,2026-05-21 15:53:34,,--,,示例集团财务共享中心（本部）,应付付款单（服务费）,非自动审批,1
A17,示例集团·子公司庚,AP-2026-001777,付款单,应付付款单（差旅费）,人民币,58829.97,,--,2026-05-07,FSSC审核岗,应付成本组,审核员07,审核通过,2026-03-22 08:43:02,2026-03-22 08:44:01,2026-03-22 08:48:55,2026-03-22 12:09:01,,--,,示例集团财务共享中心（本部）,应付付款单（差旅费）,非自动审批,1
A17,示例集团·子公司庚,AP-2026-001777,付款单,应付付款单（差旅费）,人民币,34211.16,,--,2026-05-07,FSSC审核岗,应付成本组,审核员07,审核通过,2026-03-22 08:43:02,2026-03-22 08:44:01,2026-03-22 08:45:46,2026-03-22 13:21:01,,--,,示例集团财务共享中心（本部）,应付付款单（差旅费）,非自动审批,1
A13,示例集团·子公司丙,AP-2026-001779,付款单,其他专项付款单,人民币,152206.63,,--,2026-06-19,FSSC审核岗,应付成本组,审核员04,审核驳回,2026-02-05 18:09:03,2026-02-05 18:10:46,2026-02-05 18:16:53,--,,--,,示例集团财务共享中心（本部）,其他专项付款单,非自动审批,1
A13,示例集团·子公司丙,AP-2026-001779,付款单,其他专项付款单,人民币,23882.75,,--,2026-06-19,FSSC审核岗,应付成本组,审核员04,审核驳回,2026-02-05 18:09:03,2026-02-05 18:10:46,2026-02-05 18:09:53,--,,--,,示例集团财务共享中心（本部）,其他专项付款单,非自动审批,1
A06,示例集团·己公司,AP-2026-001780,通用报销单,其他专项付款单,人民币,17265.22,,--,2026-05-26,FSSC审核岗,应付成本组,审核员04,审核通过,2026-01-26 17:55:45,2026-01-26 17:57:23,2026-01-26 17:57:32,2026-01-26 21:13:23,,--,,示例集团财务共享中心（本部）,其他专项付款单,非自动审批,1
A06,示例集团·己公司,AP-2026-001780,通用报销单,其他专项付款单,人民币,20570.38,,--,2026-05-26,FSSC审核岗,应付成本组,审核员04,审核通过,2026-01-26 17:55:45,2026-01-26 17:57:23,2026-01-26 17:57:44,2026-01-26 21:47:23,,--,,示例集团财务共享中心（本部）,其他专项付款单,非自动审批,1
A06,示例集团·己公司,AP-2026-001780,通用报销单,其他专项付款单,人民币,70401.11,,--,2026-05-26,FSSC审核岗,应付成本组,审核员04,审核通过,2026-01-26 17:55:45,2026-01-26 17:57:23,2026-01-26 18:04:55,2026-01-26 22:41:23,,--,,示例集团财务共享中心（本部）,其他专项付款单,非自动审批,1
A15,示例集团·子公司戊,AP-2026-001782,应付发票,其他专项付款单,人民币,230842.83,,--,2026-06-22,FSSC审核岗,应付成本组,审核员07,审核通过,2026-06-07 16:53:23,2026-06-07 16:54:33,2026-06-07 16:54:47,2026-06-07 18:39:33,,--,,示例集团财务共享中心（本部）,其他专项付款单,非自动审批,1
A15,示例集团·子公司戊,AP-2026-001782,应付发票,其他专项付款单,人民币,56262.91,,--,2026-06-22,FSSC审核岗,应付成本组,审核员07,审核通过,2026-06-07 16:53:23,2026-06-07 16:54:33,2026-06-07 17:03:04,2026-06-07 18:29:33,,--,,示例集团财务共享中心（本部）,其他专项付款单,非自动审批,1
A06,示例集团·己公司,AP-2026-001783,付款单,其他专项付款单,人民币,27407.55,,--,2026-06-03,FSSC审核岗,应付成本组,审核员07,审核通过,2026-03-05 10:01:21,2026-03-05 10:02:46,2026-03-05 10:05:48,2026-03-05 12:48:46,,--,,示例集团财务共享中心（本部）,其他专项付款单,非自动审批,1
A06,示例集团·己公司,AP-2026-001783,付款单,其他专项付款单,人民币,14136.96,,--,2026-06-03,FSSC审核岗,应付成本组,审核员07,审核通过,2026-03-05 10:01:21,2026-03-05 10:02:46,2026-03-05 10:09:09,2026-03-05 13:55:46,,--,,示例集团财务共享中心（本部）,其他专项付款单,非自动审批,1
A06,示例集团·己公司,AP-2026-001783,付款单,其他专项付款单,人民币,463372.87,,--,2026-06-03,FSSC审核岗,应付成本组,审核员07,审核通过,2026-03-05 10:01:21,2026-03-05 10:02:46,2026-03-05 10:06:40,2026-03-05 13:27:46,,--,,示例集团财务共享中心（本部）,其他专项付款单,非自动审批,1
A01,示例集团·甲公司,AP-2026-001784,应付发票,其他专项付款单,人民币,5088.05,,--,2026-01-13,FSSC审核岗,应付成本组,审核员04,审核通过,2026-03-17 15:57:15,2026-03-17 15:59:13,2026-03-17 15:59:27,2026-03-17 18:58:13,,--,,示例集团财务共享中心（本部）,其他专项付款单,非自动审批,1
A01,示例集团·甲公司,AP-2026-001784,应付发票,其他专项付款单,人民币,46142.86,,--,2026-01-13,FSSC审核岗,应付成本组,审核员04,审核通过,2026-03-17 15:57:15,2026-03-17 15:59:13,2026-03-17 15:59:44,2026-03-17 19:09:13,,--,,示例集团财务共享中心（本部）,其他专项付款单,非自动审批,1
A01,示例集团·甲公司,AP-2026-001784,应付发票,其他专项付款单,人民币,168655.73,,--,2026-01-13,FSSC审核岗,应付成本组,审核员04,审核通过,2026-03-17 15:57:15,2026-03-17 15:59:13,2026-03-17 16:04:16,2026-03-17 18:20:13,,--,,示例集团财务共享中心（本部）,其他专项付款单,非自动审批,1
A02,示例集团·乙公司,AP-2026-001786,应付发票,应付确认单（物料类）,人民币,45260.83,,--,2026-01-17,FSSC审核岗,应付成本组,审核员04,审核通过,2026-02-22 12:06:57,2026-02-22 12:08:42,2026-02-22 12:11:22,2026-02-22 14:38:42,,--,,示例集团财务共享中心（本部）,应付确认单（物料类）,非自动审批,1
A02,示例集团·乙公司,AP-2026-001786,应付发票,应付确认单（物料类）,人民币,27096.21,,--,2026-01-17,FSSC审核岗,应付成本组,审核员04,审核通过,2026-02-22 12:06:57,2026-02-22 12:08:42,2026-02-22 12:07:21,2026-02-22 15:43:42,,--,,示例集团财务共享中心（本部）,应付确认单（物料类）,非自动审批,1
A02,示例集团·乙公司,AP-2026-001786,应付发票,应付确认单（物料类）,人民币,126743.54,,--,2026-01-17,FSSC审核岗,应付成本组,审核员04,审核通过,2026-02-22 12:06:57,2026-02-22 12:08:42,2026-02-22 12:07:25,2026-02-22 15:18:42,,--,,示例集团财务共享中心（本部）,应付确认单（物料类）,非自动审批,1
A07,示例集团·庚公司,AP-2026-001787,通用报销单,应付付款单（材料采购）,人民币,12948.11,,--,2026-04-14,FSSC审核岗,应付成本组,审核员02,审核通过,2026-06-19 17:05:28,2026-06-19 17:06:10,2026-06-19 17:05:50,2026-06-19 20:53:10,,--,,示例集团财务共享中心（本部）,应付付款单（材料采购）,非自动审批,1
A07,示例集团·庚公司,AP-2026-001787,通用报销单,应付付款单（材料采购）,人民币,5233.8,,--,2026-04-14,FSSC审核岗,应付成本组,审核员02,审核通过,2026-06-19 17:05:28,2026-06-19 17:06:10,2026-06-19 17:14:18,2026-06-19 20:16:10,,--,,示例集团财务共享中心（本部）,应付付款单（材料采购）,非自动审批,1
A07,示例集团·庚公司,AP-2026-001787,通用报销单,应付付款单（材料采购）,人民币,98167.45,,--,2026-04-14,FSSC审核岗,应付成本组,审核员02,审核通过,2026-06-19 17:05:28,2026-06-19 17:06:10,2026-06-19 17:14:57,2026-06-19 20:26:10,,--,,示例集团财务共享中心（本部）,应付付款单（材料采购）,非自动审批,1
A11,示例集团·子公司甲,AP-2026-001788,通用报销单,应付确认单（物料类）,人民币,14864.7,,--,2026-02-24,FSSC审核岗,应付成本组,审核员07,审核通过,2026-01-21 08:14:28,2026-01-21 08:15:12,2026-01-21 08:18:19,2026-01-21 11:42:12,,--,,示例集团财务共享中心（本部）,应付确认单（物料类）,非自动审批,1
A01,示例集团·甲公司,AP-2026-001789,通用报销单,通用报销单（费用报销）,人民币,71998.91,,--,2026-06-04,FSSC审核岗,应付成本组,审核员04,审核通过,2026-05-05 17:25:30,2026-05-05 17:26:30,2026-05-05 17:31:28,2026-05-05 18:42:30,,--,,示例集团财务共享中心（本部）,通用报销单（费用报销）,非自动审批,1
A07,示例集团·庚公司,AP-2026-001790,通用报销单,应付确认单（物料类）,人民币,50383.94,,--,2026-04-28,FSSC审核岗,应付成本组,审核员01,审核通过,2026-02-26 08:08:19,2026-02-26 08:09:14,2026-02-26 08:10:24,2026-02-26 12:05:14,,--,,示例集团财务共享中心（本部）,应付确认单（物料类）,非自动审批,1
A07,示例集团·庚公司,AP-2026-001790,通用报销单,应付确认单（物料类）,人民币,86289.53,,--,2026-04-28,FSSC审核岗,应付成本组,审核员01,审核通过,2026-02-26 08:08:19,2026-02-26 08:09:14,2026-02-26 08:09:18,2026-02-26 11:20:14,,--,,示例集团财务共享中心（本部）,应付确认单（物料类）,非自动审批,1
A07,示例集团·庚公司,AP-2026-001790,通用报销单,应付确认单（物料类）,人民币,43568.43,,--,2026-04-28,FSSC审核岗,应付成本组,审核员01,审核通过,2026-02-26 08:08:19,2026-02-26 08:09:14,2026-02-26 08:14:54,2026-02-26 12:07:14,,--,,示例集团财务共享中心（本部）,应付确认单（物料类）,非自动审批,1
A11,示例集团·子公司甲,AP-2026-001791,应付发票,应付付款单（材料采购）,人民币,129589.38,,--,2026-03-27,FSSC审核岗,应付成本组,审核员01,审核通过,2026-03-25 13:35:03,2026-03-25 13:36:08,2026-03-25 13:44:03,2026-03-25 16:26:08,,--,,示例集团财务共享中心（本部）,应付付款单（材料采购）,非自动审批,1
A11,示例集团·子公司甲,AP-2026-001791,应付发票,应付付款单（材料采购）,人民币,22360.08,,--,2026-03-27,FSSC审核岗,应付成本组,审核员01,审核通过,2026-03-25 13:35:03,2026-03-25 13:36:08,2026-03-25 13:42:35,2026-03-25 16:37:08,,--,,示例集团财务共享中心（本部）,应付付款单（材料采购）,非自动审批,1
A11,示例集团·子公司甲,AP-2026-001791,应付发票,应付付款单（材料采购）,人民币,178748.26,,--,2026-03-27,FSSC审核岗,应付成本组,审核员01,审核通过,2026-03-25 13:35:03,2026-03-25 13:36:08,2026-03-25 13:35:51,2026-03-25 16:15:08,,--,,示例集团财务共享中心（本部）,应付付款单（材料采购）,非自动审批,1
A05,示例集团·戊公司,AP-2026-001792,通用报销单,应付付款单（差旅费）,人民币,10887.03,,--,2026-06-03,FSSC审核岗,应付成本组,审核员03,审核通过,2026-04-09 14:37:03,2026-04-09 14:38:32,2026-04-09 14:41:14,2026-04-09 17:48:32,,--,,示例集团财务共享中心（本部）,应付付款单（差旅费）,非自动审批,1
A01,示例集团·甲公司,AP-2026-001794,应付发票,通用报销单（费用报销）,人民币,309178.35,,--,2026-06-02,FSSC审核岗,应付成本组,审核员01,审核通过,2026-02-15 08:57:56,2026-02-15 08:58:06,2026-02-15 09:03:16,2026-02-15 10:26:06,,--,,示例集团财务共享中心（本部）,通用报销单（费用报销）,非自动审批,1
A01,示例集团·甲公司,AP-2026-001794,应付发票,通用报销单（费用报销）,人民币,1058437.87,,--,2026-06-02,FSSC审核岗,应付成本组,审核员01,审核通过,2026-02-15 08:57:56,2026-02-15 08:58:06,2026-02-15 08:58:28,2026-02-15 11:26:06,,--,,示例集团财务共享中心（本部）,通用报销单（费用报销）,非自动审批,1
A01,示例集团·甲公司,AP-2026-001794,应付发票,通用报销单（费用报销）,人民币,69658.22,,--,2026-06-02,FSSC审核岗,应付成本组,审核员01,审核通过,2026-02-15 08:57:56,2026-02-15 08:58:06,2026-02-15 09:00:26,2026-02-15 10:54:06,,--,,示例集团财务共享中心（本部）,通用报销单（费用报销）,非自动审批,1
A13,示例集团·子公司丙,AP-2026-001796,付款单,应付付款单（材料采购）,人民币,538661.73,,--,2026-05-13,FSSC审核岗,应付成本组,审核员01,审核通过,2026-02-11 18:54:45,2026-02-11 18:56:01,2026-02-11 19:02:15,2026-02-11 22:58:01,,--,,示例集团财务共享中心（本部）,应付付款单（材料采购）,非自动审批,1
A13,示例集团·子公司丙,AP-2026-001796,付款单,应付付款单（材料采购）,人民币,774344.27,,--,2026-05-13,FSSC审核岗,应付成本组,审核员01,审核通过,2026-02-11 18:54:45,2026-02-11 18:56:01,2026-02-11 19:02:07,2026-02-11 23:40:01,,--,,示例集团财务共享中心（本部）,应付付款单（材料采购）,非自动审批,1
A10,示例集团·癸公司,AP-2026-001797,应付发票,应付付款单（服务费）,人民币,38203.86,,--,2026-06-09,FSSC审核岗,应付成本组,审核员02,审核通过,2026-03-24 19:46:50,2026-03-24 19:48:47,2026-03-24 19:48:57,2026-03-24 23:22:47,,--,,示例集团财务共享中心（本部）,应付付款单（服务费）,非自动审批,1
A10,示例集团·癸公司,AP-2026-001797,应付发票,应付付款单（服务费）,人民币,64023.84,,--,2026-06-09,FSSC审核岗,应付成本组,审核员02,审核通过,2026-03-24 19:46:50,2026-03-24 19:48:47,2026-03-24 19:52:55,2026-03-25 00:15:47,,--,,示例集团财务共享中心（本部）,应付付款单（服务费）,非自动审批,1
A10,示例集团·癸公司,AP-2026-001797,应付发票,应付付款单（服务费）,人民币,19153.4,,--,2026-06-09,FSSC审核岗,应付成本组,审核员02,审核通过,2026-03-24 19:46:50,2026-03-24 19:48:47,2026-03-24 19:55:56,2026-03-25 00:53:47,,--,,示例集团财务共享中心（本部）,应付付款单（服务费）,非自动审批,1
A03,示例集团·丙公司,AP-2026-001798,通用报销单,应付确认单（物料类）,人民币,20963.73,,--,2026-06-02,FSSC审核岗,应付成本组,审核员04,审核通过,2026-01-28 15:47:05,2026-01-28 15:48:53,2026-01-28 15:48:07,2026-01-28 17:17:53,,--,,示例集团财务共享中心（本部）,应付确认单（物料类）,非自动审批,1
A12,示例集团·子公司乙,AP-2026-001799,应付发票,通用报销单（费用报销）,人民币,82952.05,,--,2026-03-20,FSSC审核岗,应付成本组,审核员01,审核通过,2026-01-12 17:46:16,2026-01-12 17:47:59,2026-01-12 17:55:07,2026-01-12 21:36:59,,--,,示例集团财务共享中心（本部）,通用报销单（费用报销）,非自动审批,1
A12,示例集团·子公司乙,AP-2026-001799,应付发票,通用报销单（费用报销）,人民币,6062.28,,--,2026-03-20,FSSC审核岗,应付成本组,审核员01,审核通过,2026-01-12 17:46:16,2026-01-12 17:47:59,2026-01-12 17:55:59,2026-01-12 21:31:59,,--,,示例集团财务共享中心（本部）,通用报销单（费用报销）,非自动审批,1
A04,示例集团·丁公司,AP-2026-001800,应付发票,应付付款单（材料采购）,人民币,192662.77,,--,2026-06-22,FSSC审核岗,应付成本组,审核员03,审核通过,2026-03-11 15:10:09,2026-03-11 15:11:51,2026-03-11 15:15:47,2026-03-11 18:25:51,,--,,示例集团财务共享中心（本部）,应付付款单（材料采购）,非自动审批,1
A04,示例集团·丁公司,AP-2026-001800,应付发票,应付付款单（材料采购）,人民币,75674.66,,--,2026-06-22,FSSC审核岗,应付成本组,审核员03,审核通过,2026-03-11 15:10:09,2026-03-11 15:11:51,2026-03-11 15:11:35,2026-03-11 18:57:51,,--,,示例集团财务共享中心（本部）,应付付款单（材料采购）,非自动审批,1
A04,示例集团·丁公司,AP-2026-001800,应付发票,应付付款单（材料采购）,人民币,155416.61,,--,2026-06-22,FSSC审核岗,应付成本组,审核员03,审核通过,2026-03-11 15:10:09,2026-03-11 15:11:51,2026-03-11 15:13:15,2026-03-11 17:58:51,,--,,示例集团财务共享中心（本部）,应付付款单（材料采购）,非自动审批,1
A01,示例集团·甲公司,AP-2026-001802,应付发票,应付付款单（材料采购）,人民币,46404.71,,--,2026-03-26,FSSC审核岗,应付成本组,审核员07,审核通过,2026-04-20 20:56:25,2026-04-20 20:57:22,2026-04-20 21:00:45,2026-04-20 23:23:22,,--,,示例集团财务共享中心（本部）,应付付款单（材料采购）,非自动审批,1
A01,示例集团·甲公司,AP-2026-001804,应付发票,应付付款单（差旅费）,人民币,153512.57,,--,2026-06-22,FSSC审核岗,应付成本组,审核员02,审核通过,2026-01-18 18:58:29,2026-01-18 18:58:55,2026-01-18 19:06:02,2026-01-18 20:28:55,,--,,示例集团财务共享中心（本部）,应付付款单（差旅费）,非自动审批,1
A01,示例集团·甲公司,AP-2026-001804,应付发票,应付付款单（差旅费）,人民币,84685.81,,--,2026-06-22,FSSC审核岗,应付成本组,审核员02,审核通过,2026-01-18 18:58:29,2026-01-18 18:58:55,2026-01-18 19:05:46,2026-01-18 21:08:55,,--,,示例集团财务共享中心（本部）,应付付款单（差旅费）,非自动审批,1
A01,示例集团·甲公司,AP-2026-001804,应付发票,应付付款单（差旅费）,人民币,121797.48,,--,2026-06-22,FSSC审核岗,应付成本组,审核员02,审核通过,2026-01-18 18:58:29,2026-01-18 18:58:55,2026-01-18 19:04:41,2026-01-18 20:44:55,,--,,示例集团财务共享中心（本部）,应付付款单（差旅费）,非自动审批,1
A02,示例集团·乙公司,AP-2026-001805,通用报销单,应付付款单（差旅费）,人民币,211588.18,,--,2026-06-09,FSSC审核岗,应付成本组,审核员02,审核通过,2026-06-13 19:56:55,2026-06-13 19:58:44,2026-06-13 20:04:14,2026-06-13 22:26:44,,--,,示例集团财务共享中心（本部）,应付付款单（差旅费）,非自动审批,1
A07,示例集团·庚公司,AP-2026-001806,应付发票,通用报销单（费用报销）,人民币,10189.08,,--,2026-02-13,FSSC审核岗,应付成本组,审核员04,审核通过,2026-06-20 12:05:41,2026-06-20 12:06:25,2026-06-20 12:07:29,2026-06-20 13:37:25,,--,,示例集团财务共享中心（本部）,通用报销单（费用报销）,非自动审批,1
A07,示例集团·庚公司,AP-2026-001806,应付发票,通用报销单（费用报销）,人民币,22374.91,,--,2026-02-13,FSSC审核岗,应付成本组,审核员04,审核通过,2026-06-20 12:05:41,2026-06-20 12:06:25,2026-06-20 12:06:14,2026-06-20 13:46:25,,--,,示例集团财务共享中心（本部）,通用报销单（费用报销）,非自动审批,1
A07,示例集团·庚公司,AP-2026-001806,应付发票,通用报销单（费用报销）,人民币,1529957.06,,--,2026-02-13,FSSC审核岗,应付成本组,审核员04,审核通过,2026-06-20 12:05:41,2026-06-20 12:06:25,2026-06-20 12:15:39,2026-06-20 14:29:25,,--,,示例集团财务共享中心（本部）,通用报销单（费用报销）,非自动审批,1
A02,示例集团·乙公司,AP-2026-001807,应付发票,其他专项付款单,人民币,80031.98,,--,2026-01-10,FSSC审核岗,应付成本组,审核员04,审核通过,2026-05-11 11:06:45,2026-05-11 11:08:06,2026-05-11 11:12:05,2026-05-11 14:52:06,,--,,示例集团财务共享中心（本部）,其他专项付款单,非自动审批,1
A03,示例集团·丙公司,AP-2026-001808,应付发票,应付付款单（服务费）,人民币,5412.59,,--,2026-05-26,FSSC审核岗,应付成本组,审核员02,审核通过,2026-01-15 14:48:28,2026-01-15 14:49:15,2026-01-15 14:55:23,2026-01-15 16:53:15,,--,,示例集团财务共享中心（本部）,应付付款单（服务费）,非自动审批,1
A03,示例集团·丙公司,AP-2026-001808,应付发票,应付付款单（服务费）,人民币,5454.85,,--,2026-05-26,FSSC审核岗,应付成本组,审核员02,审核通过,2026-01-15 14:48:28,2026-01-15 14:49:15,2026-01-15 14:50:20,2026-01-15 17:06:15,,--,,示例集团财务共享中心（本部）,应付付款单（服务费）,非自动审批,1
A03,示例集团·丙公司,AP-2026-001808,应付发票,应付付款单（服务费）,人民币,53906.81,,--,2026-05-26,FSSC审核岗,应付成本组,审核员02,审核通过,2026-01-15 14:48:28,2026-01-15 14:49:15,2026-01-15 14:53:15,2026-01-15 17:01:15,,--,,示例集团财务共享中心（本部）,应付付款单（服务费）,非自动审批,1
A17,示例集团·子公司庚,AP-2026-001810,应付发票,应付付款单（差旅费）,人民币,28788.99,,--,2026-06-18,FSSC审核岗,应付成本组,审核员05,审核通过,2026-02-17 20:31:09,2026-02-17 20:33:03,2026-02-17 20:40:56,2026-02-18 00:39:03,,--,,示例集团财务共享中心（本部）,应付付款单（差旅费）,非自动审批,1
A17,示例集团·子公司庚,AP-2026-001810,应付发票,应付付款单（差旅费）,人民币,19362.23,,--,2026-06-18,FSSC审核岗,应付成本组,审核员05,审核通过,2026-02-17 20:31:09,2026-02-17 20:33:03,2026-02-17 20:36:49,2026-02-17 23:11:03,,--,,示例集团财务共享中心（本部）,应付付款单（差旅费）,非自动审批,1
A17,示例集团·子公司庚,AP-2026-001810,应付发票,应付付款单（差旅费）,人民币,737044.23,,--,2026-06-18,FSSC审核岗,应付成本组,审核员05,审核通过,2026-02-17 20:31:09,2026-02-17 20:33:03,2026-02-17 20:33:32,2026-02-18 00:25:03,,--,,示例集团财务共享中心（本部）,应付付款单（差旅费）,非自动审批,1
A01,示例集团·甲公司,AP-2026-001812,应付发票,应付付款单（差旅费）,人民币,35711.99,,--,2026-01-23,FSSC审核岗,应付成本组,审核员03,审核通过,2026-01-16 12:21:49,2026-01-16 12:22:09,2026-01-16 12:24:30,2026-01-16 13:03:09,,--,,示例集团财务共享中心（本部）,应付付款单（差旅费）,非自动审批,1
A01,示例集团·甲公司,AP-2026-001812,应付发票,应付付款单（差旅费）,人民币,188973.47,,--,2026-01-23,FSSC审核岗,应付成本组,审核员03,审核通过,2026-01-16 12:21:49,2026-01-16 12:22:09,2026-01-16 12:31:24,2026-01-16 14:26:09,,--,,示例集团财务共享中心（本部）,应付付款单（差旅费）,非自动审批,1
A04,示例集团·丁公司,AP-2026-001813,通用报销单,其他专项付款单,人民币,84980.3,,--,2026-01-13,FSSC审核岗,应付成本组,审核员02,审核通过,2026-01-20 10:43:40,2026-01-20 10:43:49,2026-01-20 10:45:26,2026-01-20 12:56:49,,--,,示例集团财务共享中心（本部）,其他专项付款单,非自动审批,1
A04,示例集团·丁公司,AP-2026-001813,通用报销单,其他专项付款单,人民币,39622.6,,--,2026-01-13,FSSC审核岗,应付成本组,审核员02,审核通过,2026-01-20 10:43:40,2026-01-20 10:43:49,2026-01-20 10:47:00,2026-01-20 11:51:49,,--,,示例集团财务共享中心（本部）,其他专项付款单,非自动审批,1
A03,示例集团·丙公司,AP-2026-001815,付款单,其他专项付款单,人民币,12107.56,,--,2026-03-07,FSSC审核岗,应付成本组,审核员07,审核通过,2026-06-12 16:32:07,2026-06-12 16:32:38,2026-06-12 16:38:29,2026-06-12 21:14:38,,--,,示例集团财务共享中心（本部）,其他专项付款单,非自动审批,1
A03,示例集团·丙公司,AP-2026-001815,付款单,其他专项付款单,人民币,175768.69,,--,2026-03-07,FSSC审核岗,应付成本组,审核员07,审核通过,2026-06-12 16:32:07,2026-06-12 16:32:38,2026-06-12 16:38:28,2026-06-12 20:32:38,,--,,示例集团财务共享中心（本部）,其他专项付款单,非自动审批,1
A03,示例集团·丙公司,AP-2026-001815,付款单,其他专项付款单,人民币,2248.22,,--,2026-03-07,FSSC审核岗,应付成本组,审核员07,审核通过,2026-06-12 16:32:07,2026-06-12 16:32:38,2026-06-12 16:36:34,2026-06-12 20:11:38,,--,,示例集团财务共享中心（本部）,其他专项付款单,非自动审批,1
A13,示例集团·子公司丙,AP-2026-001816,应付发票,应付付款单（服务费）,人民币,202591.81,,--,2026-06-05,FSSC审核岗,应付成本组,审核员07,审核通过,2026-02-16 09:18:30,2026-02-16 09:19:39,2026-02-16 09:27:16,2026-02-16 12:23:39,,--,,示例集团财务共享中心（本部）,应付付款单（服务费）,非自动审批,1
A08,示例集团·辛公司,AP-2026-001818,应付发票,应付确认单（物料类）,人民币,73998.47,,--,2026-01-01,FSSC审核岗,应付成本组,审核员04,审核通过,2026-04-28 11:49:08,2026-04-28 11:49:52,2026-04-28 11:52:42,2026-04-28 15:13:52,,--,,示例集团财务共享中心（本部）,应付确认单（物料类）,非自动审批,1
A08,示例集团·辛公司,AP-2026-001818,应付发票,应付确认单（物料类）,人民币,142344.79,,--,2026-01-01,FSSC审核岗,应付成本组,审核员04,审核通过,2026-04-28 11:49:08,2026-04-28 11:49:52,2026-04-28 11:53:29,2026-04-28 14:39:52,,--,,示例集团财务共享中心（本部）,应付确认单（物料类）,非自动审批,1
A08,示例集团·辛公司,AP-2026-001818,应付发票,应付确认单（物料类）,人民币,60528.42,,--,2026-01-01,FSSC审核岗,应付成本组,审核员04,审核通过,2026-04-28 11:49:08,2026-04-28 11:49:52,2026-04-28 11:49:55,2026-04-28 15:06:52,,--,,示例集团财务共享中心（本部）,应付确认单（物料类）,非自动审批,1
A15,示例集团·子公司戊,AP-2026-001819,付款单,应付付款单（差旅费）,人民币,10635.13,,--,2026-03-27,FSSC审核岗,应付成本组,审核员01,审核通过,2026-03-21 15:05:57,2026-03-21 15:06:19,2026-03-21 15:10:52,2026-03-21 16:59:19,,--,,示例集团财务共享中心（本部）,应付付款单（差旅费）,非自动审批,1
A15,示例集团·子公司戊,AP-2026-001819,付款单,应付付款单（差旅费）,人民币,105047.24,,--,2026-03-27,FSSC审核岗,应付成本组,审核员01,审核通过,2026-03-21 15:05:57,2026-03-21 15:06:19,2026-03-21 15:08:31,2026-03-21 16:38:19,,--,,示例集团财务共享中心（本部）,应付付款单（差旅费）,非自动审批,1
A20,示例集团·子公司癸,AP-2026-001820,通用报销单,其他专项付款单,人民币,196508.29,,--,2026-03-10,FSSC审核岗,应付成本组,审核员07,审核通过,2026-02-27 11:37:37,2026-02-27 11:38:27,2026-02-27 11:46:50,2026-02-27 12:58:27,,--,,示例集团财务共享中心（本部）,其他专项付款单,非自动审批,1
A20,示例集团·子公司癸,AP-2026-001820,通用报销单,其他专项付款单,人民币,30613.36,,--,2026-03-10,FSSC审核岗,应付成本组,审核员07,审核通过,2026-02-27 11:37:37,2026-02-27 11:38:27,2026-02-27 11:47:25,2026-02-27 13:22:27,,--,,示例集团财务共享中心（本部）,其他专项付款单,非自动审批,1
A20,示例集团·子公司癸,AP-2026-001820,通用报销单,其他专项付款单,人民币,150294.03,,--,2026-03-10,FSSC审核岗,应付成本组,审核员07,审核通过,2026-02-27 11:37:37,2026-02-27 11:38:27,2026-02-27 11:46:29,2026-02-27 12:28:27,,--,,示例集团财务共享中心（本部）,其他专项付款单,非自动审批,1
A02,示例集团·乙公司,AP-2026-001821,通用报销单,应付确认单（物料类）,人民币,90687.27,,--,2026-02-26,FSSC审核岗,应付成本组,审核员07,审核通过,2026-01-08 21:00:09,2026-01-08 21:01:40,2026-01-08 21:07:42,2026-01-09 00:19:40,,--,,示例集团财务共享中心（本部）,应付确认单（物料类）,非自动审批,1
A02,示例集团·乙公司,AP-2026-001822,通用报销单,应付确认单（物料类）,人民币,112507.26,,--,2026-06-20,FSSC审核岗,应付成本组,审核员07,审核通过,2026-05-06 17:55:48,2026-05-06 17:56:49,2026-05-06 17:59:18,2026-05-06 18:48:49,,--,,示例集团财务共享中心（本部）,应付确认单（物料类）,非自动审批,1
A02,示例集团·乙公司,AP-2026-001822,通用报销单,应付确认单（物料类）,人民币,17973.46,,--,2026-06-20,FSSC审核岗,应付成本组,审核员07,审核通过,2026-05-06 17:55:48,2026-05-06 17:56:49,2026-05-06 18:02:17,2026-05-06 19:51:49,,--,,示例集团财务共享中心（本部）,应付确认单（物料类）,非自动审批,1
A13,示例集团·子公司丙,AP-2026-001823,通用报销单,其他专项付款单,人民币,360420.89,,--,2026-02-20,FSSC审核岗,应付成本组,审核员06,审核通过,2026-01-26 11:18:34,2026-01-26 11:19:57,2026-01-26 11:21:09,2026-01-26 12:23:57,,--,,示例集团财务共享中心（本部）,其他专项付款单,非自动审批,1
A13,示例集团·子公司丙,AP-2026-001823,通用报销单,其他专项付款单,人民币,90621.19,,--,2026-02-20,FSSC审核岗,应付成本组,审核员06,审核通过,2026-01-26 11:18:34,2026-01-26 11:19:57,2026-01-26 11:26:10,2026-01-26 12:53:57,,--,,示例集团财务共享中心（本部）,其他专项付款单,非自动审批,1
A17,示例集团·子公司庚,AP-2026-001824,应付发票,应付付款单（差旅费）,人民币,191835.53,,--,2026-06-19,FSSC审核岗,应付成本组,审核员06,审核通过,2026-04-03 14:44:53,2026-04-03 14:45:23,2026-04-03 14:52:07,2026-04-03 17:57:23,,--,,示例集团财务共享中心（本部）,应付付款单（差旅费）,非自动审批,1
A01,示例集团·甲公司,AP-2026-001825,通用报销单,其他专项付款单,人民币,34772.78,,--,2026-04-02,FSSC审核岗,应付成本组,审核员02,审核通过,2026-05-20 11:04:27,2026-05-20 11:04:38,2026-05-20 11:12:38,2026-05-20 14:52:38,,--,,示例集团财务共享中心（本部）,其他专项付款单,非自动审批,1
A02,示例集团·乙公司,AP-2026-001826,应付发票,应付付款单（材料采购）,人民币,236855.88,,--,2026-01-04,FSSC审核岗,应付成本组,审核员07,审核通过,2026-02-27 10:26:18,2026-02-27 10:26:27,2026-02-27 10:28:33,2026-02-27 12:42:27,,--,,示例集团财务共享中心（本部）,应付付款单（材料采购）,非自动审批,1
A02,示例集团·乙公司,AP-2026-001826,应付发票,应付付款单（材料采购）,人民币,33166.01,,--,2026-01-04,FSSC审核岗,应付成本组,审核员07,审核通过,2026-02-27 10:26:18,2026-02-27 10:26:27,2026-02-27 10:29:58,2026-02-27 12:52:27,,--,,示例集团财务共享中心（本部）,应付付款单（材料采购）,非自动审批,1
A13,示例集团·子公司丙,AP-2026-001827,应付发票,应付付款单（材料采购）,人民币,17180.69,,--,2026-04-05,FSSC审核岗,应付成本组,审核员04,审核通过,2026-05-07 13:40:21,2026-05-07 13:40:56,2026-05-07 13:46:23,2026-05-07 16:19:56,,--,,示例集团财务共享中心（本部）,应付付款单（材料采购）,非自动审批,1
A13,示例集团·子公司丙,AP-2026-001827,应付发票,应付付款单（材料采购）,人民币,715387.33,,--,2026-04-05,FSSC审核岗,应付成本组,审核员04,审核通过,2026-05-07 13:40:21,2026-05-07 13:40:56,2026-05-07 13:48:32,2026-05-07 17:22:56,,--,,示例集团财务共享中心（本部）,应付付款单（材料采购）,非自动审批,1
A13,示例集团·子公司丙,AP-2026-001827,应付发票,应付付款单（材料采购）,人民币,2160.87,,--,2026-04-05,FSSC审核岗,应付成本组,审核员04,审核通过,2026-05-07 13:40:21,2026-05-07 13:40:56,2026-05-07 13:50:05,2026-05-07 17:21:56,,--,,示例集团财务共享中心（本部）,应付付款单（材料采购）,非自动审批,1
A07,示例集团·庚公司,AP-2026-001828,应付发票,通用报销单（费用报销）,人民币,3936667.38,,--,2026-04-16,FSSC审核岗,应付成本组,审核员07,审核通过,2026-06-03 13:16:34,2026-06-03 13:16:37,2026-06-03 13:19:28,2026-06-03 15:56:37,,--,,示例集团财务共享中心（本部）,通用报销单（费用报销）,非自动审批,1
A04,示例集团·丁公司,AP-2026-001829,应付发票,其他专项付款单,人民币,159921.17,,--,2026-02-05,FSSC审核岗,应付成本组,审核员06,审核通过,2026-03-19 08:45:44,2026-03-19 08:46:40,2026-03-19 08:54:40,2026-03-19 10:06:40,,--,,示例集团财务共享中心（本部）,其他专项付款单,非自动审批,1
A04,示例集团·丁公司,AP-2026-001831,通用报销单,应付付款单（材料采购）,人民币,38532.89,,--,2026-05-19,FSSC审核岗,应付成本组,审核员07,审核通过,2026-06-10 11:44:02,2026-06-10 11:45:18,2026-06-10 11:44:39,2026-06-10 12:44:18,,--,,示例集团财务共享中心（本部）,应付付款单（材料采购）,非自动审批,1
A01,示例集团·甲公司,AP-2026-001833,通用报销单,其他专项付款单,人民币,94514.28,,--,2026-06-04,FSSC审核岗,应付成本组,审核员03,审核通过,2026-04-25 15:59:18,2026-04-25 16:00:40,2026-04-25 16:01:44,2026-04-25 20:02:40,,--,,示例集团财务共享中心（本部）,其他专项付款单,非自动审批,1
A02,示例集团·乙公司,AP-2026-001834,应付发票,应付付款单（材料采购）,人民币,160053.6,,--,2026-03-13,FSSC审核岗,应付成本组,审核员07,审核通过,2026-01-27 10:20:59,2026-01-27 10:21:03,2026-01-27 10:26:02,2026-01-27 13:01:03,,--,,示例集团财务共享中心（本部）,应付付款单（材料采购）,非自动审批,1
A02,示例集团·乙公司,AP-2026-001834,应付发票,应付付款单（材料采购）,人民币,37592.87,,--,2026-03-13,FSSC审核岗,应付成本组,审核员07,审核通过,2026-01-27 10:20:59,2026-01-27 10:21:03,2026-01-27 10:28:54,2026-01-27 12:55:03,,--,,示例集团财务共享中心（本部）,应付付款单（材料采购）,非自动审批,1
A02,示例集团·乙公司,AP-2026-001834,应付发票,应付付款单（材料采购）,人民币,1034408.22,,--,2026-03-13,FSSC审核岗,应付成本组,审核员07,审核通过,2026-01-27 10:20:59,2026-01-27 10:21:03,2026-01-27 10:27:22,2026-01-27 13:52:03,,--,,示例集团财务共享中心（本部）,应付付款单（材料采购）,非自动审批,1
A01,示例集团·甲公司,AP-2026-001835,通用报销单,通用报销单（费用报销）,人民币,472498.7,,--,2026-04-21,FSSC审核岗,应付成本组,审核员07,审核通过,2026-04-05 10:58:34,2026-04-05 11:00:02,2026-04-05 11:03:32,2026-04-05 15:23:02,,--,,示例集团财务共享中心（本部）,通用报销单（费用报销）,非自动审批,1
A04,示例集团·丁公司,AP-2026-001836,付款单,应付确认单（物料类）,人民币,2723851.73,,--,2026-04-11,FSSC审核岗,应付成本组,审核员01,审核驳回,2026-05-27 08:32:23,2026-05-27 08:32:33,2026-05-27 08:33:04,--,,--,,示例集团财务共享中心（本部）,应付确认单（物料类）,非自动审批,1
A07,示例集团·庚公司,AP-2026-001837,通用报销单,应付确认单（物料类）,人民币,10828.99,,--,2026-01-03,FSSC审核岗,应付成本组,审核员06,审核通过,2026-03-16 09:22:16,2026-03-16 09:24:06,2026-03-16 09:26:30,2026-03-16 14:13:06,,--,,示例集团财务共享中心（本部）,应付确认单（物料类）,非自动审批,1
A02,示例集团·乙公司,AP-2026-001838,付款单,通用报销单（费用报销）,人民币,80937.06,,--,2026-02-09,FSSC审核岗,应付成本组,审核员05,审核通过,2026-02-27 20:27:55,2026-02-27 20:28:48,2026-02-27 20:35:26,2026-02-27 22:51:48,,--,,示例集团财务共享中心（本部）,通用报销单（费用报销）,非自动审批,1
A02,示例集团·乙公司,AP-2026-001838,付款单,通用报销单（费用报销）,人民币,8588.53,,--,2026-02-09,FSSC审核岗,应付成本组,审核员05,审核通过,2026-02-27 20:27:55,2026-02-27 20:28:48,2026-02-27 20:35:22,2026-02-27 22:03:48,,--,,示例集团财务共享中心（本部）,通用报销单（费用报销）,非自动审批,1
A02,示例集团·乙公司,AP-2026-001838,付款单,通用报销单（费用报销）,人民币,12990.05,,--,2026-02-09,FSSC审核岗,应付成本组,审核员05,审核通过,2026-02-27 20:27:55,2026-02-27 20:28:48,2026-02-27 20:37:51,2026-02-27 22:25:48,,--,,示例集团财务共享中心（本部）,通用报销单（费用报销）,非自动审批,1
A05,示例集团·戊公司,AP-2026-001840,应付发票,应付付款单（材料采购）,人民币,37919.68,,--,2026-02-07,FSSC审核岗,应付成本组,审核员02,审核驳回,2026-03-17 08:48:26,2026-03-17 08:48:31,2026-03-17 08:56:54,--,,--,,示例集团财务共享中心（本部）,应付付款单（材料采购）,非自动审批,1
A05,示例集团·戊公司,AP-2026-001840,应付发票,应付付款单（材料采购）,人民币,38892.24,,--,2026-02-07,FSSC审核岗,应付成本组,审核员02,审核驳回,2026-03-17 08:48:26,2026-03-17 08:48:31,2026-03-17 08:52:59,--,,--,,示例集团财务共享中心（本部）,应付付款单（材料采购）,非自动审批,1
A05,示例集团·戊公司,AP-2026-001840,应付发票,应付付款单（材料采购）,人民币,100495.19,,--,2026-02-07,FSSC审核岗,应付成本组,审核员02,审核驳回,2026-03-17 08:48:26,2026-03-17 08:48:31,2026-03-17 08:56:37,--,,--,,示例集团财务共享中心（本部）,应付付款单（材料采购）,非自动审批,1
A05,示例集团·戊公司,AP-2026-001841,通用报销单,应付确认单（物料类）,人民币,51281.16,,--,2026-03-04,FSSC审核岗,应付成本组,审核员04,审核通过,2026-06-02 12:52:23,2026-06-02 12:53:48,2026-06-02 12:54:52,2026-06-02 15:00:48,,--,,示例集团财务共享中心（本部）,应付确认单（物料类）,非自动审批,1
A05,示例集团·戊公司,AP-2026-001841,通用报销单,应付确认单（物料类）,人民币,183498.98,,--,2026-03-04,FSSC审核岗,应付成本组,审核员04,审核通过,2026-06-02 12:52:23,2026-06-02 12:53:48,2026-06-02 12:53:25,2026-06-02 14:55:48,,--,,示例集团财务共享中心（本部）,应付确认单（物料类）,非自动审批,1
A05,示例集团·戊公司,AP-2026-001841,通用报销单,应付确认单（物料类）,人民币,93570.18,,--,2026-03-04,FSSC审核岗,应付成本组,审核员04,审核通过,2026-06-02 12:52:23,2026-06-02 12:53:48,2026-06-02 12:54:12,2026-06-02 13:34:48,,--,,示例集团财务共享中心（本部）,应付确认单（物料类）,非自动审批,1
A05,示例集团·戊公司,AP-2026-001842,通用报销单,应付付款单（差旅费）,人民币,601117.92,,--,2026-05-17,FSSC审核岗,应付成本组,审核员03,审核通过,2026-04-14 17:03:03,2026-04-14 17:03:08,2026-04-14 17:08:15,2026-04-14 19:54:08,,--,,示例集团财务共享中心（本部）,应付付款单（差旅费）,非自动审批,1
A04,示例集团·丁公司,AP-2026-001843,应付发票,其他专项付款单,人民币,191056.6,,--,2026-03-16,FSSC审核岗,应付成本组,审核员01,审核通过,2026-06-06 08:47:16,2026-06-06 08:47:31,2026-06-06 08:51:42,2026-06-06 12:12:31,,--,,示例集团财务共享中心（本部）,其他专项付款单,非自动审批,1
A04,示例集团·丁公司,AP-2026-001843,应付发票,其他专项付款单,人民币,11492.56,,--,2026-03-16,FSSC审核岗,应付成本组,审核员01,审核通过,2026-06-06 08:47:16,2026-06-06 08:47:31,2026-06-06 08:55:25,2026-06-06 13:29:31,,--,,示例集团财务共享中心（本部）,其他专项付款单,非自动审批,1
A04,示例集团·丁公司,AP-2026-001843,应付发票,其他专项付款单,人民币,48840.58,,--,2026-03-16,FSSC审核岗,应付成本组,审核员01,审核通过,2026-06-06 08:47:16,2026-06-06 08:47:31,2026-06-06 08:56:57,2026-06-06 12:03:31,,--,,示例集团财务共享中心（本部）,其他专项付款单,非自动审批,1
A05,示例集团·戊公司,AP-2026-001844,付款单,应付付款单（材料采购）,人民币,53679.4,,--,2026-04-15,FSSC审核岗,应付成本组,审核员02,审核通过,2026-02-24 19:49:36,2026-02-24 19:50:05,2026-02-24 19:59:05,2026-02-24 21:01:05,,--,,示例集团财务共享中心（本部）,应付付款单（材料采购）,非自动审批,1
A01,示例集团·甲公司,AP-2026-001845,应付发票,应付确认单（物料类）,人民币,110842.62,,--,2026-05-20,FSSC审核岗,应付成本组,审核员07,审核驳回,2026-06-15 09:16:55,2026-06-15 09:17:29,2026-06-15 09:22:59,--,,--,,示例集团财务共享中心（本部）,应付确认单（物料类）,非自动审批,1
A01,示例集团·甲公司,AP-2026-001845,应付发票,应付确认单（物料类）,人民币,269787.73,,--,2026-05-20,FSSC审核岗,应付成本组,审核员07,审核驳回,2026-06-15 09:16:55,2026-06-15 09:17:29,2026-06-15 09:20:52,--,,--,,示例集团财务共享中心（本部）,应付确认单（物料类）,非自动审批,1
A13,示例集团·子公司丙,AP-2026-001846,应付发票,应付付款单（差旅费）,人民币,88933.65,,--,2026-02-04,FSSC审核岗,应付成本组,审核员04,审核通过,2026-01-12 14:03:05,2026-01-12 14:04:23,2026-01-12 14:08:04,2026-01-12 15:57:23,,--,,示例集团财务共享中心（本部）,应付付款单（差旅费）,非自动审批,1
A13,示例集团·子公司丙,AP-2026-001846,应付发票,应付付款单（差旅费）,人民币,134514.42,,--,2026-02-04,FSSC审核岗,应付成本组,审核员04,审核通过,2026-01-12 14:03:05,2026-01-12 14:04:23,2026-01-12 14:05:31,2026-01-12 16:20:23,,--,,示例集团财务共享中心（本部）,应付付款单（差旅费）,非自动审批,1
A13,示例集团·子公司丙,AP-2026-001846,应付发票,应付付款单（差旅费）,人民币,12235.32,,--,2026-02-04,FSSC审核岗,应付成本组,审核员04,审核通过,2026-01-12 14:03:05,2026-01-12 14:04:23,2026-01-12 14:06:51,2026-01-12 16:54:23,,--,,示例集团财务共享中心（本部）,应付付款单（差旅费）,非自动审批,1
A05,示例集团·戊公司,AP-2026-001847,付款单,应付确认单（物料类）,人民币,31480.31,,--,2026-03-07,FSSC审核岗,应付成本组,审核员05,审核通过,2026-06-01 19:02:31,2026-06-01 19:03:39,2026-06-01 19:04:53,2026-06-01 20:50:39,,--,,示例集团财务共享中心（本部）,应付确认单（物料类）,非自动审批,1
A05,示例集团·戊公司,AP-2026-001847,付款单,应付确认单（物料类）,人民币,4117.61,,--,2026-03-07,FSSC审核岗,应付成本组,审核员05,审核通过,2026-06-01 19:02:31,2026-06-01 19:03:39,2026-06-01 19:07:11,2026-06-01 20:49:39,,--,,示例集团财务共享中心（本部）,应付确认单（物料类）,非自动审批,1
A05,示例集团·戊公司,AP-2026-001847,付款单,应付确认单（物料类）,人民币,111160.35,,--,2026-03-07,FSSC审核岗,应付成本组,审核员05,审核通过,2026-06-01 19:02:31,2026-06-01 19:03:39,2026-06-01 19:08:49,2026-06-01 22:26:39,,--,,示例集团财务共享中心（本部）,应付确认单（物料类）,非自动审批,1
A08,示例集团·辛公司,AP-2026-001848,付款单,其他专项付款单,人民币,194482.42,,--,2026-06-22,FSSC审核岗,应付成本组,审核员02,审核通过,2026-05-16 19:35:37,2026-05-16 19:36:53,2026-05-16 19:43:28,2026-05-16 21:57:53,,--,,示例集团财务共享中心（本部）,其他专项付款单,非自动审批,1
A08,示例集团·辛公司,AP-2026-001848,付款单,其他专项付款单,人民币,9446.72,,--,2026-06-22,FSSC审核岗,应付成本组,审核员02,审核通过,2026-05-16 19:35:37,2026-05-16 19:36:53,2026-05-16 19:38:52,2026-05-16 21:17:53,,--,,示例集团财务共享中心（本部）,其他专项付款单,非自动审批,1
A01,示例集团·甲公司,AP-2026-001849,通用报销单,应付确认单（物料类）,人民币,74744.21,,--,2026-02-02,FSSC审核岗,应付成本组,审核员02,审核通过,2026-02-10 13:20:44,2026-02-10 13:20:52,2026-02-10 13:28:30,2026-02-10 16:15:52,,--,,示例集团财务共享中心（本部）,应付确认单（物料类）,非自动审批,1
A01,示例集团·甲公司,AP-2026-001849,通用报销单,应付确认单（物料类）,人民币,51886.35,,--,2026-02-02,FSSC审核岗,应付成本组,审核员02,审核通过,2026-02-10 13:20:44,2026-02-10 13:20:52,2026-02-10 13:26:41,2026-02-10 14:55:52,,--,,示例集团财务共享中心（本部）,应付确认单（物料类）,非自动审批,1
A06,示例集团·己公司,AP-2026-001850,付款单,其他专项付款单,人民币,636548.46,,--,2026-04-28,FSSC审核岗,应付成本组,审核员02,审核通过,2026-05-15 11:34:03,2026-05-15 11:34:21,2026-05-15 11:43:06,2026-05-15 14:02:21,,--,,示例集团财务共享中心（本部）,其他专项付款单,非自动审批,1
A02,示例集团·乙公司,AP-2026-001851,付款单,通用报销单（费用报销）,人民币,17117.93,,--,2026-02-01,FSSC审核岗,应付成本组,审核员05,审核通过,2026-06-10 11:20:50,2026-06-10 11:21:30,2026-06-10 11:22:35,2026-06-10 14:13:30,,--,,示例集团财务共享中心（本部）,通用报销单（费用报销）,非自动审批,1
A20,示例集团·子公司癸,AP-2026-001852,应付发票,应付确认单（物料类）,人民币,216516.14,,--,2026-02-11,FSSC审核岗,应付成本组,审核员05,审核通过,2026-03-13 10:33:11,2026-03-13 10:34:40,2026-03-13 10:42:19,2026-03-13 12:04:40,,--,,示例集团财务共享中心（本部）,应付确认单（物料类）,非自动审批,1
A20,示例集团·子公司癸,AP-2026-001852,应付发票,应付确认单（物料类）,人民币,296647.95,,--,2026-02-11,FSSC审核岗,应付成本组,审核员05,审核通过,2026-03-13 10:33:11,2026-03-13 10:34:40,2026-03-13 10:40:43,2026-03-13 11:29:40,,--,,示例集团财务共享中心（本部）,应付确认单（物料类）,非自动审批,1
A02,示例集团·乙公司,AP-2026-001853,付款单,应付付款单（服务费）,人民币,45572.89,,--,2026-03-02,FSSC审核岗,应付成本组,审核员05,审核通过,2026-02-08 08:09:12,2026-02-08 08:09:49,2026-02-08 08:12:36,2026-02-08 09:27:49,,--,,示例集团财务共享中心（本部）,应付付款单（服务费）,非自动审批,1
A02,示例集团·乙公司,AP-2026-001853,付款单,应付付款单（服务费）,人民币,90173.94,,--,2026-03-02,FSSC审核岗,应付成本组,审核员05,审核通过,2026-02-08 08:09:12,2026-02-08 08:09:49,2026-02-08 08:13:17,2026-02-08 09:34:49,,--,,示例集团财务共享中心（本部）,应付付款单（服务费）,非自动审批,1
A01,示例集团·甲公司,AP-2026-001854,通用报销单,应付付款单（材料采购）,人民币,270611.57,,--,2026-05-02,FSSC审核岗,应付成本组,审核员04,审核通过,2026-06-17 18:11:45,2026-06-17 18:12:50,2026-06-17 18:21:02,2026-06-17 19:19:50,,--,,示例集团财务共享中心（本部）,应付付款单（材料采购）,非自动审批,1
A01,示例集团·甲公司,AP-2026-001854,通用报销单,应付付款单（材料采购）,人民币,12844.82,,--,2026-05-02,FSSC审核岗,应付成本组,审核员04,审核通过,2026-06-17 18:11:45,2026-06-17 18:12:50,2026-06-17 18:21:10,2026-06-17 20:03:50,,--,,示例集团财务共享中心（本部）,应付付款单（材料采购）,非自动审批,1
A01,示例集团·甲公司,AP-2026-001854,通用报销单,应付付款单（材料采购）,人民币,32925.07,,--,2026-05-02,FSSC审核岗,应付成本组,审核员04,审核通过,2026-06-17 18:11:45,2026-06-17 18:12:50,2026-06-17 18:20:32,2026-06-17 20:08:50,,--,,示例集团财务共享中心（本部）,应付付款单（材料采购）,非自动审批,1
A11,示例集团·子公司甲,AP-2026-001855,付款单,应付付款单（材料采购）,人民币,77709.61,,--,2026-05-05,FSSC审核岗,应付成本组,审核员02,审核通过,2026-06-10 20:18:12,2026-06-10 20:19:31,2026-06-10 20:23:14,2026-06-10 21:28:31,,--,,示例集团财务共享中心（本部）,应付付款单（材料采购）,非自动审批,1
A02,示例集团·乙公司,AP-2026-001856,通用报销单,其他专项付款单,人民币,1076941.05,,--,2026-01-18,FSSC审核岗,应付成本组,审核员03,审核通过,2026-02-28 12:19:29,2026-02-28 12:19:31,2026-02-28 12:29:12,2026-02-28 13:29:31,,--,,示例集团财务共享中心（本部）,其他专项付款单,非自动审批,1
A02,示例集团·乙公司,AP-2026-001856,通用报销单,其他专项付款单,人民币,34211.63,,--,2026-01-18,FSSC审核岗,应付成本组,审核员03,审核通过,2026-02-28 12:19:29,2026-02-28 12:19:31,2026-02-28 12:25:56,2026-02-28 14:22:31,,--,,示例集团财务共享中心（本部）,其他专项付款单,非自动审批,1
A02,示例集团·乙公司,AP-2026-001856,通用报销单,其他专项付款单,人民币,41104.94,,--,2026-01-18,FSSC审核岗,应付成本组,审核员03,审核通过,2026-02-28 12:19:29,2026-02-28 12:19:31,2026-02-28 12:28:14,2026-02-28 14:39:31,,--,,示例集团财务共享中心（本部）,其他专项付款单,非自动审批,1
A06,示例集团·己公司,AP-2026-001857,付款单,应付付款单（材料采购）,人民币,522261.55,,--,2026-06-08,FSSC审核岗,应付成本组,审核员06,审核通过,2026-06-03 12:23:17,2026-06-03 12:23:27,2026-06-03 12:31:33,2026-06-03 13:00:27,,--,,示例集团财务共享中心（本部）,应付付款单（材料采购）,非自动审批,1
A06,示例集团·己公司,AP-2026-001857,付款单,应付付款单（材料采购）,人民币,151474.21,,--,2026-06-08,FSSC审核岗,应付成本组,审核员06,审核通过,2026-06-03 12:23:17,2026-06-03 12:23:27,2026-06-03 12:29:59,2026-06-03 14:06:27,,--,,示例集团财务共享中心（本部）,应付付款单（材料采购）,非自动审批,1
A15,示例集团·子公司戊,AP-2026-001858,通用报销单,应付付款单（服务费）,人民币,1271315.58,,--,2026-05-08,FSSC审核岗,应付成本组,审核员05,审核通过,2026-04-01 14:05:18,2026-04-01 14:06:17,2026-04-01 14:09:38,2026-04-01 15:58:17,,--,,示例集团财务共享中心（本部）,应付付款单（服务费）,非自动审批,1
A15,示例集团·子公司戊,AP-2026-001858,通用报销单,应付付款单（服务费）,人民币,276659.7,,--,2026-05-08,FSSC审核岗,应付成本组,审核员05,审核通过,2026-04-01 14:05:18,2026-04-01 14:06:17,2026-04-01 14:08:29,2026-04-01 15:38:17,,--,,示例集团财务共享中心（本部）,应付付款单（服务费）,非自动审批,1
A15,示例集团·子公司戊,AP-2026-001858,通用报销单,应付付款单（服务费）,人民币,48805.14,,--,2026-05-08,FSSC审核岗,应付成本组,审核员05,审核通过,2026-04-01 14:05:18,2026-04-01 14:06:17,2026-04-01 14:11:16,2026-04-01 15:01:17,,--,,示例集团财务共享中心（本部）,应付付款单（服务费）,非自动审批,1
A03,示例集团·丙公司,AP-2026-001860,通用报销单,其他专项付款单,人民币,39992.26,,--,2026-06-04,FSSC审核岗,应付成本组,审核员01,审核通过,2026-03-18 18:06:20,2026-03-18 18:07:04,2026-03-18 18:11:54,2026-03-18 19:09:04,,--,,示例集团财务共享中心（本部）,其他专项付款单,非自动审批,1
A03,示例集团·丙公司,AP-2026-001861,付款单,应付付款单（材料采购）,人民币,18874.51,,--,2026-05-14,FSSC审核岗,应付成本组,审核员04,审核通过,2026-01-09 20:04:49,2026-01-09 20:05:39,2026-01-09 20:13:04,2026-01-09 23:18:39,,--,,示例集团财务共享中心（本部）,应付付款单（材料采购）,非自动审批,1
A03,示例集团·丙公司,AP-2026-001861,付款单,应付付款单（材料采购）,人民币,9633.15,,--,2026-05-14,FSSC审核岗,应付成本组,审核员04,审核通过,2026-01-09 20:04:49,2026-01-09 20:05:39,2026-01-09 20:09:55,2026-01-09 22:55:39,,--,,示例集团财务共享中心（本部）,应付付款单（材料采购）,非自动审批,1
A01,示例集团·甲公司,AP-2026-001862,应付发票,应付付款单（差旅费）,人民币,96484.91,,--,2026-01-26,FSSC审核岗,应付成本组,审核员02,审核通过,2026-02-13 12:20:39,2026-02-13 12:22:17,2026-02-13 12:28:32,2026-02-13 14:10:17,,--,,示例集团财务共享中心（本部）,应付付款单（差旅费）,非自动审批,1
A01,示例集团·甲公司,AP-2026-001862,应付发票,应付付款单（差旅费）,人民币,144022.07,,--,2026-01-26,FSSC审核岗,应付成本组,审核员02,审核通过,2026-02-13 12:20:39,2026-02-13 12:22:17,2026-02-13 12:21:58,2026-02-13 14:09:17,,--,,示例集团财务共享中心（本部）,应付付款单（差旅费）,非自动审批,1
A05,示例集团·戊公司,AP-2026-001863,应付发票,应付付款单（差旅费）,人民币,170478.02,,--,2026-06-28,FSSC审核岗,应付成本组,审核员02,审核驳回,2026-02-20 18:38:38,2026-02-20 18:39:46,2026-02-20 18:47:37,--,,--,,示例集团财务共享中心（本部）,应付付款单（差旅费）,非自动审批,1
A05,示例集团·戊公司,AP-2026-001863,应付发票,应付付款单（差旅费）,人民币,50369.03,,--,2026-06-28,FSSC审核岗,应付成本组,审核员02,审核驳回,2026-02-20 18:38:38,2026-02-20 18:39:46,2026-02-20 18:46:12,--,,--,,示例集团财务共享中心（本部）,应付付款单（差旅费）,非自动审批,1
A05,示例集团·戊公司,AP-2026-001863,应付发票,应付付款单（差旅费）,人民币,892838.13,,--,2026-06-28,FSSC审核岗,应付成本组,审核员02,审核驳回,2026-02-20 18:38:38,2026-02-20 18:39:46,2026-02-20 18:42:28,--,,--,,示例集团财务共享中心（本部）,应付付款单（差旅费）,非自动审批,1
A01,示例集团·甲公司,AP-2026-001864,通用报销单,应付付款单（差旅费）,人民币,8938.98,,--,2026-06-10,FSSC审核岗,应付成本组,审核员03,审核通过,2026-02-13 08:14:38,2026-02-13 08:16:16,2026-02-13 08:16:08,2026-02-13 12:04:16,,--,,示例集团财务共享中心（本部）,应付付款单（差旅费）,非自动审批,1
A01,示例集团·甲公司,AP-2026-001864,通用报销单,应付付款单（差旅费）,人民币,7628.63,,--,2026-06-10,FSSC审核岗,应付成本组,审核员03,审核通过,2026-02-13 08:14:38,2026-02-13 08:16:16,2026-02-13 08:18:38,2026-02-13 12:04:16,,--,,示例集团财务共享中心（本部）,应付付款单（差旅费）,非自动审批,1
A01,示例集团·甲公司,AP-2026-001864,通用报销单,应付付款单（差旅费）,人民币,19006.38,,--,2026-06-10,FSSC审核岗,应付成本组,审核员03,审核通过,2026-02-13 08:14:38,2026-02-13 08:16:16,2026-02-13 08:24:35,2026-02-13 10:54:16,,--,,示例集团财务共享中心（本部）,应付付款单（差旅费）,非自动审批,1
A15,示例集团·子公司戊,AP-2026-001865,应付发票,通用报销单（费用报销）,人民币,60375.32,,--,2026-06-27,FSSC审核岗,应付成本组,审核员01,审核通过,2026-02-18 17:26:03,2026-02-18 17:26:41,2026-02-18 17:31:48,2026-02-18 20:52:41,,--,,示例集团财务共享中心（本部）,通用报销单（费用报销）,非自动审批,1
A15,示例集团·子公司戊,AP-2026-001865,应付发票,通用报销单（费用报销）,人民币,12887.81,,--,2026-06-27,FSSC审核岗,应付成本组,审核员01,审核通过,2026-02-18 17:26:03,2026-02-18 17:26:41,2026-02-18 17:28:31,2026-02-18 20:42:41,,--,,示例集团财务共享中心（本部）,通用报销单（费用报销）,非自动审批,1
A16,示例集团·子公司己,AP-2026-001866,付款单,应付确认单（物料类）,人民币,394634.15,,--,2026-03-10,FSSC审核岗,应付成本组,审核员02,审核通过,2026-06-20 12:57:00,2026-06-20 12:58:40,2026-06-20 13:06:43,2026-06-20 16:24:40,,--,,示例集团财务共享中心（本部）,应付确认单（物料类）,非自动审批,1
A01,示例集团·甲公司,AP-2026-001867,应付发票,应付确认单（物料类）,人民币,21278.41,,--,2026-05-13,FSSC审核岗,应付成本组,审核员05,审核通过,2026-03-02 15:51:30,2026-03-02 15:53:07,2026-03-02 15:55:35,2026-03-02 17:33:07,,--,,示例集团财务共享中心（本部）,应付确认单（物料类）,非自动审批,1
A06,示例集团·己公司,AP-2026-001868,通用报销单,应付付款单（材料采购）,人民币,16571.58,,--,2026-01-02,FSSC审核岗,应付成本组,审核员06,审核通过,2026-02-04 09:28:43,2026-02-04 09:30:14,2026-02-04 09:29:45,2026-02-04 12:57:14,,--,,示例集团财务共享中心（本部）,应付付款单（材料采购）,非自动审批,1
A06,示例集团·己公司,AP-2026-001868,通用报销单,应付付款单（材料采购）,人民币,262264.94,,--,2026-01-02,FSSC审核岗,应付成本组,审核员06,审核通过,2026-02-04 09:28:43,2026-02-04 09:30:14,2026-02-04 09:33:40,2026-02-04 13:44:14,,--,,示例集团财务共享中心（本部）,应付付款单（材料采购）,非自动审批,1
A06,示例集团·己公司,AP-2026-001868,通用报销单,应付付款单（材料采购）,人民币,80050.27,,--,2026-01-02,FSSC审核岗,应付成本组,审核员06,审核通过,2026-02-04 09:28:43,2026-02-04 09:30:14,2026-02-04 09:32:31,2026-02-04 13:49:14,,--,,示例集团财务共享中心（本部）,应付付款单（材料采购）,非自动审批,1
A03,示例集团·丙公司,AP-2026-001869,通用报销单,应付确认单（物料类）,人民币,179616.94,,--,2026-05-11,FSSC审核岗,应付成本组,审核员06,审核通过,2026-04-09 11:14:57,2026-04-09 11:16:22,2026-04-09 11:17:27,2026-04-09 14:21:22,,--,,示例集团财务共享中心（本部）,应付确认单（物料类）,非自动审批,1
A03,示例集团·丙公司,AP-2026-001869,通用报销单,应付确认单（物料类）,人民币,56014.82,,--,2026-05-11,FSSC审核岗,应付成本组,审核员06,审核通过,2026-04-09 11:14:57,2026-04-09 11:16:22,2026-04-09 11:18:28,2026-04-09 14:34:22,,--,,示例集团财务共享中心（本部）,应付确认单（物料类）,非自动审批,1
A02,示例集团·乙公司,AP-2026-001870,应付发票,通用报销单（费用报销）,人民币,87592.84,,--,2026-06-22,FSSC审核岗,应付成本组,审核员04,审核驳回,2026-06-24 11:24:14,2026-06-24 11:24:15,2026-06-24 11:30:52,--,,--,,示例集团财务共享中心（本部）,通用报销单（费用报销）,非自动审批,1
A02,示例集团·乙公司,AP-2026-001870,应付发票,通用报销单（费用报销）,人民币,8046.81,,--,2026-06-22,FSSC审核岗,应付成本组,审核员04,审核驳回,2026-06-24 11:24:14,2026-06-24 11:24:15,2026-06-24 11:30:25,--,,--,,示例集团财务共享中心（本部）,通用报销单（费用报销）,非自动审批,1
A02,示例集团·乙公司,AP-2026-001870,应付发票,通用报销单（费用报销）,人民币,48680.0,,--,2026-06-22,FSSC审核岗,应付成本组,审核员04,审核驳回,2026-06-24 11:24:14,2026-06-24 11:24:15,2026-06-24 11:29:23,--,,--,,示例集团财务共享中心（本部）,通用报销单（费用报销）,非自动审批,1
A09,示例集团·壬公司,AP-2026-001871,付款单,其他专项付款单,人民币,13804.11,,--,2026-01-21,FSSC审核岗,应付成本组,审核员05,审核通过,2026-05-15 11:37:15,2026-05-15 11:38:53,2026-05-15 11:45:50,2026-05-15 14:55:53,,--,,示例集团财务共享中心（本部）,其他专项付款单,非自动审批,1
A09,示例集团·壬公司,AP-2026-001871,付款单,其他专项付款单,人民币,923705.03,,--,2026-01-21,FSSC审核岗,应付成本组,审核员05,审核通过,2026-05-15 11:37:15,2026-05-15 11:38:53,2026-05-15 11:45:20,2026-05-15 14:41:53,,--,,示例集团财务共享中心（本部）,其他专项付款单,非自动审批,1
A09,示例集团·壬公司,AP-2026-001871,付款单,其他专项付款单,人民币,365839.49,,--,2026-01-21,FSSC审核岗,应付成本组,审核员05,审核通过,2026-05-15 11:37:15,2026-05-15 11:38:53,2026-05-15 11:38:52,2026-05-15 14:59:53,,--,,示例集团财务共享中心（本部）,其他专项付款单,非自动审批,1
A15,示例集团·子公司戊,AP-2026-001872,通用报销单,其他专项付款单,人民币,23968.77,,--,2026-01-18,FSSC审核岗,应付成本组,审核员06,审核通过,2026-03-13 13:43:09,2026-03-13 13:44:29,2026-03-13 13:45:56,2026-03-13 16:08:29,,--,,示例集团财务共享中心（本部）,其他专项付款单,非自动审批,1
A15,示例集团·子公司戊,AP-2026-001872,通用报销单,其他专项付款单,人民币,44775.76,,--,2026-01-18,FSSC审核岗,应付成本组,审核员06,审核通过,2026-03-13 13:43:09,2026-03-13 13:44:29,2026-03-13 13:45:37,2026-03-13 14:27:29,,--,,示例集团财务共享中心（本部）,其他专项付款单,非自动审批,1
A15,示例集团·子公司戊,AP-2026-001872,通用报销单,其他专项付款单,人民币,47830.23,,--,2026-01-18,FSSC审核岗,应付成本组,审核员06,审核通过,2026-03-13 13:43:09,2026-03-13 13:44:29,2026-03-13 13:44:04,2026-03-13 15:35:29,,--,,示例集团财务共享中心（本部）,其他专项付款单,非自动审批,1
A03,示例集团·丙公司,AP-2026-001873,应付发票,通用报销单（费用报销）,人民币,1221437.73,,--,2026-05-08,FSSC审核岗,应付成本组,审核员07,审核通过,2026-03-26 09:58:19,2026-03-26 10:00:17,2026-03-26 09:58:52,2026-03-26 14:17:17,,--,,示例集团财务共享中心（本部）,通用报销单（费用报销）,非自动审批,1
A09,示例集团·壬公司,AP-2026-001875,应付发票,应付付款单（差旅费）,人民币,104292.8,,--,2026-05-27,FSSC审核岗,应付成本组,审核员03,审核通过,2026-03-20 15:00:25,2026-03-20 15:01:50,2026-03-20 15:09:11,2026-03-20 19:27:50,,--,,示例集团财务共享中心（本部）,应付付款单（差旅费）,非自动审批,1
A02,示例集团·乙公司,AP-2026-001876,通用报销单,通用报销单（费用报销）,人民币,32892.02,,--,2026-02-04,FSSC审核岗,应付成本组,审核员05,审核通过,2026-05-13 19:37:33,2026-05-13 19:38:15,2026-05-13 19:38:42,2026-05-13 21:02:15,,--,,示例集团财务共享中心（本部）,通用报销单（费用报销）,非自动审批,1
A02,示例集团·乙公司,AP-2026-001876,通用报销单,通用报销单（费用报销）,人民币,73523.42,,--,2026-02-04,FSSC审核岗,应付成本组,审核员05,审核通过,2026-05-13 19:37:33,2026-05-13 19:38:15,2026-05-13 19:40:49,2026-05-13 20:52:15,,--,,示例集团财务共享中心（本部）,通用报销单（费用报销）,非自动审批,1
A10,示例集团·癸公司,AP-2026-001878,付款单,应付付款单（服务费）,人民币,6961.93,,--,2026-02-21,FSSC审核岗,应付成本组,审核员06,审核通过,2026-05-03 11:00:47,2026-05-03 11:02:22,2026-05-03 11:06:45,2026-05-03 13:39:22,,--,,示例集团财务共享中心（本部）,应付付款单（服务费）,非自动审批,1
A10,示例集团·癸公司,AP-2026-001878,付款单,应付付款单（服务费）,人民币,54006.37,,--,2026-02-21,FSSC审核岗,应付成本组,审核员06,审核通过,2026-05-03 11:00:47,2026-05-03 11:02:22,2026-05-03 11:05:16,2026-05-03 15:16:22,,--,,示例集团财务共享中心（本部）,应付付款单（服务费）,非自动审批,1
A10,示例集团·癸公司,AP-2026-001878,付款单,应付付款单（服务费）,人民币,13183.86,,--,2026-02-21,FSSC审核岗,应付成本组,审核员06,审核通过,2026-05-03 11:00:47,2026-05-03 11:02:22,2026-05-03 11:01:40,2026-05-03 14:38:22,,--,,示例集团财务共享中心（本部）,应付付款单（服务费）,非自动审批,1
A08,示例集团·辛公司,AP-2026-001879,通用报销单,应付付款单（服务费）,人民币,4506.46,,--,2026-06-02,FSSC审核岗,应付成本组,审核员05,审核通过,2026-06-23 16:54:56,2026-06-23 16:55:13,2026-06-23 16:56:46,2026-06-23 19:07:13,,--,,示例集团财务共享中心（本部）,应付付款单（服务费）,非自动审批,1
A08,示例集团·辛公司,AP-2026-001879,通用报销单,应付付款单（服务费）,人民币,966275.02,,--,2026-06-02,FSSC审核岗,应付成本组,审核员05,审核通过,2026-06-23 16:54:56,2026-06-23 16:55:13,2026-06-23 16:55:20,2026-06-23 19:11:13,,--,,示例集团财务共享中心（本部）,应付付款单（服务费）,非自动审批,1
A06,示例集团·己公司,AP-2026-001880,付款单,应付确认单（物料类）,人民币,57653.71,,--,2026-06-15,FSSC审核岗,应付成本组,审核员07,审核通过,2026-06-14 13:21:13,2026-06-14 13:21:22,2026-06-14 13:25:54,2026-06-14 17:18:22,,--,,示例集团财务共享中心（本部）,应付确认单（物料类）,非自动审批,1
A01,示例集团·甲公司,AP-2026-001881,付款单,应付付款单（服务费）,人民币,20328.49,,--,2026-04-24,FSSC审核岗,应付成本组,审核员01,审核通过,2026-01-04 15:24:45,2026-01-04 15:26:06,2026-01-04 15:33:10,2026-01-04 20:03:06,,--,,示例集团财务共享中心（本部）,应付付款单（服务费）,非自动审批,1
A01,示例集团·甲公司,AP-2026-001881,付款单,应付付款单（服务费）,人民币,5563.31,,--,2026-04-24,FSSC审核岗,应付成本组,审核员01,审核通过,2026-01-04 15:24:45,2026-01-04 15:26:06,2026-01-04 15:28:02,2026-01-04 18:42:06,,--,,示例集团财务共享中心（本部）,应付付款单（服务费）,非自动审批,1
A01,示例集团·甲公司,AP-2026-001881,付款单,应付付款单（服务费）,人民币,43933.73,,--,2026-04-24,FSSC审核岗,应付成本组,审核员01,审核通过,2026-01-04 15:24:45,2026-01-04 15:26:06,2026-01-04 15:27:35,2026-01-04 19:32:06,,--,,示例集团财务共享中心（本部）,应付付款单（服务费）,非自动审批,1
A03,示例集团·丙公司,AP-2026-001882,通用报销单,应付付款单（材料采购）,人民币,48589.01,,--,2026-02-20,FSSC审核岗,应付成本组,审核员05,审核通过,2026-01-07 13:59:20,2026-01-07 14:00:36,2026-01-07 14:04:30,2026-01-07 16:10:36,,--,,示例集团财务共享中心（本部）,应付付款单（材料采购）,非自动审批,1
A03,示例集团·丙公司,AP-2026-001882,通用报销单,应付付款单（材料采购）,人民币,174743.13,,--,2026-02-20,FSSC审核岗,应付成本组,审核员05,审核通过,2026-01-07 13:59:20,2026-01-07 14:00:36,2026-01-07 14:06:13,2026-01-07 15:12:36,,--,,示例集团财务共享中心（本部）,应付付款单（材料采购）,非自动审批,1
A03,示例集团·丙公司,AP-2026-001882,通用报销单,应付付款单（材料采购）,人民币,15750.57,,--,2026-02-20,FSSC审核岗,应付成本组,审核员05,审核通过,2026-01-07 13:59:20,2026-01-07 14:00:36,2026-01-07 14:05:27,2026-01-07 15:48:36,,--,,示例集团财务共享中心（本部）,应付付款单（材料采购）,非自动审批,1
A02,示例集团·乙公司,AP-2026-001883,应付发票,应付付款单（服务费）,人民币,28360.1,,--,2026-04-23,FSSC审核岗,应付成本组,审核员05,审核通过,2026-01-22 10:21:59,2026-01-22 10:23:55,2026-01-22 10:27:13,2026-01-22 14:25:55,,--,,示例集团财务共享中心（本部）,应付付款单（服务费）,非自动审批,1
A02,示例集团·乙公司,AP-2026-001883,应付发票,应付付款单（服务费）,人民币,16408.78,,--,2026-04-23,FSSC审核岗,应付成本组,审核员05,审核通过,2026-01-22 10:21:59,2026-01-22 10:23:55,2026-01-22 10:30:57,2026-01-22 13:06:55,,--,,示例集团财务共享中心（本部）,应付付款单（服务费）,非自动审批,1
A02,示例集团·乙公司,AP-2026-001883,应付发票,应付付款单（服务费）,人民币,44122.72,,--,2026-04-23,FSSC审核岗,应付成本组,审核员05,审核通过,2026-01-22 10:21:59,2026-01-22 10:23:55,2026-01-22 10:22:54,2026-01-22 13:25:55,,--,,示例集团财务共享中心（本部）,应付付款单（服务费）,非自动审批,1
A02,示例集团·乙公司,AP-2026-001886,通用报销单,应付付款单（差旅费）,人民币,3676.84,,--,2026-02-23,FSSC审核岗,应付成本组,审核员01,审核通过,2026-05-18 15:30:59,2026-05-18 15:31:42,2026-05-18 15:36:48,2026-05-18 17:02:42,,--,,示例集团财务共享中心（本部）,应付付款单（差旅费）,非自动审批,1
A02,示例集团·乙公司,AP-2026-001886,通用报销单,应付付款单（差旅费）,人民币,19421.17,,--,2026-02-23,FSSC审核岗,应付成本组,审核员01,审核通过,2026-05-18 15:30:59,2026-05-18 15:31:42,2026-05-18 15:34:13,2026-05-18 18:17:42,,--,,示例集团财务共享中心（本部）,应付付款单（差旅费）,非自动审批,1
A02,示例集团·乙公司,AP-2026-001886,通用报销单,应付付款单（差旅费）,人民币,144582.09,,--,2026-02-23,FSSC审核岗,应付成本组,审核员01,审核通过,2026-05-18 15:30:59,2026-05-18 15:31:42,2026-05-18 15:34:51,2026-05-18 18:44:42,,--,,示例集团财务共享中心（本部）,应付付款单（差旅费）,非自动审批,1
A10,示例集团·癸公司,AP-2026-001887,应付发票,应付付款单（差旅费）,人民币,10768.47,,--,2026-01-02,FSSC审核岗,应付成本组,审核员07,审核通过,2026-06-19 09:44:11,2026-06-19 09:45:43,2026-06-19 09:48:21,2026-06-19 13:34:43,,--,,示例集团财务共享中心（本部）,应付付款单（差旅费）,非自动审批,1
A04,示例集团·丁公司,AP-2026-001888,通用报销单,应付付款单（材料采购）,人民币,242633.72,,--,2026-03-13,FSSC审核岗,应付成本组,审核员07,审核通过,2026-06-05 11:20:52,2026-06-05 11:21:02,2026-06-05 11:28:56,2026-06-05 14:27:02,,--,,示例集团财务共享中心（本部）,应付付款单（材料采购）,非自动审批,1
A04,示例集团·丁公司,AP-2026-001888,通用报销单,应付付款单（材料采购）,人民币,203354.58,,--,2026-03-13,FSSC审核岗,应付成本组,审核员07,审核通过,2026-06-05 11:20:52,2026-06-05 11:21:02,2026-06-05 11:28:40,2026-06-05 15:07:02,,--,,示例集团财务共享中心（本部）,应付付款单（材料采购）,非自动审批,1
A17,示例集团·子公司庚,AP-2026-001889,应付发票,应付付款单（服务费）,人民币,228623.72,,--,2026-01-15,FSSC审核岗,应付成本组,审核员02,审核通过,2026-06-20 13:32:32,2026-06-20 13:33:13,2026-06-20 13:36:19,2026-06-20 17:22:13,,--,,示例集团财务共享中心（本部）,应付付款单（服务费）,非自动审批,1
A17,示例集团·子公司庚,AP-2026-001889,应付发票,应付付款单（服务费）,人民币,59496.19,,--,2026-01-15,FSSC审核岗,应付成本组,审核员02,审核通过,2026-06-20 13:32:32,2026-06-20 13:33:13,2026-06-20 13:34:55,2026-06-20 17:39:13,,--,,示例集团财务共享中心（本部）,应付付款单（服务费）,非自动审批,1
A03,示例集团·丙公司,AP-2026-001890,通用报销单,其他专项付款单,人民币,52461.76,,--,2026-01-22,FSSC审核岗,应付成本组,审核员01,审核通过,2026-02-15 08:14:19,2026-02-15 08:15:14,2026-02-15 08:23:33,2026-02-15 10:43:14,,--,,示例集团财务共享中心（本部）,其他专项付款单,非自动审批,1
A03,示例集团·丙公司,AP-2026-001890,通用报销单,其他专项付款单,人民币,93662.48,,--,2026-01-22,FSSC审核岗,应付成本组,审核员01,审核通过,2026-02-15 08:14:19,2026-02-15 08:15:14,2026-02-15 08:22:42,2026-02-15 09:35:14,,--,,示例集团财务共享中心（本部）,其他专项付款单,非自动审批,1
A20,示例集团·子公司癸,AP-2026-001892,通用报销单,应付付款单（服务费）,人民币,380169.93,,--,2026-02-08,FSSC审核岗,应付成本组,审核员04,审核驳回,2026-02-02 15:44:19,2026-02-02 15:45:27,2026-02-02 15:49:35,--,,--,,示例集团财务共享中心（本部）,应付付款单（服务费）,非自动审批,1
A06,示例集团·己公司,AP-2026-001893,付款单,应付确认单（物料类）,人民币,334699.35,,--,2026-03-05,FSSC审核岗,应付成本组,审核员01,审核通过,2026-06-15 08:35:27,2026-06-15 08:36:37,2026-06-15 08:43:05,2026-06-15 11:54:37,,--,,示例集团财务共享中心（本部）,应付确认单（物料类）,非自动审批,1
A06,示例集团·己公司,AP-2026-001893,付款单,应付确认单（物料类）,人民币,5842.25,,--,2026-03-05,FSSC审核岗,应付成本组,审核员01,审核通过,2026-06-15 08:35:27,2026-06-15 08:36:37,2026-06-15 08:37:11,2026-06-15 11:10:37,,--,,示例集团财务共享中心（本部）,应付确认单（物料类）,非自动审批,1
A06,示例集团·己公司,AP-2026-001893,付款单,应付确认单（物料类）,人民币,17605.62,,--,2026-03-05,FSSC审核岗,应付成本组,审核员01,审核通过,2026-06-15 08:35:27,2026-06-15 08:36:37,2026-06-15 08:35:38,2026-06-15 11:38:37,,--,,示例集团财务共享中心（本部）,应付确认单（物料类）,非自动审批,1
A10,示例集团·癸公司,AP-2026-001894,应付发票,应付付款单（材料采购）,人民币,13690.87,,--,2026-01-03,FSSC审核岗,应付成本组,审核员03,审核驳回,2026-03-24 13:22:27,2026-03-24 13:23:55,2026-03-24 13:25:43,--,,--,,示例集团财务共享中心（本部）,应付付款单（材料采购）,非自动审批,1
A10,示例集团·癸公司,AP-2026-001895,通用报销单,应付付款单（差旅费）,人民币,165625.11,,--,2026-03-06,FSSC审核岗,应付成本组,审核员01,审核通过,2026-02-01 11:26:29,2026-02-01 11:26:47,2026-02-01 11:33:41,2026-02-01 12:11:47,,--,,示例集团财务共享中心（本部）,应付付款单（差旅费）,非自动审批,1
A08,示例集团·辛公司,AP-2026-001896,付款单,应付付款单（差旅费）,人民币,23132.66,,--,2026-05-07,FSSC审核岗,应付成本组,审核员05,审核通过,2026-05-07 17:08:17,2026-05-07 17:09:31,2026-05-07 17:09:03,2026-05-07 18:48:31,,--,,示例集团财务共享中心（本部）,应付付款单（差旅费）,非自动审批,1
A08,示例集团·辛公司,AP-2026-001896,付款单,应付付款单（差旅费）,人民币,45037.6,,--,2026-05-07,FSSC审核岗,应付成本组,审核员05,审核通过,2026-05-07 17:08:17,2026-05-07 17:09:31,2026-05-07 17:12:57,2026-05-07 18:37:31,,--,,示例集团财务共享中心（本部）,应付付款单（差旅费）,非自动审批,1
A08,示例集团·辛公司,AP-2026-001896,付款单,应付付款单（差旅费）,人民币,654173.55,,--,2026-05-07,FSSC审核岗,应付成本组,审核员05,审核通过,2026-05-07 17:08:17,2026-05-07 17:09:31,2026-05-07 17:15:09,2026-05-07 19:40:31,,--,,示例集团财务共享中心（本部）,应付付款单（差旅费）,非自动审批,1
A02,示例集团·乙公司,AP-2026-001897,通用报销单,应付付款单（差旅费）,人民币,287573.39,,--,2026-06-14,FSSC审核岗,应付成本组,审核员07,审核通过,2026-05-18 15:47:03,2026-05-18 15:47:05,2026-05-18 15:55:42,2026-05-18 18:38:05,,--,,示例集团财务共享中心（本部）,应付付款单（差旅费）,非自动审批,1
A02,示例集团·乙公司,AP-2026-001897,通用报销单,应付付款单（差旅费）,人民币,411135.66,,--,2026-06-14,FSSC审核岗,应付成本组,审核员07,审核通过,2026-05-18 15:47:03,2026-05-18 15:47:05,2026-05-18 15:51:52,2026-05-18 17:52:05,,--,,示例集团财务共享中心（本部）,应付付款单（差旅费）,非自动审批,1
A04,示例集团·丁公司,AP-2026-001898,付款单,应付付款单（材料采购）,人民币,21944.34,,--,2026-05-01,FSSC审核岗,应付成本组,审核员04,审核通过,2026-02-10 20:47:57,2026-02-10 20:48:01,2026-02-10 20:49:39,2026-02-10 22:13:01,,--,,示例集团财务共享中心（本部）,应付付款单（材料采购）,非自动审批,1
A04,示例集团·丁公司,AP-2026-001898,付款单,应付付款单（材料采购）,人民币,1236.47,,--,2026-05-01,FSSC审核岗,应付成本组,审核员04,审核通过,2026-02-10 20:47:57,2026-02-10 20:48:01,2026-02-10 20:50:09,2026-02-10 22:51:01,,--,,示例集团财务共享中心（本部）,应付付款单（材料采购）,非自动审批,1
A04,示例集团·丁公司,AP-2026-001898,付款单,应付付款单（材料采购）,人民币,34415.61,,--,2026-05-01,FSSC审核岗,应付成本组,审核员04,审核通过,2026-02-10 20:47:57,2026-02-10 20:48:01,2026-02-10 20:51:01,2026-02-10 21:52:01,,--,,示例集团财务共享中心（本部）,应付付款单（材料采购）,非自动审批,1
A06,示例集团·己公司,AP-2026-001899,应付发票,其他专项付款单,人民币,7975.04,,--,2026-01-17,FSSC审核岗,应付成本组,审核员05,审核通过,2026-01-10 09:07:23,2026-01-10 09:08:04,2026-01-10 09:14:12,2026-01-10 10:08:04,,--,,示例集团财务共享中心（本部）,其他专项付款单,非自动审批,1
A06,示例集团·己公司,AP-2026-001899,应付发票,其他专项付款单,人民币,3937.62,,--,2026-01-17,FSSC审核岗,应付成本组,审核员05,审核通过,2026-01-10 09:07:23,2026-01-10 09:08:04,2026-01-10 09:16:05,2026-01-10 10:38:04,,--,,示例集团财务共享中心（本部）,其他专项付款单,非自动审批,1
A01,示例集团·甲公司,AP-2026-001900,付款单,通用报销单（费用报销）,人民币,290727.58,,--,2026-03-11,FSSC审核岗,应付成本组,审核员02,审核通过,2026-03-12 10:45:00,2026-03-12 10:45:21,2026-03-12 10:46:01,2026-03-12 11:48:21,,--,,示例集团财务共享中心（本部）,通用报销单（费用报销）,非自动审批,1
A01,示例集团·甲公司,AP-2026-001900,付款单,通用报销单（费用报销）,人民币,17178.46,,--,2026-03-11,FSSC审核岗,应付成本组,审核员02,审核通过,2026-03-12 10:45:00,2026-03-12 10:45:21,2026-03-12 10:47:47,2026-03-12 12:05:21,,--,,示例集团财务共享中心（本部）,通用报销单（费用报销）,非自动审批,1
A01,示例集团·甲公司,AP-2026-001900,付款单,通用报销单（费用报销）,人民币,19357.06,,--,2026-03-11,FSSC审核岗,应付成本组,审核员02,审核通过,2026-03-12 10:45:00,2026-03-12 10:45:21,2026-03-12 10:48:31,2026-03-12 12:10:21,,--,,示例集团财务共享中心（本部）,通用报销单（费用报销）,非自动审批,1
A02,示例集团·乙公司,AP-2026-001901,通用报销单,应付付款单（材料采购）,人民币,35879.83,,--,2026-01-10,FSSC审核岗,应付成本组,审核员04,审核通过,2026-05-09 19:04:39,2026-05-09 19:06:11,2026-05-09 19:11:09,2026-05-09 21:57:11,,--,,示例集团财务共享中心（本部）,应付付款单（材料采购）,非自动审批,1
A02,示例集团·乙公司,AP-2026-001901,通用报销单,应付付款单（材料采购）,人民币,600244.45,,--,2026-01-10,FSSC审核岗,应付成本组,审核员04,审核通过,2026-05-09 19:04:39,2026-05-09 19:06:11,2026-05-09 19:07:16,2026-05-09 22:19:11,,--,,示例集团财务共享中心（本部）,应付付款单（材料采购）,非自动审批,1
A02,示例集团·乙公司,AP-2026-001901,通用报销单,应付付款单（材料采购）,人民币,47750.27,,--,2026-01-10,FSSC审核岗,应付成本组,审核员04,审核通过,2026-05-09 19:04:39,2026-05-09 19:06:11,2026-05-09 19:11:00,2026-05-09 21:07:11,,--,,示例集团财务共享中心（本部）,应付付款单（材料采购）,非自动审批,1
A01,示例集团·甲公司,AP-2026-001902,付款单,应付确认单（物料类）,人民币,226891.09,,--,2026-04-11,FSSC审核岗,应付成本组,审核员01,审核通过,2026-05-11 13:33:11,2026-05-11 13:34:58,2026-05-11 13:39:49,2026-05-11 15:24:58,,--,,示例集团财务共享中心（本部）,应付确认单（物料类）,非自动审批,1
A01,示例集团·甲公司,AP-2026-001902,付款单,应付确认单（物料类）,人民币,38503.94,,--,2026-04-11,FSSC审核岗,应付成本组,审核员01,审核通过,2026-05-11 13:33:11,2026-05-11 13:34:58,2026-05-11 13:36:52,2026-05-11 15:02:58,,--,,示例集团财务共享中心（本部）,应付确认单（物料类）,非自动审批,1
A01,示例集团·甲公司,AP-2026-001902,付款单,应付确认单（物料类）,人民币,6550.87,,--,2026-04-11,FSSC审核岗,应付成本组,审核员01,审核通过,2026-05-11 13:33:11,2026-05-11 13:34:58,2026-05-11 13:33:31,2026-05-11 15:22:58,,--,,示例集团财务共享中心（本部）,应付确认单（物料类）,非自动审批,1
A01,示例集团·甲公司,AP-2026-001903,应付发票,其他专项付款单,人民币,11318.9,,--,2026-06-18,FSSC审核岗,应付成本组,审核员04,审核通过,2026-03-01 12:59:14,2026-03-01 13:01:10,2026-03-01 13:00:20,2026-03-01 16:43:10,,--,,示例集团财务共享中心（本部）,其他专项付款单,非自动审批,1
A04,示例集团·丁公司,AP-2026-001904,通用报销单,应付付款单（差旅费）,人民币,59557.58,,--,2026-01-10,FSSC审核岗,应付成本组,审核员06,审核通过,2026-06-08 13:45:06,2026-06-08 13:46:45,2026-06-08 13:49:05,2026-06-08 16:26:45,,--,,示例集团财务共享中心（本部）,应付付款单（差旅费）,非自动审批,1
A04,示例集团·丁公司,AP-2026-001904,通用报销单,应付付款单（差旅费）,人民币,69611.83,,--,2026-01-10,FSSC审核岗,应付成本组,审核员06,审核通过,2026-06-08 13:45:06,2026-06-08 13:46:45,2026-06-08 13:50:20,2026-06-08 16:46:45,,--,,示例集团财务共享中心（本部）,应付付款单（差旅费）,非自动审批,1
A04,示例集团·丁公司,AP-2026-001904,通用报销单,应付付款单（差旅费）,人民币,128001.07,,--,2026-01-10,FSSC审核岗,应付成本组,审核员06,审核通过,2026-06-08 13:45:06,2026-06-08 13:46:45,2026-06-08 13:53:08,2026-06-08 16:50:45,,--,,示例集团财务共享中心（本部）,应付付款单（差旅费）,非自动审批,1
A06,示例集团·己公司,AP-2026-001905,应付发票,其他专项付款单,人民币,128075.44,,--,2026-03-20,FSSC审核岗,应付成本组,审核员04,审核通过,2026-02-04 18:13:19,2026-02-04 18:14:35,2026-02-04 18:20:34,2026-02-04 22:11:35,,--,,示例集团财务共享中心（本部）,其他专项付款单,非自动审批,1
A06,示例集团·己公司,AP-2026-001905,应付发票,其他专项付款单,人民币,211129.68,,--,2026-03-20,FSSC审核岗,应付成本组,审核员04,审核通过,2026-02-04 18:13:19,2026-02-04 18:14:35,2026-02-04 18:14:42,2026-02-04 20:59:35,,--,,示例集团财务共享中心（本部）,其他专项付款单,非自动审批,1
A06,示例集团·己公司,AP-2026-001905,应付发票,其他专项付款单,人民币,20397.9,,--,2026-03-20,FSSC审核岗,应付成本组,审核员04,审核通过,2026-02-04 18:13:19,2026-02-04 18:14:35,2026-02-04 18:19:56,2026-02-04 20:47:35,,--,,示例集团财务共享中心（本部）,其他专项付款单,非自动审批,1
A04,示例集团·丁公司,AP-2026-001906,应付发票,应付付款单（材料采购）,人民币,773055.57,,--,2026-06-22,FSSC审核岗,应付成本组,审核员06,审核通过,2026-04-01 16:37:52,2026-04-01 16:38:38,2026-04-01 16:41:31,2026-04-01 20:19:38,,--,,示例集团财务共享中心（本部）,应付付款单（材料采购）,非自动审批,1
A04,示例集团·丁公司,AP-2026-001906,应付发票,应付付款单（材料采购）,人民币,878754.23,,--,2026-06-22,FSSC审核岗,应付成本组,审核员06,审核通过,2026-04-01 16:37:52,2026-04-01 16:38:38,2026-04-01 16:44:56,2026-04-01 20:20:38,,--,,示例集团财务共享中心（本部）,应付付款单（材料采购）,非自动审批,1
A04,示例集团·丁公司,AP-2026-001906,应付发票,应付付款单（材料采购）,人民币,28889.98,,--,2026-06-22,FSSC审核岗,应付成本组,审核员06,审核通过,2026-04-01 16:37:52,2026-04-01 16:38:38,2026-04-01 16:42:04,2026-04-01 19:08:38,,--,,示例集团财务共享中心（本部）,应付付款单（材料采购）,非自动审批,1
A08,示例集团·辛公司,AP-2026-001907,付款单,通用报销单（费用报销）,人民币,19702.74,,--,2026-05-25,FSSC审核岗,应付成本组,审核员02,审核通过,2026-06-23 16:39:14,2026-06-23 16:39:22,2026-06-23 16:42:24,2026-06-23 18:32:22,,--,,示例集团财务共享中心（本部）,通用报销单（费用报销）,非自动审批,1
A08,示例集团·辛公司,AP-2026-001907,付款单,通用报销单（费用报销）,人民币,4921.0,,--,2026-05-25,FSSC审核岗,应付成本组,审核员02,审核通过,2026-06-23 16:39:14,2026-06-23 16:39:22,2026-06-23 16:46:55,2026-06-23 17:24:22,,--,,示例集团财务共享中心（本部）,通用报销单（费用报销）,非自动审批,1
A01,示例集团·甲公司,AP-2026-001908,通用报销单,应付付款单（材料采购）,人民币,76057.49,,--,2026-02-17,FSSC审核岗,应付成本组,审核员05,审核通过,2026-03-08 08:44:30,2026-03-08 08:45:06,2026-03-08 08:49:01,2026-03-08 10:54:06,,--,,示例集团财务共享中心（本部）,应付付款单（材料采购）,非自动审批,1
A01,示例集团·甲公司,AP-2026-001908,通用报销单,应付付款单（材料采购）,人民币,112804.54,,--,2026-02-17,FSSC审核岗,应付成本组,审核员05,审核通过,2026-03-08 08:44:30,2026-03-08 08:45:06,2026-03-08 08:45:19,2026-03-08 11:40:06,,--,,示例集团财务共享中心（本部）,应付付款单（材料采购）,非自动审批,1
A06,示例集团·己公司,AP-2026-001909,应付发票,应付付款单（差旅费）,人民币,26607.34,,--,2026-05-15,FSSC审核岗,应付成本组,审核员05,审核通过,2026-03-11 19:26:03,2026-03-11 19:28:00,2026-03-11 19:31:57,2026-03-11 21:16:00,,--,,示例集团财务共享中心（本部）,应付付款单（差旅费）,非自动审批,1
A06,示例集团·己公司,AP-2026-001909,应付发票,应付付款单（差旅费）,人民币,88953.62,,--,2026-05-15,FSSC审核岗,应付成本组,审核员05,审核通过,2026-03-11 19:26:03,2026-03-11 19:28:00,2026-03-11 19:33:03,2026-03-11 20:53:00,,--,,示例集团财务共享中心（本部）,应付付款单（差旅费）,非自动审批,1
A06,示例集团·己公司,AP-2026-001909,应付发票,应付付款单（差旅费）,人民币,8578.9,,--,2026-05-15,FSSC审核岗,应付成本组,审核员05,审核通过,2026-03-11 19:26:03,2026-03-11 19:28:00,2026-03-11 19:26:29,2026-03-11 20:33:00,,--,,示例集团财务共享中心（本部）,应付付款单（差旅费）,非自动审批,1
A13,示例集团·子公司丙,AP-2026-001910,应付发票,通用报销单（费用报销）,人民币,232058.15,,--,2026-06-21,FSSC审核岗,应付成本组,审核员03,审核通过,2026-01-17 14:32:48,2026-01-17 14:33:58,2026-01-17 14:39:37,2026-01-17 18:10:58,,--,,示例集团财务共享中心（本部）,通用报销单（费用报销）,非自动审批,1
A01,示例集团·甲公司,AP-2026-001911,通用报销单,其他专项付款单,人民币,28470.71,,--,2026-01-21,FSSC审核岗,应付成本组,审核员04,审核通过,2026-05-16 17:19:17,2026-05-16 17:20:36,2026-05-16 17:20:22,2026-05-16 21:13:36,,--,,示例集团财务共享中心（本部）,其他专项付款单,非自动审批,1
A13,示例集团·子公司丙,AP-2026-001912,通用报销单,其他专项付款单,人民币,89703.36,,--,2026-02-02,FSSC审核岗,应付成本组,审核员01,审核通过,2026-03-27 10:47:36,2026-03-27 10:48:26,2026-03-27 10:52:11,2026-03-27 13:40:26,,--,,示例集团财务共享中心（本部）,其他专项付款单,非自动审批,1
A13,示例集团·子公司丙,AP-2026-001912,通用报销单,其他专项付款单,人民币,80355.83,,--,2026-02-02,FSSC审核岗,应付成本组,审核员01,审核通过,2026-03-27 10:47:36,2026-03-27 10:48:26,2026-03-27 10:55:22,2026-03-27 14:38:26,,--,,示例集团财务共享中心（本部）,其他专项付款单,非自动审批,1
A12,示例集团·子公司乙,AP-2026-001913,应付发票,其他专项付款单,人民币,3848.28,,--,2026-06-13,FSSC审核岗,应付成本组,审核员01,审核通过,2026-06-24 12:15:59,2026-06-24 12:17:23,2026-06-24 12:17:05,2026-06-24 16:21:23,,--,,示例集团财务共享中心（本部）,其他专项付款单,非自动审批,1
A12,示例集团·子公司乙,AP-2026-001913,应付发票,其他专项付款单,人民币,192460.35,,--,2026-06-13,FSSC审核岗,应付成本组,审核员01,审核通过,2026-06-24 12:15:59,2026-06-24 12:17:23,2026-06-24 12:21:16,2026-06-24 16:17:23,,--,,示例集团财务共享中心（本部）,其他专项付款单,非自动审批,1
A12,示例集团·子公司乙,AP-2026-001913,应付发票,其他专项付款单,人民币,19965.86,,--,2026-06-13,FSSC审核岗,应付成本组,审核员01,审核通过,2026-06-24 12:15:59,2026-06-24 12:17:23,2026-06-24 12:24:42,2026-06-24 14:43:23,,--,,示例集团财务共享中心（本部）,其他专项付款单,非自动审批,1
A05,示例集团·戊公司,AP-2026-001915,付款单,通用报销单（费用报销）,人民币,79499.54,,--,2026-02-10,FSSC审核岗,应付成本组,审核员02,审核驳回,2026-02-27 19:13:32,2026-02-27 19:14:56,2026-02-27 19:17:02,--,,--,,示例集团财务共享中心（本部）,通用报销单（费用报销）,非自动审批,1
A05,示例集团·戊公司,AP-2026-001915,付款单,通用报销单（费用报销）,人民币,8317.92,,--,2026-02-10,FSSC审核岗,应付成本组,审核员02,审核驳回,2026-02-27 19:13:32,2026-02-27 19:14:56,2026-02-27 19:21:49,--,,--,,示例集团财务共享中心（本部）,通用报销单（费用报销）,非自动审批,1
A07,示例集团·庚公司,AP-2026-001916,通用报销单,应付付款单（差旅费）,人民币,30603.57,,--,2026-02-07,FSSC审核岗,应付成本组,审核员04,审核通过,2026-06-05 11:13:31,2026-06-05 11:14:36,2026-06-05 11:17:53,2026-06-05 13:55:36,,--,,示例集团财务共享中心（本部）,应付付款单（差旅费）,非自动审批,1
A07,示例集团·庚公司,AP-2026-001916,通用报销单,应付付款单（差旅费）,人民币,99563.25,,--,2026-02-07,FSSC审核岗,应付成本组,审核员04,审核通过,2026-06-05 11:13:31,2026-06-05 11:14:36,2026-06-05 11:20:46,2026-06-05 13:24:36,,--,,示例集团财务共享中心（本部）,应付付款单（差旅费）,非自动审批,1
A07,示例集团·庚公司,AP-2026-001916,通用报销单,应付付款单（差旅费）,人民币,13213.26,,--,2026-02-07,FSSC审核岗,应付成本组,审核员04,审核通过,2026-06-05 11:13:31,2026-06-05 11:14:36,2026-06-05 11:16:24,2026-06-05 13:39:36,,--,,示例集团财务共享中心（本部）,应付付款单（差旅费）,非自动审批,1
A01,示例集团·甲公司,AP-2026-001917,通用报销单,通用报销单（费用报销）,人民币,14266.41,,--,2026-01-02,FSSC审核岗,应付成本组,审核员05,审核通过,2026-04-03 20:09:52,2026-04-03 20:11:20,2026-04-03 20:15:26,2026-04-03 23:07:20,,--,,示例集团财务共享中心（本部）,通用报销单（费用报销）,非自动审批,1
A11,示例集团·子公司甲,AP-2026-001918,付款单,应付付款单（材料采购）,人民币,71331.65,,--,2026-02-09,FSSC审核岗,应付成本组,审核员04,审核驳回,2026-06-07 10:08:33,2026-06-07 10:09:35,2026-06-07 10:16:14,--,,--,,示例集团财务共享中心（本部）,应付付款单（材料采购）,非自动审批,1
A11,示例集团·子公司甲,AP-2026-001918,付款单,应付付款单（材料采购）,人民币,47357.47,,--,2026-02-09,FSSC审核岗,应付成本组,审核员04,审核驳回,2026-06-07 10:08:33,2026-06-07 10:09:35,2026-06-07 10:16:34,--,,--,,示例集团财务共享中心（本部）,应付付款单（材料采购）,非自动审批,1
A03,示例集团·丙公司,AP-2026-001919,应付发票,应付确认单（物料类）,人民币,97638.43,,--,2026-05-05,FSSC审核岗,应付成本组,审核员07,审核通过,2026-01-04 15:16:17,2026-01-04 15:17:11,2026-01-04 15:22:09,2026-01-04 17:24:11,,--,,示例集团财务共享中心（本部）,应付确认单（物料类）,非自动审批,1
A11,示例集团·子公司甲,AP-2026-001920,付款单,通用报销单（费用报销）,人民币,35777.33,,--,2026-06-18,FSSC审核岗,应付成本组,审核员02,审核通过,2026-06-22 17:05:50,2026-06-22 17:06:52,2026-06-22 17:06:37,2026-06-22 21:01:52,,--,,示例集团财务共享中心（本部）,通用报销单（费用报销）,非自动审批,1
A11,示例集团·子公司甲,AP-2026-001920,付款单,通用报销单（费用报销）,人民币,146986.79,,--,2026-06-18,FSSC审核岗,应付成本组,审核员02,审核通过,2026-06-22 17:05:50,2026-06-22 17:06:52,2026-06-22 17:07:31,2026-06-22 20:24:52,,--,,示例集团财务共享中心（本部）,通用报销单（费用报销）,非自动审批,1
A11,示例集团·子公司甲,AP-2026-001920,付款单,通用报销单（费用报销）,人民币,27072.19,,--,2026-06-18,FSSC审核岗,应付成本组,审核员02,审核通过,2026-06-22 17:05:50,2026-06-22 17:06:52,2026-06-22 17:12:33,2026-06-22 21:18:52,,--,,示例集团财务共享中心（本部）,通用报销单（费用报销）,非自动审批,1
A09,示例集团·壬公司,AP-2026-001921,通用报销单,通用报销单（费用报销）,人民币,138121.69,,--,2026-02-28,FSSC审核岗,应付成本组,审核员02,审核通过,2026-04-21 11:42:26,2026-04-21 11:42:30,2026-04-21 11:48:09,2026-04-21 13:54:30,,--,,示例集团财务共享中心（本部）,通用报销单（费用报销）,非自动审批,1
A16,示例集团·子公司己,AP-2026-001922,付款单,应付付款单（服务费）,人民币,16823.05,,--,2026-06-11,FSSC审核岗,应付成本组,审核员03,审核通过,2026-03-05 14:14:07,2026-03-05 14:15:02,2026-03-05 14:22:26,2026-03-05 14:19:02,,--,,示例集团财务共享中心（本部）,应付付款单（服务费）,非自动审批,1
A17,示例集团·子公司庚,AP-2026-001925,付款单,应付付款单（材料采购）,人民币,25453.61,,--,2026-06-02,FSSC审核岗,应付成本组,审核员02,审核通过,2026-02-07 12:19:42,2026-02-07 12:20:41,2026-02-07 12:21:39,2026-02-07 14:40:41,,--,,示例集团财务共享中心（本部）,应付付款单（材料采购）,非自动审批,1
A17,示例集团·子公司庚,AP-2026-001925,付款单,应付付款单（材料采购）,人民币,166531.42,,--,2026-06-02,FSSC审核岗,应付成本组,审核员02,审核通过,2026-02-07 12:19:42,2026-02-07 12:20:41,2026-02-07 12:22:03,2026-02-07 15:03:41,,--,,示例集团财务共享中心（本部）,应付付款单（材料采购）,非自动审批,1
A17,示例集团·子公司庚,AP-2026-001925,付款单,应付付款单（材料采购）,人民币,29140.0,,--,2026-06-02,FSSC审核岗,应付成本组,审核员02,审核通过,2026-02-07 12:19:42,2026-02-07 12:20:41,2026-02-07 12:28:33,2026-02-07 15:26:41,,--,,示例集团财务共享中心（本部）,应付付款单（材料采购）,非自动审批,1
A06,示例集团·己公司,AP-2026-001926,付款单,应付付款单（差旅费）,人民币,11617.61,,--,2026-06-22,FSSC审核岗,应付成本组,审核员02,审核通过,2026-04-21 09:47:49,2026-04-21 09:49:03,2026-04-21 09:55:09,2026-04-21 11:29:03,,--,,示例集团财务共享中心（本部）,应付付款单（差旅费）,非自动审批,1
A06,示例集团·己公司,AP-2026-001926,付款单,应付付款单（差旅费）,人民币,674793.65,,--,2026-06-22,FSSC审核岗,应付成本组,审核员02,审核通过,2026-04-21 09:47:49,2026-04-21 09:49:03,2026-04-21 09:50:39,2026-04-21 11:35:03,,--,,示例集团财务共享中心（本部）,应付付款单（差旅费）,非自动审批,1
A02,示例集团·乙公司,AP-2026-001927,应付发票,应付付款单（材料采购）,人民币,57000.39,,--,2026-03-14,FSSC审核岗,应付成本组,审核员02,审核通过,2026-04-18 10:56:42,2026-04-18 10:57:12,2026-04-18 11:06:00,2026-04-18 14:22:12,,--,,示例集团财务共享中心（本部）,应付付款单（材料采购）,非自动审批,1
A02,示例集团·乙公司,AP-2026-001927,应付发票,应付付款单（材料采购）,人民币,115847.84,,--,2026-03-14,FSSC审核岗,应付成本组,审核员02,审核通过,2026-04-18 10:56:42,2026-04-18 10:57:12,2026-04-18 10:58:09,2026-04-18 14:32:12,,--,,示例集团财务共享中心（本部）,应付付款单（材料采购）,非自动审批,1
A02,示例集团·乙公司,AP-2026-001927,应付发票,应付付款单（材料采购）,人民币,2522.71,,--,2026-03-14,FSSC审核岗,应付成本组,审核员02,审核通过,2026-04-18 10:56:42,2026-04-18 10:57:12,2026-04-18 11:05:23,2026-04-18 14:47:12,,--,,示例集团财务共享中心（本部）,应付付款单（材料采购）,非自动审批,1
A07,示例集团·庚公司,AP-2026-001930,应付发票,应付付款单（材料采购）,人民币,386362.76,,--,2026-05-15,FSSC审核岗,应付成本组,审核员07,审核通过,2026-01-09 13:11:53,2026-01-09 13:12:21,2026-01-09 13:21:01,2026-01-09 15:43:21,,--,,示例集团财务共享中心（本部）,应付付款单（材料采购）,非自动审批,1
A03,示例集团·丙公司,AP-2026-001931,应付发票,通用报销单（费用报销）,人民币,2433213.31,,--,2026-05-23,FSSC审核岗,应付成本组,审核员06,审核通过,2026-04-11 15:30:19,2026-04-11 15:32:11,2026-04-11 15:36:52,2026-04-11 15:55:11,,--,,示例集团财务共享中心（本部）,通用报销单（费用报销）,非自动审批,1
A03,示例集团·丙公司,AP-2026-001931,应付发票,通用报销单（费用报销）,人民币,340801.49,,--,2026-05-23,FSSC审核岗,应付成本组,审核员06,审核通过,2026-04-11 15:30:19,2026-04-11 15:32:11,2026-04-11 15:36:30,2026-04-11 17:28:11,,--,,示例集团财务共享中心（本部）,通用报销单（费用报销）,非自动审批,1
A03,示例集团·丙公司,AP-2026-001931,应付发票,通用报销单（费用报销）,人民币,416059.59,,--,2026-05-23,FSSC审核岗,应付成本组,审核员06,审核通过,2026-04-11 15:30:19,2026-04-11 15:32:11,2026-04-11 15:37:32,2026-04-11 17:23:11,,--,,示例集团财务共享中心（本部）,通用报销单（费用报销）,非自动审批,1
A01,示例集团·甲公司,AP-2026-001933,通用报销单,应付付款单（服务费）,人民币,33783.31,,--,2026-02-03,FSSC审核岗,应付成本组,审核员07,审核通过,2026-06-02 13:25:32,2026-06-02 13:26:23,2026-06-02 13:31:26,2026-06-02 16:57:23,,--,,示例集团财务共享中心（本部）,应付付款单（服务费）,非自动审批,1
A01,示例集团·甲公司,AP-2026-001933,通用报销单,应付付款单（服务费）,人民币,85182.58,,--,2026-02-03,FSSC审核岗,应付成本组,审核员07,审核通过,2026-06-02 13:25:32,2026-06-02 13:26:23,2026-06-02 13:28:22,2026-06-02 16:05:23,,--,,示例集团财务共享中心（本部）,应付付款单（服务费）,非自动审批,1
A20,示例集团·子公司癸,AP-2026-001934,通用报销单,通用报销单（费用报销）,人民币,118575.84,,--,2026-01-12,FSSC审核岗,应付成本组,审核员05,审核通过,2026-02-15 17:34:10,2026-02-15 17:34:26,2026-02-15 17:40:30,2026-02-15 20:13:26,,--,,示例集团财务共享中心（本部）,通用报销单（费用报销）,非自动审批,1
A20,示例集团·子公司癸,AP-2026-001934,通用报销单,通用报销单（费用报销）,人民币,22546.74,,--,2026-01-12,FSSC审核岗,应付成本组,审核员05,审核通过,2026-02-15 17:34:10,2026-02-15 17:34:26,2026-02-15 17:36:32,2026-02-15 19:48:26,,--,,示例集团财务共享中心（本部）,通用报销单（费用报销）,非自动审批,1
A02,示例集团·乙公司,AP-2026-001935,应付发票,通用报销单（费用报销）,人民币,50328.0,,--,2026-05-03,FSSC审核岗,应付成本组,审核员05,审核通过,2026-02-03 17:38:45,2026-02-03 17:39:57,2026-02-03 17:47:17,2026-02-03 22:00:57,,--,,示例集团财务共享中心（本部）,通用报销单（费用报销）,非自动审批,1
A02,示例集团·乙公司,AP-2026-001935,应付发票,通用报销单（费用报销）,人民币,14744.27,,--,2026-05-03,FSSC审核岗,应付成本组,审核员05,审核通过,2026-02-03 17:38:45,2026-02-03 17:39:57,2026-02-03 17:39:21,2026-02-03 22:26:57,,--,,示例集团财务共享中心（本部）,通用报销单（费用报销）,非自动审批,1
A02,示例集团·乙公司,AP-2026-001935,应付发票,通用报销单（费用报销）,人民币,34416.5,,--,2026-05-03,FSSC审核岗,应付成本组,审核员05,审核通过,2026-02-03 17:38:45,2026-02-03 17:39:57,2026-02-03 17:46:22,2026-02-03 20:59:57,,--,,示例集团财务共享中心（本部）,通用报销单（费用报销）,非自动审批,1
A06,示例集团·己公司,AP-2026-001937,应付发票,应付付款单（服务费）,人民币,194317.4,,--,2026-02-15,FSSC审核岗,应付成本组,审核员05,审核驳回,2026-05-10 14:05:46,2026-05-10 14:06:28,2026-05-10 14:15:16,--,,--,,示例集团财务共享中心（本部）,应付付款单（服务费）,非自动审批,1
A09,示例集团·壬公司,AP-2026-001938,付款单,其他专项付款单,人民币,5053.99,,--,2026-01-12,FSSC审核岗,应付成本组,审核员02,审核通过,2026-01-22 12:36:41,2026-01-22 12:38:09,2026-01-22 12:39:52,2026-01-22 17:12:09,,--,,示例集团财务共享中心（本部）,其他专项付款单,非自动审批,1
A09,示例集团·壬公司,AP-2026-001938,付款单,其他专项付款单,人民币,227372.53,,--,2026-01-12,FSSC审核岗,应付成本组,审核员02,审核通过,2026-01-22 12:36:41,2026-01-22 12:38:09,2026-01-22 12:40:39,2026-01-22 17:37:09,,--,,示例集团财务共享中心（本部）,其他专项付款单,非自动审批,1
A09,示例集团·壬公司,AP-2026-001938,付款单,其他专项付款单,人民币,6579.38,,--,2026-01-12,FSSC审核岗,应付成本组,审核员02,审核通过,2026-01-22 12:36:41,2026-01-22 12:38:09,2026-01-22 12:40:52,2026-01-22 16:40:09,,--,,示例集团财务共享中心（本部）,其他专项付款单,非自动审批,1
A19,示例集团·子公司壬,AP-2026-001939,通用报销单,应付付款单（材料采购）,人民币,64436.71,,--,2026-03-16,FSSC审核岗,应付成本组,审核员07,审核通过,2026-06-26 17:30:59,2026-06-26 17:31:58,2026-06-26 17:38:38,2026-06-26 21:32:58,,--,,示例集团财务共享中心（本部）,应付付款单（材料采购）,非自动审批,1
A19,示例集团·子公司壬,AP-2026-001939,通用报销单,应付付款单（材料采购）,人民币,73189.64,,--,2026-03-16,FSSC审核岗,应付成本组,审核员07,审核通过,2026-06-26 17:30:59,2026-06-26 17:31:58,2026-06-26 17:39:38,2026-06-26 20:38:58,,--,,示例集团财务共享中心（本部）,应付付款单（材料采购）,非自动审批,1
A19,示例集团·子公司壬,AP-2026-001939,通用报销单,应付付款单（材料采购）,人民币,133511.48,,--,2026-03-16,FSSC审核岗,应付成本组,审核员07,审核通过,2026-06-26 17:30:59,2026-06-26 17:31:58,2026-06-26 17:37:32,2026-06-26 21:57:58,,--,,示例集团财务共享中心（本部）,应付付款单（材料采购）,非自动审批,1
A03,示例集团·丙公司,AP-2026-001940,应付发票,通用报销单（费用报销）,人民币,46501.68,,--,2026-03-24,FSSC审核岗,应付成本组,审核员07,审核通过,2026-01-25 10:22:34,2026-01-25 10:23:59,2026-01-25 10:29:43,2026-01-25 13:56:59,,--,,示例集团财务共享中心（本部）,通用报销单（费用报销）,非自动审批,1
A03,示例集团·丙公司,AP-2026-001940,应付发票,通用报销单（费用报销）,人民币,13869.23,,--,2026-03-24,FSSC审核岗,应付成本组,审核员07,审核通过,2026-01-25 10:22:34,2026-01-25 10:23:59,2026-01-25 10:31:00,2026-01-25 13:38:59,,--,,示例集团财务共享中心（本部）,通用报销单（费用报销）,非自动审批,1
A01,示例集团·甲公司,AP-2026-001941,通用报销单,应付确认单（物料类）,人民币,77521.7,,--,2026-05-24,FSSC审核岗,应付成本组,审核员03,审核通过,2026-04-02 20:51:38,2026-04-02 20:52:25,2026-04-02 20:57:05,2026-04-02 23:05:25,,--,,示例集团财务共享中心（本部）,应付确认单（物料类）,非自动审批,1
A01,示例集团·甲公司,AP-2026-001941,通用报销单,应付确认单（物料类）,人民币,1253572.24,,--,2026-05-24,FSSC审核岗,应付成本组,审核员03,审核通过,2026-04-02 20:51:38,2026-04-02 20:52:25,2026-04-02 21:00:18,2026-04-02 21:51:25,,--,,示例集团财务共享中心（本部）,应付确认单（物料类）,非自动审批,1
A01,示例集团·甲公司,AP-2026-001941,通用报销单,应付确认单（物料类）,人民币,58678.41,,--,2026-05-24,FSSC审核岗,应付成本组,审核员03,审核通过,2026-04-02 20:51:38,2026-04-02 20:52:25,2026-04-02 20:58:50,2026-04-02 21:52:25,,--,,示例集团财务共享中心（本部）,应付确认单（物料类）,非自动审批,1
A13,示例集团·子公司丙,AP-2026-001942,应付发票,应付付款单（差旅费）,人民币,17432.17,,--,2026-03-13,FSSC审核岗,应付成本组,审核员06,审核通过,2026-03-26 18:38:53,2026-03-26 18:40:02,2026-03-26 18:39:37,2026-03-26 20:09:02,,--,,示例集团财务共享中心（本部）,应付付款单（差旅费）,非自动审批,1
A13,示例集团·子公司丙,AP-2026-001942,应付发票,应付付款单（差旅费）,人民币,31132.24,,--,2026-03-13,FSSC审核岗,应付成本组,审核员06,审核通过,2026-03-26 18:38:53,2026-03-26 18:40:02,2026-03-26 18:41:37,2026-03-26 21:05:02,,--,,示例集团财务共享中心（本部）,应付付款单（差旅费）,非自动审批,1
A05,示例集团·戊公司,AP-2026-001943,应付发票,应付确认单（物料类）,人民币,73890.03,,--,2026-01-10,FSSC审核岗,应付成本组,审核员06,审核通过,2026-06-26 13:33:59,2026-06-26 13:35:32,2026-06-26 13:34:19,2026-06-26 17:15:32,,--,,示例集团财务共享中心（本部）,应付确认单（物料类）,非自动审批,1
A05,示例集团·戊公司,AP-2026-001944,通用报销单,其他专项付款单,人民币,41106.86,,--,2026-04-11,FSSC审核岗,应付成本组,审核员06,审核通过,2026-04-10 19:03:06,2026-04-10 19:04:03,2026-04-10 19:09:17,2026-04-10 21:43:03,,--,,示例集团财务共享中心（本部）,其他专项付款单,非自动审批,1
A05,示例集团·戊公司,AP-2026-001944,通用报销单,其他专项付款单,人民币,33839.57,,--,2026-04-11,FSSC审核岗,应付成本组,审核员06,审核通过,2026-04-10 19:03:06,2026-04-10 19:04:03,2026-04-10 19:04:06,2026-04-10 21:18:03,,--,,示例集团财务共享中心（本部）,其他专项付款单,非自动审批,1
A05,示例集团·戊公司,AP-2026-001944,通用报销单,其他专项付款单,人民币,384002.74,,--,2026-04-11,FSSC审核岗,应付成本组,审核员06,审核通过,2026-04-10 19:03:06,2026-04-10 19:04:03,2026-04-10 19:12:35,2026-04-10 20:17:03,,--,,示例集团财务共享中心（本部）,其他专项付款单,非自动审批,1
A03,示例集团·丙公司,AP-2026-001945,付款单,应付确认单（物料类）,人民币,123524.45,,--,2026-05-04,FSSC审核岗,应付成本组,审核员06,审核通过,2026-02-03 19:04:43,2026-02-03 19:05:50,2026-02-03 19:10:16,2026-02-03 21:33:50,,--,,示例集团财务共享中心（本部）,应付确认单（物料类）,非自动审批,1
A03,示例集团·丙公司,AP-2026-001945,付款单,应付确认单（物料类）,人民币,50719.86,,--,2026-05-04,FSSC审核岗,应付成本组,审核员06,审核通过,2026-02-03 19:04:43,2026-02-03 19:05:50,2026-02-03 19:10:10,2026-02-03 22:26:50,,--,,示例集团财务共享中心（本部）,应付确认单（物料类）,非自动审批,1
A14,示例集团·子公司丁,AP-2026-001946,付款单,应付确认单（物料类）,人民币,51266.77,,--,2026-05-24,FSSC审核岗,应付成本组,审核员05,审核通过,2026-02-27 10:04:38,2026-02-27 10:06:24,2026-02-27 10:05:14,2026-02-27 14:10:24,,--,,示例集团财务共享中心（本部）,应付确认单（物料类）,非自动审批,1
A14,示例集团·子公司丁,AP-2026-001946,付款单,应付确认单（物料类）,人民币,76301.69,,--,2026-05-24,FSSC审核岗,应付成本组,审核员05,审核通过,2026-02-27 10:04:38,2026-02-27 10:06:24,2026-02-27 10:10:34,2026-02-27 13:44:24,,--,,示例集团财务共享中心（本部）,应付确认单（物料类）,非自动审批,1
A07,示例集团·庚公司,AP-2026-001949,付款单,应付确认单（物料类）,人民币,131195.01,,--,2026-03-13,FSSC审核岗,应付成本组,审核员04,审核通过,2026-03-19 11:59:36,2026-03-19 12:00:38,2026-03-19 11:59:47,2026-03-19 16:17:38,,--,,示例集团财务共享中心（本部）,应付确认单（物料类）,非自动审批,1
A04,示例集团·丁公司,AP-2026-001950,应付发票,应付付款单（材料采购）,人民币,360497.73,,--,2026-02-18,FSSC审核岗,应付成本组,审核员04,审核通过,2026-04-12 20:10:33,2026-04-12 20:12:28,2026-04-12 20:17:53,2026-04-12 22:02:28,,--,,示例集团财务共享中心（本部）,应付付款单（材料采购）,非自动审批,1
A04,示例集团·丁公司,AP-2026-001950,应付发票,应付付款单（材料采购）,人民币,33635.01,,--,2026-02-18,FSSC审核岗,应付成本组,审核员04,审核通过,2026-04-12 20:10:33,2026-04-12 20:12:28,2026-04-12 20:19:06,2026-04-12 22:42:28,,--,,示例集团财务共享中心（本部）,应付付款单（材料采购）,非自动审批,1
A04,示例集团·丁公司,AP-2026-001950,应付发票,应付付款单（材料采购）,人民币,14880.55,,--,2026-02-18,FSSC审核岗,应付成本组,审核员04,审核通过,2026-04-12 20:10:33,2026-04-12 20:12:28,2026-04-12 20:15:09,2026-04-12 21:32:28,,--,,示例集团财务共享中心（本部）,应付付款单（材料采购）,非自动审批,1
A05,示例集团·戊公司,AP-2026-001951,付款单,应付付款单（差旅费）,人民币,27486.47,,--,2026-06-18,FSSC审核岗,应付成本组,审核员05,审核通过,2026-03-11 12:17:54,2026-03-11 12:18:28,2026-03-11 12:21:41,2026-03-11 15:12:28,,--,,示例集团财务共享中心（本部）,应付付款单（差旅费）,非自动审批,1
A15,示例集团·子公司戊,AP-2026-001952,付款单,应付付款单（差旅费）,人民币,17573.91,,--,2026-01-19,FSSC审核岗,应付成本组,审核员01,审核通过,2026-02-01 19:22:06,2026-02-01 19:22:30,2026-02-01 19:31:37,2026-02-01 23:16:30,,--,,示例集团财务共享中心（本部）,应付付款单（差旅费）,非自动审批,1
A15,示例集团·子公司戊,AP-2026-001952,付款单,应付付款单（差旅费）,人民币,7069.81,,--,2026-01-19,FSSC审核岗,应付成本组,审核员01,审核通过,2026-02-01 19:22:06,2026-02-01 19:22:30,2026-02-01 19:28:41,2026-02-01 22:46:30,,--,,示例集团财务共享中心（本部）,应付付款单（差旅费）,非自动审批,1
A15,示例集团·子公司戊,AP-2026-001952,付款单,应付付款单（差旅费）,人民币,431420.78,,--,2026-01-19,FSSC审核岗,应付成本组,审核员01,审核通过,2026-02-01 19:22:06,2026-02-01 19:22:30,2026-02-01 19:28:49,2026-02-02 00:02:30,,--,,示例集团财务共享中心（本部）,应付付款单（差旅费）,非自动审批,1
A04,示例集团·丁公司,AP-2026-001953,付款单,其他专项付款单,人民币,198078.87,,--,2026-01-04,FSSC审核岗,应付成本组,审核员05,审核通过,2026-02-27 16:19:09,2026-02-27 16:20:11,2026-02-27 16:24:57,2026-02-27 19:27:11,,--,,示例集团财务共享中心（本部）,其他专项付款单,非自动审批,1
A04,示例集团·丁公司,AP-2026-001953,付款单,其他专项付款单,人民币,2448.12,,--,2026-01-04,FSSC审核岗,应付成本组,审核员05,审核通过,2026-02-27 16:19:09,2026-02-27 16:20:11,2026-02-27 16:23:03,2026-02-27 19:25:11,,--,,示例集团财务共享中心（本部）,其他专项付款单,非自动审批,1
A19,示例集团·子公司壬,AP-2026-001954,应付发票,应付付款单（服务费）,人民币,81236.96,,--,2026-06-05,FSSC审核岗,应付成本组,审核员06,审核通过,2026-01-08 08:51:31,2026-01-08 08:52:56,2026-01-08 08:59:14,2026-01-08 11:16:56,,--,,示例集团财务共享中心（本部）,应付付款单（服务费）,非自动审批,1
A19,示例集团·子公司壬,AP-2026-001954,应付发票,应付付款单（服务费）,人民币,35332.96,,--,2026-06-05,FSSC审核岗,应付成本组,审核员06,审核通过,2026-01-08 08:51:31,2026-01-08 08:52:56,2026-01-08 09:01:28,2026-01-08 11:33:56,,--,,示例集团财务共享中心（本部）,应付付款单（服务费）,非自动审批,1
A04,示例集团·丁公司,AP-2026-001955,应付发票,其他专项付款单,人民币,29903.43,,--,2026-04-21,FSSC审核岗,应付成本组,审核员01,审核通过,2026-04-02 11:54:12,2026-04-02 11:54:35,2026-04-02 12:02:33,2026-04-02 15:55:35,,--,,示例集团财务共享中心（本部）,其他专项付款单,非自动审批,1
A03,示例集团·丙公司,AP-2026-001956,付款单,其他专项付款单,人民币,1842.48,,--,2026-05-14,FSSC审核岗,应付成本组,审核员07,审核通过,2026-04-26 20:06:49,2026-04-26 20:06:59,2026-04-26 20:09:38,2026-04-26 22:42:59,,--,,示例集团财务共享中心（本部）,其他专项付款单,非自动审批,1
A10,示例集团·癸公司,AP-2026-001957,通用报销单,通用报销单（费用报销）,人民币,57795.1,,--,2026-03-03,FSSC审核岗,应付成本组,审核员03,审核通过,2026-01-10 13:40:28,2026-01-10 13:41:11,2026-01-10 13:47:58,2026-01-10 17:51:11,,--,,示例集团财务共享中心（本部）,通用报销单（费用报销）,非自动审批,1
A10,示例集团·癸公司,AP-2026-001957,通用报销单,通用报销单（费用报销）,人民币,66682.83,,--,2026-03-03,FSSC审核岗,应付成本组,审核员03,审核通过,2026-01-10 13:40:28,2026-01-10 13:41:11,2026-01-10 13:43:32,2026-01-10 16:58:11,,--,,示例集团财务共享中心（本部）,通用报销单（费用报销）,非自动审批,1
A10,示例集团·癸公司,AP-2026-001957,通用报销单,通用报销单（费用报销）,人民币,11525.83,,--,2026-03-03,FSSC审核岗,应付成本组,审核员03,审核通过,2026-01-10 13:40:28,2026-01-10 13:41:11,2026-01-10 13:42:35,2026-01-10 17:12:11,,--,,示例集团财务共享中心（本部）,通用报销单（费用报销）,非自动审批,1
A01,示例集团·甲公司,AP-2026-001958,通用报销单,应付付款单（服务费）,人民币,580615.84,,--,2026-03-28,FSSC审核岗,应付成本组,审核员02,审核通过,2026-02-06 13:08:15,2026-02-06 13:10:13,2026-02-06 13:08:25,2026-02-06 16:24:13,,--,,示例集团财务共享中心（本部）,应付付款单（服务费）,非自动审批,1
A01,示例集团·甲公司,AP-2026-001958,通用报销单,应付付款单（服务费）,人民币,181296.44,,--,2026-03-28,FSSC审核岗,应付成本组,审核员02,审核通过,2026-02-06 13:08:15,2026-02-06 13:10:13,2026-02-06 13:12:08,2026-02-06 17:03:13,,--,,示例集团财务共享中心（本部）,应付付款单（服务费）,非自动审批,1
A12,示例集团·子公司乙,AP-2026-001959,通用报销单,应付付款单（差旅费）,人民币,13455.31,,--,2026-01-23,FSSC审核岗,应付成本组,审核员03,审核通过,2026-01-10 10:35:29,2026-01-10 10:35:50,2026-01-10 10:44:09,2026-01-10 14:05:50,,--,,示例集团财务共享中心（本部）,应付付款单（差旅费）,非自动审批,1
A12,示例集团·子公司乙,AP-2026-001959,通用报销单,应付付款单（差旅费）,人民币,250764.75,,--,2026-01-23,FSSC审核岗,应付成本组,审核员03,审核通过,2026-01-10 10:35:29,2026-01-10 10:35:50,2026-01-10 10:40:34,2026-01-10 14:14:50,,--,,示例集团财务共享中心（本部）,应付付款单（差旅费）,非自动审批,1
A12,示例集团·子公司乙,AP-2026-001959,通用报销单,应付付款单（差旅费）,人民币,31201.59,,--,2026-01-23,FSSC审核岗,应付成本组,审核员03,审核通过,2026-01-10 10:35:29,2026-01-10 10:35:50,2026-01-10 10:36:30,2026-01-10 14:15:50,,--,,示例集团财务共享中心（本部）,应付付款单（差旅费）,非自动审批,1
A01,示例集团·甲公司,AP-2026-001960,付款单,其他专项付款单,人民币,262275.73,,--,2026-04-22,FSSC审核岗,应付成本组,审核员02,审核通过,2026-06-18 16:56:27,2026-06-18 16:56:39,2026-06-18 17:01:33,2026-06-18 20:06:39,,--,,示例集团财务共享中心（本部）,其他专项付款单,非自动审批,1
A16,示例集团·子公司己,AP-2026-001961,付款单,应付付款单（服务费）,人民币,7942.18,,--,2026-05-05,FSSC审核岗,应付成本组,审核员07,审核通过,2026-03-28 19:30:59,2026-03-28 19:31:17,2026-03-28 19:31:12,2026-03-28 21:54:17,,--,,示例集团财务共享中心（本部）,应付付款单（服务费）,非自动审批,1
A16,示例集团·子公司己,AP-2026-001961,付款单,应付付款单（服务费）,人民币,75969.44,,--,2026-05-05,FSSC审核岗,应付成本组,审核员07,审核通过,2026-03-28 19:30:59,2026-03-28 19:31:17,2026-03-28 19:39:13,2026-03-28 21:38:17,,--,,示例集团财务共享中心（本部）,应付付款单（服务费）,非自动审批,1
A16,示例集团·子公司己,AP-2026-001961,付款单,应付付款单（服务费）,人民币,10907.67,,--,2026-05-05,FSSC审核岗,应付成本组,审核员07,审核通过,2026-03-28 19:30:59,2026-03-28 19:31:17,2026-03-28 19:38:15,2026-03-28 21:25:17,,--,,示例集团财务共享中心（本部）,应付付款单（服务费）,非自动审批,1
A06,示例集团·己公司,AP-2026-001962,通用报销单,应付付款单（服务费）,人民币,18539.86,,--,2026-06-24,FSSC审核岗,应付成本组,审核员07,审核通过,2026-01-17 15:28:50,2026-01-17 15:30:37,2026-01-17 15:38:37,2026-01-17 17:34:37,,--,,示例集团财务共享中心（本部）,应付付款单（服务费）,非自动审批,1
A06,示例集团·己公司,AP-2026-001962,通用报销单,应付付款单（服务费）,人民币,4006.49,,--,2026-06-24,FSSC审核岗,应付成本组,审核员07,审核通过,2026-01-17 15:28:50,2026-01-17 15:30:37,2026-01-17 15:31:47,2026-01-17 17:56:37,,--,,示例集团财务共享中心（本部）,应付付款单（服务费）,非自动审批,1
A06,示例集团·己公司,AP-2026-001962,通用报销单,应付付款单（服务费）,人民币,10633.47,,--,2026-06-24,FSSC审核岗,应付成本组,审核员07,审核通过,2026-01-17 15:28:50,2026-01-17 15:30:37,2026-01-17 15:30:17,2026-01-17 17:14:37,,--,,示例集团财务共享中心（本部）,应付付款单（服务费）,非自动审批,1
A02,示例集团·乙公司,AP-2026-001963,应付发票,应付确认单（物料类）,人民币,10546.88,,--,2026-05-12,FSSC审核岗,应付成本组,审核员05,审核通过,2026-02-23 13:30:37,2026-02-23 13:32:32,2026-02-23 13:39:05,2026-02-23 16:19:32,,--,,示例集团财务共享中心（本部）,应付确认单（物料类）,非自动审批,1
A02,示例集团·乙公司,AP-2026-001963,应付发票,应付确认单（物料类）,人民币,8852.98,,--,2026-05-12,FSSC审核岗,应付成本组,审核员05,审核通过,2026-02-23 13:30:37,2026-02-23 13:32:32,2026-02-23 13:34:48,2026-02-23 16:14:32,,--,,示例集团财务共享中心（本部）,应付确认单（物料类）,非自动审批,1
A02,示例集团·乙公司,AP-2026-001963,应付发票,应付确认单（物料类）,人民币,77968.53,,--,2026-05-12,FSSC审核岗,应付成本组,审核员05,审核通过,2026-02-23 13:30:37,2026-02-23 13:32:32,2026-02-23 13:37:13,2026-02-23 15:24:32,,--,,示例集团财务共享中心（本部）,应付确认单（物料类）,非自动审批,1
A01,示例集团·甲公司,AP-2026-001964,应付发票,通用报销单（费用报销）,人民币,5050.96,,--,2026-04-12,FSSC审核岗,应付成本组,审核员03,审核通过,2026-03-07 08:09:19,2026-03-07 08:09:48,2026-03-07 08:14:53,2026-03-07 12:35:48,,--,,示例集团财务共享中心（本部）,通用报销单（费用报销）,非自动审批,1
A01,示例集团·甲公司,AP-2026-001964,应付发票,通用报销单（费用报销）,人民币,90974.5,,--,2026-04-12,FSSC审核岗,应付成本组,审核员03,审核通过,2026-03-07 08:09:19,2026-03-07 08:09:48,2026-03-07 08:11:26,2026-03-07 12:38:48,,--,,示例集团财务共享中心（本部）,通用报销单（费用报销）,非自动审批,1
A01,示例集团·甲公司,AP-2026-001964,应付发票,通用报销单（费用报销）,人民币,244812.39,,--,2026-04-12,FSSC审核岗,应付成本组,审核员03,审核通过,2026-03-07 08:09:19,2026-03-07 08:09:48,2026-03-07 08:18:59,2026-03-07 11:32:48,,--,,示例集团财务共享中心（本部）,通用报销单（费用报销）,非自动审批,1
A15,示例集团·子公司戊,AP-2026-001965,通用报销单,应付付款单（材料采购）,人民币,17245.78,,--,2026-01-26,FSSC审核岗,应付成本组,审核员05,审核通过,2026-06-24 10:21:43,2026-06-24 10:22:21,2026-06-24 10:30:09,2026-06-24 13:41:21,,--,,示例集团财务共享中心（本部）,应付付款单（材料采购）,非自动审批,1
A15,示例集团·子公司戊,AP-2026-001965,通用报销单,应付付款单（材料采购）,人民币,53160.64,,--,2026-01-26,FSSC审核岗,应付成本组,审核员05,审核通过,2026-06-24 10:21:43,2026-06-24 10:22:21,2026-06-24 10:25:50,2026-06-24 12:58:21,,--,,示例集团财务共享中心（本部）,应付付款单（材料采购）,非自动审批,1
A14,示例集团·子公司丁,AP-2026-001966,通用报销单,其他专项付款单,人民币,37425.16,,--,2026-01-10,FSSC审核岗,应付成本组,审核员05,审核通过,2026-04-16 16:34:59,2026-04-16 16:35:46,2026-04-16 16:42:40,2026-04-16 20:28:46,,--,,示例集团财务共享中心（本部）,其他专项付款单,非自动审批,1
A02,示例集团·乙公司,AP-2026-001967,付款单,应付付款单（服务费）,人民币,33653.76,,--,2026-02-28,FSSC审核岗,应付成本组,审核员06,审核通过,2026-03-01 12:18:15,2026-03-01 12:20:14,2026-03-01 12:27:21,2026-03-01 14:26:14,,--,,示例集团财务共享中心（本部）,应付付款单（服务费）,非自动审批,1
A02,示例集团·乙公司,AP-2026-001967,付款单,应付付款单（服务费）,人民币,1672.9,,--,2026-02-28,FSSC审核岗,应付成本组,审核员06,审核通过,2026-03-01 12:18:15,2026-03-01 12:20:14,2026-03-01 12:23:31,2026-03-01 14:33:14,,--,,示例集团财务共享中心（本部）,应付付款单（服务费）,非自动审批,1
A07,示例集团·庚公司,AP-2026-001968,付款单,通用报销单（费用报销）,人民币,12363.05,,--,2026-02-10,FSSC审核岗,应付成本组,审核员05,审核驳回,2026-01-12 16:30:43,2026-01-12 16:31:40,2026-01-12 16:36:47,--,,--,,示例集团财务共享中心（本部）,通用报销单（费用报销）,非自动审批,1
A07,示例集团·庚公司,AP-2026-001968,付款单,通用报销单（费用报销）,人民币,463238.15,,--,2026-02-10,FSSC审核岗,应付成本组,审核员05,审核驳回,2026-01-12 16:30:43,2026-01-12 16:31:40,2026-01-12 16:37:03,--,,--,,示例集团财务共享中心（本部）,通用报销单（费用报销）,非自动审批,1
A07,示例集团·庚公司,AP-2026-001968,付款单,通用报销单（费用报销）,人民币,94219.38,,--,2026-02-10,FSSC审核岗,应付成本组,审核员05,审核驳回,2026-01-12 16:30:43,2026-01-12 16:31:40,2026-01-12 16:38:36,--,,--,,示例集团财务共享中心（本部）,通用报销单（费用报销）,非自动审批,1
A05,示例集团·戊公司,AP-2026-001971,应付发票,应付付款单（差旅费）,人民币,42705.15,,--,2026-02-13,FSSC审核岗,应付成本组,审核员02,审核通过,2026-03-21 18:28:42,2026-03-21 18:29:48,2026-03-21 18:33:11,2026-03-21 22:20:48,,--,,示例集团财务共享中心（本部）,应付付款单（差旅费）,非自动审批,1
A05,示例集团·戊公司,AP-2026-001971,应付发票,应付付款单（差旅费）,人民币,3536.78,,--,2026-02-13,FSSC审核岗,应付成本组,审核员02,审核通过,2026-03-21 18:28:42,2026-03-21 18:29:48,2026-03-21 18:33:22,2026-03-21 23:28:48,,--,,示例集团财务共享中心（本部）,应付付款单（差旅费）,非自动审批,1
A05,示例集团·戊公司,AP-2026-001971,应付发票,应付付款单（差旅费）,人民币,137370.35,,--,2026-02-13,FSSC审核岗,应付成本组,审核员02,审核通过,2026-03-21 18:28:42,2026-03-21 18:29:48,2026-03-21 18:35:31,2026-03-21 21:55:48,,--,,示例集团财务共享中心（本部）,应付付款单（差旅费）,非自动审批,1
A08,示例集团·辛公司,AP-2026-001972,通用报销单,通用报销单（费用报销）,人民币,16708.71,,--,2026-02-19,FSSC审核岗,应付成本组,审核员05,审核通过,2026-01-12 15:21:58,2026-01-12 15:23:17,2026-01-12 15:31:46,2026-01-12 18:30:17,,--,,示例集团财务共享中心（本部）,通用报销单（费用报销）,非自动审批,1
A08,示例集团·辛公司,AP-2026-001973,应付发票,应付确认单（物料类）,人民币,10588.72,,--,2026-01-21,FSSC审核岗,应付成本组,审核员04,审核通过,2026-03-10 16:24:53,2026-03-10 16:26:41,2026-03-10 16:29:19,2026-03-10 18:42:41,,--,,示例集团财务共享中心（本部）,应付确认单（物料类）,非自动审批,1
A08,示例集团·辛公司,AP-2026-001973,应付发票,应付确认单（物料类）,人民币,12184.1,,--,2026-01-21,FSSC审核岗,应付成本组,审核员04,审核通过,2026-03-10 16:24:53,2026-03-10 16:26:41,2026-03-10 16:33:11,2026-03-10 18:42:41,,--,,示例集团财务共享中心（本部）,应付确认单（物料类）,非自动审批,1
A01,示例集团·甲公司,AP-2026-001974,通用报销单,其他专项付款单,人民币,122382.46,,--,2026-04-05,FSSC审核岗,应付成本组,审核员07,审核通过,2026-03-15 18:50:15,2026-03-15 18:51:20,2026-03-15 18:53:06,2026-03-15 19:44:20,,--,,示例集团财务共享中心（本部）,其他专项付款单,非自动审批,1
A01,示例集团·甲公司,AP-2026-001974,通用报销单,其他专项付款单,人民币,54211.79,,--,2026-04-05,FSSC审核岗,应付成本组,审核员07,审核通过,2026-03-15 18:50:15,2026-03-15 18:51:20,2026-03-15 18:52:50,2026-03-15 20:02:20,,--,,示例集团财务共享中心（本部）,其他专项付款单,非自动审批,1
A07,示例集团·庚公司,AP-2026-001975,通用报销单,通用报销单（费用报销）,人民币,200874.6,,--,2026-03-27,FSSC审核岗,应付成本组,审核员01,审核驳回,2026-06-23 12:20:13,2026-06-23 12:21:56,2026-06-23 12:28:09,--,,--,,示例集团财务共享中心（本部）,通用报销单（费用报销）,非自动审批,1
A07,示例集团·庚公司,AP-2026-001975,通用报销单,通用报销单（费用报销）,人民币,289528.71,,--,2026-03-27,FSSC审核岗,应付成本组,审核员01,审核驳回,2026-06-23 12:20:13,2026-06-23 12:21:56,2026-06-23 12:27:58,--,,--,,示例集团财务共享中心（本部）,通用报销单（费用报销）,非自动审批,1
A07,示例集团·庚公司,AP-2026-001975,通用报销单,通用报销单（费用报销）,人民币,21263.45,,--,2026-03-27,FSSC审核岗,应付成本组,审核员01,审核驳回,2026-06-23 12:20:13,2026-06-23 12:21:56,2026-06-23 12:26:41,--,,--,,示例集团财务共享中心（本部）,通用报销单（费用报销）,非自动审批,1
A05,示例集团·戊公司,AP-2026-001976,通用报销单,应付付款单（材料采购）,人民币,56400.13,,--,2026-06-18,FSSC审核岗,应付成本组,审核员06,审核通过,2026-03-07 19:24:38,2026-03-07 19:25:09,2026-03-07 19:26:11,2026-03-07 22:09:09,,--,,示例集团财务共享中心（本部）,应付付款单（材料采购）,非自动审批,1
A01,示例集团·甲公司,AP-2026-001977,应付发票,应付确认单（物料类）,人民币,39174.34,,--,2026-02-25,FSSC审核岗,应付成本组,审核员05,审核通过,2026-04-21 20:50:38,2026-04-21 20:51:11,2026-04-21 20:59:39,2026-04-21 22:16:11,,--,,示例集团财务共享中心（本部）,应付确认单（物料类）,非自动审批,1
A01,示例集团·甲公司,AP-2026-001977,应付发票,应付确认单（物料类）,人民币,8897.12,,--,2026-02-25,FSSC审核岗,应付成本组,审核员05,审核通过,2026-04-21 20:50:38,2026-04-21 20:51:11,2026-04-21 20:56:28,2026-04-21 22:03:11,,--,,示例集团财务共享中心（本部）,应付确认单（物料类）,非自动审批,1
A01,示例集团·甲公司,AP-2026-001977,应付发票,应付确认单（物料类）,人民币,10882.52,,--,2026-02-25,FSSC审核岗,应付成本组,审核员05,审核通过,2026-04-21 20:50:38,2026-04-21 20:51:11,2026-04-21 20:59:12,2026-04-21 22:31:11,,--,,示例集团财务共享中心（本部）,应付确认单（物料类）,非自动审批,1
A03,示例集团·丙公司,AP-2026-001978,付款单,应付付款单（服务费）,人民币,47579.6,,--,2026-04-02,FSSC审核岗,应付成本组,审核员05,审核通过,2026-06-27 15:39:15,2026-06-27 15:39:27,2026-06-27 15:43:11,2026-06-27 16:31:27,,--,,示例集团财务共享中心（本部）,应付付款单（服务费）,非自动审批,1
A03,示例集团·丙公司,AP-2026-001978,付款单,应付付款单（服务费）,人民币,55276.77,,--,2026-04-02,FSSC审核岗,应付成本组,审核员05,审核通过,2026-06-27 15:39:15,2026-06-27 15:39:27,2026-06-27 15:42:36,2026-06-27 17:59:27,,--,,示例集团财务共享中心（本部）,应付付款单（服务费）,非自动审批,1
A03,示例集团·丙公司,AP-2026-001978,付款单,应付付款单（服务费）,人民币,55445.93,,--,2026-04-02,FSSC审核岗,应付成本组,审核员05,审核通过,2026-06-27 15:39:15,2026-06-27 15:39:27,2026-06-27 15:40:06,2026-06-27 17:36:27,,--,,示例集团财务共享中心（本部）,应付付款单（服务费）,非自动审批,1
A01,示例集团·甲公司,AP-2026-001979,通用报销单,应付确认单（物料类）,人民币,55567.78,,--,2026-02-26,FSSC审核岗,应付成本组,审核员05,审核通过,2026-06-10 19:46:31,2026-06-10 19:48:14,2026-06-10 19:52:12,2026-06-10 23:13:14,,--,,示例集团财务共享中心（本部）,应付确认单（物料类）,非自动审批,1
A20,示例集团·子公司癸,AP-2026-001981,付款单,其他专项付款单,人民币,19103.14,,--,2026-01-28,FSSC审核岗,应付成本组,审核员03,审核通过,2026-01-06 17:33:42,2026-01-06 17:34:54,2026-01-06 17:35:48,2026-01-06 20:51:54,,--,,示例集团财务共享中心（本部）,其他专项付款单,非自动审批,1
A20,示例集团·子公司癸,AP-2026-001981,付款单,其他专项付款单,人民币,1167077.48,,--,2026-01-28,FSSC审核岗,应付成本组,审核员03,审核通过,2026-01-06 17:33:42,2026-01-06 17:34:54,2026-01-06 17:37:47,2026-01-06 20:43:54,,--,,示例集团财务共享中心（本部）,其他专项付款单,非自动审批,1
A20,示例集团·子公司癸,AP-2026-001981,付款单,其他专项付款单,人民币,82828.26,,--,2026-01-28,FSSC审核岗,应付成本组,审核员03,审核通过,2026-01-06 17:33:42,2026-01-06 17:34:54,2026-01-06 17:39:21,2026-01-06 21:05:54,,--,,示例集团财务共享中心（本部）,其他专项付款单,非自动审批,1
A02,示例集团·乙公司,AP-2026-001982,通用报销单,应付确认单（物料类）,人民币,26749.26,,--,2026-03-22,FSSC审核岗,应付成本组,审核员05,审核通过,2026-06-02 16:09:47,2026-06-02 16:10:15,2026-06-02 16:15:27,2026-06-02 18:34:15,,--,,示例集团财务共享中心（本部）,应付确认单（物料类）,非自动审批,1
A02,示例集团·乙公司,AP-2026-001983,通用报销单,应付确认单（物料类）,人民币,105160.5,,--,2026-02-13,FSSC审核岗,应付成本组,审核员07,审核通过,2026-06-23 19:05:29,2026-06-23 19:05:40,2026-06-23 19:09:28,2026-06-23 19:44:40,,--,,示例集团财务共享中心（本部）,应付确认单（物料类）,非自动审批,1
A02,示例集团·乙公司,AP-2026-001983,通用报销单,应付确认单（物料类）,人民币,18183.79,,--,2026-02-13,FSSC审核岗,应付成本组,审核员07,审核通过,2026-06-23 19:05:29,2026-06-23 19:05:40,2026-06-23 19:10:49,2026-06-23 21:07:40,,--,,示例集团财务共享中心（本部）,应付确认单（物料类）,非自动审批,1
A02,示例集团·乙公司,AP-2026-001983,通用报销单,应付确认单（物料类）,人民币,62157.73,,--,2026-02-13,FSSC审核岗,应付成本组,审核员07,审核通过,2026-06-23 19:05:29,2026-06-23 19:05:40,2026-06-23 19:08:48,2026-06-23 19:46:40,,--,,示例集团财务共享中心（本部）,应付确认单（物料类）,非自动审批,1
A14,示例集团·子公司丁,AP-2026-001984,通用报销单,其他专项付款单,人民币,104922.17,,--,2026-04-02,FSSC审核岗,应付成本组,审核员04,审核驳回,2026-01-01 09:16:00,2026-01-01 09:17:41,2026-01-01 09:24:10,--,,--,,示例集团财务共享中心（本部）,其他专项付款单,非自动审批,1
A14,示例集团·子公司丁,AP-2026-001984,通用报销单,其他专项付款单,人民币,129483.83,,--,2026-04-02,FSSC审核岗,应付成本组,审核员04,审核驳回,2026-01-01 09:16:00,2026-01-01 09:17:41,2026-01-01 09:17:55,--,,--,,示例集团财务共享中心（本部）,其他专项付款单,非自动审批,1
A14,示例集团·子公司丁,AP-2026-001984,通用报销单,其他专项付款单,人民币,10298.54,,--,2026-04-02,FSSC审核岗,应付成本组,审核员04,审核驳回,2026-01-01 09:16:00,2026-01-01 09:17:41,2026-01-01 09:18:27,--,,--,,示例集团财务共享中心（本部）,其他专项付款单,非自动审批,1
A02,示例集团·乙公司,AP-2026-001985,通用报销单,通用报销单（费用报销）,人民币,4158771.13,,--,2026-03-12,FSSC审核岗,应付成本组,审核员06,审核通过,2026-06-16 15:23:34,2026-06-16 15:23:54,2026-06-16 15:27:56,2026-06-16 18:49:54,,--,,示例集团财务共享中心（本部）,通用报销单（费用报销）,非自动审批,1
A10,示例集团·癸公司,AP-2026-001986,通用报销单,应付付款单（服务费）,人民币,313176.64,,--,2026-05-27,FSSC审核岗,应付成本组,审核员03,审核通过,2026-04-21 16:46:10,2026-04-21 16:47:34,2026-04-21 16:52:04,2026-04-21 20:10:34,,--,,示例集团财务共享中心（本部）,应付付款单（服务费）,非自动审批,1
A10,示例集团·癸公司,AP-2026-001986,通用报销单,应付付款单（服务费）,人民币,1030450.84,,--,2026-05-27,FSSC审核岗,应付成本组,审核员03,审核通过,2026-04-21 16:46:10,2026-04-21 16:47:34,2026-04-21 16:49:47,2026-04-21 20:27:34,,--,,示例集团财务共享中心（本部）,应付付款单（服务费）,非自动审批,1
A17,示例集团·子公司庚,AP-2026-001987,应付发票,通用报销单（费用报销）,人民币,41832.87,,--,2026-01-13,FSSC审核岗,应付成本组,审核员05,审核通过,2026-06-14 14:55:31,2026-06-14 14:55:33,2026-06-14 15:01:58,2026-06-14 17:43:33,,--,,示例集团财务共享中心（本部）,通用报销单（费用报销）,非自动审批,1
A13,示例集团·子公司丙,AP-2026-001988,付款单,应付付款单（差旅费）,人民币,84584.72,,--,2026-01-07,FSSC审核岗,应付成本组,审核员06,审核通过,2026-04-01 15:07:31,2026-04-01 15:08:12,2026-04-01 15:16:55,2026-04-01 17:25:12,,--,,示例集团财务共享中心（本部）,应付付款单（差旅费）,非自动审批,1
A13,示例集团·子公司丙,AP-2026-001988,付款单,应付付款单（差旅费）,人民币,63009.65,,--,2026-01-07,FSSC审核岗,应付成本组,审核员06,审核通过,2026-04-01 15:07:31,2026-04-01 15:08:12,2026-04-01 15:17:25,2026-04-01 18:13:12,,--,,示例集团财务共享中心（本部）,应付付款单（差旅费）,非自动审批,1
A06,示例集团·己公司,AP-2026-001989,应付发票,应付付款单（差旅费）,人民币,27836.88,,--,2026-03-10,FSSC审核岗,应付成本组,审核员02,审核通过,2026-06-26 20:26:18,2026-06-26 20:27:27,2026-06-26 20:35:03,2026-06-27 00:11:27,,--,,示例集团财务共享中心（本部）,应付付款单（差旅费）,非自动审批,1
A07,示例集团·庚公司,AP-2026-001990,通用报销单,应付付款单（材料采购）,人民币,172931.78,,--,2026-03-11,FSSC审核岗,应付成本组,审核员02,审核通过,2026-02-27 17:31:21,2026-02-27 17:32:29,2026-02-27 17:38:24,2026-02-27 20:54:29,,--,,示例集团财务共享中心（本部）,应付付款单（材料采购）,非自动审批,1
A06,示例集团·己公司,AP-2026-001992,付款单,应付付款单（服务费）,人民币,17376.75,,--,2026-02-07,FSSC审核岗,应付成本组,审核员05,审核驳回,2026-06-27 18:12:25,2026-06-27 18:13:34,2026-06-27 18:18:08,--,,--,,示例集团财务共享中心（本部）,应付付款单（服务费）,非自动审批,1
A06,示例集团·己公司,AP-2026-001992,付款单,应付付款单（服务费）,人民币,159141.86,,--,2026-02-07,FSSC审核岗,应付成本组,审核员05,审核驳回,2026-06-27 18:12:25,2026-06-27 18:13:34,2026-06-27 18:20:36,--,,--,,示例集团财务共享中心（本部）,应付付款单（服务费）,非自动审批,1
A04,示例集团·丁公司,AP-2026-001993,应付发票,应付确认单（物料类）,人民币,29812.18,,--,2026-06-24,FSSC审核岗,应付成本组,审核员04,审核驳回,2026-01-04 14:15:21,2026-01-04 14:15:33,2026-01-04 14:18:00,--,,--,,示例集团财务共享中心（本部）,应付确认单（物料类）,非自动审批,1
A04,示例集团·丁公司,AP-2026-001993,应付发票,应付确认单（物料类）,人民币,104677.44,,--,2026-06-24,FSSC审核岗,应付成本组,审核员04,审核驳回,2026-01-04 14:15:21,2026-01-04 14:15:33,2026-01-04 14:23:38,--,,--,,示例集团财务共享中心（本部）,应付确认单（物料类）,非自动审批,1
A04,示例集团·丁公司,AP-2026-001993,应付发票,应付确认单（物料类）,人民币,463371.76,,--,2026-06-24,FSSC审核岗,应付成本组,审核员04,审核驳回,2026-01-04 14:15:21,2026-01-04 14:15:33,2026-01-04 14:18:45,--,,--,,示例集团财务共享中心（本部）,应付确认单（物料类）,非自动审批,1
A05,示例集团·戊公司,AP-2026-001994,付款单,应付付款单（服务费）,人民币,49701.03,,--,2026-03-17,FSSC审核岗,应付成本组,审核员02,审核通过,2026-01-04 09:48:07,2026-01-04 09:48:40,2026-01-04 09:52:30,2026-01-04 10:16:40,,--,,示例集团财务共享中心（本部）,应付付款单（服务费）,非自动审批,1
A05,示例集团·戊公司,AP-2026-001994,付款单,应付付款单（服务费）,人民币,178494.54,,--,2026-03-17,FSSC审核岗,应付成本组,审核员02,审核通过,2026-01-04 09:48:07,2026-01-04 09:48:40,2026-01-04 09:56:17,2026-01-04 11:08:40,,--,,示例集团财务共享中心（本部）,应付付款单（服务费）,非自动审批,1
A08,示例集团·辛公司,AP-2026-001995,应付发票,应付付款单（材料采购）,人民币,29364.28,,--,2026-01-18,FSSC审核岗,应付成本组,审核员01,审核驳回,2026-03-10 14:58:57,2026-03-10 14:59:23,2026-03-10 15:07:54,--,,--,,示例集团财务共享中心（本部）,应付付款单（材料采购）,非自动审批,1
A08,示例集团·辛公司,AP-2026-001995,应付发票,应付付款单（材料采购）,人民币,11454.44,,--,2026-01-18,FSSC审核岗,应付成本组,审核员01,审核驳回,2026-03-10 14:58:57,2026-03-10 14:59:23,2026-03-10 15:03:20,--,,--,,示例集团财务共享中心（本部）,应付付款单（材料采购）,非自动审批,1
A08,示例集团·辛公司,AP-2026-001995,应付发票,应付付款单（材料采购）,人民币,613184.28,,--,2026-01-18,FSSC审核岗,应付成本组,审核员01,审核驳回,2026-03-10 14:58:57,2026-03-10 14:59:23,2026-03-10 15:06:34,--,,--,,示例集团财务共享中心（本部）,应付付款单（材料采购）,非自动审批,1
A09,示例集团·壬公司,AP-2026-001996,应付发票,通用报销单（费用报销）,人民币,170551.54,,--,2026-06-09,FSSC审核岗,应付成本组,审核员07,审核通过,2026-06-17 11:25:21,2026-06-17 11:25:54,2026-06-17 11:25:58,2026-06-17 15:58:54,,--,,示例集团财务共享中心（本部）,通用报销单（费用报销）,非自动审批,1
A09,示例集团·壬公司,AP-2026-001996,应付发票,通用报销单（费用报销）,人民币,49603.23,,--,2026-06-09,FSSC审核岗,应付成本组,审核员07,审核通过,2026-06-17 11:25:21,2026-06-17 11:25:54,2026-06-17 11:34:02,2026-06-17 16:10:54,,--,,示例集团财务共享中心（本部）,通用报销单（费用报销）,非自动审批,1
A11,示例集团·子公司甲,AP-2026-001997,通用报销单,应付付款单（材料采购）,人民币,158731.94,,--,2026-03-22,FSSC审核岗,应付成本组,审核员07,审核通过,2026-02-11 12:22:31,2026-02-11 12:23:17,2026-02-11 12:31:16,2026-02-11 17:00:17,,--,,示例集团财务共享中心（本部）,应付付款单（材料采购）,非自动审批,1
A11,示例集团·子公司甲,AP-2026-001997,通用报销单,应付付款单（材料采购）,人民币,14429.75,,--,2026-03-22,FSSC审核岗,应付成本组,审核员07,审核通过,2026-02-11 12:22:31,2026-02-11 12:23:17,2026-02-11 12:28:14,2026-02-11 17:16:17,,--,,示例集团财务共享中心（本部）,应付付款单（材料采购）,非自动审批,1
A01,示例集团·甲公司,AP-2026-001998,通用报销单,应付付款单（材料采购）,人民币,111205.53,,--,2026-05-05,FSSC审核岗,应付成本组,审核员05,审核通过,2026-03-05 11:34:16,2026-03-05 11:35:32,2026-03-05 11:35:22,2026-03-05 15:04:32,,--,,示例集团财务共享中心（本部）,应付付款单（材料采购）,非自动审批,1
A04,示例集团·丁公司,AP-2026-001999,通用报销单,应付付款单（服务费）,人民币,81129.91,,--,2026-03-22,FSSC审核岗,应付成本组,审核员04,审核通过,2026-03-19 13:54:24,2026-03-19 13:55:22,2026-03-19 14:00:46,2026-03-19 15:26:22,,--,,示例集团财务共享中心（本部）,应付付款单（服务费）,非自动审批,1
A04,示例集团·丁公司,AP-2026-001999,通用报销单,应付付款单（服务费）,人民币,148860.04,,--,2026-03-22,FSSC审核岗,应付成本组,审核员04,审核通过,2026-03-19 13:54:24,2026-03-19 13:55:22,2026-03-19 13:55:21,2026-03-19 14:58:22,,--,,示例集团财务共享中心（本部）,应付付款单（服务费）,非自动审批,1
A04,示例集团·丁公司,AP-2026-002000,应付发票,应付付款单（材料采购）,人民币,596254.71,,--,2026-02-18,FSSC审核岗,应付成本组,审核员03,审核通过,2026-02-14 20:45:07,2026-02-14 20:46:57,2026-02-14 20:52:06,2026-02-15 00:20:57,,--,,示例集团财务共享中心（本部）,应付付款单（材料采购）,非自动审批,1
A04,示例集团·丁公司,AP-2026-002000,应付发票,应付付款单（材料采购）,人民币,454768.79,,--,2026-02-18,FSSC审核岗,应付成本组,审核员03,审核通过,2026-02-14 20:45:07,2026-02-14 20:46:57,2026-02-14 20:45:44,2026-02-15 01:27:57,,--,,示例集团财务共享中心（本部）,应付付款单（材料采购）,非自动审批,1
A04,示例集团·丁公司,AP-2026-002000,应付发票,应付付款单（材料采购）,人民币,8566.59,,--,2026-02-18,FSSC审核岗,应付成本组,审核员03,审核通过,2026-02-14 20:45:07,2026-02-14 20:46:57,2026-02-14 20:46:40,2026-02-15 00:02:57,,--,,示例集团财务共享中心（本部）,应付付款单（材料采购）,非自动审批,1
